Word;phon;lemme;cgram;freqlemfilms2;freqfilms2;islem;nblettres;puorth;puphon;nbsyll;cgramortho
abaca;abaka;abaca;NOM;0,01;0,01;1;5;4;5;3;NOM
abats;aba;abat;NOM;0,65;0,52;0;5;0;3;2;NOM,VER
abats;aba;abattre;VER;43,47;1,79;0;5;0;3;2;NOM,VER
abbés;abe;abbé;NOM;4,46;0,02;0;5;0;3;2;NOM
abcès;apsE;abcès;NOM;1,79;1,79;1;5;4;4;2;NOM
abdos;abdo;abdos;NOM;0,86;0,86;1;5;5;4;2;NOM
aboie;abwa;aboyer;VER;7,43;2,91;0;5;0;4;2;VER
abois;abwa;aboi;NOM;0,78;0,78;0;5;0;4;2;NOM
aboli;aboli;aboli;ADJ;0,08;0,02;1;5;5;5;3;ADJ,VER
aboli;aboli;abolir;VER;3,08;1,1;0;5;5;5;3;ADJ,VER
abord;abOR;abord;NOM;2,22;0,89;1;5;5;4;2;NOM
about;abu;about;NOM;5,94;5,94;1;5;5;3;2;NOM
aboya;abwaja;aboyer;VER;7,43;0;0;5;0;0;3;VER
aboyé;abwaje;aboyer;VER;7,43;0,28;0;5;0;6;3;VER
abris;abRi;abri;NOM;25,9;3,2;0;5;0;4;2;NOM
abusa;abyza;abuser;VER;20;0,02;0;5;0;0;3;VER
abuse;abyz;abuser;VER;20;4,08;0;5;0;0;2;VER
abusé;abyze;abuser;VER;20;4,59;0;5;5;5;3;VER,ADJ
abusé;abyze;abusé;ADJ;0,2;0,1;1;5;5;5;3;VER,ADJ
abyme;abim;abyme;NOM;0,04;0,04;1;5;4;4;2;NOM
abêti;abeti;abêti;ADJ;0;0;1;5;5;5;3;ADJ,VER
abêti;abeti;abêtir;VER;0,01;0;0;5;5;5;3;ADJ,VER
abîma;abima;abîmer;VER;15,83;0,1;0;5;0;0;3;VER
abîme;abim;abîme;NOM;6,01;5,03;1;5;5;4;2;NOM,VER
abîme;abim;abîmer;VER;15,83;2,21;0;5;5;4;2;NOM,VER
abîmé;abime;abîmer;VER;15,83;3,57;0;5;0;5;3;VER
accro;akRo;accro;ADJ;6,81;6,22;1;5;5;4;2;ADJ,NOM
accro;akRo;accro;NOM;2,56;1,66;1;5;5;4;2;ADJ,NOM
accru;akRy;accroître;VER;3,51;0,39;0;5;5;4;2;VER,ADJ
accru;akRy;accru;ADJ;0,57;0,24;1;5;5;4;2;VER,ADJ
accus;aky;accu;NOM;0,11;0,11;0;5;0;3;2;NOM
accès;aksE;accès;NOM;29,53;29,53;1;5;4;4;2;NOM
achat;aSa;achat;NOM;9,75;5,2;1;5;5;3;2;NOM
aches;aS;ache;NOM;0;0;0;5;0;2;1;NOM
acide;asid;acide;ADJ;2,5;1,86;1;5;5;4;2;ADJ,NOM
acide;asid;acide;NOM;9,46;8,44;1;5;5;4;2;ADJ,NOM
acier;asje;acier;NOM;13,88;13,85;1;5;4;4;2;NOM
acnés;akne;acné;NOM;1,9;0;0;5;0;3;2;NOM
acres;akR;acre;NOM;0,83;0,56;0;5;0;3;1;NOM
actes;akt;acte;NOM;56,81;17,62;0;5;0;3;1;NOM
actif;aktif;actif;ADJ;10,15;4,12;1;5;5;5;2;ADJ,NOM
actif;aktif;actif;NOM;1,58;0,84;1;5;5;5;2;ADJ,NOM
acéré;aseRe;acérer;VER;0,22;0,01;0;5;5;4;3;VER,ADJ
acéré;aseRe;acéré;ADJ;0,81;0,14;1;5;5;4;3;VER,ADJ
adage;adaZ;adage;NOM;0,62;0,61;1;5;5;4;2;NOM
adent;ad@;adent;NOM;0,01;0,01;1;5;4;3;2;NOM
adieu;adj2;adieu;NOM;44,44;36,86;1;5;4;4;2;NOM,ONO
adieu;adj2;adieu;ONO;39,7;39,7;1;5;4;4;2;NOM,ONO
adira;adiRa;adire;VER;0,16;0,16;0;5;0;0;3;VER
adjas;adZa;adja;NOM;0;0;0;5;0;4;2;NOM
admet;admE;admettre;VER;50,05;2,83;0;5;0;0;2;VER
admis;admi;admettre;VER;50,05;6,74;0;5;5;4;2;VER,ADJ,NOM
admis;admi;admis;ADJ;0,92;0,77;1;5;5;4;2;VER,ADJ,NOM
admis;admi;admis;NOM;0,12;0,12;1;5;5;4;2;VER,ADJ,NOM
admit;admi;admettre;VER;50,05;0,24;0;5;0;4;2;VER
admît;admi;admettre;VER;50,05;0;0;5;0;4;2;VER
adobe;adOb;adobe;NOM;0,08;0,08;1;5;4;4;2;NOM
adonc;ad§k;adonc;ADV;0;0;1;5;5;4;2;ADV
adora;adoRa;adorer;VER;193,67;0,06;0;5;0;0;3;VER
adore;adOR;adorer;VER;193,67;121,69;0;5;0;0;2;VER
adoré;adoRe;adorer;VER;193,67;12,81;0;5;0;5;3;VER
adret;adRE;adret;NOM;0;0;1;5;5;4;2;NOM
adulé;adyle;aduler;VER;0,52;0,09;0;5;0;5;3;VER
affin;af5;affin;ADJ;0,02;0,02;1;5;5;3;2;ADJ
affût;afy;affût;NOM;1,42;1,36;1;5;5;3;2;NOM
agace;agas;agace;NOM;0,03;0,03;1;5;5;4;2;NOM,VER
agace;agas;agacer;VER;6,35;2,3;0;5;5;4;2;NOM,VER
agacé;agase;agacer;VER;6,35;0,74;0;5;0;5;3;VER
agami;agami;agami;NOM;0;0;1;5;5;4;3;NOM
agape;agap;agape;NOM;0,04;0;1;5;5;4;2;NOM
agate;agat;agate;NOM;0,01;0,01;1;5;5;4;2;NOM
agave;agav;agave;NOM;0,01;0;1;5;4;4;2;NOM
agaça;agasa;agacer;VER;6,35;0;0;5;0;0;3;VER
agent;aZ@;agent;NOM;117,9;92,42;1;5;5;3;2;NOM
agglo;aglo;agglo;NOM;0;0;1;5;5;4;2;NOM
aghas;aga;agha;NOM;0;0;0;5;0;3;2;NOM
agile;aZil;agile;ADJ;2,17;1,69;1;5;5;4;2;ADJ
agios;aZjo;agio;NOM;0,17;0,17;0;5;0;0;2;NOM
agira;aZiRa;agir;VER;195,94;1,25;0;5;0;0;3;VER
agita;aZita;agiter;VER;14,62;0,06;0;5;0;0;3;VER
agite;aZit;agiter;VER;14,62;3,51;0;5;0;0;2;VER
agité;aZite;agiter;VER;14,62;1,72;0;5;5;5;3;VER,ADJ,NOM
agité;aZite;agité;ADJ;5,37;2,9;1;5;5;5;3;VER,ADJ,NOM
agité;aZite;agité;NOM;0,72;0,2;1;5;5;5;3;VER,ADJ,NOM
agnat;aNa;agnat;NOM;0,03;0,03;1;5;5;3;2;NOM
agora;agoRa;agora;NOM;0,03;0,03;1;5;5;5;3;NOM
agrès;agRE;agrès;NOM;0,24;0,24;1;5;4;4;2;NOM
agréa;agRea;agréer;VER;1,09;0,14;0;5;0;0;3;VER
agrée;agRe;agréer;VER;1,09;0,07;0;5;0;0;2;VER
agrég;agReg;agrég;NOM;0,14;0,14;1;5;5;5;2;NOM
agréé;agRee;agréer;VER;1,09;0,22;0;5;5;5;3;VER,ADJ,NOM
agréé;agRee;agréé;ADJ;0,17;0,14;1;5;5;5;3;VER,ADJ,NOM
agréé;agRee;agréé;NOM;0;0;1;5;5;5;3;VER,ADJ,NOM
ahana;aana;ahaner;VER;0,01;0;0;5;0;0;3;VER
ahane;aan;ahaner;VER;0,01;0,01;0;5;0;0;2;VER
ahans;a@;ahan;NOM;0;0;0;5;0;2;2;NOM
ahané;aane;ahaner;VER;0,01;0;0;5;0;4;3;VER
ahuri;ayRi;ahuri;ADJ;0,39;0,34;1;5;5;4;3;ADJ,NOM,VER
ahuri;ayRi;ahuri;NOM;0,41;0,37;1;5;5;4;3;ADJ,NOM,VER
ahuri;ayRi;ahurir;VER;0,34;0,29;0;5;5;4;3;ADJ,NOM,VER
aidai;EdE;aider;VER;688,71;0,03;0;5;0;0;2;VER
aider;ede;aider;VER;688,71;362,77;1;5;5;3;2;VER
aides;Ed;aide;NOM;175,59;4,18;0;5;0;2;1;NOM,VER
aides;Ed;aider;VER;688,71;19,22;0;5;0;2;1;NOM,VER
aidez;Ede;aider;VER;688,71;64,36;0;5;0;0;2;VER
aidât;Eda;aider;VER;688,71;0;0;5;0;0;2;VER
aidée;Ede;aider;VER;688,71;8,64;0;5;0;0;2;VER
aidés;Ede;aider;VER;688,71;5,13;0;5;0;0;2;VER
aient;E;avoir;AUX;18559,22;12,67;0;5;0;1;1;AUX,VER
aient;E;avoir;VER;13572,4;8,19;0;5;0;1;1;AUX,VER
aigle;Egl;aigle;NOM;6,9;5,5;1;5;5;3;1;NOM
aigre;EgR;aigre;ADJ;0,55;0,42;1;5;5;3;1;ADJ,NOM
aigre;EgR;aigre;NOM;0,31;0,21;1;5;5;3;1;ADJ,NOM
aigri;egRi;aigri;ADJ;1,06;0,79;1;5;5;4;2;ADJ,NOM,VER
aigri;egRi;aigri;NOM;0,4;0,2;1;5;5;4;2;ADJ,NOM,VER
aigri;egRi;aigrir;VER;0,65;0,41;0;5;5;4;2;ADJ,NOM,VER
aigue;Eg;aiguer;VER;0,17;0,17;0;5;0;0;1;VER
aigus;egy;aigu;ADJ;5,08;0,31;0;5;0;3;2;ADJ,NOM
aigus;egy;aigu;NOM;0,38;0,2;0;5;0;3;2;ADJ,NOM
aiguë;egy;aigu;ADJ;5,08;2,75;0;5;0;3;2;ADJ
ailes;El;aile;NOM;33,45;18,45;0;5;0;2;1;NOM
aille;aj;aller;VER;9992,77;89,81;0;5;0;2;1;VER
aillé;aje;ailler;VER;0,2;0,01;0;5;0;3;2;VER
ailée;ele;ailer;VER;0,21;0,16;0;5;0;3;2;VER,ADJ
ailée;ele;ailé;ADJ;1,19;0,13;0;5;0;3;2;VER,ADJ
ailés;ele;ailer;VER;0,21;0,01;0;5;0;3;2;VER,ADJ
ailés;ele;ailé;ADJ;1,19;0,29;0;5;0;3;2;VER,ADJ
aimai;EmE;aimer;VER;1655,07;0,2;0;5;0;0;2;VER
aimer;eme;aimer;VER;1655,07;90,44;1;5;5;3;2;VER
aimes;Em;aimer;VER;1655,07;170,38;0;5;0;2;1;VER
aimez;Eme;aimer;VER;1655,07;62,25;0;5;0;0;2;VER
aimât;Ema;aimer;VER;1655,07;0,1;0;5;0;0;2;VER
aimée;eme;aimer;VER;1655,07;12,66;0;5;0;3;2;VER,ADJ
aimée;eme;aimé;ADJ;10,96;3,91;0;5;0;3;2;VER,ADJ
aimés;eme;aimer;VER;1655,07;3,94;0;5;0;3;2;VER,ADJ
aimés;eme;aimé;ADJ;10,96;0,5;0;5;0;3;2;VER,ADJ
aines;En;aine;NOM;0,64;0;0;5;0;2;1;NOM
ainsi;5si;ainsi;ADV;207,68;207,68;1;5;5;3;2;ADV
aires;ER;aire;NOM;5,54;0,99;0;5;0;2;1;NOM
aises;Ez;aise;ADJ;2,04;0;0;5;0;2;1;ADJ,NOM
aises;Ez;aise;NOM;32,73;1,09;0;5;0;2;1;ADJ,NOM
aisée;eze;aisé;ADJ;3,03;1,04;0;5;0;3;2;ADJ
aisés;eze;aisé;ADJ;3,03;0,33;0;5;0;3;2;ADJ
ajonc;aZ§;ajonc;NOM;0;0;1;5;4;3;2;NOM
ajout;aZu;ajout;NOM;0,94;0,73;1;5;5;3;2;NOM
alain;al5;alain;NOM;0,14;0,14;1;5;5;3;2;NOM
album;albOm;album;NOM;11,29;9,36;1;5;5;5;2;NOM
aldol;aldOl;aldol;NOM;0,05;0,05;1;5;4;4;2;NOM
aleph;alEf;aleph;NOM;0,05;0,05;1;5;4;4;2;NOM
alfas;alfa;alfa;NOM;0,1;0;0;5;0;4;2;NOM
algie;alZi;algie;NOM;0,27;0,27;1;5;4;4;2;NOM
algue;alg;algue;NOM;2,66;0,29;1;5;4;3;1;NOM
alias;aljas;alias;ADV;5,45;5,45;1;5;4;5;2;ADV
alibi;alibi;alibi;NOM;11,13;10,28;1;5;4;4;3;NOM
alise;aliz;alise;NOM;0,05;0,01;1;5;5;4;2;NOM
alita;alita;aliter;VER;0,9;0,01;0;5;0;0;3;VER
alité;alite;aliter;VER;0,9;0,55;0;5;0;5;3;VER
alizé;alize;alizé;ADJ;0;0;1;5;4;5;3;ADJ,NOM
alizé;alize;alizé;NOM;0,33;0,1;1;5;4;5;3;ADJ,NOM
allai;alE;aller;VER;9992,77;1,12;0;5;0;0;2;VER
allas;ala;aller;VER;9992,77;0;0;5;0;0;2;VER
aller;ale;aller;NOM;17,78;17,21;1;5;5;3;2;NOM,VER
aller;ale;aller;VER;9992,77;816,76;1;5;5;3;2;NOM,VER
allez;ale;aller;NOM;17,78;0;0;5;0;3;2;NOM,VER
allez;ale;aller;VER;9992,77;1414,85;0;5;0;3;2;NOM,VER
allia;alja;allier;VER;4,62;0,01;0;5;0;0;2;VER
allie;ali;allier;VER;4,62;1,15;0;5;0;0;2;VER
allié;alje;allier;VER;4,62;0,79;0;5;5;4;2;VER,ADJ,NOM
allié;alje;allié;ADJ;2,66;0,39;1;5;5;4;2;VER,ADJ,NOM
allié;alje;allié;NOM;11,64;2,4;1;5;5;4;2;VER,ADJ,NOM
alloc;alOk;alloc;NOM;0,59;0,18;1;5;5;4;2;NOM
allât;ala;aller;VER;9992,77;0,01;0;5;0;0;2;VER
allée;ale;aller;VER;9992,77;52,93;0;5;5;3;2;VER,NOM
allée;ale;allée;NOM;12,17;9,89;1;5;5;3;2;VER,NOM
allés;ale;aller;VER;9992,77;26,37;0;5;0;3;2;VER
almée;alme;almée;NOM;0;0;1;5;4;4;2;NOM
alors;alOR;alors;ADV;1777,65;1777,65;1;5;4;4;2;ADV
alose;aloz;alose;NOM;0,04;0,04;1;5;4;4;2;NOM
aloès;aloEs;aloès;NOM;0,23;0,23;1;5;4;4;3;NOM
alpes;alp;alpe;NOM;0,14;0,14;0;5;0;3;1;NOM
alpha;alfa;alpha;NOM;2,09;2,09;1;5;5;4;2;NOM
alpin;alp5;alpin;ADJ;1,19;0,18;1;5;5;4;2;ADJ
alter;altER;alter;ADV;0;0;1;5;5;5;2;ADV
altos;alto;alto;NOM;0,45;0,1;0;5;0;4;2;NOM
aluni;alyni;alunir;VER;0,43;0,06;0;5;0;0;3;VER
alvar;alvaR;alvar;NOM;0,05;0,05;1;5;4;5;2;NOM
alvin;alv5;alvin;ADJ;0,12;0,12;1;5;4;4;2;ADJ
alène;alEn;alène;NOM;0,24;0,24;1;5;4;4;2;NOM
alèse;alEz;alèse;NOM;0,01;0,01;1;5;4;4;2;NOM
alèze;alEz;alèze;NOM;0;0;1;5;4;4;2;NOM
aléas;alea;aléa;NOM;0,34;0,32;0;5;0;4;3;NOM
amant;am@;amant;NOM;35,03;23,28;1;5;5;3;2;NOM
amaro;amaRo;amaro;NOM;2,02;2,02;1;5;5;5;3;NOM
amati;amati;amatir;VER;0;0;0;5;0;0;3;VER
amble;@bl;amble;NOM;0,3;0,3;1;5;5;3;1;NOM
ambon;@b§;ambon;NOM;0;0;1;5;5;3;2;NOM
ambre;@bR;ambre;NOM;0,93;0,93;1;5;5;3;1;NOM
ambré;@bRe;ambrer;VER;0,04;0;0;5;5;4;2;VER,ADJ
ambré;@bRe;ambré;ADJ;0,19;0,01;1;5;5;4;2;VER,ADJ
amena;am°na;amener;VER;190,32;0,74;0;5;0;0;3;VER
amené;amne;amener;VER;190,32;38,14;0;5;0;0;2;VER
amers;amER;amer;ADJ;11,94;1,25;0;5;0;4;2;ADJ,NOM
amers;amER;amer;NOM;0,25;0;0;5;0;4;2;ADJ,NOM
amibe;amib;amibe;NOM;0,4;0,27;1;5;5;4;2;NOM
amies;ami;ami;ADJ;65,72;5,57;0;5;0;3;2;ADJ,NOM
amies;ami;ami;NOM;747,98;20,88;0;5;0;3;2;ADJ,NOM
amigo;amigo;amigo;NOM;6,91;4,75;1;5;5;4;3;NOM
amine;amin;amine;NOM;0,01;0,01;1;5;5;4;2;NOM
aminé;amine;aminé;ADJ;0,36;0,04;1;5;5;5;3;ADJ
amish;amiS;amish;ADJ;0,14;0,14;1;5;4;4;2;ADJ
amont;am§;amont;ADJ;0,01;0,01;1;5;5;3;2;ADJ,NOM
amont;am§;amont;NOM;1,4;1,4;1;5;5;3;2;ADJ,NOM
amour;amuR;amour;NOM;458,27;450,46;1;5;5;4;2;NOM
amphi;@fi;amphi;NOM;0,29;0,29;1;5;5;3;2;NOM
ample;@pl;ample;ADJ;1,3;0,82;1;5;5;3;1;ADJ
ampli;@pli;ampli;NOM;0,98;0,74;1;5;5;4;2;NOM
amura;amyRa;amurer;VER;0,03;0,03;0;5;0;0;3;VER
amure;amyR;amure;NOM;0,01;0;1;5;5;4;2;NOM
amusa;amyza;amuser;VER;141,41;0,11;0;5;0;0;3;VER
amuse;amyz;amuser;VER;141,41;39,85;0;5;0;0;2;VER
amusé;amyze;amuser;VER;141,41;6,99;0;5;0;5;3;VER
amyle;amil;amyle;NOM;0,02;0,02;1;5;5;4;2;NOM
amène;amEn;amener;VER;190,32;59,8;0;5;4;4;2;VER,ADJ
amène;amEn;amène;ADJ;0,95;0,81;1;5;4;4;2;VER,ADJ
amère;amER;amer;ADJ;11,94;3,65;0;5;0;4;2;ADJ
anale;anal;anal;ADJ;2,18;0,35;0;5;0;4;2;ADJ
anars;anaR;anar;NOM;0,01;0;0;5;0;4;2;NOM
anaux;ano;anal;ADJ;2,18;0,16;0;5;0;3;2;ADJ
anche;@S;anche;NOM;0,17;0,17;1;5;5;2;1;NOM
ancra;@kRa;ancrer;VER;1,79;0,1;0;5;0;0;2;VER
ancre;@kR;ancre;NOM;4,75;4,63;1;5;5;3;1;NOM,VER
ancre;@kR;ancrer;VER;1,79;0,17;0;5;5;3;1;NOM,VER
ancré;@kRe;ancrer;VER;1,79;0,64;0;5;5;4;2;VER,ADJ
ancré;@kRe;ancré;ADJ;0,4;0,11;1;5;5;4;2;VER,ADJ
aneth;anEt;aneth;NOM;0,07;0,07;1;5;4;4;2;NOM
anges;@Z;ange;NOM;69,27;21,38;0;5;0;2;1;NOM
angle;@gl;angle;NOM;13,29;11,56;1;5;5;3;1;NOM
angon;@g§;angon;NOM;0;0;1;5;5;3;2;NOM
angor;@gOR;angor;NOM;0,01;0,01;1;5;5;4;2;NOM
anima;anima;animer;VER;6,28;0,29;0;5;0;0;3;VER
anime;anim;animer;VER;6,28;1,82;0;5;0;0;2;VER
animé;anime;animer;VER;6,28;1,37;0;5;5;5;3;VER,ADJ
animé;anime;animé;ADJ;6,21;2,79;1;5;5;5;3;VER,ADJ
anise;aniz;aniser;VER;0,11;0,1;0;5;0;0;2;VER
anisé;anize;aniser;VER;0,11;0;0;5;5;5;3;VER,NOM
anisé;anize;anisé;NOM;0;0;1;5;5;5;3;VER,NOM
anniv;aniv;anniv;NOM;0,26;0,26;1;5;5;4;2;NOM
année;ane;année;NOM;316,25;129,64;1;5;5;3;2;NOM
anode;anOd;anode;NOM;0,02;0,02;1;5;5;4;2;NOM
anses;@s;anse;NOM;0,47;0,14;0;5;0;2;1;NOM
ansée;@se;ansé;ADJ;0,02;0,01;0;5;0;0;2;ADJ
antan;@t@;antan;NOM;1,53;1,53;1;5;5;3;2;NOM
antre;@tR;antre;NOM;2,96;2,96;1;5;4;3;1;NOM
aorte;aORt;aorte;NOM;1,16;1,16;1;5;5;4;2;NOM
aouls;aul;aoul;NOM;0;0;0;5;0;0;2;NOM
apion;apj§;apion;NOM;0;0;1;5;4;3;2;NOM
aplat;apla;aplat;NOM;0,01;0;1;5;5;4;2;NOM
apnée;apne;apnée;NOM;0,6;0,6;1;5;3;3;2;NOM
appas;apa;appas;NOM;0,4;0,4;1;5;5;3;2;NOM
appel;apEl;appel;NOM;100,18;80,88;1;5;5;4;2;NOM
appui;ap8i;appui;NOM;8,81;7,83;1;5;5;4;2;NOM
appât;apa;appât;NOM;6,74;5,97;1;5;5;3;2;NOM
aprèm;apREm;aprèm;NOM;0,22;0,22;1;5;5;5;2;NOM
après;apRE;après;ADV;193,68;193,68;1;5;5;4;2;ADV,PRE
après;apRE;après;PRE;593,92;593,92;1;5;5;4;2;ADV,PRE
aptes;apt;apte;ADJ;2,93;1,16;0;5;0;3;1;ADJ
apuré;apyRe;apurer;VER;0,01;0;0;5;0;3;3;VER
apâli;apali;apâlir;VER;0;0;0;5;0;0;3;VER
apéro;apeRo;apéro;NOM;0,78;0,61;1;5;5;5;3;NOM
arabe;aRab;arabe;ADJ;9,66;6,29;1;5;5;4;2;ADJ,NOM
arabe;aRab;arabe;NOM;13,62;6,71;1;5;5;4;2;ADJ,NOM
arbis;aRbi;arbi;NOM;0;0;0;5;0;4;2;NOM
arbre;aRbR;arbre;NOM;81,69;49,29;1;5;5;4;1;NOM
arcan;aRk@;arcan;NOM;0,02;0;1;5;5;4;2;NOM
arche;aRS;arche;NOM;3,19;2,83;1;5;5;3;1;NOM
archi;aRSi;archi;NOM;0,75;0,75;1;5;5;4;2;NOM
arder;aRde;arder;VER;0,51;0,11;1;5;5;4;2;VER
ardin;aRd5;ardin;NOM;0,01;0,01;1;5;5;4;2;NOM
ardre;aRdR°;ardre;VER;0;0;1;5;4;4;2;VER
ardue;aRdy;ardu;ADJ;1,42;0,61;0;5;0;4;2;ADJ
ardus;aRdy;ardu;ADJ;1,42;0,14;0;5;0;4;2;ADJ
argol;aRgOl;argol;NOM;0;0;1;5;5;4;2;NOM
argon;aRg§;argon;NOM;0,38;0,38;1;5;5;4;2;NOM
argot;aRgo;argot;NOM;1,06;1,06;1;5;5;4;2;NOM
argua;aRga;arguer;VER;0,27;0;0;5;0;0;2;VER
argue;aRg;arguer;VER;0,27;0,11;0;5;0;0;1;VER
argus;aRgys;argus;NOM;0,09;0,09;1;5;5;5;2;NOM
argué;aRg8e;arguer;VER;0,27;0,02;0;5;0;0;2;VER
arias;aRja;aria;NOM;0,81;0,33;0;5;0;4;2;NOM
aride;aRid;aride;ADJ;1,3;1,17;1;5;5;4;2;ADJ
arien;aRj5;arien;ADJ;0,72;0,29;1;5;5;4;2;ADJ,NOM
arien;aRj5;arien;NOM;0,04;0;1;5;5;4;2;ADJ,NOM
armai;aRmE;armer;VER;29,77;0;0;5;0;0;2;VER
armer;aRme;armer;VER;29,77;1,33;1;5;5;4;2;VER
armes;aRm;arme;NOM;220,22;105,82;0;5;0;3;1;NOM,VER
armes;aRm;armer;VER;29,77;0,51;0;5;0;3;1;NOM,VER
armez;aRme;armer;VER;29,77;2,68;0;5;0;4;2;VER
armon;aRm§;armon;NOM;0,01;0,01;1;5;5;4;2;NOM
armât;aRma;armer;VER;29,77;0;0;5;0;0;2;VER
armée;aRme;armer;VER;29,77;2,56;0;5;5;4;2;VER,ADJ,NOM
armée;aRme;armé;ADJ;26,53;7,78;0;5;5;4;2;VER,ADJ,NOM
armée;aRme;armée;NOM;101,07;93,97;1;5;5;4;2;VER,ADJ,NOM
armés;aRme;armer;VER;29,77;6,7;0;5;0;4;2;VER,ADJ
armés;aRme;armé;ADJ;26,53;5,25;0;5;0;4;2;VER,ADJ
arqua;aRka;arquer;VER;0,34;0;0;5;0;0;2;VER
arque;aRk;arquer;VER;0,34;0;0;5;0;3;1;VER
arqué;aRke;arquer;VER;0,34;0;0;5;5;4;2;VER,ADJ
arqué;aRke;arqué;ADJ;0,14;0,02;1;5;5;4;2;VER,ADJ
arroi;aRwa;arroi;NOM;0;0;1;5;5;3;2;NOM
arrêt;aRE;arrêt;NOM;50,88;46,8;1;5;5;3;2;NOM
arums;aROm;arum;NOM;0,09;0,07;0;5;0;4;2;NOM
aryen;aRj5;aryen;ADJ;1,84;0,22;1;5;5;4;2;ADJ,NOM
aryen;aRj5;aryen;NOM;0,09;0,02;1;5;5;4;2;ADJ,NOM
arçon;aRs§;arçon;NOM;0,02;0,01;1;5;3;4;2;NOM
arène;aREn;arène;NOM;2,5;2,25;1;5;3;4;2;NOM
aréna;aRena;aréna;NOM;0,05;0,05;1;5;4;4;3;NOM
arête;aREt;arête;NOM;1,6;0,7;1;5;3;4;2;NOM
arôme;aRom;arôme;NOM;1,43;1,12;1;5;3;4;2;NOM
asana;azana;asana;NOM;0,02;0,02;1;5;4;4;3;NOM
ascot;askOt;ascot;NOM;0,03;0,03;1;5;5;5;2;NOM
asdic;asdik;asdic;NOM;0,1;0,1;1;5;3;3;2;NOM
asile;azil;asile;NOM;26,56;25,52;1;5;5;4;2;NOM
aspic;aspik;aspic;NOM;0,54;0,52;1;5;5;5;2;NOM
aspis;aspi;aspi;NOM;0,14;0;0;5;0;4;2;NOM
aspre;aspR;aspre;NOM;0;0;1;5;4;4;1;NOM
assez;ase;assez;ADV;407,75;407,75;1;5;5;3;2;ADV
assis;asi;asseoir;VER;322,71;52,34;0;5;5;3;2;VER,ADJ
assis;asi;assis;ADJ;20,89;16,96;1;5;5;3;2;VER,ADJ
assit;asi;asseoir;VER;322,71;0,82;0;5;0;3;2;VER
assît;asi;asseoir;VER;322,71;0;0;5;0;3;2;VER
aster;astER;aster;NOM;0,42;0,42;1;5;5;5;2;NOM
astic;astik;astic;NOM;0;0;1;5;5;5;2;NOM
astre;astR;astre;NOM;3,13;1,89;1;5;5;4;1;NOM
astro;astRo;astro;ADV;0,14;0,14;1;5;5;5;2;ADV
athée;ate;athée;ADJ;1,39;1,15;1;5;5;3;2;ADJ,NOM
athée;ate;athée;NOM;1,77;1,5;1;5;5;3;2;ADJ,NOM
atlas;atlas;atlas;NOM;0,93;0,93;1;5;5;4;2;NOM
atoll;atOl;atoll;NOM;0,15;0,12;1;5;4;4;2;NOM
atome;atom;atome;NOM;2,85;1,3;1;5;5;4;2;NOM
atone;aton;atone;ADJ;0,02;0,02;1;5;5;4;2;ADJ
atour;atuR;atour;NOM;1,09;0,14;1;5;5;4;2;NOM
atout;atu;atout;NOM;5,74;3,66;1;5;5;3;2;NOM
atèle;atEl;atèle;NOM;0,01;0,01;1;5;3;4;2;NOM
atémi;atemi;atémi;NOM;0,01;0,01;1;5;4;4;3;NOM
aubes;ob;aube;NOM;30,32;0,27;0;5;0;2;1;NOM
aucun;ok1;aucun;ADJ:ind;175,78;175,78;1;5;5;3;2;ADJ:ind,PRO:ind
aucun;ok1;aucun;PRO:ind;71,6;71,6;1;5;5;3;2;ADJ:ind,PRO:ind
audio;odjo;audio;ADJ;1,87;1,87;1;5;5;4;2;ADJ
audit;odit;audit;NOM;0,54;0,47;1;5;5;4;2;NOM,PRE
audit;odit;audit;PRE;0,03;0,03;1;5;5;4;2;NOM,PRE
auges;oZ;auge;NOM;0,52;0,03;0;5;0;2;1;NOM
aulne;on;aulne;NOM;0,04;0,04;1;5;5;2;1;NOM
aulos;olo;aulos;NOM;0;0;1;5;5;3;2;NOM
auner;one;auner;VER;0;0;1;5;5;3;2;VER
aunes;on;aune;NOM;0,72;0,28;0;5;0;2;1;NOM
aurai;oRE;aurai;AUX;0,01;0,01;1;5;5;3;2;AUX,VER
aurai;oRE;avoir;AUX;18559,22;32,96;0;5;5;3;2;AUX,VER
aurai;oRE;avoir;VER;13572,4;78,85;0;5;5;3;2;AUX,VER
auras;oRa;aura;NOM;14,48;2,31;0;5;0;3;2;NOM,AUX,VER
auras;oRa;avoir;AUX;18559,22;16,96;0;5;0;3;2;NOM,AUX,VER
auras;oRa;avoir;VER;13572,4;87,32;0;5;0;3;2;NOM,AUX,VER
aurez;oRe;avoir;AUX;18559,22;13,18;0;5;0;3;2;AUX,VER
aurez;oRe;avoir;VER;13572,4;60,72;0;5;0;3;2;AUX,VER
aussi;osi;aussi;ADV;1402,33;1402,33;1;5;5;3;2;ADV
autan;ot@;autan;NOM;0;0;1;5;5;3;2;NOM
autel;otEl;autel;NOM;8,27;7,62;1;5;5;4;2;NOM
autos;oto;auto;NOM;18,66;2,42;0;5;0;3;2;NOM
autre;otR;autre;ADJ;786,09;668,48;1;5;5;3;1;ADJ,ADV,NOM,PRO:ind
autre;otR;autre;ADV;0,05;0,05;1;5;5;3;1;ADJ,ADV,NOM,PRO:ind
autre;otR;autre;NOM;7,48;6,25;1;5;5;3;1;ADJ,ADV,NOM,PRO:ind
autre;otR;autre;PRO:ind;473,33;473,33;1;5;5;3;1;ADJ,ADV,NOM,PRO:ind
avais;avE;avoir;AUX;18559,22;412,04;0;5;0;0;2;AUX,VER
avais;avE;avoir;VER;13572,4;373,32;0;5;0;0;2;AUX,VER
avait;avE;avoir;AUX;18559,22;395,71;0;5;0;0;2;AUX,VER
avait;avE;avoir;VER;13572,4;596,64;0;5;0;0;2;AUX,VER
avala;avala;avaler;VER;35,89;0,23;0;5;0;0;3;VER
avale;aval;avaler;VER;35,89;8,02;0;5;0;4;2;VER
avalé;avale;avaler;VER;35,89;7,55;0;5;0;5;3;VER
avant;av@;avant;ADJ;23,8;23,8;1;5;5;3;2;ADJ,ADV,NOM,PRE
avant;av@;avant;ADV;224,38;224,38;1;5;5;3;2;ADJ,ADV,NOM,PRE
avant;av@;avant;NOM;8,05;7,94;1;5;5;3;2;ADJ,ADV,NOM,PRE
avant;av@;avant;PRE;529,51;529,51;1;5;5;3;2;ADJ,ADV,NOM,PRE
avare;avaR;avare;ADJ;2,69;2,26;1;5;5;4;2;ADJ,NOM
avare;avaR;avare;NOM;0,64;0,51;1;5;5;4;2;ADJ,NOM
avaro;avaRo;avaro;NOM;0;0;1;5;5;5;3;NOM
avent;av@;avent;NOM;0,06;0,06;1;5;5;3;2;NOM
avenu;av°ny;avenu;ADJ;0,07;0,05;1;5;5;5;3;ADJ
avers;avER;avers;NOM;0;0;1;5;5;4;2;NOM
aveux;av2;aveu;NOM;11,15;5,29;0;5;0;3;2;NOM
avide;avid;avide;ADJ;3,52;1,94;1;5;5;4;2;ADJ
aviez;avje;avoir;AUX;18559,22;50,3;0;5;0;0;2;AUX,VER
aviez;avje;avoir;VER;13572,4;44,64;0;5;0;0;2;AUX,VER
avili;avili;avilir;VER;0,69;0,03;0;5;0;0;3;VER
aviné;avine;aviné;ADJ;0,05;0,01;1;5;5;4;3;ADJ
avion;avj§;avion;NOM;128,35;105,54;1;5;5;4;2;NOM
avisa;aviza;aviser;VER;9,77;0,14;0;5;0;0;3;VER
avise;aviz;aviser;VER;9,77;3,52;0;5;0;0;2;VER
aviso;avizo;aviso;NOM;0,02;0,02;1;5;5;5;3;NOM
avisé;avize;aviser;VER;9,77;1,21;0;5;5;5;3;VER,ADJ
avisé;avize;avisé;ADJ;1,76;0,86;1;5;5;5;3;VER,ADJ
aviva;aviva;aviver;VER;0,19;0,01;0;5;0;0;3;VER
avive;aviv;aviver;VER;0,19;0;0;5;0;0;2;VER
avivé;avive;aviver;VER;0,19;0,02;0;5;5;4;3;VER,ADJ
avivé;avive;avivé;ADJ;0;0;1;5;5;4;3;VER,ADJ
avoir;avwaR;avoir;AUX;18559,22;674,24;1;5;5;5;2;AUX,NOM,VER
avoir;avwaR;avoir;NOM;3,13;2,72;1;5;5;5;2;AUX,NOM,VER
avoir;avwaR;avoir;VER;13572,4;404,19;1;5;5;5;2;AUX,NOM,VER
avons;av§;avoir;AUX;18559,22;291,71;0;5;0;0;2;AUX,VER
avons;av§;avoir;VER;13572,4;237,78;0;5;0;0;2;AUX,VER
avoua;avwa;avouer;VER;61,56;0,33;0;5;0;0;2;VER
avoue;avu;avouer;VER;61,56;24,48;0;5;0;0;2;VER
avoué;avwe;avouer;VER;61,56;9,5;0;5;5;4;2;VER,ADJ,NOM
avoué;avwe;avoué;ADJ;0,24;0,12;1;5;5;4;2;VER,ADJ,NOM
avoué;avwe;avoué;NOM;0,47;0,46;1;5;5;4;2;VER,ADJ,NOM
avril;avRil;avril;NOM;11,23;11,23;1;5;5;5;2;NOM
avère;avER;avérer;VER;9,26;4,59;0;5;0;4;2;VER
avéra;aveRa;avérer;VER;9,26;0,25;0;5;0;0;3;VER
avéré;aveRe;avérer;VER;9,26;1,64;0;5;5;4;3;VER,ADJ
avéré;aveRe;avéré;ADJ;0,4;0,15;1;5;5;4;3;VER,ADJ
awacs;awak;awacs;NOM;0,12;0,12;1;5;2;4;2;NOM
axels;aksEl;axel;NOM;0,06;0,01;0;5;0;5;2;NOM
axent;aks;axer;VER;0,61;0;0;5;0;3;1;VER
axial;aksjal;axial;ADJ;0,06;0,01;1;5;4;5;2;ADJ
axées;akse;axer;VER;0,61;0,13;0;5;0;4;2;VER
ayans;Ej@;ayan;NOM;0;0;0;5;0;0;2;NOM
ayant;Ej@;avoir;AUX;18559,22;21,68;0;5;0;0;2;AUX,VER
ayant;Ej@;avoir;VER;13572,4;0,9;0;5;0;0;2;AUX,VER
ayons;Ej§;avoir;AUX;18559,22;4,36;0;5;0;3;2;AUX,VER
ayons;Ej§;avoir;VER;13572,4;5,92;0;5;0;3;2;AUX,VER
azote;azOt;azote;NOM;1,05;1,05;1;5;5;4;2;NOM
azurs;azyR;azur;NOM;2,98;0;0;5;0;4;2;NOM
azuré;azyRe;azurer;VER;0;0;0;5;5;5;3;VER,ADJ
azuré;azyRe;azuré;ADJ;0,14;0,13;1;5;5;5;3;VER,ADJ
azyme;azim;azyme;ADJ;0,04;0,04;1;5;4;4;2;ADJ
azéri;azeRi;azéri;ADJ;0,27;0,27;1;5;3;3;3;ADJ
aèdes;aEd;aède;NOM;0,11;0,01;0;5;0;2;2;NOM
aérer;aeRe;aérer;VER;2,65;1,68;1;5;4;4;3;VER
aérez;aeRe;aérer;VER;2,65;0,32;0;5;0;4;3;VER
aérée;aeRe;aérer;VER;2,65;0,02;0;5;0;4;3;VER,ADJ
aérée;aeRe;aéré;ADJ;0,5;0,05;0;5;0;4;3;VER,ADJ
aérés;aeRe;aérer;VER;2,65;0,1;0;5;0;4;3;VER,ADJ
aérés;aeRe;aéré;ADJ;0,5;0,17;0;5;0;4;3;VER,ADJ
aînée;ene;aîné;ADJ;6,27;1,25;0;5;0;3;2;ADJ,NOM
aînée;ene;aîné;NOM;8,92;2,79;0;5;0;3;2;ADJ,NOM
aînés;ene;aîné;ADJ;6,27;0,32;0;5;0;3;2;ADJ,NOM
aînés;ene;aîné;NOM;8,92;1,46;0;5;0;3;2;ADJ,NOM
aître;EtR;aître;NOM;0;0;1;5;3;3;1;NOM
aïeul;aj9l;aïeul;NOM;3,13;1,08;1;5;4;4;2;NOM
aïeux;aj2;aïeul;NOM;3,13;1,75;0;5;0;0;2;NOM
aïoli;ajoli;aïoli;NOM;0,01;0,01;1;5;3;4;3;NOM
babas;baba;baba;NOM;1,05;0,26;0;5;0;4;2;NOM
babel;babEl;babel;NOM;0,05;0,05;1;5;5;4;2;NOM
babil;babil;babil;NOM;0,07;0,07;1;5;5;5;2;NOM
babys;babi;baby;NOM;13,2;0,01;0;5;0;4;2;NOM
bacon;bekon;bacon;NOM;4,5;4,5;1;5;4;5;2;NOM
bader;bade;bader;VER;0,4;0,01;1;5;5;4;2;VER
bades;bad;bader;VER;0,4;0,02;0;5;0;0;1;VER
badge;badZ;badge;NOM;7,14;6,03;1;5;5;4;1;NOM
badin;bad5;badin;ADJ;0,48;0,33;1;5;5;4;2;ADJ
baffe;baf;baffe;NOM;2,93;1,41;1;5;5;3;1;NOM,VER
baffe;baf;baffer;VER;0,62;0,13;0;5;5;3;1;NOM,VER
bagne;baN;bagne;NOM;2,5;2,49;1;5;5;3;1;NOM
bagou;bagu;bagou;NOM;0,01;0,01;1;5;5;4;2;NOM
bague;bag;bague;NOM;30,32;26,14;1;5;5;3;1;NOM,VER
bague;bag;baguer;VER;0,23;0,07;0;5;5;3;1;NOM,VER
bagué;bage;baguer;VER;0,23;0,14;0;5;5;4;2;VER,ADJ
bagué;bage;bagué;ADJ;0,01;0;1;5;5;4;2;VER,ADJ
bahts;bat;baht;NOM;0,52;0,45;0;5;0;3;1;NOM
bahut;bay;bahut;NOM;1,59;1,5;1;5;5;3;2;NOM
baies;bE;baie;ADJ;0,56;0,26;0;5;0;2;1;ADJ,NOM
baies;bE;baie;NOM;7,09;1,24;0;5;0;2;1;ADJ,NOM
baile;bel;baile;NOM;0,05;0,05;1;5;5;3;1;NOM
bains;b5;bain;NOM;74,48;23,96;0;5;0;2;1;NOM
baisa;bEza;baiser;VER;112,82;0;0;5;0;0;2;VER
baise;bEz;baise;NOM;7,66;7,07;1;5;5;3;1;NOM,VER
baise;bEz;baiser;VER;112,82;22,02;0;5;5;3;1;NOM,VER
baisé;beze;baiser;VER;112,82;17,65;0;5;0;4;2;VER
balai;balE;balai;NOM;10,91;8,24;1;5;5;4;2;NOM
balan;bal@;balan;NOM;0;0;1;5;5;4;2;NOM
bales;bal;bale;NOM;0,5;0,14;0;5;0;3;1;NOM
balle;bal;balle;NOM;122,07;77,32;1;5;5;3;1;NOM
balsa;balza;balsa;NOM;0,13;0,13;1;5;5;5;2;NOM
balte;balt;balte;ADJ;0,52;0,05;1;5;5;4;1;ADJ,NOM
balte;balt;balte;NOM;0;0;1;5;5;4;1;ADJ,NOM
balto;balto;balto;ADV;0;0;1;5;5;5;2;ADV
banal;banal;banal;ADJ;8,66;4,88;1;5;5;5;2;ADJ
banco;b@ko;banco;ADJ;0,2;0,2;1;5;5;4;2;ADJ,NOM,ONO
banco;b@ko;banco;NOM;0,04;0,03;1;5;5;4;2;ADJ,NOM,ONO
banco;b@ko;banco;ONO;0,42;0,42;1;5;5;4;2;ADJ,NOM,ONO
bancs;b@;banc;NOM;10,76;1,81;0;5;0;2;1;NOM
banda;b@da;bander;VER;14,5;0,01;0;5;0;0;2;VER
bande;b@d;bande;NOM;78,36;69,1;1;5;5;3;1;NOM,VER
bande;b@d;bander;VER;14,5;4,73;0;5;5;3;1;NOM,VER
bandé;b@de;bander;VER;14,5;0,6;0;5;5;4;2;VER,ADJ
bandé;b@de;bandé;ADJ;1,4;0,05;1;5;5;4;2;VER,ADJ
bangs;b@g;bang;NOM;2,37;0,34;0;5;0;3;1;NOM
banjo;b@dZo;banjo;NOM;3,13;3,08;1;5;4;4;2;NOM
banne;ban;banner;VER;0,86;0,4;0;5;5;0;1;VER
banni;bani;banni;ADJ;0,52;0,27;1;5;5;4;2;ADJ,NOM,VER
banni;bani;banni;NOM;0,51;0,31;1;5;5;4;2;ADJ,NOM,VER
banni;bani;bannir;VER;7,03;2,48;0;5;5;4;2;ADJ,NOM,VER
bantu;b@tu;bantu;NOM;0,01;0,01;1;5;5;4;2;NOM
barba;baRba;barber;VER;0,78;0,14;0;5;0;0;2;VER
barbe;baRb;barbe;NOM;24,15;23,4;1;5;5;4;1;NOM,VER
barbe;baRb;barber;VER;0,78;0,32;0;5;5;4;1;NOM,VER
barbu;baRby;barbu;ADJ;1,46;1,27;1;5;5;5;2;ADJ,NOM
barbu;baRby;barbu;NOM;1,7;1,37;1;5;5;5;2;ADJ,NOM
barbé;baRbe;barber;VER;0,78;0,04;0;5;0;5;2;VER
barca;baRka;barca;ADV;0,16;0,16;1;5;5;5;2;ADV
barda;baRda;barda;NOM;1,62;1,46;1;5;5;5;2;NOM
barde;baRd;barde;NOM;0,18;0,18;1;5;5;4;1;NOM,VER
barde;baRd;barder;VER;2,58;0,3;0;5;5;4;1;NOM,VER
bardo;baRdo;bardo;NOM;0,11;0,11;1;5;5;5;2;NOM
bardé;baRde;barder;VER;2,58;0,07;0;5;0;5;2;VER
baret;baRE;baret;NOM;0;0;1;5;4;4;2;NOM
barge;baRZ;barge;ADJ;1,7;1,6;1;5;5;4;1;ADJ,NOM
barge;baRZ;barge;NOM;1;0,72;1;5;5;4;1;ADJ,NOM
baril;baRil;baril;NOM;2,71;1,81;1;5;5;5;2;NOM
barje;baRZ;barje;ADJ;0;0;1;5;5;4;1;ADJ
barjo;baRZo;barjo;ADJ;1,02;0,95;1;5;5;5;2;ADJ,NOM
barjo;baRZo;barjo;NOM;1,01;0,72;1;5;5;5;2;ADJ,NOM
baron;baR§;baron;NOM;20,82;16,07;1;5;5;4;2;NOM
barra;baRa;barrer;VER;26,71;0,13;0;5;0;0;2;VER
barre;baR;barre;NOM;18,78;15,59;1;5;5;3;1;NOM,VER
barre;baR;barrer;VER;26,71;7,99;0;5;5;3;1;NOM,VER
barri;baRi;barrir;VER;0,1;0,01;0;5;0;4;2;VER
barré;baRe;barrer;VER;26,71;4,04;0;5;5;4;2;VER,ADJ
barré;baRe;barré;ADJ;3,36;2,42;1;5;5;4;2;VER,ADJ
barye;baRi;barye;NOM;0,01;0,01;1;5;5;4;2;NOM
basal;bazal;basal;ADJ;0,15;0,15;1;5;5;5;2;ADJ
baser;baze;baser;VER;15,61;0,44;1;5;5;4;2;VER
bases;baz;base;NOM;59,22;7,53;0;5;0;3;1;NOM,VER
bases;baz;baser;VER;15,61;0,16;0;5;0;3;1;NOM,VER
basez;baze;baser;VER;15,61;0,35;0;5;0;4;2;VER
basic;bazik;basic;NOM;0,03;0,03;1;5;5;5;2;NOM
basin;baz5;basin;NOM;0;0;1;5;5;4;2;NOM
bassa;basa;bassa;NOM;0;0;1;5;5;4;2;NOM
basse;bas;bas;ADJ;85,56;9,54;0;5;5;3;1;ADJ,NOM
basse;bas;basse;NOM;2,89;2,36;1;5;5;3;1;ADJ,NOM
basta;basta;basta;ONO;2,15;2,15;1;5;5;5;2;ONO,VER
basta;basta;baster;VER;0,1;0,09;0;5;5;5;2;ONO,VER
baste;bast;baste;NOM;1,21;1,21;1;5;5;4;1;NOM,ONO
baste;bast;baste;ONO;0,42;0,42;1;5;5;4;1;NOM,ONO
basée;baze;baser;VER;15,61;3,6;0;5;0;4;2;VER,ADJ
basée;baze;basé;ADJ;0,67;0,09;0;5;0;4;2;VER,ADJ
basés;baze;baser;VER;15,61;1,15;0;5;0;4;2;VER,ADJ
basés;baze;basé;ADJ;0,67;0,03;0;5;0;4;2;VER,ADJ
batak;batak;batak;NOM;0,05;0,05;1;5;5;5;2;NOM
batik;batik;batik;NOM;0;0;1;5;5;5;2;NOM
batte;bat;batte;NOM;6,87;6,39;1;5;5;3;1;NOM,VER
batte;bat;battre;VER;200,35;2,32;0;5;5;3;1;NOM,VER
battu;baty;battre;VER;200,35;24,13;0;5;5;4;2;VER,ADJ,NOM
battu;baty;battu;ADJ;4,45;2,81;1;5;5;4;2;VER,ADJ,NOM
battu;baty;battu;NOM;0,44;0,4;1;5;5;4;2;VER,ADJ,NOM
batée;bate;batée;NOM;0,01;0,01;1;5;4;4;2;NOM
bauge;boZ;bauge;NOM;0,14;0,14;1;5;5;3;1;NOM
baugé;boZe;bauger;VER;0;0;0;5;0;0;2;VER
baume;bom;baume;NOM;1,94;1,79;1;5;5;3;1;NOM
baver;bave;baver;VER;9,79;3,04;1;5;5;4;2;VER
baves;bav;bave;NOM;2,1;0,02;0;5;0;3;1;NOM,VER
baves;bav;baver;VER;9,79;0,97;0;5;0;3;1;NOM,VER
bavez;bave;baver;VER;9,79;0,08;0;5;0;4;2;VER
bayer;baje;bayer;VER;0,05;0,01;1;5;4;4;2;VER
bayou;baju;bayou;NOM;0,81;0,76;1;5;4;4;2;NOM
bazar;bazaR;bazar;NOM;8,36;8,18;1;5;5;5;2;NOM
beauf;bof;beauf;NOM;1,07;0,96;1;5;5;3;1;NOM
beaux;bo;beau;ADJ;671,86;57,2;0;5;0;2;1;ADJ
becta;bEkta;becter;VER;0,17;0;0;5;0;0;2;VER
becte;bEkt;becter;VER;0,17;0,14;0;5;0;0;1;VER
becté;bEkte;becter;VER;0,17;0;0;5;0;5;2;VER
bedon;b2d§;bedon;NOM;0,04;0,04;1;5;5;4;2;NOM
beige;bEZ;beige;ADJ;1,03;1,02;1;5;5;3;1;ADJ,NOM
beige;bEZ;beige;NOM;0,27;0,24;1;5;5;3;1;ADJ,NOM
belge;bElZ;belge;ADJ;3,03;2,83;1;5;5;4;1;ADJ,NOM
belge;bElZ;belge;NOM;2;1,31;1;5;5;4;1;ADJ,NOM
belle;bEl;beau;ADJ;671,86;284,08;0;5;0;3;1;ADJ,NOM
belle;bEl;beau;NOM;50,85;35,08;0;5;0;3;1;ADJ,NOM
belon;b°l§;belon;NOM;0;0;1;5;5;4;2;NOM
benne;bEn;benne;NOM;2,38;2,12;1;5;4;3;1;NOM
benêt;b°nE;benêt;ADJ;0,12;0,12;1;5;4;4;2;ADJ,NOM
benêt;b°nE;benêt;NOM;1,3;1,2;1;5;4;4;2;ADJ,NOM
berce;bERs;berce;NOM;0,01;0,01;1;5;5;4;1;NOM,VER
berce;bERs;bercer;VER;4,46;0,94;0;5;5;4;1;NOM,VER
bercé;bERse;bercer;VER;4,46;0,85;0;5;0;5;2;VER
berge;bERZ;berge;NOM;2,77;1,79;1;5;5;4;1;NOM
berle;bERl;berle;NOM;0,13;0,13;1;5;5;4;1;NOM
berme;bERm;berme;NOM;0,04;0,03;1;5;5;4;1;NOM
berne;bERn;berne;NOM;0,11;0,11;1;5;5;4;1;NOM,VER
berne;bERn;berner;VER;3,56;0,12;0;5;5;4;1;NOM,VER
berné;bERne;berner;VER;3,56;0,53;0;5;0;5;2;VER
berça;bERsa;bercer;VER;4,46;0,01;0;5;0;0;2;VER
besef;b°zEf;besef;ADV;0;0;1;5;4;4;2;ADV
bette;bEt;bette;NOM;1,6;1,55;1;5;5;3;1;NOM
beurk;b9Rk;beurk;ONO;4,01;4,01;1;5;5;4;1;ONO
bezef;bezEf;bezef;ADV;0;0;1;5;3;4;2;ADV
biais;bjE;biais;ADJ;0,04;0,04;1;5;5;3;1;ADJ,NOM
biais;bjE;biais;NOM;1,6;1,6;1;5;5;3;1;ADJ,NOM
bibis;bibi;bibi;NOM;0,56;0,02;0;5;0;4;2;NOM
bible;bibl;bible;NOM;17,79;17,03;1;5;5;4;1;NOM
biche;biS;biche;NOM;5,8;5,29;1;5;5;3;1;NOM,VER
biche;biS;bicher;VER;0,27;0,2;0;5;5;3;1;NOM,VER
biché;biSe;bicher;VER;0,27;0;0;5;0;4;2;VER
bicot;biko;bicot;NOM;0,11;0,11;1;5;5;4;2;NOM
bides;bid;bide;NOM;3,73;0,07;0;5;0;3;1;NOM
bidet;bidE;bidet;NOM;0,69;0,69;1;5;5;4;2;NOM
bidon;bid§;bidon;ADJ;7,78;7,78;1;5;5;4;2;ADJ,NOM
bidon;bid§;bidon;NOM;8,02;5,37;1;5;5;4;2;ADJ,NOM
biefs;bjEf;bief;NOM;0,1;0;0;5;0;4;1;NOM
biens;bj5;bien;NOM;106,6;16,99;0;5;0;3;1;NOM
biffa;bifa;biffer;VER;0,11;0;0;5;0;0;2;VER
biffe;bif;biffe;NOM;0,33;0,33;1;5;5;3;1;NOM,VER
biffe;bif;biffer;VER;0,11;0,01;0;5;5;3;1;NOM,VER
biffé;bife;biffer;VER;0,11;0,02;0;5;0;4;2;VER
bigle;bigl;bigle;ADJ;0;0;1;5;5;4;1;ADJ,VER
bigle;bigl;bigler;VER;0;0;0;5;5;4;1;ADJ,VER
biglé;bigle;bigler;VER;0;0;0;5;0;5;2;VER
bigne;biN;bigne;NOM;0;0;1;5;5;3;1;NOM
bigot;bigo;bigot;ADJ;0,2;0,17;1;5;5;4;2;ADJ,NOM
bigot;bigo;bigot;NOM;0,5;0,1;1;5;5;4;2;ADJ,NOM
bigre;bigR;bigre;NOM;0;0;1;5;5;4;1;NOM,ONO
bigre;bigR;bigre;ONO;0,47;0,47;1;5;5;4;1;NOM,ONO
bigue;big;bigue;NOM;0;0;1;5;5;3;1;NOM
bijou;biZu;bijou;NOM;8,37;8,37;1;5;5;4;2;NOM
bilan;bil@;bilan;NOM;6,13;5,63;1;5;5;4;2;NOM
biler;bile;biler;VER;2,95;0,1;1;5;5;4;2;VER
biles;bil;bile;NOM;2,78;0,19;0;5;0;3;1;NOM,VER
biles;bil;biler;VER;2,95;0,29;0;5;0;3;1;NOM,VER
bilez;bile;biler;VER;2,95;0,22;0;5;0;4;2;VER
bille;bij;bille;NOM;5,21;2,5;1;5;5;3;1;NOM
bills;bil;bill;NOM;0,56;0,09;0;5;0;3;1;NOM
bin's;bins;bin's;NOM;0,03;0,03;1;5;4;4;1;NOM
biner;bine;biner;VER;0,33;0,33;1;5;5;4;2;VER
bingo;biGo;bingo;NOM;9,08;9,08;1;5;5;4;2;NOM
biper;bipe;biper;VER;4,07;0,96;1;5;4;4;2;VER
bipes;bip;biper;VER;4,07;0,09;0;5;0;3;1;VER
bipez;bipe;biper;VER;4,07;0,43;0;5;0;4;2;VER
bipée;bipe;biper;VER;4,07;0,4;0;5;0;4;2;VER
bipés;bipe;biper;VER;4,07;0,05;0;5;0;4;2;VER
bique;bik;bique;NOM;0,94;0,56;1;5;5;3;1;NOM
birbe;biRb;birbe;NOM;0,02;0;1;5;4;4;1;NOM
biser;bize;biser;VER;0,14;0,14;1;5;5;4;2;VER
bises;biz;bis;ADJ;1,23;0,37;0;5;0;3;1;ADJ,NOM,VER
bises;biz;bise;NOM;3,84;1,14;0;5;0;3;1;ADJ,NOM,VER
bises;biz;biser;VER;0,14;0,01;0;5;0;3;1;ADJ,NOM,VER
bison;biz§;bison;NOM;2,65;1,49;1;5;5;4;2;NOM
bisou;bizu;bisou;NOM;18,4;13,99;1;5;5;4;2;NOM
bisse;bis;bisser;VER;0,03;0,01;0;5;0;3;1;VER
bissé;bise;bisser;VER;0,03;0,01;0;5;0;4;2;VER
bites;bit;bite;NOM;26,41;3,49;0;5;0;3;1;NOM
bitos;bitOs;bitos;NOM;0;0;1;5;5;4;2;NOM
bitte;bit;bitte;NOM;0,72;0,69;1;5;5;3;1;NOM
bizou;bizu;bizou;NOM;0;0;1;5;4;4;2;NOM
bizut;bizy;bizut;NOM;2,3;2,05;1;5;5;4;2;NOM
bière;bjER;bière;NOM;81,67;68,55;1;5;3;4;1;NOM
black;blak;black;ADJ;2,67;2,45;1;5;5;4;1;ADJ,NOM
black;blak;black;NOM;4,07;1,94;1;5;5;4;1;ADJ,NOM
blair;blER;blair;NOM;0,06;0,05;1;5;5;4;1;NOM
blanc;bl@;blanc;ADJ;118,74;53,93;1;5;5;3;1;ADJ,NOM
blanc;bl@;blanc;NOM;46,88;27,56;1;5;5;3;1;ADJ,NOM
blase;blaz;blase;NOM;0,12;0,12;1;5;5;4;1;NOM,VER
blase;blaz;blaser;VER;0,31;0;0;5;5;4;1;NOM,VER
blasé;blaze;blaser;VER;0,31;0,19;0;5;5;5;2;VER,ADJ
blasé;blaze;blasé;ADJ;1;0,66;1;5;5;5;2;VER,ADJ
blaze;blaz;blaze;NOM;0,53;0,48;1;5;5;4;1;NOM
bleds;blEd;bled;NOM;5,67;0,12;0;5;0;4;1;NOM
blets;blE;blet;ADJ;0,04;0,01;0;5;0;3;1;ADJ
bleue;bl2;bleu;ADJ;70,61;21,63;0;5;0;3;1;ADJ
bleui;bl2i;bleui;ADJ;0;0;1;5;5;4;2;ADJ,VER
bleui;bl2i;bleuir;VER;0,16;0,01;0;5;5;4;2;ADJ,VER
bleus;bl2;bleu;ADJ;70,61;12,97;0;5;0;3;1;ADJ,NOM
bleus;bl2;bleu;NOM;26,12;6,2;0;5;0;3;1;ADJ,NOM
blini;blini;blini;NOM;0,93;0,02;1;5;5;4;2;NOM
block;blOk;block;NOM;1,06;0,7;1;5;5;4;1;NOM
blocs;blOk;bloc;NOM;17,28;3,03;0;5;0;4;1;NOM
blond;bl§;blond;ADJ;21,45;8,73;1;5;5;3;1;ADJ,NOM
blond;bl§;blond;NOM;22,65;3,61;1;5;5;3;1;ADJ,NOM
bloom;blum;bloom;NOM;0,01;0,01;1;5;5;4;1;NOM
blots;blo;blot;NOM;0,71;0;0;5;0;3;1;NOM
bloum;blum;bloum;NOM;0;0;1;5;5;4;1;NOM
blues;bluz;blues;NOM;7,81;7,81;1;5;5;4;1;NOM
bluff;bl9f;bluff;NOM;3,02;3;1;5;5;4;1;NOM
blush;bl9S;blush;NOM;0,2;0,2;1;5;4;4;1;NOM
blâma;blama;blâmer;VER;9,38;0,01;0;5;0;0;2;VER
blâme;blam;blâme;NOM;2,04;1,85;1;5;5;4;1;NOM,VER
blâme;blam;blâmer;VER;9,38;2,91;0;5;5;4;1;NOM,VER
blâmé;blame;blâmer;VER;9,38;0,21;0;5;0;5;2;VER
blême;blEm;blême;ADJ;1,48;1,16;1;5;5;4;1;ADJ
blêmi;blEmi;blêmir;VER;0,42;0,01;0;5;0;0;2;VER
bobby;bobi;bobby;NOM;0,32;0,32;1;5;5;4;2;NOM
bobos;bobo;bobo;NOM;2,42;0,53;0;5;0;4;2;NOM
bocal;bokal;bocal;NOM;3,83;2,73;1;5;5;5;2;NOM
boche;bOS;boche;ADJ;0,94;0,78;1;5;5;3;1;ADJ,NOM
boche;bOS;boche;NOM;8,63;2,24;1;5;5;3;1;ADJ,NOM
bocks;bOk;bock;NOM;0,11;0,01;0;5;0;3;1;NOM
bodhi;bOdi;bodhi;NOM;2,21;2,21;1;5;5;4;2;NOM
boers;beR;boer;NOM;0,01;0;0;5;0;0;1;NOM
boeuf;b9f;boeuf;ADJ;0,44;0,44;1;5;4;3;1;ADJ,NOM
boeuf;b9f;boeuf;NOM;10,39;8,58;1;5;4;3;1;ADJ,NOM
bogie;bOZi;bogie;NOM;0,14;0,14;1;5;4;3;2;NOM
bogue;bOg;bogue;NOM;0,17;0,12;1;5;5;3;1;NOM,VER
bogue;bOg;boguer;VER;0,16;0,14;0;5;5;3;1;NOM,VER
boira;bwaRa;boire;VER;339,05;2,97;0;5;0;0;2;VER
boire;bwaR;boire;NOM;2,67;2,67;1;5;4;4;1;NOM,VER
boire;bwaR;boire;VER;339,05;142,15;1;5;4;4;1;NOM,VER
boise;bwaz;boiser;VER;0,06;0,01;0;5;0;0;1;VER
boisé;bwaze;boiser;VER;0,06;0,03;0;5;5;5;2;VER,ADJ
boisé;bwaze;boisé;ADJ;0,46;0,15;1;5;5;5;2;VER,ADJ
boite;bwat;boiter;VER;15,43;11,83;0;5;0;4;1;VER
boité;bwate;boiter;VER;15,43;0,13;0;5;0;5;2;VER
boive;bwav;boire;VER;339,05;2,86;0;5;0;0;1;VER
bolas;bola;bola;NOM;0,25;0,14;0;5;0;4;2;NOM
boldo;bOldo;boldo;NOM;0;0;1;5;5;5;2;NOM
bolet;bolE;bolet;NOM;0;0;1;5;4;4;2;NOM
bolge;bOlZ;bolge;NOM;0;0;1;5;4;4;1;NOM
bolée;bole;bolée;NOM;0,01;0,01;1;5;5;4;2;NOM
bomba;b§ba;bomber;VER;1,34;0,27;0;5;0;0;2;VER
bombe;b§b;bombe;NOM;64,39;48,7;1;5;5;3;1;NOM,VER
bombe;b§b;bomber;VER;1,34;0,37;0;5;5;3;1;NOM,VER
bombé;b§be;bomber;VER;1,34;0,06;0;5;5;4;2;VER,ADJ
bombé;b§be;bombé;ADJ;0,3;0,16;1;5;5;4;2;VER,ADJ
bonde;b§d;bonde;NOM;0,24;0,23;1;5;5;3;1;NOM
bondi;b§di;bondir;VER;5,1;0,91;0;5;0;0;2;VER
bonds;b§;bond;NOM;4,69;1,25;0;5;0;2;1;NOM
bondé;b§de;bonder;VER;1,84;1,07;0;5;5;4;2;VER,ADJ
bondé;b§de;bondé;ADJ;0,88;0,54;1;5;5;4;2;VER,ADJ
bongo;b§go;bongo;NOM;0,21;0,09;1;5;4;3;2;NOM
bonir;boniR;bonir;VER;0;0;1;5;5;5;2;VER
bonis;boni;boni;NOM;0,01;0;0;5;0;4;2;NOM
bonit;boni;bonir;VER;0;0;0;5;0;4;2;VER
bonne;bOn;bon;ADJ;1554,44;578,93;0;5;5;3;1;ADJ,NOM
bonne;bOn;bonne;NOM;59,44;53,18;1;5;5;3;1;ADJ,NOM
bonni;boni;bonnir;VER;6,67;0,01;0;5;0;4;2;VER
bonté;b§te;bonté;NOM;17,88;17,31;1;5;4;3;2;NOM
bonus;bonys;bonus;NOM;3,8;3,8;1;5;4;4;2;NOM
bonze;b§z;bonze;NOM;0,91;0,89;1;5;5;3;1;NOM
books;buk;book;NOM;2,89;1,39;0;5;0;3;1;NOM
booms;bum;boom;NOM;2,83;0,02;0;5;0;3;1;NOM
boots;buts;boots;NOM;0,54;0,54;1;5;5;4;1;NOM
borax;boRaks;borax;NOM;0,16;0,16;1;5;5;5;2;NOM
borda;bORda;border;VER;3,78;0;0;5;0;0;2;VER
borde;bORd;border;VER;3,78;0,72;0;5;0;0;1;VER
bordj;bORdZ;bordj;NOM;0;0;1;5;5;5;1;NOM
bords;bOR;bord;NOM;79,9;2,84;0;5;0;3;1;NOM
bordé;bORde;border;VER;3,78;0,78;0;5;5;5;2;VER,ADJ,NOM
bordé;bORde;bordé;ADJ;0,16;0,15;1;5;5;5;2;VER,ADJ,NOM
bordé;bORde;bordé;NOM;0,01;0;1;5;5;5;2;VER,ADJ,NOM
borie;boRi;borie;NOM;0;0;1;5;5;4;2;NOM
borna;bORna;borner;VER;2,19;0;0;5;0;0;2;VER
borne;bORn;borne;NOM;8,35;1,69;1;5;5;4;1;NOM,VER
borne;bORn;borner;VER;2,19;0,42;0;5;5;4;1;NOM,VER
borné;bORne;borner;VER;2,19;0,8;0;5;5;5;2;VER,ADJ
borné;bORne;borné;ADJ;3,13;2,07;1;5;5;5;2;VER,ADJ
borée;bORe;borée;NOM;0,14;0,14;1;5;5;4;2;NOM
bosco;bOsko;bosco;NOM;0,04;0,04;1;5;5;5;2;NOM
bossa;bosa;bosser;VER;76,28;0,89;0;5;0;0;2;VER
bosse;bOs;bosse;NOM;7,24;6,08;1;5;5;3;1;NOM,VER
bosse;bOs;bosser;VER;76,28;21,92;0;5;5;3;1;NOM,VER
bossu;bosy;bossu;ADJ;1,97;1,58;1;5;5;4;2;ADJ,NOM
bossu;bosy;bossu;NOM;4,74;4,19;1;5;5;4;2;ADJ,NOM
bossé;bose;bosser;VER;76,28;7,56;0;5;0;4;2;VER
botta;bota;botter;VER;15,54;0;0;5;0;0;2;VER
botte;bOt;botte;NOM;32,19;6,38;1;5;5;3;1;NOM,VER
botte;bOt;botter;VER;15,54;3,98;0;5;5;3;1;NOM,VER
botté;bote;botter;VER;15,54;1,63;0;5;5;4;2;VER,ADJ,NOM
botté;bote;botté;ADJ;0,32;0,2;1;5;5;4;2;VER,ADJ,NOM
botté;bote;botté;NOM;0,02;0,02;1;5;5;4;2;VER,ADJ,NOM
boucs;buk;bouc;NOM;8,49;0,57;0;5;0;3;1;NOM
bouda;buda;bouder;VER;5,11;0,01;0;5;0;4;2;VER
boude;bud;bouder;VER;5,11;2,31;0;5;0;0;1;VER
boudi;budi;boudi;ADV;0,01;0,01;1;5;5;4;2;ADV
boudu;budy;boudu;ONO;7,37;7,37;1;5;5;4;2;ONO
boudé;bude;bouder;VER;5,11;0,23;0;5;0;4;2;VER
boues;bu;boue;NOM;15,1;0,01;0;5;0;2;1;NOM
bouge;buZ;bouge;NOM;34,79;34,02;1;5;5;3;1;NOM,VER
bouge;buZ;bouger;VER;211,9;85,45;0;5;5;3;1;NOM,VER
bougé;buZe;bouger;VER;211,9;10,52;0;5;5;4;2;VER,ADJ,NOM
bougé;buZe;bougé;ADJ;0,18;0,18;1;5;5;4;2;VER,ADJ,NOM
bougé;buZe;bougé;NOM;0,26;0,26;1;5;5;4;2;VER,ADJ,NOM
bouif;bwif;bouif;NOM;0;0;1;5;5;4;1;NOM
boula;bula;bouler;VER;1;0;0;5;0;0;2;VER
boule;bul;boule;NOM;30,68;19,29;1;5;5;3;1;NOM,VER
boule;bul;bouler;VER;1;0,28;0;5;5;3;1;NOM,VER
boulu;buly;boulu;ADJ;0;0;1;5;5;4;2;ADJ
boulé;bule;bouler;VER;1;0,12;0;5;0;4;2;VER
boume;bum;boumer;VER;1,9;1,9;0;5;0;3;1;VER
boums;bum;boum;NOM;7,01;0,21;0;5;0;3;1;NOM
boumé;bume;boumer;VER;1,9;0;0;5;0;0;2;VER
bourg;buR;bourg;NOM;1,6;1,48;1;5;5;3;1;NOM
bouse;buz;bouse;NOM;1,93;1,71;1;5;5;3;1;NOM
bouta;buta;bouter;VER;0,47;0;0;5;0;0;2;VER
boute;but;bouter;VER;0,47;0,03;0;5;0;0;1;VER
bouts;bu;bout;NOM;128,33;7,21;0;5;0;2;1;NOM
bouté;bute;bouter;VER;0,47;0,14;0;5;0;4;2;VER
bouzy;buzi;bouzy;NOM;0;0;1;5;5;4;2;NOM
bouée;bwe;bouée;NOM;2,04;1,3;1;5;4;3;1;NOM
bovin;bov5;bovin;ADJ;0,28;0,09;1;5;5;4;2;ADJ,NOM
bovin;bov5;bovin;NOM;0,23;0,06;1;5;5;4;2;ADJ,NOM
boxer;bOksER;boxer;NOM;0,75;0,62;1;5;5;5;2;NOM,VER
boxer;bOkse;boxer;VER;5,78;3,14;1;5;5;5;2;NOM,VER
boxes;bOks;boxe;NOM;9,32;0,13;0;5;0;4;1;NOM,VER
boxes;bOks;boxer;VER;5,78;0,62;0;5;0;4;1;NOM,VER
boxez;bOkse;boxer;VER;5,78;0,41;0;5;0;5;2;VER
boxon;bOks§;boxon;NOM;0,62;0,6;1;5;4;5;2;NOM
boxés;bOkse;boxer;VER;5,78;0;0;5;0;5;2;VER
boyau;bwajo;boyau;NOM;2,86;0,19;1;5;5;5;2;NOM
boîte;bwat;boîte;NOM;88,81;74,58;1;5;5;4;1;NOM
braco;bRako;braco;NOM;0;0;1;5;5;5;2;NOM
brade;bRad;brader;VER;0,98;0,26;0;5;0;0;1;VER
bradé;bRade;brader;VER;0,98;0,07;0;5;0;5;2;VER
braie;bRE;brayer;VER;0,01;0,01;0;5;5;3;1;VER
brais;bRE;brai;NOM;0,02;0,01;0;5;0;3;1;NOM
brait;bRE;braire;VER;0,37;0,03;0;5;0;3;1;VER
brama;bRama;bramer;VER;0,12;0;0;5;0;0;2;VER
brame;bRam;brame;NOM;0,01;0,01;1;5;5;4;1;NOM,VER
brame;bRam;bramer;VER;0,12;0,01;0;5;5;4;1;NOM,VER
bramé;bRame;bramer;VER;0,12;0;0;5;0;5;2;VER
brand;bR@;brand;NOM;0,02;0,02;1;5;5;3;1;NOM
brava;bRava;braver;VER;3,2;0,22;0;5;0;0;2;VER
brave;bRav;brave;ADJ;30,93;24,55;1;5;5;4;1;ADJ,NOM,VER
brave;bRav;brave;NOM;6,49;4,46;1;5;5;4;1;ADJ,NOM,VER
brave;bRav;braver;VER;3,2;0,27;0;5;5;4;1;ADJ,NOM,VER
bravo;bRavo;bravo;NOM;8,93;8,21;1;5;5;5;2;NOM,ONO
bravo;bRavo;bravo;ONO;48,98;48,98;1;5;5;5;2;NOM,ONO
bravé;bRave;braver;VER;3,2;0,45;0;5;0;5;2;VER
braye;bREj;braye;NOM;0;0;1;5;5;4;1;NOM
break;bREk;break;NOM;7,18;6,91;1;5;5;4;1;NOM
brefs;bREf;bref;ADJ;15,63;0,92;0;5;0;4;1;ADJ,NOM
brefs;bREf;bref;NOM;0,16;0,05;0;5;0;4;1;ADJ,NOM
bribe;bRib;bribe;NOM;0,88;0,03;1;5;4;4;1;NOM
brick;bRik;brick;NOM;1,51;1,3;1;5;5;4;1;NOM
bride;bRid;bride;NOM;1,79;1,63;1;5;5;4;1;NOM,VER
bride;bRid;brider;VER;0,92;0,3;0;5;5;4;1;NOM,VER
bridé;bRide;brider;VER;0,92;0,08;0;5;5;5;2;VER,ADJ
bridé;bRide;bridé;ADJ;1,45;0,63;1;5;5;5;2;VER,ADJ
bries;bRi;brie;NOM;0,33;0;0;5;0;3;1;NOM
brima;bRima;brimer;VER;0,66;0,31;0;5;0;0;2;VER
brime;bRim;brimer;VER;0,66;0,04;0;5;0;0;1;VER
brimé;bRime;brimer;VER;0,66;0,14;0;5;0;5;2;VER
brins;bR5;brin;NOM;5,38;0,44;0;5;0;3;1;NOM
brisa;bRiza;briser;VER;55,2;0,31;0;5;0;0;2;VER
brise;bRiz;brise;NOM;5,63;5,6;1;5;5;4;1;NOM,VER
brise;bRiz;briser;VER;55,2;8,45;0;5;5;4;1;NOM,VER
brisé;bRize;briser;VER;55,2;15,7;0;5;5;5;2;VER,ADJ
brisé;bRize;brisé;ADJ;10,09;6,21;1;5;5;5;2;VER,ADJ
brize;bRiz;brize;NOM;0,01;0,01;1;5;4;4;1;NOM
brocs;bRo;broc;NOM;0,38;0;0;5;0;3;1;NOM
broda;bRoda;broder;VER;3,52;0,01;0;5;0;0;2;VER
brode;bROd;broder;VER;3,52;0,56;0;5;0;0;1;VER
brodé;bRode;broder;VER;3,52;0,83;0;5;5;4;2;VER,ADJ
brodé;bRode;brodé;ADJ;0,57;0,13;1;5;5;4;2;VER,ADJ
broie;bRwa;broyer;VER;4,08;0,74;0;5;0;0;1;VER
brome;bRom;brome;NOM;0,01;0,01;1;5;5;4;1;NOM
brook;bRuk;brook;NOM;0,12;0,02;1;5;4;4;1;NOM
broum;bRum;broum;ONO;0,19;0,19;1;5;5;4;1;ONO
brout;bRu;brout;NOM;0,1;0,1;1;5;5;3;1;NOM
broya;bRwaja;broyer;VER;4,08;0,01;0;5;0;0;2;VER
broyé;bRwaje;broyer;VER;4,08;0,55;0;5;5;6;2;VER,ADJ
broyé;bRwaje;broyé;ADJ;0,75;0,35;1;5;5;6;2;VER,ADJ
bruit;bR8i;bruire;VER;0,48;0,25;0;5;5;4;1;VER,NOM
bruit;bR8i;bruit;NOM;94,13;78,94;1;5;5;4;1;VER,NOM
brume;bRym;brume;NOM;5,07;4,17;1;5;5;4;1;NOM
brune;bRyn;brun;ADJ;13,16;6,51;0;5;5;4;1;ADJ,NOM
brune;bRyn;brune;NOM;5,2;4,44;1;5;5;4;1;ADJ,NOM
bruni;bRyni;bruni;ADJ;0,01;0,01;1;5;5;5;2;ADJ,NOM,VER
bruni;bRyni;bruni;NOM;0,01;0,01;1;5;5;5;2;ADJ,NOM,VER
bruni;bRyni;brunir;VER;0,19;0;0;5;5;5;2;ADJ,NOM,VER
bruns;bR1;brun;ADJ;13,16;2,69;0;5;0;3;1;ADJ,NOM
bruns;bR1;brun;NOM;2,37;0,2;0;5;0;3;1;ADJ,NOM
brute;bRyt;brut;ADJ;3,86;1,89;0;5;5;4;1;ADJ,NOM
brute;bRyt;brute;NOM;14,03;9,04;1;5;5;4;1;ADJ,NOM
bruts;bRyt;brut;ADJ;3,86;0,42;0;5;0;4;1;ADJ,NOM
bruts;bRyt;brut;NOM;0,55;0,01;0;5;0;4;1;ADJ,NOM
brème;bREm;brème;NOM;0,05;0,05;1;5;4;4;1;NOM
brève;bREv;bref;ADJ;15,63;3,86;0;5;4;4;1;ADJ,NOM
brève;bREv;brève;NOM;0,14;0,11;1;5;4;4;1;ADJ,NOM
brûla;bRyla;brûler;VER;110,28;0,76;0;5;0;0;2;VER
brûle;bRyl;brûler;VER;110,28;33,66;0;5;0;0;1;VER
brûlé;bRyle;brûler;VER;110,28;20,41;0;5;5;5;2;VER,ADJ,NOM
brûlé;bRyle;brûlé;ADJ;8,34;2,77;1;5;5;5;2;VER,ADJ,NOM
brûlé;bRyle;brûlé;NOM;2,35;1,31;1;5;5;5;2;VER,ADJ,NOM
bubon;byb§;bubon;NOM;0,22;0,02;1;5;5;4;2;NOM
bucco;buko;bucco;NOM;0,21;0,21;1;5;5;4;2;NOM
buggy;b9gi;buggy;NOM;0,28;0,28;1;5;4;4;2;NOM
bugle;bygl;bugle;NOM;0,07;0,06;1;5;5;4;1;NOM
bugne;byN;bugne;NOM;0,01;0,01;1;5;5;3;1;NOM
bugné;byNe;bugner;VER;0,01;0,01;0;5;0;0;2;VER
bulbe;bylb;bulbe;NOM;0,47;0,31;1;5;5;4;1;NOM
bulge;b9ldZ;bulge;NOM;0,02;0,02;1;5;5;3;1;NOM
bulla;byla;buller;VER;0,35;0;0;5;0;0;2;VER
bulle;byl;bulle;NOM;8,11;2,99;1;5;5;3;1;NOM,VER
bulle;byl;buller;VER;0,35;0,21;0;5;5;3;1;NOM,VER
bulls;byl;bull;NOM;1,04;0,43;0;5;0;3;1;NOM
bulot;bylo;bulot;NOM;0,01;0,01;1;5;4;4;2;NOM
burin;byR5;burin;NOM;0,59;0,57;1;5;5;4;2;NOM
burne;byRn;burne;NOM;1,42;0,09;1;5;5;4;1;NOM
buses;byz;buse;NOM;1,28;0,46;0;5;0;3;1;NOM
bushi;buSi;bushi;NOM;0,01;0,01;1;5;5;4;2;NOM
busse;bys;boire;VER;339,05;0;0;5;0;3;1;VER
buste;byst;buste;NOM;2,44;2,02;1;5;5;4;1;NOM
butai;bytE;buter;VER;31,86;0;0;5;0;0;2;VER
buter;byte;buter;VER;31,86;12,89;1;5;5;4;2;VER
butes;byt;buter;VER;31,86;0,5;0;5;0;3;1;VER
butez;byte;buter;VER;31,86;0,73;0;5;0;4;2;VER
butin;byt5;butin;NOM;6,35;6,27;1;5;5;4;2;NOM
butor;bytOR;butor;NOM;0,28;0,27;1;5;5;4;2;NOM
butte;byt;butte;NOM;1,48;1,17;1;5;5;3;1;NOM,VER
butte;byt;butter;VER;1,17;0,32;0;5;5;3;1;NOM,VER
butté;byte;butter;VER;1,17;0,16;0;5;0;4;2;VER
butée;byte;buter;VER;31,86;0,49;0;5;5;4;2;VER,ADJ,NOM
butée;byte;buté;ADJ;1,28;0,17;0;5;5;4;2;VER,ADJ,NOM
butée;byte;butée;NOM;0,06;0,06;1;5;5;4;2;VER,ADJ,NOM
butés;byte;buter;VER;31,86;0,34;0;5;0;4;2;VER,ADJ
butés;byte;buté;ADJ;1,28;0,05;0;5;0;4;2;VER,ADJ
buvez;byve;boire;VER;339,05;25,24;0;5;0;0;2;VER
buées;b8e;buée;NOM;0,32;0;0;5;0;3;1;NOM
bytes;bit;byte;NOM;0,09;0,09;0;5;0;3;1;NOM
bâche;baS;bâche;NOM;2,4;2,3;1;5;5;3;1;NOM,VER
bâche;baS;bâcher;VER;0,04;0,01;0;5;5;3;1;NOM,VER
bâché;baSe;bâcher;VER;0,04;0,01;0;5;5;4;2;VER,ADJ
bâché;baSe;bâché;ADJ;0,02;0,01;1;5;5;4;2;VER,ADJ
bâcla;bakla;bâcler;VER;1,39;0;0;5;0;0;2;VER
bâcle;bakl;bâcler;VER;1,39;0,17;0;5;0;0;1;VER
bâclé;bakle;bâcler;VER;1,39;0,82;0;5;0;5;2;VER
bâfra;bafRa;bâfrer;VER;0,72;0;0;5;0;0;2;VER
bâfre;bafR;bâfrer;VER;0,72;0,16;0;5;0;0;1;VER
bâfré;bafRe;bâfrer;VER;0,72;0,11;0;5;0;5;2;VER
bâter;bate;bâter;VER;0,16;0,14;1;5;4;4;2;VER
bâtie;bati;bâti;ADJ;1,02;0,17;0;5;0;4;2;ADJ,VER
bâtie;bati;bâtir;VER;18,65;1,58;0;5;0;4;2;ADJ,VER
bâtir;batiR;bâtir;VER;18,65;5,62;1;5;5;5;2;VER
bâtis;bati;bâti;ADJ;1,02;0,04;0;5;0;4;2;ADJ,NOM,VER
bâtis;bati;bâti;NOM;0,05;0;0;5;0;4;2;ADJ,NOM,VER
bâtis;bati;bâtir;VER;18,65;0,86;0;5;0;4;2;ADJ,NOM,VER
bâtit;bati;bâtir;VER;18,65;1,16;0;5;0;4;2;VER
bâton;bat§;bâton;NOM;18,11;13,4;1;5;5;4;2;NOM
bâtés;bate;bâter;VER;0,16;0;0;5;0;4;2;VER,ADJ
bâtés;bate;bâté;ADJ;0,21;0,03;0;5;0;4;2;VER,ADJ
bègue;bEg;bègue;ADJ;0,13;0,12;1;5;2;3;1;ADJ,NOM
bègue;bEg;bègue;NOM;0,24;0,2;1;5;2;3;1;ADJ,NOM
béait;beE;béer;VER;0,23;0,1;0;5;0;0;2;VER
béant;be@;béant;ADJ;1,21;0,34;1;5;5;3;2;ADJ,VER
béant;be@;béer;VER;0,23;0,04;0;5;5;3;2;ADJ,VER
béate;beat;béat;ADJ;0,26;0,05;0;5;0;0;2;ADJ
béats;bea;béat;ADJ;0,26;0;0;5;0;3;2;ADJ,NOM
béats;bea;béat;NOM;0;0;0;5;0;3;2;ADJ,NOM
bébés;bebe;bébé;NOM;191,63;17,81;0;5;0;4;2;NOM
bécot;beko;bécot;NOM;0,42;0,41;1;5;5;4;2;NOM
bédés;bede;bédé;NOM;0,29;0,2;0;5;0;4;2;NOM
béent;be;béer;VER;0,23;0,1;0;5;0;2;1;VER
bégum;begOm;bégum;NOM;0;0;1;5;5;4;2;NOM
bémol;bemOl;bémol;NOM;0,88;0,88;1;5;5;3;2;NOM
bénef;benEf;bénef;NOM;0,71;0,43;1;5;4;4;2;NOM
bénie;beni;bénir;VER;48,77;5,51;0;5;0;4;2;VER
bénin;ben5;bénin;ADJ;1,56;0,56;1;5;5;4;2;ADJ
bénir;beniR;bénir;VER;48,77;2,36;1;5;5;5;2;VER
bénis;beni;bénir;VER;48,77;6,64;0;5;0;4;2;VER
bénit;beni;bénir;VER;48,77;0,69;0;5;5;4;2;VER,ADJ
bénit;beni;bénit;ADJ;2,81;0,72;1;5;5;4;2;VER,ADJ
béret;beRE;béret;NOM;1,5;1,19;1;5;4;4;2;NOM
béryl;beRil;béryl;NOM;0,02;0,02;1;5;5;5;2;NOM
bésef;bezEf;bésef;ADV;0,01;0,01;1;5;4;4;2;ADV
bétel;betEl;bétel;NOM;2,94;2,94;1;5;4;4;2;NOM
béton;bet§;béton;NOM;6,41;6,41;1;5;5;4;2;NOM
bévue;bevy;bévue;NOM;0,36;0,28;1;5;3;3;2;NOM
bézef;bezEf;bézef;ADV;0,01;0,01;1;5;4;4;2;ADV
bêche;bES;bêche;NOM;0,46;0,42;1;5;5;3;1;NOM,VER
bêche;bES;bêcher;VER;0,55;0,03;0;5;5;3;1;NOM,VER
bêché;beSe;bêcher;VER;0,55;0;0;5;0;4;2;VER
bêler;bele;bêler;VER;0,23;0,02;1;5;5;4;2;VER
bêtas;bEta;bêta;ADJ;2,13;0,01;0;5;0;4;2;ADJ,NOM
bêtas;bEta;bêta;NOM;2,36;0,01;0;5;0;4;2;ADJ,NOM
bêtes;bEt;bête;ADJ;56,55;5,22;0;5;0;3;1;ADJ,NOM
bêtes;bEt;bête;NOM;67,67;23,82;0;5;0;3;1;ADJ,NOM
bûche;byS;bûche;NOM;2,91;2,09;1;5;5;3;1;NOM,VER
bûche;byS;bûcher;VER;0,3;0,05;0;5;5;3;1;NOM,VER
bûché;bySe;bûcher;VER;0,3;0,07;0;5;0;4;2;VER
bûmes;bym;boire;VER;339,05;0,03;0;5;0;0;1;VER
caban;kab@;caban;NOM;0,14;0,14;1;5;5;4;2;NOM
cabas;kaba;cabas;NOM;0,14;0,14;1;5;5;4;2;NOM
cabot;kabo;cabot;NOM;1,52;1,45;1;5;5;4;2;NOM
cabra;kabRa;cabrer;VER;0,34;0;0;5;0;0;2;VER
cabre;kabR;cabrer;VER;0,34;0,2;0;5;0;0;1;VER
cabri;kabRi;cabri;NOM;0,08;0,07;1;5;5;5;2;NOM
cabré;kabRe;cabrer;VER;0,34;0,1;0;5;0;5;2;VER
cabus;kaby;cabus;ADJ;0;0;1;5;4;4;2;ADJ
cacao;kakao;cacao;NOM;1,3;1,29;1;5;5;5;3;NOM
cacas;kaka;caca;NOM;3,09;0,04;0;5;0;4;2;NOM
cacha;kaSa;cacher;VER;204,13;1,13;0;5;0;4;2;VER
cache;kaS;cache;NOM;4,33;3,88;1;5;5;3;1;NOM,VER
cache;kaS;cacher;VER;204,13;44,82;0;5;5;3;1;NOM,VER
caché;kaSe;cacher;VER;204,13;32,13;0;5;5;4;2;VER,ADJ
caché;kaSe;caché;ADJ;10,47;4,27;1;5;5;4;2;VER,ADJ
caddy;kadi;caddy;NOM;0,81;0,81;1;5;5;4;2;NOM
cadet;kadE;cadet;ADJ;4,64;2,54;1;5;5;4;2;ADJ,NOM
cadet;kadE;cadet;NOM;7,39;3,71;1;5;5;4;2;ADJ,NOM
cador;kadOR;cador;NOM;0,45;0,41;1;5;5;4;2;NOM
cadre;kadR;cadre;NOM;13,53;10,98;1;5;5;4;1;NOM,VER
cadre;kadR;cadrer;VER;1,55;0,66;0;5;5;4;1;NOM,VER
cadré;kadRe;cadrer;VER;1,55;0,1;0;5;0;5;2;VER
caduc;kadyk;caduc;ADJ;0,24;0,14;1;5;5;5;2;ADJ
cafre;kafR;cafre;NOM;0,03;0,03;1;5;4;4;1;NOM
cafte;kaft;cafter;VER;1,05;0,2;0;5;0;0;1;VER
cafté;kafte;cafter;VER;1,05;0,37;0;5;0;5;2;VER
cafés;kafe;café;NOM;163,56;6;0;5;0;4;2;NOM
cages;kaZ;cage;NOM;18,3;1,69;0;5;0;3;1;NOM
cagna;kaNa;cagna;NOM;0,01;0,01;1;5;5;4;2;NOM
cagne;kaN;cagne;NOM;0;0;1;5;5;3;1;NOM
cagot;kago;cagot;ADJ;0;0;1;5;5;4;2;ADJ,NOM
cagot;kago;cagot;NOM;0;0;1;5;5;4;2;ADJ,NOM
cagou;kagu;cagou;NOM;0,01;0,01;1;5;5;4;2;NOM
cague;kag;caguer;VER;0,01;0;0;5;0;0;1;VER
cahot;kao;cahot;NOM;0,08;0,01;1;5;5;3;2;NOM
cairn;kERn;cairn;NOM;0,08;0,03;1;5;5;4;1;NOM
cajou;kaZu;cajou;NOM;0,18;0,17;1;5;5;4;2;NOM
cajun;kaZ1;cajun;ADJ;0,47;0,47;1;5;4;4;2;ADJ,NOM
cajun;kaZ1;cajun;NOM;0,28;0,18;1;5;4;4;2;ADJ,NOM
cakes;kEk;cake;NOM;3,13;0,56;0;5;0;3;1;NOM
calai;kalE;caler;VER;4,19;0,01;0;5;0;0;2;VER
calao;kalao;calao;NOM;0,01;0,01;1;5;5;5;3;NOM
calce;kals;calcer;VER;0;0;0;5;0;0;1;VER
caler;kale;caler;VER;4,19;0,77;1;5;5;4;2;VER
cales;kal;cale;NOM;4,08;1,08;0;5;0;3;1;NOM,VER
cales;kal;caler;VER;4,19;0,06;0;5;0;3;1;NOM,VER
calez;kale;caler;VER;4,19;0,22;0;5;0;4;2;VER
calla;kala;calla;NOM;0,13;0,13;1;5;5;4;2;NOM,VER
calla;kala;caller;VER;0,66;0,01;0;5;5;4;2;NOM,VER
calle;kal;caller;VER;0,66;0,63;0;5;0;3;1;VER
calma;kalma;calmer;VER;168,54;0,04;0;5;0;0;2;VER
calme;kalm;calme;ADJ;66,57;58,78;1;5;5;4;1;ADJ,NOM,VER
calme;kalm;calme;NOM;105,2;105,08;1;5;5;4;1;ADJ,NOM,VER
calme;kalm;calmer;VER;168,54;94,16;0;5;5;4;1;ADJ,NOM,VER
calmi;kalmi;calmir;VER;0;0;0;5;0;0;2;VER
calmé;kalme;calmer;VER;168,54;4,41;0;5;0;5;2;VER
calot;kalo;calot;NOM;0,23;0,12;1;5;5;4;2;NOM
calte;kalt;calter;VER;0,47;0,02;0;5;0;0;1;VER
calus;kaly;calus;NOM;0;0;1;5;5;4;2;NOM
calva;kalva;calva;NOM;0,03;0,03;1;5;5;5;2;NOM
calée;kale;caler;VER;4,19;0,25;0;5;0;4;2;VER,ADJ
calée;kale;calé;ADJ;0,58;0,14;0;5;0;4;2;VER,ADJ
calés;kale;caler;VER;4,19;0,19;0;5;0;4;2;VER,ADJ
calés;kale;calé;ADJ;0,58;0,03;0;5;0;4;2;VER,ADJ
camer;kame;camer;VER;3,35;0,3;1;5;5;4;2;VER
cames;kam;came;NOM;16,77;0,28;0;5;0;3;1;NOM
camez;kame;camer;VER;3,35;0,01;0;5;0;4;2;VER
campa;k@pa;camper;VER;6,16;0,06;0;5;0;0;2;VER
campe;k@p;camper;VER;6,16;0,89;0;5;0;0;1;VER
campo;k@po;campo;NOM;0,58;0,47;1;5;5;4;2;NOM
camps;k@;camp;NOM;114,93;9,01;0;5;0;2;1;NOM
campé;k@pe;camper;VER;6,16;0,74;0;5;5;4;2;VER,ADJ
campé;k@pe;campé;ADJ;0;0;1;5;5;4;2;VER,ADJ
camus;kamy;camus;ADJ;0,14;0,01;1;5;4;4;2;ADJ,NOM
camus;kamy;camus;NOM;0,16;0,16;1;5;4;4;2;ADJ,NOM
camée;kame;camer;VER;3,35;0,11;0;5;5;4;2;VER,ADJ,NOM
camée;kame;camé;ADJ;0,84;0,13;0;5;5;4;2;VER,ADJ,NOM
camée;kame;camée;NOM;0,58;0,47;1;5;5;4;2;VER,ADJ,NOM
camés;kame;camer;VER;3,35;0,06;0;5;0;4;2;VER,ADJ,NOM
camés;kame;camé;ADJ;0,84;0,12;0;5;0;4;2;VER,ADJ,NOM
camés;kame;camé;NOM;2,69;0,97;0;5;0;4;2;VER,ADJ,NOM
canal;kanal;canal;NOM;17,11;14,2;1;5;5;5;2;NOM
canas;kana;caner;VER;0,09;0;0;5;0;4;2;VER
candi;k@di;candi;ADJ;0,24;0,24;1;5;5;4;2;ADJ,VER
candi;k@di;candir;VER;0;0;0;5;5;4;2;ADJ,VER
caner;kane;caner;VER;0,09;0,04;1;5;5;4;2;VER
canes;kan;canard;NOM;23,85;0,13;0;5;0;3;1;NOM
canif;kanif;canif;NOM;0,95;0,91;1;5;5;5;2;NOM
canin;kan5;canin;ADJ;0,76;0,56;1;5;5;4;2;ADJ
canna;kana;canna;NOM;0,1;0,1;1;5;5;4;2;NOM
canne;kan;canne;NOM;10,91;10,21;1;5;5;3;1;NOM,VER
canne;kan;canner;VER;0,31;0,01;0;5;5;3;1;NOM,VER
canné;kane;canner;VER;0,31;0,02;0;5;5;4;2;VER,ADJ
canné;kane;canné;ADJ;0;0;1;5;5;4;2;VER,ADJ
canon;kan§;canon;ADJ;11,03;7,78;1;5;5;4;2;ADJ,NOM
canon;kan§;canon;NOM;22,22;14,89;1;5;5;4;2;ADJ,NOM
canot;kano;canot;NOM;4,58;3,31;1;5;5;4;2;NOM
canoë;kanoe;canoë;NOM;1,95;1,73;1;5;5;5;3;NOM
canut;kany;canut;NOM;0,01;0;1;5;5;4;2;NOM
canés;kane;caner;VER;0,09;0;0;5;0;4;2;VER
caoua;kawa;caoua;NOM;0,07;0,07;1;5;5;4;2;NOM
caper;kape;caper;VER;0,02;0,02;1;5;5;4;2;VER
capes;kap;cape;NOM;6,25;0,85;0;5;0;3;1;NOM
capoc;kapo;capoc;NOM;0;0;1;5;5;4;2;NOM
capon;kap§;capon;ADJ;0,14;0,14;1;5;5;4;2;ADJ
capos;kapo;capo;NOM;2,17;0,14;0;5;0;4;2;NOM
capot;kapo;capot;ADJ;0;0;1;5;5;4;2;ADJ,NOM
capot;kapo;capot;NOM;3,17;3,13;1;5;5;4;2;ADJ,NOM
cappa;kapa;cappa;NOM;0,01;0,01;1;5;5;4;2;NOM
capta;kapta;capter;VER;9,89;0;0;5;0;0;2;VER
capte;kapt;capter;VER;9,89;3,84;0;5;0;0;1;VER
capté;kapte;capter;VER;9,89;2,03;0;5;0;5;2;VER
caque;kak;caque;NOM;0,12;0,12;1;5;5;3;1;NOM
carat;kaRa;carat;NOM;1,46;0,14;1;5;5;4;2;NOM
carde;kaRd;carde;NOM;0,01;0,01;1;5;5;4;1;NOM,VER
carde;kaRd;carder;VER;0,08;0,01;0;5;5;4;1;NOM,VER
cardé;kaRde;carder;VER;0,08;0;0;5;5;5;2;VER
caret;kaRE;caret;NOM;0;0;1;5;5;4;2;NOM
carex;kaREks;carex;NOM;0;0;1;5;5;5;2;NOM
cargo;kaRgo;cargo;NOM;5,17;4,18;1;5;5;5;2;NOM
carie;kaRi;carie;NOM;0,89;0,38;1;5;5;4;2;NOM
caris;kaRi;cari;NOM;0,08;0;0;5;0;4;2;NOM
carié;kaRje;carié;ADJ;0,4;0;1;5;5;5;2;ADJ
carma;kaRma;carmer;VER;0,01;0,01;0;5;0;5;2;VER
carme;kaRm;carme;NOM;0,14;0;1;5;5;4;1;NOM
carmé;kaRme;carmer;VER;0,01;0;0;5;0;5;2;VER
carne;kaRn;carne;NOM;1,21;1,09;1;5;5;4;1;NOM
carné;kaRne;carné;ADJ;0,02;0;1;5;5;5;2;ADJ
carpe;kaRp;carpe;NOM;2,87;2,42;1;5;5;4;1;NOM
carpé;kaRpe;carpé;ADJ;0,02;0,02;1;5;5;5;2;ADJ
carra;kaRa;carrer;VER;1,13;0;0;5;0;4;2;VER
carre;kaR;carre;NOM;0,04;0,02;1;5;5;3;1;NOM,VER
carre;kaR;carrer;VER;1,13;0,17;0;5;5;3;1;NOM,VER
carry;kaRi;carry;NOM;0,61;0,61;1;5;5;4;2;NOM
carré;kaRe;carrer;VER;1,13;0,34;0;5;5;4;2;VER,ADJ,NOM
carré;kaRe;carré;ADJ;4,92;2,67;1;5;5;4;2;VER,ADJ,NOM
carré;kaRe;carré;NOM;3,85;3,48;1;5;5;4;2;VER,ADJ,NOM
carta;kaRta;carter;VER;0,32;0,01;0;5;0;0;2;VER
carte;kaRt;carte;NOM;144,96;96,11;1;5;5;4;1;NOM
carté;kaRte;carter;VER;0,32;0;0;5;0;5;2;VER
carvi;kaRvi;carvi;NOM;0,04;0,04;1;5;4;4;2;NOM
casas;kaza;caser;VER;4,76;0,11;0;5;0;4;2;VER
caser;kaze;caser;VER;4,76;2,12;1;5;5;4;2;VER
cases;kaz;case;NOM;5,18;0,78;0;5;0;3;1;NOM,VER
cases;kaz;caser;VER;4,76;0,19;0;5;0;3;1;NOM,VER
cassa;kasa;casser;VER;160,61;0,12;0;5;0;0;2;VER
casse;kas;casse;NOM;13,62;12,42;1;5;5;3;1;NOM,VER
casse;kas;casser;VER;160,61;41,32;0;5;5;3;1;NOM,VER
cassé;kase;casser;VER;160,61;42,71;0;5;5;4;2;VER,ADJ
cassé;kase;cassé;ADJ;22,07;11,48;1;5;5;4;2;VER,ADJ
caste;kast;caste;NOM;0,73;0,5;1;5;5;4;1;NOM
casée;kaze;caser;VER;4,76;0,31;0;5;0;4;2;VER
casés;kaze;caser;VER;4,76;0,33;0;5;0;4;2;VER
catch;katS;catch;NOM;2,47;2,47;1;5;5;4;1;NOM
catho;kato;catho;NOM;1,19;1,01;1;5;5;4;2;NOM
catin;kat5;catin;NOM;2,83;2,21;1;5;5;4;2;NOM
cauri;koRi;cauri;NOM;0;0;1;5;4;4;2;NOM
causa;koza;causa;NOM;0,14;0,14;1;5;5;4;2;NOM,VER
causa;koza;causer;VER;63,66;0,38;0;5;5;4;2;NOM,VER
cause;koz;cause;NOM;218,6;213,51;1;5;5;3;1;NOM,VER
cause;koz;causer;VER;63,66;17,1;0;5;5;3;1;NOM,VER
causé;koze;causer;VER;63,66;14,06;0;5;0;4;2;VER
caver;kave;caver;VER;0,17;0;1;5;5;4;2;VER
caves;kav;cave;ADJ;1,59;0,02;0;5;0;3;1;ADJ,NOM
caves;kav;cave;NOM;22,4;2,42;0;5;0;3;1;ADJ,NOM
cavum;kavOm;cavum;NOM;0,01;0,01;1;5;4;4;2;NOM
cavée;kave;cavée;NOM;0;0;1;5;4;4;2;NOM
caïds;kaid;caïd;NOM;2,63;0,44;0;5;0;4;2;NOM
cañon;kaNOn;cañon;NOM;0,07;0,07;1;5;3;5;2;NOM
ceins;s5;ceindre;VER;0,56;0;0;5;0;2;1;VER
ceint;s5;ceindre;VER;0,56;0,17;0;5;5;2;1;VER,ADJ
ceint;s5;ceint;ADJ;0;0;1;5;5;2;1;VER,ADJ
celer;sele;celer;VER;0,68;0,4;1;5;4;4;2;VER
cella;sEla;cella;NOM;0,28;0,28;1;5;5;4;2;NOM
celle;sEl;celle;NOM;0,02;0,02;1;5;5;3;1;NOM,PRO:dem
celle;sEl;celle;PRO:dem;141,28;141,28;1;5;5;3;1;NOM,PRO:dem
celte;sElt;celte;ADJ;0,44;0,32;1;5;5;4;1;ADJ,NOM
celte;sElt;celte;NOM;0,01;0,01;1;5;5;4;1;ADJ,NOM
celui;s°l8i;celui;PRO:dem;250,13;250,13;1;5;5;5;2;PRO:dem
celée;s°le;celer;VER;0,68;0;0;5;0;0;2;VER
censé;s@se;censé;ADJ;62,52;38,22;1;5;5;4;2;ADJ
cents;s@;cents;ADJ:num;27,67;27,67;1;5;5;2;1;ADJ:num
cerfs;sER;cerf;NOM;7,56;1,39;0;5;0;3;1;NOM
cerna;sERna;cerner;VER;7,74;0;0;5;0;0;2;VER
cerne;sERn;cerne;NOM;1,3;0,12;1;5;5;4;1;NOM,VER
cerne;sERn;cerner;VER;7,74;0,43;0;5;5;4;1;NOM,VER
cerné;sERne;cerner;VER;7,74;1,97;0;5;5;5;2;VER,ADJ
cerné;sERne;cerné;ADJ;0,34;0,13;1;5;5;5;2;VER,ADJ
cessa;sEsa;cesser;VER;68,11;0,64;0;5;0;0;2;VER
cesse;sEs;cesse;NOM;28,88;28,86;1;5;5;3;1;NOM,VER
cesse;sEs;cesser;VER;68,11;11,89;0;5;5;3;1;NOM,VER
cessé;sese;cesser;VER;68,11;13,89;0;5;0;4;2;VER
ceste;sEst;ceste;NOM;0;0;1;5;4;4;1;NOM
cette;sEt;cette;ADJ:dem;1902,27;1902,27;1;5;4;3;1;ADJ:dem
chair;SER;chair;ADJ;1,72;1,72;1;5;5;3;1;ADJ,NOM
chair;SER;chair;NOM;37,07;36,01;1;5;5;3;1;ADJ,NOM
chais;SE;chai;NOM;0,21;0,1;0;5;0;2;1;NOM
chaix;SE;chaix;NOM;0;0;1;5;5;2;1;NOM
champ;S@;champ;NOM;57,22;38,05;1;5;5;2;1;NOM
chand;S@;chand;NOM;0;0;1;5;5;2;1;NOM
chant;S@;chant;NOM;25,9;17,64;1;5;5;2;1;NOM
chaos;kao;chaos;NOM;11,3;11,3;1;5;5;3;2;NOM
chape;Sap;chape;NOM;0,1;0,1;1;5;5;3;1;NOM
chars;SaR;char;NOM;11,86;3,27;0;5;0;3;1;NOM
chats;Sa;chat;NOM;93;16;0;5;0;2;1;NOM
chaud;So;chaud;ADJ;84,16;50,2;1;5;5;2;1;ADJ,ADV,NOM
chaud;So;chaud;ADV;39,06;39,06;1;5;5;2;1;ADJ,ADV,NOM
chaud;So;chaud;NOM;13,84;12,1;1;5;5;2;1;ADJ,ADV,NOM
chaut;So;chaut;VER;0,01;0,01;1;5;5;2;1;VER
chaux;So;chaux;NOM;1,32;1,32;1;5;5;2;1;NOM
cheap;tSip;cheap;ADJ;0,5;0,5;1;5;4;4;1;ADJ,NOM
cheap;tSip;cheap;NOM;0,04;0,04;1;5;4;4;1;ADJ,NOM
chefs;SEf;chef;NOM;205,26;15,46;0;5;0;3;1;NOM
cheik;SEk;cheik;NOM;0,48;0,45;1;5;5;3;1;NOM
chenu;S°ny;chenu;ADJ;0,26;0,14;1;5;5;4;2;ADJ
chers;SER;cher;ADJ;205,75;28,61;0;5;0;3;1;ADJ
chica;Sika;chica;NOM;0,71;0,68;1;5;5;4;2;NOM
chics;Sik;chic;ADJ;19,57;1,95;0;5;0;3;1;ADJ,NOM
chics;Sik;chic;NOM;3;0,04;0;5;0;3;1;ADJ,NOM
chien;Sj5;chien;NOM;223,53;158,77;1;5;5;3;1;NOM
chier;Sje;chier;VER;67,53;53,3;1;5;5;3;1;VER
chies;Si;chier;VER;67,53;1,22;0;5;0;0;1;VER
chiez;Sje;chier;VER;67,53;0,21;0;5;0;3;1;VER
chili;Sili;chili;NOM;2,21;2,18;1;5;5;4;2;NOM
china;Sina;chiner;VER;0,81;0,76;0;5;0;0;2;VER
chine;Sin;chine;NOM;0,67;0,67;1;5;5;3;1;NOM,VER
chine;Sin;chiner;VER;0,81;0;0;5;5;3;1;NOM,VER
chiné;Sine;chiner;VER;0,81;0;0;5;5;4;2;VER,ADJ
chiné;Sine;chiné;ADJ;0,03;0,03;1;5;5;4;2;VER,ADJ
chiot;Sjo;chiot;NOM;5,67;3,98;1;5;5;3;1;NOM
chipa;Sipa;chiper;VER;2,34;0;0;5;0;0;2;VER
chipe;Sip;chiper;VER;2,34;0,45;0;5;0;3;1;VER
chips;Sips;chips;NOM;6,72;6,72;1;5;5;4;1;NOM
chipé;Sipe;chiper;VER;2,34;0,6;0;5;0;4;2;VER
chiée;Sje;chier;VER;67,53;0,19;0;5;4;3;1;VER,NOM
chiée;Sje;chiée;NOM;0,22;0,22;1;5;4;3;1;VER,NOM
chiés;Sje;chier;VER;67,53;0,01;0;5;0;3;1;VER
chocs;SOk;choc;ADJ;1,47;0,17;0;5;0;3;1;ADJ,NOM
chocs;SOk;choc;NOM;31,46;1,24;0;5;0;3;1;ADJ,NOM
choie;Swa;choyer;VER;0,4;0,02;0;5;0;3;1;VER
choir;SwaR;choir;VER;2,05;0,33;1;5;5;4;1;VER
chois;Swa;choir;VER;2,05;0,01;0;5;0;3;1;VER
choit;Swa;choir;VER;2,05;0;0;5;0;3;1;VER
choix;Swa;choix;NOM;113,35;113,35;1;5;5;3;1;NOM
choke;SOk;choke;NOM;0,01;0,01;1;5;4;3;1;NOM
chope;SOp;chope;NOM;0,69;0,41;1;5;5;3;1;NOM,VER
chope;SOp;choper;VER;17,69;4,08;0;5;5;3;1;NOM,VER
chopé;Sope;choper;VER;17,69;3,42;0;5;0;4;2;VER
chose;Soz;chose;NOM;1773,62;1321,79;1;5;5;3;1;NOM
choux;Su;chou;NOM;29,86;4,2;0;5;0;2;1;NOM
choya;Swaja;choyer;VER;0,4;0;0;5;0;0;2;VER
choyé;Swaje;choyer;VER;0,4;0,06;0;5;5;4;2;VER,ADJ
choyé;Swaje;choyé;ADJ;0,17;0;1;5;5;4;2;VER,ADJ
chtar;StaR;chtar;NOM;0,04;0,04;1;5;5;4;1;NOM
chues;Sy;choir;VER;2,05;0;0;5;0;0;1;VER
chulo;Sylo;chulo;NOM;0,34;0,34;1;5;4;3;2;NOM
chuta;Syta;chuter;VER;5,5;0,02;0;5;0;0;2;VER
chute;Syt;chute;NOM;25,15;21,01;1;5;5;3;1;NOM,VER
chute;Syt;chuter;VER;5,5;1,97;0;5;5;3;1;NOM,VER
chuté;Syte;chuter;VER;5,5;1,87;0;5;0;4;2;VER
chyle;Sil;chyle;NOM;0;0;1;5;4;3;1;NOM
châle;Sal;châle;NOM;2,23;2,08;1;5;5;3;1;NOM
chère;SER;cher;ADJ;205,75;40,8;0;5;0;3;1;ADJ,NOM
chère;SER;cher;NOM;26,65;26,37;0;5;0;3;1;ADJ,NOM
chéri;SeRi;chéri;ADJ;78,54;28,45;1;5;5;4;2;ADJ,NOM,VER
chéri;SeRi;chéri;NOM;171,98;69,08;1;5;5;4;2;ADJ,NOM,VER
chéri;SeRi;chérir;VER;22,66;7,21;0;5;5;4;2;ADJ,NOM,VER
chêne;SEn;chêne;NOM;5,17;4,25;1;5;5;3;1;NOM
chôme;Som;chômer;VER;1,05;0,18;0;5;0;3;1;VER
chômé;Some;chômer;VER;1,05;0,24;0;5;5;4;2;VER,ADJ
chômé;Some;chômé;ADJ;0,02;0,01;1;5;5;4;2;VER,ADJ
cible;sibl;cible;NOM;33,55;28,69;1;5;5;4;1;NOM
ciblé;sible;cibler;VER;1,9;0,45;0;5;0;5;2;VER
cidre;sidR;cidre;NOM;2;2;1;5;5;4;1;NOM
ciels;sjEl;ciel;NOM;142,32;0,1;0;5;0;4;1;NOM
cieux;sj2;cieux;NOM;20,05;20,05;1;5;4;3;1;NOM
cigle;sigl;cigler;VER;0;0;0;5;0;4;1;VER
ciglé;sigle;cigler;VER;0;0;0;5;0;5;2;VER
ciguë;sigy;ciguë;NOM;0,2;0,2;1;5;4;4;2;NOM
cilla;sija;ciller;VER;0,28;0;0;5;0;0;2;VER
cille;sij;ciller;VER;0,28;0,05;0;5;0;0;1;VER
cillé;sije;ciller;VER;0,28;0,19;0;5;0;4;2;VER
cimes;sim;cime;NOM;1,77;0,7;0;5;0;3;1;NOM
cinés;sine;ciné;NOM;10,35;0,02;0;5;0;4;2;NOM
cipal;sipal;cipal;NOM;0,01;0,01;1;5;5;5;2;NOM
cirer;siRe;cirer;VER;6,42;3,29;1;5;5;4;2;VER
cires;siR;cire;NOM;5,59;0,1;0;5;0;3;1;NOM,VER
cires;siR;cirer;VER;6,42;0,01;0;5;0;3;1;NOM,VER
cirez;siRe;cirer;VER;6,42;0,14;0;5;0;4;2;VER
ciron;siR§;ciron;NOM;0;0;1;5;4;4;2;NOM
cirée;siRe;cirer;VER;6,42;0,14;0;5;0;4;2;VER
cirés;siRe;cirer;VER;6,42;0,14;0;5;0;4;2;VER,ADJ,NOM
cirés;siRe;ciré;ADJ;0,36;0,01;0;5;0;4;2;VER,ADJ,NOM
cirés;siRe;ciré;NOM;0,69;0,46;0;5;0;4;2;VER,ADJ,NOM
ciste;sist;ciste;NOM;0,02;0,01;1;5;5;4;1;NOM
citai;sitE;citer;VER;17,51;0;0;5;0;0;2;VER
citer;site;citer;VER;17,51;4,38;1;5;5;4;2;VER
cites;sit;citer;VER;17,51;0,63;0;5;0;3;1;VER
citez;site;citer;VER;17,51;1,37;0;5;0;4;2;VER
citât;sita;citer;VER;17,51;0;0;5;0;0;2;VER
citée;site;citer;VER;17,51;0,53;0;5;0;4;2;VER,ADJ
citée;site;cité;ADJ;0,91;0,18;0;5;0;4;2;VER,ADJ
cités;site;citer;VER;17,51;0,17;0;5;0;4;2;VER,ADJ,NOM
cités;site;cité;ADJ;0,91;0,13;0;5;0;4;2;VER,ADJ,NOM
cités;site;cité;NOM;16,11;1,56;0;5;0;4;2;VER,ADJ,NOM
civet;sivE;civet;NOM;0,88;0,78;1;5;5;4;2;NOM
civil;sivil;civil;ADJ;20,46;5,92;1;5;5;5;2;ADJ,NOM
civil;sivil;civil;NOM;14,23;5,64;1;5;5;5;2;ADJ,NOM
claie;klE;claie;NOM;0,01;0,01;1;5;5;3;1;NOM
claim;klEm;claim;NOM;0,08;0,08;1;5;5;4;1;NOM
clair;klER;clair;ADJ;122,69;88,54;1;5;5;4;1;ADJ,NOM
clair;klER;clair;NOM;12,79;12,61;1;5;5;4;1;ADJ,NOM
clama;klama;clamer;VER;2,61;0;0;5;0;0;2;VER
clame;klam;clamer;VER;2,61;0,67;0;5;0;4;1;VER
clamp;kl@p;clamp;NOM;1,09;0,97;1;5;5;4;1;NOM
clams;klam;clam;NOM;0,34;0,28;0;5;0;4;1;NOM
clamé;klame;clamer;VER;2,61;0,12;0;5;0;5;2;VER
clans;kl@;clan;NOM;8,83;1,22;0;5;0;3;1;NOM
clape;klap;claper;VER;0;0;0;5;0;4;1;VER
clapé;klape;claper;VER;0;0;0;5;0;5;2;VER
clash;klaS;clash;NOM;1,7;1,7;1;5;5;4;1;NOM
class;klas;class;ADJ;0,51;0,51;1;5;5;4;1;ADJ
clean;klin;clean;ADJ;4,66;4,66;1;5;5;4;1;ADJ
clebs;klEps;clebs;NOM;2;2;1;5;4;5;1;NOM
clefs;kle;clef;NOM;24,32;9,72;0;5;0;3;1;NOM
clerc;klER;clerc;NOM;0,82;0,73;1;5;5;4;1;NOM
click;klik;click;NOM;0,4;0,4;1;5;5;4;1;NOM
clics;klik;clic;NOM;1,17;0,22;0;5;0;4;1;NOM
clins;kl5;clin;NOM;3,97;0,34;0;5;0;3;1;NOM
clips;klip;clip;NOM;2,98;0,86;0;5;0;4;1;NOM
clito;klito;clito;NOM;0,36;0,36;1;5;5;5;2;NOM
clodo;klodo;clodo;NOM;4,12;3,36;1;5;4;5;2;NOM
clone;klon;clone;NOM;3,49;2,48;1;5;5;4;1;NOM,VER
clone;klon;cloner;VER;1,31;0,1;0;5;5;4;1;NOM,VER
cloné;klone;cloner;VER;1,31;0,46;0;5;0;0;2;VER
clope;klOp;clope;NOM;11,94;7,87;1;5;5;4;1;NOM,VER
clope;klOp;cloper;VER;0,07;0,01;0;5;5;4;1;NOM,VER
clora;kloRa;clore;VER;7,75;0,01;0;5;0;0;2;VER
clore;klOR;clore;VER;7,75;1,42;1;5;4;4;1;VER
close;kloz;clore;VER;7,75;2,26;0;5;0;4;1;VER,ADJ
close;kloz;clos;ADJ;4,62;2,16;0;5;0;4;1;VER,ADJ
cloua;klua;clouer;VER;7,52;0,14;0;5;0;0;2;VER
cloue;klu;clouer;VER;7,52;1,12;0;5;0;3;1;VER
clous;klu;clou;NOM;13,83;6,04;0;5;0;3;1;NOM
cloué;klue;clouer;VER;7,52;2,4;0;5;5;4;2;VER,ADJ,NOM
cloué;klue;cloué;ADJ;0,31;0,16;1;5;5;4;2;VER,ADJ,NOM
cloué;klue;cloué;NOM;0,11;0;1;5;5;4;2;VER,ADJ,NOM
clown;klun;clown;NOM;0,06;0,06;1;5;5;4;1;NOM
clubs;kl9b;club;NOM;67,51;5,52;0;5;0;4;1;NOM
cluse;klyz;cluse;NOM;0;0;1;5;5;4;1;NOM
coach;kotS;coach;NOM;7,37;7,33;1;5;5;4;1;NOM
coati;koati;coati;NOM;0,01;0,01;1;5;4;4;3;NOM
cobol;kobOl;cobol;NOM;0,01;0,01;1;5;4;5;2;NOM
cobra;kobRa;cobra;NOM;4,24;3,96;1;5;4;4;2;NOM
cocas;koka;coca;NOM;14,53;0,45;0;5;0;4;2;NOM
cocha;koSa;cocher;VER;2,15;0;0;5;0;0;2;VER
coche;kOS;coche;NOM;1,23;1,23;1;5;5;3;1;NOM,VER
coche;kOS;cocher;VER;2,15;0,17;0;5;5;3;1;NOM,VER
coché;koSe;cocher;VER;2,15;0,41;0;5;0;4;2;VER
cocon;kok§;cocon;NOM;1,65;1,07;1;5;5;4;2;NOM
cocos;koko;coco;NOM;8,58;1,84;0;5;0;4;2;NOM
cocue;koky;cocu;ADJ;3,03;0,45;0;5;0;4;2;ADJ,NOM
cocue;koky;cocu;NOM;3,78;0,12;0;5;0;4;2;ADJ,NOM
cocus;koky;cocu;ADJ;3,03;0,23;0;5;0;4;2;ADJ,NOM
cocus;koky;cocu;NOM;3,78;0,5;0;5;0;4;2;ADJ,NOM
coder;kode;coder;VER;2,19;0,16;1;5;5;4;2;VER
codes;kOd;code;NOM;51,27;7,42;0;5;0;3;1;NOM,VER
codes;kOd;coder;VER;2,19;0,05;0;5;0;3;1;NOM,VER
codex;kodEks;codex;NOM;0,62;0,62;1;5;5;4;2;NOM
codon;kod§;codon;NOM;0,01;0,01;1;5;4;4;2;NOM
codée;kode;coder;VER;2,19;0,23;0;5;0;4;2;VER,ADJ
codée;kode;codé;ADJ;2,26;0,56;0;5;0;4;2;VER,ADJ
codés;kode;coder;VER;2,19;0,16;0;5;0;4;2;VER,ADJ
codés;kode;codé;ADJ;2,26;0,34;0;5;0;4;2;VER,ADJ
coeur;k9R;coeur;NOM;239,97;224,98;1;5;5;3;1;NOM
cogna;koNa;cogner;VER;27,01;0,13;0;5;0;0;2;VER
cogne;kON;cogne;NOM;0,92;0,81;1;5;5;3;1;NOM,VER
cogne;kON;cogner;VER;27,01;7,36;0;5;5;3;1;NOM,VER
cogné;koNe;cogner;VER;27,01;6,94;0;5;0;4;2;VER
cohue;koy;cohue;NOM;0,89;0,88;1;5;4;3;2;NOM
coing;kw5;coing;NOM;2,13;0,67;1;5;5;3;1;NOM
coins;kw5;coin;NOM;99,51;6,08;0;5;0;3;1;NOM
coite;kwat;coi;ADJ;0,5;0;0;5;0;0;1;ADJ
cokes;kok;coke;NOM;8,54;0,05;0;5;0;3;1;NOM
colas;kola;cola;NOM;0,45;0,01;0;5;0;4;2;NOM
colin;kol5;colin;NOM;0,27;0,27;1;5;5;4;2;NOM
colis;koli;colis;NOM;7,5;7,5;1;5;5;4;2;NOM
colla;kola;coller;VER;51,31;0,26;0;5;0;4;2;VER
colle;kOl;colle;NOM;8,11;7,95;1;5;5;3;1;NOM,VER
colle;kOl;coller;VER;51,31;18,32;0;5;5;3;1;NOM,VER
collé;kole;coller;VER;51,31;6,66;0;5;0;4;2;VER
colon;kol§;colon;NOM;2,79;1,21;1;5;5;4;2;NOM
colos;kolo;colo;NOM;1,11;0,01;0;5;0;4;2;NOM
colts;kOlt;colt;NOM;0,97;0,4;0;5;0;4;1;NOM
colza;kOlza;colza;NOM;0,05;0,05;1;5;4;4;2;NOM
colée;kole;colée;NOM;0,01;0,01;1;5;5;4;2;NOM
comac;komak;comac;ADJ;0,16;0,14;1;5;5;5;2;ADJ
comas;koma;coma;NOM;12,66;0,08;0;5;0;4;2;NOM
combe;k§b;combe;NOM;0,07;0,07;1;5;5;3;1;NOM
combi;k§bi;combi;NOM;0,69;0,67;1;5;5;4;2;NOM
combo;k§bo;combo;NOM;0,4;0,4;1;5;5;4;2;NOM
comma;kOma;comma;NOM;0,03;0,03;1;5;5;4;2;NOM
comme;kOm;comme;ADV;577,64;577,64;1;5;5;3;1;ADV,CON
comme;kOm;comme;CON;2326,08;2326,08;1;5;5;3;1;ADV,CON
compo;k§po;compo;NOM;0,06;0,06;1;5;5;4;2;NOM
comte;k§t;comte;NOM;27,36;12,89;1;5;5;3;1;NOM
comté;k§te;comté;NOM;11,64;10,96;1;5;5;4;2;NOM
condo;k§do;condo;NOM;1,01;0,61;1;5;5;4;2;NOM
condé;k§de;condé;NOM;0,1;0,05;1;5;5;4;2;NOM
conga;k§ga;conga;NOM;0,2;0,14;1;5;5;4;2;NOM
congé;k§Ze;congé;NOM;20,74;18,16;1;5;5;4;2;NOM
conne;kOn;con;ADJ;55,33;3,88;0;5;0;0;1;ADJ,NOM
conne;kOn;con;NOM;122,62;8,57;0;5;0;0;1;ADJ,NOM
connu;kony;connaître;VER;961,03;70,33;0;5;5;4;2;VER,ADJ
connu;kony;connu;ADJ;15,01;8,28;1;5;5;4;2;VER,ADJ
conso;k§so;conso;NOM;0,19;0,13;1;5;5;4;2;NOM
conta;k§ta;conter;VER;3,76;0,01;0;5;0;0;2;VER
conte;k§t;conte;NOM;13,3;8,84;1;5;5;3;1;NOM,VER
conte;k§t;conter;VER;3,76;0,24;0;5;5;3;1;NOM,VER
conté;k§te;conter;VER;3,76;0,47;0;5;0;4;2;VER
conçu;k§sy;concevoir;VER;18,75;9,04;0;5;4;4;2;VER,ADJ
conçu;k§sy;conçu;ADJ;0,9;0,36;1;5;4;4;2;VER,ADJ
coopé;koope;coopé;NOM;0,02;0,02;1;5;5;5;3;NOM
copal;kOpal;copal;NOM;0,01;0,01;1;5;5;5;2;NOM
copia;kopja;copier;VER;8,07;0,01;0;5;0;0;2;VER
copie;kopi;copie;NOM;25,7;16,88;1;5;5;4;2;NOM,VER
copie;kopi;copier;VER;8,07;0,91;0;5;5;4;2;NOM,VER
copié;kopje;copier;VER;8,07;2,17;0;5;0;5;2;VER
copla;kopla;copla;NOM;0;0;1;5;4;4;2;NOM
coppa;kOpa;coppa;NOM;0,01;0,01;1;5;4;4;2;NOM
copra;kopRa;copra;NOM;0,04;0,04;1;5;5;5;2;NOM
copte;kOpt;copte;ADJ;0;0;1;5;4;4;1;ADJ,NOM
copte;kOpt;copte;NOM;0,02;0,02;1;5;4;4;1;ADJ,NOM
coque;kOk;coque;NOM;5;4,6;1;5;5;3;1;NOM
coran;koR@;coran;NOM;1,96;1,96;1;5;5;4;2;NOM
coras;koRa;cora;NOM;0;0;0;5;0;4;2;NOM
corde;kORd;corde;NOM;38,57;28,89;1;5;5;4;1;NOM,VER
corde;kORd;corder;VER;0,31;0,13;0;5;5;4;1;NOM,VER
cordé;kORde;corder;VER;0,31;0;0;5;5;5;2;VER,ADJ
cordé;kORde;cordé;ADJ;0,01;0;1;5;5;5;2;VER,ADJ
corna;kORna;corner;VER;0,26;0;0;5;0;0;2;VER
corne;kORn;corne;NOM;7,79;2,63;1;5;5;4;1;NOM,VER
corne;kORn;corner;VER;0,26;0,01;0;5;5;4;1;NOM,VER
cornu;kORny;cornu;ADJ;0,42;0,17;1;5;5;5;2;ADJ
corné;kORne;corner;VER;0,26;0,02;0;5;5;5;2;VER,ADJ
corné;kORne;corné;ADJ;0,12;0;1;5;5;5;2;VER,ADJ
coron;koR§;coron;NOM;0,01;0,01;1;5;5;4;2;NOM
corps;kOR;corps;NOM;250,15;250,15;1;5;5;3;1;NOM
corsa;kORsa;corser;VER;1,81;0,14;0;5;0;0;2;VER
corse;kORs;corse;ADJ;3,37;2,17;1;5;5;4;1;ADJ,NOM,VER
corse;kORs;corse;NOM;0,79;0,15;1;5;5;4;1;ADJ,NOM,VER
corse;kORs;corser;VER;1,81;0,69;0;5;5;4;1;ADJ,NOM,VER
corso;kORso;corso;NOM;0,48;0,48;1;5;5;5;2;NOM
corsé;kORse;corser;VER;1,81;0,33;0;5;5;5;2;VER,ADJ
corsé;kORse;corsé;ADJ;0,49;0,23;1;5;5;5;2;VER,ADJ
cosmo;kOsmo;cosmo;ADV;1,07;1,07;1;5;5;5;2;ADV
cosse;kOs;cosse;NOM;0,62;0,34;1;5;5;3;1;NOM
cossu;kosy;cossu;ADJ;0,08;0,04;1;5;5;4;2;ADJ
cosys;kozi;cosy;NOM;0,12;0;0;5;0;4;2;NOM
coter;kote;coter;VER;9,13;0,02;1;5;5;4;2;VER
cotes;kOt;cote;NOM;8,48;0,98;0;5;0;3;1;NOM,VER
cotes;kOt;coter;VER;9,13;0,14;0;5;0;3;1;NOM,VER
coton;kot§;coton;NOM;10,09;10,06;1;5;5;4;2;NOM
cotre;kOtR;cotre;NOM;0,03;0,03;1;5;5;4;1;NOM
cotte;kOt;cotte;NOM;0,32;0,3;1;5;5;3;1;NOM
cotât;kota;coter;VER;9,13;0;0;5;0;4;2;VER
cotée;kote;coter;VER;9,13;0,08;0;5;0;4;2;VER,ADJ
cotée;kote;coté;ADJ;7,56;0,03;0;5;0;4;2;VER,ADJ
cotés;kote;coter;VER;9,13;0,38;0;5;0;4;2;VER,ADJ
cotés;kote;coté;ADJ;7,56;0,95;0;5;0;4;2;VER,ADJ
couac;kwak;couac;NOM;0,14;0,11;1;5;5;4;1;NOM
coude;kud;coude;NOM;10,19;5,36;1;5;5;3;1;NOM
couds;ku;coudre;VER;8,88;0,34;0;5;0;2;1;VER
coudé;kude;couder;VER;0,02;0,01;0;5;5;4;2;VER,ADJ
coudé;kude;coudé;ADJ;0,06;0,03;1;5;5;4;2;VER,ADJ
couic;kwik;couic;NOM;0,64;0,64;1;5;5;4;1;NOM
coula;kula;couler;VER;47,56;0,18;0;5;0;0;2;VER
coule;kul;coule;NOM;1,14;1,14;1;5;5;3;1;NOM,VER
coule;kul;couler;VER;47,56;14,7;0;5;5;3;1;NOM,VER
coulé;kule;couler;VER;47,56;6,46;0;5;5;4;2;VER,ADJ,NOM
coulé;kule;coulé;ADJ;0,5;0,36;1;5;5;4;2;VER,ADJ,NOM
coulé;kule;coulé;NOM;0,42;0,38;1;5;5;4;2;VER,ADJ,NOM
coupa;kupa;couper;VER;155,82;0,69;0;5;0;0;2;VER
coupe;kup;coupe;NOM;33,02;29,16;1;5;5;3;1;NOM,VER
coupe;kup;couper;VER;155,82;32,66;0;5;5;3;1;NOM,VER
coups;ku;coup;NOM;471,82;82,33;0;5;0;2;1;NOM
coupé;kupe;couper;VER;155,82;30,34;0;5;5;4;2;VER,ADJ,NOM
coupé;kupe;coupé;ADJ;6,72;2,94;1;5;5;4;2;VER,ADJ,NOM
coupé;kupe;coupé;NOM;1,33;1,22;1;5;5;4;2;VER,ADJ,NOM
coure;kuR;courir;VER;146,5;0,72;0;5;0;3;1;VER
cours;kuR;courir;VER;146,5;18,75;0;5;5;3;1;VER,NOM
cours;kuR;cours;NOM;143,05;143,05;1;5;5;3;1;VER,NOM
court;kuR;courir;VER;146,5;19,25;0;5;5;3;1;VER,ADJ,ADV,NOM
court;kuR;court;ADJ;41,15;17,42;1;5;5;3;1;VER,ADJ,ADV,NOM
court;kuR;court;ADV;7,24;7,24;1;5;5;3;1;VER,ADJ,ADV,NOM
court;kuR;court;NOM;8,39;7,59;1;5;5;3;1;VER,ADJ,ADV,NOM
couru;kuRy;courir;VER;146,5;12,76;0;5;5;4;2;VER,ADJ
couru;kuRy;couru;ADJ;0,67;0,63;1;5;5;4;2;VER,ADJ
couse;kuz;coudre;VER;8,88;0,06;0;5;0;0;1;VER
cousu;kuzy;coudre;VER;8,88;1,18;0;5;5;4;2;VER,ADJ
cousu;kuzy;cousu;ADJ;1,86;0,14;1;5;5;4;2;VER,ADJ
couve;kuv;couver;VER;3,59;1,54;0;5;0;0;1;VER
couvé;kuve;couver;VER;3,59;0,17;0;5;0;4;2;VER
coïts;koit;coït;NOM;0,83;0,03;0;5;0;3;2;NOM
coïté;koite;coïter;VER;0;0;0;5;0;0;3;VER
coûta;kuta;coûter;VER;83,15;0,05;0;5;0;0;2;VER
coûte;kut;coûter;VER;83,15;38,84;0;5;0;0;1;VER
coûts;ku;coût;NOM;5,04;1,46;0;5;0;2;1;NOM
coûté;kute;coûter;VER;83,15;14,35;0;5;0;4;2;VER
crabe;kRab;crabe;NOM;8,14;4,9;1;5;5;4;1;NOM
crabs;kRabs;crabs;NOM;0,41;0,41;1;5;5;5;1;NOM
crack;kRak;crack;NOM;7,77;7,3;1;5;5;4;1;NOM
crade;kRad;crade;ADJ;1,31;1,19;1;5;5;4;1;ADJ
crado;kRado;crado;ADJ;0,23;0,17;1;5;5;5;2;ADJ
craie;kRE;craie;NOM;5,8;5,66;1;5;5;3;1;NOM
crama;kRama;cramer;VER;4,59;0;0;5;0;0;2;VER
crame;kRam;cramer;VER;4,59;1,17;0;5;0;0;1;VER
cramé;kRame;cramer;VER;4,59;1,5;0;5;0;5;2;VER
crane;kRan;crane;NOM;0,96;0,96;1;5;5;4;1;NOM
crans;kR@;cran;NOM;13,97;0,36;0;5;0;3;1;NOM
craps;kRap;craps;NOM;0,73;0,73;1;5;5;4;1;NOM
crase;kRaz;crase;NOM;0,01;0,01;1;5;5;4;1;NOM
crash;kRaS;crash;NOM;6,68;6,68;1;5;5;4;1;NOM
crawl;kRol;crawl;NOM;0;0;1;5;5;4;1;NOM
credo;kRedo;credo;NOM;0,78;0,78;1;5;4;5;2;NOM
creek;kRik;creek;NOM;0,78;0,77;1;5;4;4;1;NOM
creux;kR2;creux;ADJ;5,9;3,32;1;5;5;3;1;ADJ,NOM
creux;kR2;creux;NOM;2,83;2,83;1;5;5;3;1;ADJ,NOM
creva;kR°va;crever;VER;64,95;0,03;0;5;0;0;2;VER
crevé;kR°ve;crever;VER;64,95;9,34;0;5;5;5;2;VER,ADJ
crevé;kR°ve;crevé;ADJ;3,1;3,1;1;5;5;5;2;VER,ADJ
criai;kRijE;crier;VER;116,94;0,02;0;5;0;0;2;VER
crics;kRik;cric;NOM;1,2;0,03;0;5;0;4;1;NOM
crier;kRije;crier;VER;116,94;31,49;1;5;5;5;2;VER
cries;kRi;crier;VER;116,94;5,64;0;5;0;3;1;VER
criez;kRije;crier;VER;116,94;6,57;0;5;0;5;2;VER
crime;kRim;crime;NOM;104,07;81,77;1;5;5;4;1;NOM
crins;kR5;crin;NOM;0,46;0,14;0;5;0;3;1;NOM
crise;kRiz;crise;NOM;50,15;43,51;1;5;5;4;1;NOM
criât;kRija;crier;VER;116,94;0;0;5;0;0;2;VER
criée;kRije;crier;VER;116,94;0,17;0;5;4;5;2;VER,NOM
criée;kRije;criée;NOM;0,05;0,05;1;5;4;5;2;VER,NOM
criés;kRije;crier;VER;116,94;0,01;0;5;0;5;2;VER
croco;kRoko;croco;NOM;1,51;0,75;1;5;5;5;2;NOM
crocs;kRo;croc;NOM;3,19;2,53;0;5;0;3;1;NOM
croie;kRwa;croire;VER;1711,99;5,43;0;5;0;4;1;VER
crois;kRwa;croire;VER;1711,99;904,45;0;5;0;4;1;VER
croit;kRwa;croire;VER;1711,99;68,72;0;5;0;4;1;VER
croix;kRwa;croix;NOM;29,1;29,1;1;5;5;4;1;NOM
cross;kROs;cross;NOM;0,22;0,22;1;5;5;4;1;NOM
croup;kRup;croup;NOM;0,09;0,09;1;5;5;4;1;NOM
crown;kRawn;crown;NOM;0,03;0,03;1;5;4;4;1;NOM
croîs;kRwa;croître;VER;4,79;0,01;0;5;0;4;1;VER
croît;kRwa;croît;NOM;0,01;0,01;1;5;5;4;1;NOM,VER
croît;kRwa;croître;VER;4,79;1,2;0;5;5;4;1;NOM,VER
cruel;kRyEl;cruel;ADJ;28,98;15,64;1;5;5;5;2;ADJ
crues;kRy;croire;VER;1711,99;0;0;5;0;3;1;VER,ADJ,NOM
crues;kRy;croître;VER;4,79;0,2;0;5;0;3;1;VER,ADJ,NOM
crues;kRy;cru;ADJ;5,09;0,34;0;5;0;3;1;VER,ADJ,NOM
crues;kRy;crue;NOM;1,35;0,28;0;5;0;3;1;VER,ADJ,NOM
crâna;kRana;crâner;VER;1,37;0;0;5;0;0;2;VER
crâne;kRan;crâne;ADJ;1,43;1,19;1;5;5;4;1;ADJ,NOM,VER
crâne;kRan;crâne;NOM;28,6;26,88;1;5;5;4;1;ADJ,NOM,VER
crâne;kRan;crâner;VER;1,37;0,65;0;5;5;4;1;ADJ,NOM,VER
crâné;kRane;crâner;VER;1,37;0,02;0;5;0;5;2;VER
crème;kREm;crème;ADJ;2,46;2,46;1;5;4;4;1;ADJ,NOM
crème;kREm;crème;NOM;20,61;19,72;1;5;4;4;1;ADJ,NOM
crève;kREv;crever;VER;64,95;13,21;0;5;4;4;1;VER,NOM
crève;kREv;crève;NOM;5,79;5,75;1;5;4;4;1;VER,NOM
créai;kReE;créer;VER;85,17;0;0;5;0;0;2;VER
crécy;kResi;crécy;NOM;0,02;0,02;1;5;5;5;2;NOM
créer;kRee;créer;VER;85,17;28,15;1;5;4;4;2;VER
créez;kRee;créer;VER;85,17;0,75;0;5;0;4;2;VER
crépi;kRepi;crépi;NOM;0,14;0;1;5;5;5;2;NOM,VER
crépi;kRepi;crépir;VER;0,17;0,07;0;5;5;5;2;NOM,VER
crépu;kRepy;crépu;ADJ;0,77;0,25;1;5;5;5;2;ADJ
créât;kRea;créer;VER;85,17;0;0;5;0;0;2;VER
créée;kRee;créer;VER;85,17;4,58;0;5;0;4;2;VER
créés;kRee;créer;VER;85,17;3,16;0;5;0;4;2;VER
crêpe;kREp;crêpe;NOM;8,44;3,27;1;5;5;4;1;NOM,VER
crêpe;kREp;crêper;VER;0,27;0,04;0;5;5;4;1;NOM,VER
crêpé;kRepe;crêper;VER;0,27;0,15;0;5;5;5;2;VER
crête;kREt;crête;NOM;4,23;3,52;1;5;5;4;1;NOM
crêté;kREte;crêter;VER;0;0;0;5;5;0;2;VER
cubes;kyb;cube;NOM;2,81;1,24;0;5;0;3;1;NOM,VER
cubes;kyb;cuber;VER;0,32;0,03;0;5;0;3;1;NOM,VER
cucul;kyky;cucul;ADJ;0,57;0,57;1;5;5;4;2;ADJ
cueva;kueva;cueva;NOM;0,23;0,23;1;5;4;3;3;NOM
cuira;k8iRa;cuire;VER;21,65;0,35;0;5;0;0;2;VER
cuire;k8iR;cuire;VER;21,65;9,12;1;5;5;4;1;VER
cuirs;k8iR;cuir;NOM;14,25;0,14;0;5;0;4;1;NOM
cuise;k8iz;cuire;VER;21,65;0,32;0;5;0;0;1;VER
cuite;k8it;cuit;ADJ;8,39;2,79;0;5;5;4;1;ADJ,NOM
cuite;k8it;cuite;NOM;1,64;1,41;1;5;5;4;1;ADJ,NOM
cuits;k8i;cuire;VER;21,65;2,4;0;5;0;3;1;VER,ADJ
cuits;k8i;cuit;ADJ;8,39;0,66;0;5;0;3;1;VER,ADJ
cuité;k8ite;cuiter;VER;0,2;0,07;0;5;0;5;2;VER
culer;kyle;culer;VER;0,24;0,03;1;5;5;4;2;VER
culex;kylEks;culex;NOM;0,02;0,02;1;5;5;4;2;NOM
culot;kylo;culot;NOM;9,73;9,24;1;5;5;4;2;NOM
culte;kylt;culte;NOM;5,37;4,74;1;5;5;4;1;NOM
culée;kyle;culée;NOM;0;0;1;5;4;4;2;NOM
cumin;kym5;cumin;NOM;0,5;0,5;1;5;4;4;2;NOM
cumul;kymyl;cumul;NOM;0,02;0,02;1;5;5;5;2;NOM
curer;kyRe;curer;VER;2,25;0,8;1;5;5;4;2;VER
cures;kyR;cure;NOM;6,08;0,48;0;5;0;3;1;NOM,VER
cures;kyR;curer;VER;2,25;0,03;0;5;0;3;1;NOM,VER
curie;kyRi;curie;NOM;0,36;0,36;1;5;5;4;2;NOM
curry;kyRi;curry;NOM;1,65;1,65;1;5;5;4;2;NOM
curve;kyRv;curve;ADJ;0,09;0,09;1;5;5;4;1;ADJ
curée;kyRe;curer;VER;2,25;0;0;5;5;4;2;VER,NOM
curée;kyRe;curée;NOM;0,06;0,06;1;5;5;4;2;VER,NOM
curés;kyRe;curer;VER;2,25;0;0;5;0;4;2;VER,NOM
curés;kyRe;curé;NOM;15,73;2,08;0;5;0;4;2;VER,NOM
cutis;kyti;cuti;NOM;0,3;0;0;5;0;4;2;NOM
cuver;kyve;cuver;VER;1,1;0,51;1;5;5;4;2;VER
cuves;kyv;cuve;NOM;1,38;0,53;0;5;0;3;1;NOM
cuvée;kyve;cuver;VER;1,1;0,01;0;5;4;4;2;VER,NOM
cuvée;kyve;cuvée;NOM;0,57;0,55;1;5;4;4;2;VER,NOM
cycas;sikas;cycas;NOM;0,01;0,01;1;5;4;5;2;NOM
cycle;sikl;cycle;NOM;8,2;5,69;1;5;5;4;1;NOM
cyclo;siklo;cyclo;NOM;1,06;1,06;1;5;5;5;2;NOM
cygne;siN;cygne;NOM;7,26;5,28;1;5;3;3;1;NOM
cymes;sim;cyme;NOM;0;0;0;5;0;3;1;NOM
cynos;sino;cyno;NOM;0;0;0;5;0;4;2;NOM
czars;kzaR;czar;NOM;0;0;0;5;0;4;1;NOM
câbla;kabla;câbler;VER;0,47;0;0;5;0;0;2;VER
câble;kabl;câble;NOM;17,04;13,36;1;5;5;4;1;NOM,VER
câble;kabl;câbler;VER;0,47;0,06;0;5;5;4;1;NOM,VER
câblé;kable;câbler;VER;0,47;0,18;0;5;5;5;2;VER,ADJ
câblé;kable;câblé;ADJ;0,25;0,1;1;5;5;5;2;VER,ADJ
câlin;kal5;câlin;ADJ;1,31;0,37;1;5;5;4;2;ADJ,NOM
câlin;kal5;câlin;NOM;6,38;4,11;1;5;5;4;2;ADJ,NOM
câpre;kapR;câpre;NOM;0,31;0,11;1;5;5;4;1;NOM
cèdre;sEdR;cèdre;NOM;0,7;0,47;1;5;3;3;1;NOM
cèpes;sEp;cèpe;NOM;0,78;0,75;0;5;0;3;1;NOM
céans;se@;céans;ADV;0,32;0,32;1;5;4;3;2;ADV
céara;seaRa;céara;NOM;0,14;0,14;1;5;4;3;3;NOM
cédai;sedE;céder;VER;24,21;0;0;5;0;0;2;VER
céder;sede;céder;VER;24,21;7,17;1;5;4;4;2;VER
cédez;sede;céder;VER;24,21;1,13;0;5;0;4;2;VER
cédât;seda;céder;VER;24,21;0;0;5;0;0;2;VER
cédée;sede;céder;VER;24,21;0;0;5;0;4;2;VER
cédés;sede;céder;VER;24,21;0,13;0;5;0;4;2;VER
cégep;seZEp;cégep;NOM;0,54;0,54;1;5;4;4;2;NOM
cépée;sepe;cépée;NOM;0;0;1;5;4;4;2;NOM
césar;sezaR;césar;NOM;0,59;0,01;1;5;5;5;2;NOM
côlon;kol§;côlon;NOM;0,23;0,23;1;5;3;4;2;NOM
cônes;kon;cône;NOM;1,08;0,3;0;5;0;3;1;NOM
côtes;kot;côte;NOM;35,16;9,31;0;5;0;3;1;NOM
côtés;kote;côté;NOM;285,99;35,48;0;5;0;4;2;NOM
daces;das;dace;ADJ;0,04;0,01;0;5;0;3;1;ADJ,NOM
daces;das;dace;NOM;0;0;0;5;0;3;1;ADJ,NOM
dache;daS;dache;NOM;0;0;1;5;4;3;1;NOM
dadas;dada;dada;NOM;1,9;0,1;0;5;0;4;2;NOM
dague;dag;dague;NOM;2,46;2,19;1;5;5;3;1;NOM
dagué;dage;daguer;VER;0;0;0;5;0;0;2;VER
dahus;day;dahu;NOM;0,19;0,01;0;5;0;3;2;NOM
daims;d5;daim;NOM;1,65;0,25;0;5;0;2;1;NOM
daine;dEn;daine;NOM;0;0;1;5;4;3;1;NOM
dakin;dak5;dakin;NOM;0,03;0,03;1;5;4;4;2;NOM
dalle;dal;dalle;NOM;13;12,35;1;5;5;3;1;NOM,VER
dalle;dal;daller;VER;1,62;1,19;0;5;5;3;1;NOM,VER
dallé;dale;daller;VER;1,62;0;0;5;0;4;2;VER
damas;dama;damas;NOM;0,42;0,42;1;5;5;4;2;NOM
damer;dame;damer;VER;11,6;0,04;1;5;5;4;2;VER
dames;dam;dame;NOM;111,2;24,7;0;5;5;3;1;NOM,VER
dames;dam;damer;VER;11,6;3,44;0;5;5;3;1;NOM,VER
dames;dam;dames;NOM;0;0;1;5;5;3;1;NOM,VER
damez;dame;damer;VER;11,6;0,02;0;5;0;4;2;VER
damne;dan;damner;VER;4,46;0,14;0;5;0;3;1;VER
damné;dane;damner;VER;4,46;2,12;0;5;5;4;2;VER,ADJ,NOM
damné;dane;damné;ADJ;2,82;0,44;1;5;5;4;2;VER,ADJ,NOM
damné;dane;damné;NOM;2,57;1,2;1;5;5;4;2;VER,ADJ,NOM
damée;dame;damer;VER;11,6;0;0;5;0;4;2;VER
dandy;d@di;dandy;NOM;2,87;2,61;1;5;5;4;2;NOM
dansa;d@sa;danser;VER;137,36;0,07;0;5;0;0;2;VER
danse;d@s;danse;NOM;51,23;46,92;1;5;5;3;1;NOM,VER
danse;d@s;danser;VER;137,36;23,48;0;5;5;3;1;NOM,VER
dansé;d@se;danser;VER;137,36;5,94;0;5;0;4;2;VER
darce;daRs;darce;NOM;0,02;0,02;1;5;4;4;1;NOM
darda;daRda;darder;VER;0,16;0;0;5;0;0;2;VER
darde;daRd;darder;VER;0,16;0,03;0;5;0;0;1;VER
dards;daR;dard;NOM;1,61;0,31;0;5;0;3;1;NOM
dardé;daRde;darder;VER;0,16;0,01;0;5;0;5;2;VER
darne;daRn;darne;NOM;0;0;1;5;4;4;1;NOM
daron;daR§;daron;NOM;0,04;0,01;1;5;4;4;2;NOM
darse;daRs;darse;NOM;0;0;1;5;4;4;1;NOM
dater;date;dater;VER;16,69;1,48;1;5;5;4;2;VER
dates;dat;date;NOM;31,41;4,53;0;5;0;3;1;NOM,VER
dates;dat;dater;VER;16,69;0,14;0;5;0;3;1;NOM,VER
datez;date;dater;VER;16,69;0,04;0;5;0;4;2;VER
datif;datif;datif;NOM;0,02;0,02;1;5;4;4;2;NOM
datte;dat;datte;NOM;0,95;0,24;1;5;5;3;1;NOM
datée;date;dater;VER;16,69;0,34;0;5;0;4;2;VER
datés;date;dater;VER;16,69;0,09;0;5;0;4;2;VER
daube;dob;daube;NOM;0,99;0,98;1;5;5;3;1;NOM
daubé;dobe;dauber;VER;0,02;0,01;0;5;0;4;2;VER
deale;dil;dealer;VER;5,27;1,14;0;5;0;3;1;VER
deals;dil;deal;NOM;8,76;0,71;0;5;0;3;1;NOM
dealé;dile;dealer;VER;5,27;0,1;0;5;0;0;2;VER
decca;deka;decca;NOM;0,26;0,26;1;5;4;4;2;NOM
degré;d°gRe;degré;NOM;21,3;7,93;1;5;3;3;2;NOM
delco;dElko;delco;NOM;0,27;0,27;1;5;4;4;2;NOM
delta;dElta;delta;NOM;6,59;6,5;1;5;5;5;2;NOM
demie;d°mi;demi;ADJ;38,26;12,98;0;5;0;4;2;ADJ,NOM
demie;d°mi;demi;NOM;4,64;1,61;0;5;0;4;2;ADJ,NOM
demis;d°mi;demi;ADJ;38,26;0,02;0;5;0;4;2;ADJ,NOM
demis;d°mi;demi;NOM;4,64;0,19;0;5;0;4;2;ADJ,NOM
denim;d2nim;denim;NOM;0,04;0,04;1;5;5;3;2;NOM
dense;d@s;dense;ADJ;2,04;1,69;1;5;5;3;1;ADJ
dents;d@;dent;NOM;74,2;60,94;0;5;0;2;1;NOM
denté;d@te;denté;ADJ;0,04;0;1;5;5;4;2;ADJ
derby;dERbi;derby;NOM;0,39;0,36;1;5;4;4;2;NOM
derme;dERm;derme;NOM;0,52;0,52;1;5;5;4;1;NOM
dette;dEt;dette;NOM;26,13;12,77;1;5;3;3;1;NOM
deuil;d9j;deuil;NOM;12,24;12,21;1;5;4;3;1;NOM
devez;d°ve;devoir;VER;3232,57;150,16;0;5;0;0;2;VER
devin;d°v5;devin;NOM;1,82;1,61;1;5;5;4;2;NOM
devis;d°vi;devis;NOM;0,94;0,94;1;5;5;4;2;NOM
devon;dev§;devon;NOM;1,98;0,04;1;5;5;4;2;NOM
devra;d°vRa;devoir;VER;3232,57;22,45;0;5;0;0;2;VER
dhole;dol2;dhole;NOM;0,08;0,08;1;5;3;4;2;NOM
diams;djam;diam;NOM;0,43;0,26;0;5;0;4;1;NOM
diane;djan;diane;NOM;0,03;0,03;1;5;5;4;1;NOM
diapo;djapo;diapo;NOM;1,78;0,66;1;5;5;5;2;NOM
dicos;diko;dico;NOM;0,77;0,02;0;5;0;4;2;NOM
dicta;dikta;dicter;VER;8,42;0,11;0;5;0;5;2;VER
dicte;dikt;dicter;VER;8,42;2,78;0;5;0;0;1;VER
dicté;dikte;dicter;VER;8,42;1,22;0;5;0;5;2;VER
dieux;dj2;dieu;NOM;903,41;50,49;0;5;0;3;1;NOM
digit;diZit;digit;NOM;0,01;0,01;1;5;5;5;2;NOM
digne;diN;digne;ADJ;25,29;21,96;1;5;5;3;1;ADJ
digue;dig;digue;NOM;1,85;1,02;1;5;4;3;1;NOM
dilua;dil8a;diluer;VER;1;0;0;5;0;0;2;VER
dilue;dily;diluer;VER;1;0,28;0;5;0;0;2;VER
dilué;dil8e;diluer;VER;1;0,26;0;5;0;5;2;VER
dinar;dinaR;dinar;NOM;1,74;0,34;1;5;5;5;2;NOM
dinde;d5d;dinde;NOM;9,32;8,79;1;5;5;3;1;NOM
dingo;d5go;dingo;ADJ;0,98;0,95;1;5;5;4;2;ADJ,NOM
dingo;d5go;dingo;NOM;0,95;0,67;1;5;5;4;2;ADJ,NOM
diode;djOd;diode;NOM;0,07;0,07;1;5;5;4;1;NOM
dirai;diRE;dire;VER;5946,15;82,39;0;5;0;0;2;VER
diras;diRa;dire;VER;5946,15;22,52;0;5;0;0;2;VER
dires;diR;dire;NOM;53,88;1,94;0;5;0;3;1;NOM
direz;diRe;dire;VER;5946,15;13,72;0;5;0;0;2;VER
dirlo;diRlo;dirlo;NOM;0,4;0,4;1;5;4;4;2;NOM
disco;disko;disco;ADJ;1,77;1,76;1;5;5;5;2;ADJ,NOM
disco;disko;disco;NOM;1,81;1,79;1;5;5;5;2;ADJ,NOM
dises;diz;dire;VER;5946,15;11,41;0;5;0;0;1;VER
dispo;dispo;dispo;ADJ;0,44;0,44;1;5;5;5;2;ADJ
dites;dit;dire;VER;5946,15;311,69;0;5;0;0;1;VER,ADJ
dites;dit;dit;ADJ;21,24;10,59;0;5;0;0;1;VER,ADJ
divan;div@;divan;NOM;4,92;4,89;1;5;5;4;2;NOM
divas;diva;diva;NOM;4,16;0,56;0;5;0;4;2;NOM
divin;div5;divin;ADJ;26,55;10,01;1;5;5;4;2;ADJ
dixie;diksi;dixie;NOM;1,4;1,4;1;5;5;5;2;NOM
dixit;diksit;dixit;ADJ;0,54;0,54;1;5;5;6;2;ADJ
dièse;djEz;dièse;NOM;0,27;0,25;1;5;4;4;1;NOM,VER
dièse;djEz;diéser;VER;0,51;0,51;0;5;4;4;1;NOM,VER
diète;djEt;diète;NOM;0,42;0,42;1;5;4;4;1;NOM
djinn;dZin;djinn;NOM;0,36;0,34;1;5;4;4;1;NOM
doche;dOS;doche;NOM;0;0;1;5;4;3;1;NOM
docks;dOk;dock;NOM;3,1;2,18;0;5;0;3;1;NOM
docte;dOkt;docte;ADJ;0,17;0,17;1;5;5;4;1;ADJ,NOM
docte;dOkt;docte;NOM;0;0;1;5;5;4;1;ADJ,NOM
dodos;dodo;dodo;NOM;7,53;0,01;0;5;0;4;2;NOM
dodue;dody;dodu;ADJ;0,89;0,13;0;5;0;4;2;ADJ
dodus;dody;dodu;ADJ;0,89;0,23;0;5;0;4;2;ADJ
doges;dOZ;doge;NOM;0,53;0,11;0;5;0;3;1;NOM
dogme;dOgm;dogme;NOM;0,63;0,49;1;5;5;4;1;NOM
dogue;dOg;dogue;NOM;0,14;0,14;1;5;5;3;1;NOM
doigt;dwa;doigt;NOM;85,69;39,83;1;5;5;3;1;NOM
doive;dwav;devoir;VER;3232,57;5,5;0;5;0;0;1;VER
dolby;dOlbi;dolby;NOM;0,05;0,05;1;5;4;4;2;NOM
dolce;dOltSe;dolce;ADV;1,53;1,53;1;5;4;4;2;ADV
donna;dona;donner;VER;1209,67;6,28;0;5;0;4;2;VER
donne;dOn;donne;NOM;25,03;23,73;1;5;5;3;1;NOM,VER
donne;dOn;donner;VER;1209,67;401,06;0;5;5;3;1;NOM,VER
donné;done;donner;VER;1209,67;234,66;0;5;5;4;2;VER,ADJ,NOM
donné;done;donné;ADJ;6,79;5,32;1;5;5;4;2;VER,ADJ,NOM
donné;done;donné;NOM;1,32;1,19;1;5;5;4;2;VER,ADJ,NOM
doper;dope;doper;VER;1,33;0,35;1;5;5;4;2;VER
dopes;dOp;dope;NOM;7,47;0;0;5;0;3;1;NOM,VER
dopes;dOp;doper;VER;1,33;0,05;0;5;0;3;1;NOM,VER
dopez;dope;doper;VER;1,33;0,02;0;5;0;4;2;VER
dopée;dope;doper;VER;1,33;0,05;0;5;0;4;2;VER
dopés;dope;doper;VER;1,33;0,06;0;5;0;4;2;VER
dorer;doRe;dorer;VER;2,67;0,23;1;5;5;4;2;VER
dorme;dORm;dormir;VER;392,09;4,13;0;5;0;0;1;VER
dormi;dORmi;dormir;VER;392,09;41,25;0;5;0;0;2;VER
dorée;doRe;dorer;VER;2,67;0,46;0;5;5;4;2;VER,ADJ,NOM
dorée;doRe;doré;ADJ;7,33;2,31;0;5;5;4;2;VER,ADJ,NOM
dorée;doRe;dorée;NOM;0,36;0,2;1;5;5;4;2;VER,ADJ,NOM
dorés;doRe;dorer;VER;2,67;0,52;0;5;0;4;2;VER,ADJ
dorés;doRe;doré;ADJ;7,33;1,53;0;5;0;4;2;VER,ADJ
doser;doze;doser;VER;0,6;0,13;1;5;5;4;2;VER
doses;doz;dose;NOM;18,44;4,21;0;5;0;3;1;NOM,VER
doses;doz;doser;VER;0,6;0,17;0;5;0;3;1;NOM,VER
dosée;doze;doser;VER;0,6;0,01;0;5;0;4;2;VER
dosés;doze;doser;VER;0,6;0,03;0;5;0;4;2;VER
doter;dote;doter;VER;4,08;0,34;1;5;4;4;2;VER
dotée;dote;doter;VER;4,08;0,99;0;5;0;4;2;VER,ADJ
dotée;dote;doté;ADJ;0,2;0,15;0;5;0;4;2;VER,ADJ
dotés;dote;doter;VER;4,08;0,61;0;5;0;4;2;VER,ADJ
dotés;dote;doté;ADJ;0,2;0,01;0;5;0;4;2;VER,ADJ
douar;dwaR;douar;NOM;0;0;1;5;5;4;1;NOM
douce;dus;douce;NOM;0,01;0,01;1;5;5;3;1;NOM,ADJ
douce;dus;doux;ADJ;89,14;44,7;0;5;5;3;1;NOM,ADJ
douer;dwe;douer;VER;20,29;0;1;5;5;3;1;VER
douma;duma;douma;NOM;0,34;0,34;1;5;4;4;2;NOM
doura;duRa;doura;NOM;0;0;1;5;5;4;2;NOM
douro;duRo;douro;NOM;0;0;1;5;5;4;2;NOM
douta;duta;douter;VER;77,77;0,03;0;5;0;0;2;VER
doute;dut;doute;NOM;108,18;97,51;1;5;5;3;1;NOM,VER
doute;dut;douter;VER;77,77;37,83;0;5;5;3;1;NOM,VER
douté;dute;douter;VER;77,77;3,77;0;5;0;4;2;VER
douve;duv;douve;NOM;0,53;0,06;1;5;4;3;1;NOM
douze;duz;douze;ADJ:num;21,81;21,81;1;5;5;3;1;ADJ:num
douée;dwe;douer;VER;20,29;8,03;0;5;0;3;1;VER,ADJ
douée;dwe;doué;ADJ;12,73;4,41;0;5;0;3;1;VER,ADJ
doués;dwe;douer;VER;20,29;0,84;0;5;0;3;1;VER,ADJ
doués;dwe;doué;ADJ;12,73;1,03;0;5;0;3;1;VER,ADJ
doyen;dwaj5;doyen;NOM;3,31;3,12;1;5;5;5;2;NOM
drags;dRag;drag;NOM;0,73;0,14;0;5;0;4;1;NOM
drain;dR5;drain;NOM;1,11;0,93;1;5;5;3;1;NOM
drame;dRam;drame;NOM;14,87;13,48;1;5;5;4;1;NOM
drapa;dRapa;draper;VER;0,84;0;0;5;0;0;2;VER
drape;dRap;draper;VER;0,84;0,14;0;5;0;0;1;VER
draps;dRa;drap;NOM;19,22;15,54;0;5;0;3;1;NOM
drapé;dRape;draper;VER;0,84;0,16;0;5;5;5;2;VER,ADJ,NOM
drapé;dRape;drapé;ADJ;0,17;0,03;1;5;5;5;2;VER,ADJ,NOM
drapé;dRape;drapé;NOM;0,11;0,11;1;5;5;5;2;VER,ADJ,NOM
drave;dRav;drave;NOM;0;0;1;5;5;4;1;NOM
drift;dRift;drift;NOM;0,04;0,04;1;5;5;5;1;NOM
drill;dRil;drill;NOM;0,01;0,01;1;5;5;4;1;NOM
dring;dRiG;dring;ONO;0,32;0,32;1;5;5;4;1;ONO
drink;dR5k;drink;NOM;0,92;0,89;1;5;5;4;1;NOM
drive;dRajv;drive;NOM;1,45;1,41;1;5;5;5;1;NOM
drivé;dRajve;driver;VER;0,24;0;0;5;0;6;2;VER
droit;dRwa;droit;ADJ;77,74;38,33;1;5;5;4;1;ADJ,ADV,NOM
droit;dRwa;droit;ADV;31,48;31,48;1;5;5;4;1;ADJ,ADV,NOM
droit;dRwa;droit;NOM;207,62;175,6;1;5;5;4;1;ADJ,ADV,NOM
drome;dRom;drome;NOM;0,02;0,01;1;5;5;4;1;NOM
drone;dRon;drone;NOM;1,79;0,88;1;5;5;4;1;NOM
drope;dROp;droper;VER;0;0;0;5;0;4;1;VER
dropé;dRope;droper;VER;0;0;0;5;0;0;2;VER
dross;dROs;dross;NOM;0;0;1;5;5;4;1;NOM
drues;dRy;dru;ADJ;0,62;0;0;5;0;3;1;ADJ
drums;dR9m;drums;NOM;0,04;0,04;1;5;5;4;1;NOM
druze;dRyz;druze;ADJ;0,56;0,4;1;5;4;4;1;ADJ
drège;dREZ;drège;NOM;0,01;0,01;1;5;3;4;1;NOM
drôle;dRol;drôle;ADJ;144,48;138,46;1;5;5;4;1;ADJ,NOM
drôle;dRol;drôle;NOM;18,73;13,59;1;5;5;4;1;ADJ,NOM
ducal;dykal;ducal;ADJ;0,23;0,02;1;5;5;5;2;ADJ
ducat;dyka;ducat;NOM;1;0,2;1;5;5;4;2;NOM
duces;dutSe;duce;NOM;2,21;0;0;5;0;4;2;NOM
duché;dySe;duché;NOM;0,06;0,06;1;5;5;4;2;NOM
ducon;dyk§;ducon;NOM;6,86;6,86;1;5;4;4;2;NOM
dudit;dydit;dudit;PRE;0,16;0,16;1;5;3;3;2;PRE
duels;d8El;duel;NOM;7,54;1,37;0;5;0;4;1;NOM
dunes;dyn;dune;NOM;3,96;2,41;0;5;0;3;1;NOM
duodi;d8odi;duodi;NOM;0;0;1;5;5;5;2;NOM
duper;dype;duper;VER;4,77;1,96;1;5;5;4;2;VER
dupes;dyp;dupe;ADJ;2,71;0,34;0;5;0;3;1;ADJ,NOM,VER
dupes;dyp;dupe;NOM;1,01;0,66;0;5;0;3;1;ADJ,NOM,VER
dupes;dyp;duper;VER;4,77;0,03;0;5;0;3;1;ADJ,NOM,VER
dupez;dype;duper;VER;4,77;0,14;0;5;0;4;2;VER
dupée;dype;duper;VER;4,77;0,18;0;5;0;4;2;VER
dupés;dype;duper;VER;4,77;0,81;0;5;0;4;2;VER
durci;dyRsi;durci;ADJ;0,22;0,16;1;5;5;5;2;ADJ,VER
durci;dyRsi;durcir;VER;1,79;0,14;0;5;5;5;2;ADJ,VER
durer;dyRe;durer;VER;74,39;20,59;1;5;5;4;2;VER
dures;dyR;dur;ADJ;187,84;4,05;0;5;0;3;1;ADJ,NOM,VER
dures;dyR;dure;NOM;3,69;0,37;0;5;0;3;1;ADJ,NOM,VER
dures;dyR;durer;VER;74,39;0,02;0;5;0;3;1;ADJ,NOM,VER
durit;dyRit;durit;NOM;0,04;0,04;1;5;5;5;2;NOM
durât;dyRa;durer;VER;74,39;0;0;5;0;0;2;VER
durée;dyRe;durer;VER;74,39;0,37;0;5;4;4;2;VER,NOM
durée;dyRe;durée;NOM;6,86;6,84;1;5;4;4;2;VER,NOM
dusse;dys;devoir;VER;3232,57;0,28;0;5;0;0;1;VER
duvet;dyvE;duvet;NOM;1,7;1,58;1;5;5;4;2;NOM
dykes;dik;dyke;NOM;0,16;0;0;5;0;3;1;NOM
dynes;din;dyne;NOM;0,01;0,01;0;5;0;3;1;NOM
dèche;dES;dèche;NOM;0,39;0,38;1;5;3;3;1;NOM
dèmes;dEm;dème;NOM;0;0;0;5;0;0;1;NOM
débat;deba;débat;NOM;10,7;7,77;1;5;5;4;2;NOM,VER
débat;deba;débattre;VER;8,63;1,23;0;5;5;4;2;NOM,VER
débit;debi;débit;NOM;1,24;1,1;1;5;5;4;2;NOM
début;deby;début;NOM;114,31;109,88;1;5;5;4;2;NOM
décan;dek@;décan;NOM;0,02;0,02;1;5;5;4;2;NOM
déchu;deSy;déchoir;VER;0,92;0,51;0;5;5;4;2;VER,ADJ
déchu;deSy;déchu;ADJ;1,1;0,59;1;5;5;4;2;VER,ADJ
déché;deSe;décher;VER;0;0;0;5;0;4;2;VER
décor;dekOR;décor;NOM;8,38;6,01;1;5;5;5;2;NOM
décru;dekRy;décroître;VER;0,35;0,02;0;5;0;5;2;VER
décès;desE;décès;NOM;12,82;12,82;1;5;4;4;2;NOM
dédia;dedja;dédier;VER;8,69;0,11;0;5;0;0;2;VER
dédie;dedi;dédier;VER;8,69;1,83;0;5;0;4;2;VER
dédit;dedi;dédire;VER;0,04;0,02;0;5;5;4;2;VER,NOM
dédit;dedi;dédit;NOM;0,04;0,04;1;5;5;4;2;VER,NOM
dédié;dedje;dédier;VER;8,69;3,38;0;5;5;4;2;VER,ADJ
dédié;dedje;dédié;ADJ;0,3;0,27;1;5;5;4;2;VER,ADJ
défia;defja;défier;VER;13,49;0,04;0;5;0;0;2;VER
défie;defi;défier;VER;13,49;5,36;0;5;0;4;2;VER
défis;defi;défaire;VER;12,3;0,02;0;5;0;4;2;VER,NOM
défis;defi;défi;NOM;12,24;2,02;0;5;0;4;2;VER,NOM
défit;defi;défaire;VER;12,3;0,14;0;5;0;4;2;VER
défié;defje;défier;VER;13,49;1,19;0;5;0;5;2;VER
dégel;deZEl;dégel;NOM;0,47;0,47;1;5;5;5;2;NOM
dégât;dega;dégât;NOM;14,22;0,95;1;5;4;4;2;NOM
déité;deite;déité;NOM;0,12;0,02;1;5;4;4;3;NOM
délai;delE;délai;NOM;11,04;8,94;1;5;5;4;2;NOM
délia;delja;délier;VER;2,55;0,88;0;5;0;0;2;VER
délie;deli;délier;VER;2,55;0,68;0;5;0;4;2;VER
délit;deli;délit;NOM;13,52;11,35;1;5;5;4;2;NOM
délié;delje;délier;VER;2,55;0,14;0;5;5;4;2;VER,ADJ,NOM
délié;delje;délié;ADJ;0,04;0;1;5;5;4;2;VER,ADJ,NOM
délié;delje;délié;NOM;0,02;0,01;1;5;5;4;2;VER,ADJ,NOM
démet;demE;démettre;VER;0,84;0,04;0;5;0;0;2;VER
démis;demi;démettre;VER;0,84;0,41;0;5;5;4;2;VER,ADJ
démis;demi;démis;ADJ;0,13;0,01;1;5;5;4;2;VER,ADJ
démit;demi;démettre;VER;0,84;0,01;0;5;0;4;2;VER
démon;dem§;démon;NOM;61;39,71;1;5;5;4;2;NOM
dénia;denja;dénier;VER;0,64;0;0;5;0;0;2;VER
dénie;deni;dénier;VER;0,64;0,32;0;5;0;4;2;VER
dénis;deni;déni;NOM;0,84;0,07;0;5;0;4;2;NOM
dénié;denje;dénier;VER;0,64;0,04;0;5;0;5;2;VER
dénué;den8e;dénuer;VER;2,06;1,16;0;5;5;4;2;VER,ADJ
dénué;den8e;dénué;ADJ;0,04;0,03;1;5;5;4;2;VER,ADJ
dépit;depi;dépit;NOM;5,82;5,82;1;5;5;4;2;NOM
déplu;deply;déplaire;VER;12,23;1,23;0;5;0;0;2;VER
dépôt;depo;dépôt;NOM;13,2;11,9;1;5;5;4;2;NOM
désir;deziR;désir;NOM;45,35;31,59;1;5;5;5;2;NOM
dévia;devja;dévier;VER;3,04;0;0;5;0;0;2;VER
dévie;devi;dévier;VER;3,04;0,52;0;5;0;0;2;VER
dévié;devje;dévier;VER;3,04;0,96;0;5;0;5;2;VER
dévot;devo;dévot;ADJ;0,56;0,37;1;5;5;4;2;ADJ,NOM
dévot;devo;dévot;NOM;0,89;0,48;1;5;5;4;2;ADJ,NOM
dévêt;devE;dévêtir;VER;1,28;0;0;5;0;0;2;VER
déçue;desy;décevoir;VER;33,23;4,37;0;5;0;4;2;VER,ADJ,NOM
déçue;desy;déçu;ADJ;7,95;1,79;0;5;0;4;2;VER,ADJ,NOM
déçue;desy;déçu;NOM;1,38;0,31;0;5;0;4;2;VER,ADJ,NOM
déçus;desy;décevoir;VER;33,23;2,12;0;5;0;4;2;VER,ADJ,NOM
déçus;desy;déçu;ADJ;7,95;0,96;0;5;0;4;2;VER,ADJ,NOM
déçus;desy;déçu;NOM;1,38;0,19;0;5;0;4;2;VER,ADJ,NOM
déçut;desy;décevoir;VER;33,23;0,01;0;5;0;4;2;VER
dîmes;dim;dire;VER;5946,15;0;0;5;0;3;1;VER,NOM
dîmes;dim;dîme;NOM;0,44;0,01;0;5;0;3;1;VER,NOM
dînai;dinE;dîner;VER;79,3;0;0;5;0;0;2;VER
dîner;dine;dîner;ADJ;0,01;0,01;1;5;5;4;2;ADJ,NOM,VER
dîner;dine;dîner;NOM;88,45;84,73;1;5;5;4;2;ADJ,NOM,VER
dîner;dine;dîner;VER;79,3;51,78;1;5;5;4;2;ADJ,NOM,VER
dînes;din;dîner;VER;79,3;1,42;0;5;0;3;1;VER
dînez;dine;dîner;VER;79,3;2,13;0;5;0;4;2;VER
dînât;dina;dîner;VER;79,3;0;0;5;0;0;2;VER
dîtes;dit;dire;VER;5946,15;10,24;0;5;0;0;1;VER
dômes;dom;dôme;NOM;1,93;0,12;0;5;0;3;1;NOM
dôngs;d§g;dông;NOM;0,14;0,14;0;5;0;3;1;NOM
dûmes;dym;devoir;VER;3232,57;0,04;0;5;0;0;1;VER
ecsta;2ksta;ecsta;ADV;0,01;0,01;1;5;5;3;2;ADV
effet;efE;effet;NOM;116,75;99,17;1;5;5;3;2;NOM
efrit;EfRit;efrit;NOM;0;0;1;5;3;3;2;NOM
eider;edER;eider;NOM;0;0;1;5;4;4;2;NOM
elfes;Elf;elfe;NOM;3,26;1,87;0;5;0;3;1;NOM
elles;El;elles;PRO:per;420,51;420,51;1;5;5;2;1;PRO:per
embua;@b8a;embuer;VER;0,38;0;0;5;0;0;2;VER
embue;@by;embuer;VER;0,38;0,02;0;5;0;3;2;VER
embus;@by;embu;NOM;0;0;0;5;0;3;2;NOM
embué;@b8e;embuer;VER;0,38;0,01;0;5;5;3;2;VER,ADJ
embué;@b8e;embué;ADJ;0,27;0,17;1;5;5;3;2;VER,ADJ
empan;@p@;empan;NOM;0,01;0,01;1;5;5;3;2;NOM
empli;@pli;empli;ADJ;0,03;0;1;5;5;4;2;ADJ,VER
empli;@pli;emplir;VER;6,4;1,28;0;5;5;4;2;ADJ,VER
encas;@ka;encas;NOM;0,4;0,4;1;5;5;3;2;NOM
encor;@kOR;encor;ADV;0,42;0,42;1;5;5;4;2;ADV
encre;@kR;encre;NOM;6,81;6,49;1;5;5;3;1;NOM,VER
encre;@kR;encrer;VER;0,1;0,01;0;5;5;3;1;NOM,VER
encré;@kRe;encrer;VER;0,1;0,01;0;5;0;4;2;VER
enfer;@fER;enfer;NOM;88,86;86,02;1;5;5;4;2;NOM
enfin;@f5;enfin;ADV;265,83;265,83;1;5;5;3;2;ADV
enfla;@fla;enfler;VER;2,27;0,02;0;5;0;0;2;VER
enfle;@fl;enfler;VER;2,27;0,56;0;5;0;0;1;VER
enflé;@fle;enfler;VER;2,27;0,36;0;5;5;4;2;VER,ADJ,NOM
enflé;@fle;enflé;ADJ;1,93;0,87;1;5;5;4;2;VER,ADJ,NOM
enflé;@fle;enflé;NOM;0,24;0,06;1;5;5;4;2;VER,ADJ,NOM
enfui;@f8i;enfuir;VER;65,13;14,79;0;5;0;0;2;VER
engin;@Z5;engin;NOM;11,25;9,41;1;5;5;3;2;NOM
enjeu;@Z2;enjeu;NOM;4,67;3,52;1;5;4;3;2;NOM
ennui;@n8i;ennui;NOM;76,64;14,76;1;5;5;4;2;NOM
enter;@te;enter;VER;0,49;0,35;1;5;5;3;2;VER
entra;@tRa;entrer;VER;450,11;2,72;0;5;0;0;2;VER
entre;@tR;entre;PRE;372,72;372,72;1;5;5;3;1;PRE,VER
entre;@tR;entrer;VER;450,11;84,08;0;5;5;3;1;PRE,VER
entré;@tRe;entrer;VER;450,11;36,9;0;5;0;4;2;VER
envia;@vja;envier;VER;17,79;0;0;5;0;0;2;VER
envie;@vi;envie;NOM;213,96;210,62;1;5;5;3;2;NOM,VER
envie;@vi;envier;VER;17,79;12,5;0;5;5;3;2;NOM,VER
envié;@vje;envier;VER;17,79;0,71;0;5;0;4;2;VER
envoi;@vwa;envoi;NOM;4,46;3,47;1;5;5;4;2;NOM
envol;@vOl;envol;NOM;2,5;2,48;1;5;5;3;2;NOM
ergol;ERgOl;ergol;NOM;0,01;0,01;1;5;5;4;2;NOM
ergot;ERgo;ergot;NOM;0,08;0,04;1;5;5;4;2;NOM
errai;ERE;errer;VER;10,44;0,04;0;5;0;0;2;VER
errer;ERe;errer;VER;10,44;2,44;1;5;5;3;2;VER
erres;ER;errer;VER;10,44;0,23;0;5;0;2;1;VER
errez;ERe;errer;VER;10,44;0,1;0;5;0;3;2;VER
errés;ERe;errer;VER;10,44;0,01;0;5;0;3;2;VER
esche;ES;esche;NOM;0;0;1;5;5;2;1;NOM
escot;Esko;escot;NOM;0,14;0,14;1;5;5;4;2;NOM
espar;EspaR;espar;NOM;0;0;1;5;5;5;2;NOM
essai;esE;essai;NOM;28,78;20,31;1;5;5;3;2;NOM
essor;esOR;essor;NOM;0,7;0,7;1;5;5;3;2;NOM
ester;estER;ester;NOM;0,25;0,25;1;5;5;4;2;NOM,VER
ester;este;ester;VER;0,01;0,01;1;5;5;4;2;NOM,VER
estes;Est;este;NOM;0,5;0;0;5;0;3;1;NOM
estoc;EstOk;estoc;NOM;0,16;0,16;1;5;5;5;2;NOM
estom;EstOm;estom;NOM;0;0;1;5;5;5;2;NOM
euros;2Ro;euro;NOM;9,84;8,99;0;5;0;3;2;NOM
eusse;ys;avoir;AUX;18559,22;0,52;0;5;0;2;1;AUX,VER
eusse;ys;avoir;VER;13572,4;0,26;0;5;0;2;1;AUX,VER
eussé;yse;avoir;AUX;18559,22;0;0;5;0;0;2;AUX,VER
eussé;yse;avoir;VER;13572,4;0;0;5;0;0;2;AUX,VER
event;ivEnt;event;NOM;0,14;0,14;1;5;3;4;2;NOM
exact;Egzakt;exact;ADJ;86,8;76,66;1;5;5;6;2;ADJ
exams;Egzam;exam;NOM;3,08;1,01;0;5;0;5;2;NOM
exclu;Ekskly;exclu;ADJ;1,27;0,81;1;5;5;6;2;ADJ,NOM,VER
exclu;Ekskly;exclu;NOM;1,26;0,4;1;5;5;6;2;ADJ,NOM,VER
exclu;Ekskly;exclure;VER;11,32;3,21;0;5;5;6;2;ADJ,NOM,VER
excès;EksE;excès;NOM;7,67;7,67;1;5;4;4;2;NOM
exeat;Egzeat;exeat;NOM;0,01;0,01;1;5;4;5;3;NOM
exige;EgziZ;exiger;VER;34,96;18,93;0;5;0;0;2;VER
exigu;Egzigy;exigu;ADJ;0,53;0,38;1;5;5;6;3;ADJ
exigé;EgziZe;exiger;VER;34,96;3,58;0;5;0;6;3;VER
exila;Egzila;exiler;VER;2,41;0,04;0;5;0;0;3;VER
exile;Egzil;exiler;VER;2,41;0,43;0;5;0;5;2;VER
exils;Egzil;exil;NOM;6,04;0,14;0;5;0;5;2;NOM
exilé;Egzile;exiler;VER;2,41;0,8;0;5;5;6;3;VER,ADJ,NOM
exilé;Egzile;exilé;ADJ;0,5;0,45;1;5;5;6;3;VER,ADJ,NOM
exilé;Egzile;exilé;NOM;2,23;0,88;1;5;5;6;3;VER,ADJ,NOM
exode;EgzOd;exode;NOM;0,43;0,42;1;5;4;5;2;NOM
expie;Ekspi;expier;VER;2,42;0,29;0;5;0;0;2;VER
expié;Ekspje;expier;VER;2,42;0,33;0;5;0;6;2;VER
expos;Ekspo;expo;NOM;3,77;0,51;0;5;0;5;2;NOM
extra;EkstRa;extra;ADJ;6,78;6,78;1;5;5;6;2;ADJ,NOM
extra;EkstRa;extra;NOM;4,93;3,88;1;5;5;6;2;ADJ,NOM
eûmes;ym;avoir;AUX;18559,22;0,14;0;5;0;0;1;AUX,VER
eûmes;ym;avoir;VER;13572,4;0,14;0;5;0;0;1;AUX,VER
eûtes;yt;avoir;VER;13572,4;0,01;0;5;0;2;1;VER
fable;fabl;fable;NOM;2,59;1,79;1;5;5;4;1;NOM
faces;fas;face;NOM;125,32;0,98;0;5;0;3;1;NOM
facho;faSo;facho;ADJ;0,45;0,2;1;5;4;4;2;ADJ,NOM
facho;faSo;facho;NOM;1,17;0,48;1;5;4;4;2;ADJ,NOM
fadas;fada;fada;NOM;0,7;0,28;0;5;0;4;2;NOM
fader;fade;fader;VER;0,01;0,01;1;5;5;4;2;VER
fades;fad;fade;ADJ;2,06;0,55;0;5;0;3;1;ADJ,NOM
fades;fad;fade;NOM;0,02;0,02;0;5;0;3;1;ADJ,NOM
fadée;fade;fadé;ADJ;0;0;0;5;0;4;2;ADJ
fadés;fade;fader;VER;0,01;0;0;5;0;4;2;VER
faena;fena;faena;NOM;0;0;1;5;3;4;2;NOM
fagne;faN;fagne;NOM;0;0;1;5;4;3;1;NOM
fagot;fago;fagot;NOM;0,19;0,03;1;5;5;4;2;NOM
faims;f5;faim;NOM;128,04;0,55;0;5;0;2;1;NOM
faine;fEn;faine;NOM;1,77;1,77;1;5;5;3;1;NOM
faire;fER;faire;VER;8813,48;2735,96;1;5;5;3;1;VER
faite;fEt;faire;VER;8813,48;0,14;0;5;0;3;1;VER,ADJ
faite;fEt;fait;ADJ;32,77;0,01;0;5;0;3;1;VER,ADJ
faits;fE;faire;VER;8813,48;21,98;0;5;0;2;1;VER,ADJ,NOM
faits;fE;fait;ADJ;32,77;3,07;0;5;0;2;1;VER,ADJ,NOM
faits;fE;fait;NOM;412,07;27,36;0;5;0;2;1;VER,ADJ,NOM
fakir;fakiR;fakir;NOM;0,72;0,45;1;5;3;4;2;NOM
fallu;faly;falloir;VER;1653,76;23,82;0;5;0;0;2;VER
falot;falo;falot;ADJ;0,04;0,02;1;5;4;4;2;ADJ,NOM
falot;falo;falot;NOM;0,11;0,11;1;5;4;4;2;ADJ,NOM
famée;fame;famé;ADJ;0,52;0,04;0;5;0;4;2;ADJ
famés;fame;famé;ADJ;0,52;0,08;0;5;0;4;2;ADJ
fanal;fanal;fanal;NOM;0,34;0,34;1;5;5;5;2;NOM
fanas;fana;fana;ADJ;0,36;0,06;0;5;0;4;2;ADJ,NOM
fanas;fana;fana;NOM;0,61;0,18;0;5;0;4;2;ADJ,NOM
faner;fane;faner;VER;3,73;0,89;1;5;5;4;2;VER
fanes;fan;fane;NOM;0,12;0;0;5;0;3;1;NOM,VER
fanes;fan;faner;VER;3,73;0,01;0;5;0;3;1;NOM,VER
fanez;fane;faner;VER;3,73;0,02;0;5;0;4;2;VER
fange;f@Z;fange;NOM;0,74;0,74;1;5;5;3;1;NOM
fanny;fani;fanny;ADJ;1,06;1,06;1;5;4;4;2;ADJ
fanon;fan§;fanon;NOM;0,04;0,03;1;5;4;4;2;NOM
fanti;f@ti;fanti;NOM;0;0;1;5;5;4;2;NOM
fanée;fane;faner;VER;3,73;0,29;0;5;0;4;2;VER,ADJ
fanée;fane;fané;ADJ;0,79;0,4;0;5;0;4;2;VER,ADJ
fanés;fane;faner;VER;3,73;0,01;0;5;0;4;2;VER,ADJ
fanés;fane;fané;ADJ;0,79;0,14;0;5;0;4;2;VER,ADJ
faons;f@;faon;NOM;0,53;0,29;0;5;0;2;1;NOM
farad;faRad;farad;NOM;0,75;0,75;1;5;5;5;2;NOM
farce;faRs;farce;NOM;9,35;7,45;1;5;5;4;1;NOM,VER
farce;faRs;farcer;VER;0,05;0,05;0;5;5;4;1;NOM,VER
farci;faRsi;farci;ADJ;2,41;0,79;1;5;5;5;2;ADJ,VER
farci;faRsi;farcir;VER;3,39;0,89;0;5;5;5;2;ADJ,VER
farde;faRd;farder;VER;0,2;0;0;5;0;0;1;VER
fards;faR;fard;NOM;1,69;0,25;0;5;0;3;1;NOM
fardé;faRde;farder;VER;0,2;0;0;5;0;5;2;VER
farsi;faRsi;farsi;NOM;0,39;0,39;1;5;4;5;2;NOM
fasse;fas;faire;VER;8813,48;93,83;0;5;0;3;1;VER
faste;fast;faste;ADJ;0,57;0,53;1;5;5;4;1;ADJ,NOM
faste;fast;faste;NOM;0,48;0,48;1;5;5;4;1;ADJ,NOM
fatal;fatal;fatal;ADJ;11,69;5,37;1;5;5;5;2;ADJ
fatma;fatma;fatma;NOM;0,16;0,14;1;5;4;4;2;NOM
fatum;fatOm;fatum;NOM;0;0;1;5;5;4;2;NOM
faune;fon;faune;NOM;1,48;1,47;1;5;5;3;1;NOM
faute;fot;faute;NOM;169,26;163,19;1;5;5;3;1;NOM,VER
faute;fot;fauter;VER;1,42;0,28;0;5;5;3;1;NOM,VER
fauté;fote;fauter;VER;1,42;1,02;0;5;0;4;2;VER
fauve;fov;fauve;ADJ;0,61;0,23;1;5;5;3;1;ADJ,NOM
fauve;fov;fauve;NOM;3,61;1,26;1;5;5;3;1;ADJ,NOM
faxer;fakse;faxer;VER;2,58;0,65;1;5;4;5;2;VER
faxes;faks;faxer;VER;2,58;0,27;0;5;0;4;1;VER
faxez;fakse;faxer;VER;2,58;0,27;0;5;0;5;2;VER
faxés;fakse;faxer;VER;2,58;0,05;0;5;0;5;2;VER
fayot;fajo;fayot;ADJ;0,25;0,25;1;5;5;4;2;ADJ,NOM
fayot;fajo;fayot;NOM;0,42;0,11;1;5;5;4;2;ADJ,NOM
façon;fas§;façon;NOM;230,48;212,6;1;5;5;4;2;NOM
faîte;fEt;faîte;NOM;56,42;56,42;1;5;5;3;1;NOM
feins;f5;feindre;VER;5,92;0,81;0;5;0;2;1;VER
feint;f5;feindre;VER;5,92;1,67;0;5;5;2;1;VER,ADJ
feint;f5;feint;ADJ;1;0,02;1;5;5;2;1;VER,ADJ
femme;fam;femme;NOM;1049,32;806,57;1;5;5;3;1;NOM
fende;f@d;fendre;VER;7,76;0,04;0;5;0;0;1;VER
fends;f@;fendre;VER;7,76;0,41;0;5;0;2;1;VER
fendu;f@dy;fendre;VER;7,76;1,77;0;5;5;4;2;VER,ADJ
fendu;f@dy;fendu;ADJ;0,69;0,21;1;5;5;4;2;VER,ADJ
fenil;f°nil;fenil;NOM;0,02;0,02;1;5;5;4;2;NOM
fente;f@t;fente;NOM;3,93;3,61;1;5;5;3;1;NOM
ferai;f°RE;faire;VER;8813,48;146,11;0;5;0;0;2;VER
feras;f°Ra;faire;VER;8813,48;42,91;0;5;0;0;2;VER
ferez;f°Re;faire;VER;8813,48;27,63;0;5;0;0;2;VER
feria;f°Rja;feria;NOM;0,17;0,02;1;5;4;3;2;NOM
ferma;fERma;fermer;VER;238,65;0,59;0;5;0;0;2;VER
ferme;fERm;ferme;ADJ;25,2;22,93;1;5;5;4;1;ADJ,ADV,NOM,VER
ferme;fERm;ferme;ADV;1,98;1,98;1;5;5;4;1;ADJ,ADV,NOM,VER
ferme;fERm;ferme;NOM;76,86;73,53;1;5;5;4;1;ADJ,ADV,NOM,VER
ferme;fERm;fermer;VER;238,65;79,68;0;5;5;4;1;ADJ,ADV,NOM,VER
fermi;fERmi;fermi;NOM;0,01;0,01;1;5;5;5;2;NOM
fermé;fERme;fermer;VER;238,65;34,73;0;5;5;5;2;VER,ADJ
fermé;fERme;fermé;ADJ;21,46;7,61;1;5;5;5;2;VER,ADJ
ferra;fERa;ferrer;VER;1,96;0,03;0;5;0;0;2;VER
ferre;fER;ferrer;VER;1,96;0,03;0;5;0;3;1;VER
ferro;fERo;ferro;NOM;0;0;1;5;5;4;2;NOM
ferry;fERi;ferry;NOM;2,12;1,98;1;5;5;4;2;NOM
ferré;fERe;ferrer;VER;1,96;0,31;0;5;5;4;2;VER,ADJ
ferré;fERe;ferré;ADJ;2,91;0,04;1;5;5;4;2;VER,ADJ
ferté;fERte;ferté;NOM;0;0;1;5;5;5;2;NOM
fesse;fEs;fesse;NOM;36,32;1,81;1;5;5;3;1;NOM,VER
fesse;fEs;fesser;VER;1;0,15;0;5;5;3;1;NOM,VER
fessu;fEsy;fessu;ADJ;0,01;0;1;5;5;4;2;ADJ
fessé;fEse;fesser;VER;1;0,25;0;5;0;0;2;VER
feula;f9la;feuler;VER;0,1;0;0;5;0;0;2;VER
feule;f9l;feuler;VER;0,1;0;0;5;0;0;1;VER
fiais;fjE;fier;VER;14,27;0,23;0;5;0;0;1;VER
fiait;fjE;fier;VER;14,27;0,21;0;5;0;0;1;VER
fiant;fj@;fier;VER;14,27;0,28;0;5;0;0;1;VER
fibre;fibR;fibre;NOM;6,65;2,67;1;5;5;4;1;NOM
fibré;fibRe;fibré;ADJ;0;0;1;5;5;5;2;ADJ
ficha;fiSa;ficher;VER;97,84;0,01;0;5;0;0;2;VER
fiche;fiS;fiche;NOM;10,46;7,45;1;5;5;3;1;NOM,VER
fiche;fiS;ficher;VER;97,84;60,95;0;5;5;3;1;NOM,VER
fichu;fiSy;fichu;ADJ;27,51;17,34;1;5;5;4;2;ADJ,NOM
fichu;fiSy;fichu;NOM;1,58;0,79;1;5;5;4;2;ADJ,NOM
fiché;fiSe;ficher;VER;97,84;1,99;0;5;0;4;2;VER
ficus;fikys;ficus;NOM;0,17;0,17;1;5;4;4;2;NOM
fiefs;fjEf;fief;NOM;3,38;0,16;0;5;0;4;1;NOM
field;fild;field;NOM;0,47;0,47;1;5;5;4;1;NOM
fient;fi;fier;VER;14,27;0,18;0;5;0;2;1;VER
fiera;fiRa;fier;VER;14,27;0,11;0;5;0;0;2;VER
fiers;fjER;fier;ADJ;79,13;12,36;0;5;0;4;1;ADJ
fieux;fj2;fieux;NOM;0,02;0,02;1;5;5;3;1;NOM
fifis;fifi;fifi;NOM;0,98;0,02;0;5;0;4;2;NOM
fifre;fifR;fifre;NOM;0,1;0,07;1;5;5;4;1;NOM
fifty;fifti;fifty;NOM;0,05;0,05;1;5;5;5;2;NOM
figea;fiZa;figer;VER;4,49;0;0;5;0;0;2;VER
figer;fiZe;figer;VER;4,49;1,16;1;5;4;3;2;VER
figez;fiZe;figer;VER;4,49;0,05;0;5;0;3;2;VER
figue;fig;figue;NOM;7,38;3,44;1;5;5;3;1;NOM
figée;fiZe;figer;VER;4,49;0,49;0;5;0;3;2;VER,ADJ
figée;fiZe;figé;ADJ;0,94;0,07;0;5;0;3;2;VER,ADJ
figés;fiZe;figer;VER;4,49;0,36;0;5;0;3;2;VER,ADJ
figés;fiZe;figé;ADJ;0,94;0,34;0;5;0;3;2;VER,ADJ
filai;filE;filer;VER;100,97;0;0;5;0;4;2;VER
filer;file;filer;VER;100,97;25,86;1;5;5;4;2;VER
files;fil;file;NOM;22,88;0,64;0;5;0;3;1;NOM,VER
files;fil;filer;VER;100,97;4,95;0;5;0;3;1;NOM,VER
filet;filE;filet;NOM;15,44;10,99;1;5;5;4;2;NOM
filez;file;filer;VER;100,97;7,9;0;5;0;4;2;VER
filin;fil5;filin;NOM;0,44;0,25;1;5;5;4;2;NOM
fille;fij;fille;NOM;841,56;627,59;1;5;5;3;1;NOM
filma;filma;filmer;VER;40,08;0,27;0;5;0;0;2;VER
filme;film;filmer;VER;40,08;7,17;0;5;0;4;1;VER
films;film;film;NOM;252,66;57,56;0;5;0;4;1;NOM
filmé;filme;filmer;VER;40,08;7,96;0;5;0;5;2;VER
filon;fil§;filon;NOM;5,61;1,77;1;5;5;4;2;NOM
filou;filu;filou;NOM;2,48;1,79;1;5;5;4;2;NOM
filât;fila;filer;VER;100,97;0;0;5;0;0;2;VER
filée;file;filer;VER;100,97;0,36;0;5;0;4;2;VER,ADJ
filée;file;filé;ADJ;0,13;0,04;0;5;0;4;2;VER,ADJ
filés;file;filer;VER;100,97;0,34;0;5;0;4;2;VER,ADJ,NOM
filés;file;filé;ADJ;0,13;0;0;5;0;4;2;VER,ADJ,NOM
filés;file;filé;NOM;0,4;0;0;5;0;4;2;VER,ADJ,NOM
final;final;final;ADJ;18,2;9,73;1;5;5;5;2;ADJ,NOM
final;final;final;NOM;3,76;3,74;1;5;5;5;2;ADJ,NOM
fines;fin;fin;ADJ;26,95;2,35;0;5;0;3;1;ADJ,NOM
fines;fin;fine;NOM;1,12;0,04;0;5;0;3;1;ADJ,NOM
finet;finE;finet;ADJ;0;0;1;5;5;4;2;ADJ
finie;fini;fini;ADJ;27,8;3,32;0;5;0;4;2;ADJ,VER
finie;fini;finir;VER;557,61;26,99;0;5;0;4;2;ADJ,VER
finir;finiR;finir;VER;557,61;96,48;1;5;5;5;2;VER
finis;fini;fini;ADJ;27,8;3,07;0;5;0;4;2;ADJ,VER
finis;fini;finir;VER;557,61;21,82;0;5;0;4;2;ADJ,VER
finit;fini;finir;VER;557,61;29,97;0;5;0;4;2;VER
finît;fini;finir;VER;557,61;0;0;5;0;4;2;VER
fiole;fjOl;fiole;NOM;1,93;1,5;1;5;4;4;1;NOM
fions;fj§;fier;VER;14,27;0,25;0;5;0;3;1;VER,NOM
fions;fj§;fion;NOM;1,77;0,02;0;5;0;3;1;VER,NOM
fiord;fjORd;fiord;NOM;0;0;1;5;5;4;1;NOM
fioul;fjul;fioul;NOM;0,06;0,06;1;5;4;4;1;NOM
firme;fiRm;firme;NOM;4,32;4,07;1;5;5;4;1;NOM
fissa;fisa;fissa;ADV;1,84;1,84;1;5;5;4;2;ADV
fisse;fis;faire;VER;8813,48;0,54;0;5;0;3;1;VER
fixai;fiksE;fixer;VER;32,73;0,1;0;5;0;0;2;VER
fixer;fikse;fixer;VER;32,73;7,04;1;5;5;5;2;VER
fixes;fiks;fixe;ADJ;11,12;1,29;0;5;0;4;1;ADJ,VER
fixes;fiks;fixer;VER;32,73;1,77;0;5;0;4;1;ADJ,VER
fixez;fikse;fixer;VER;32,73;1,98;0;5;0;5;2;VER
fixât;fiksa;fixer;VER;32,73;0;0;5;0;0;2;VER
fixée;fikse;fixer;VER;32,73;2,47;0;5;0;5;2;VER,ADJ
fixée;fikse;fixé;ADJ;2,09;0,86;0;5;0;5;2;VER,ADJ
fixés;fikse;fixer;VER;32,73;1,84;0;5;0;5;2;VER,ADJ
fixés;fikse;fixé;ADJ;2,09;0,27;0;5;0;5;2;VER,ADJ
fière;fjER;fier;ADJ;79,13;19,68;0;5;0;4;1;ADJ
fjord;fjORd;fjord;NOM;1,07;0,96;1;5;2;4;1;NOM
flair;flER;flair;NOM;2,32;2,32;1;5;5;4;1;NOM
flanc;fl@;flanc;NOM;5,57;4,01;1;5;5;3;1;NOM
flans;fl@;flan;NOM;2,36;0,05;0;5;0;3;1;NOM
flapi;flapi;flapi;ADJ;0,07;0,05;1;5;4;4;2;ADJ
flash;flaS;flash;NOM;8,52;7,78;1;5;5;4;1;NOM
flask;flask;flask;NOM;0,01;0,01;1;5;5;4;1;NOM
flats;fla;flat;ADJ;1,61;0,58;0;5;0;3;1;ADJ,NOM
flats;fla;flat;NOM;0,63;0,03;0;5;0;3;1;ADJ,NOM
flave;flav;flave;ADJ;0;0;1;5;5;4;1;ADJ
fleur;fl9R;fleur;NOM;99,75;25,2;1;5;5;4;1;NOM
flics;flik;flic;NOM;153,5;85,97;0;5;0;4;1;NOM
flint;flint;flint;NOM;0;0;1;5;5;4;1;NOM
flips;flip;flip;NOM;1,63;0,05;0;5;0;4;1;NOM
flirt;fl9Rt;flirt;NOM;2,29;1,98;1;5;5;5;1;NOM
flood;flud;flood;ADJ;0,33;0,33;1;5;4;4;1;ADJ,NOM
flood;flud;flood;NOM;0,04;0,04;1;5;4;4;1;ADJ,NOM
flops;flOp;flop;NOM;0,76;0,08;0;5;0;4;1;NOM
flore;flOR;flore;NOM;0,72;0,7;1;5;5;4;1;NOM
flots;flo;flot;NOM;10,28;5,62;0;5;0;3;1;NOM
floue;flu;flou;ADJ;8,18;2,25;0;5;0;3;1;ADJ,VER
floue;flu;flouer;VER;0,84;0,02;0;5;0;3;1;ADJ,VER
flous;flu;flou;ADJ;8,18;0,27;0;5;0;3;1;ADJ,NOM
flous;flu;flou;NOM;0,72;0,02;0;5;0;3;1;ADJ,NOM
floué;flue;flouer;VER;0,84;0,39;0;5;0;4;2;VER
fluet;flyE;fluet;ADJ;0,32;0,23;1;5;5;4;2;ADJ
fluor;flyOR;fluor;NOM;0,12;0,12;1;5;5;5;2;NOM
flush;fl9S;flush;NOM;1,17;1,17;1;5;4;4;1;NOM
fluxe;flyks;fluxer;VER;0,01;0,01;0;5;0;0;1;VER
flâna;flana;flâner;VER;1,15;0;0;5;0;0;2;VER
flâne;flan;flâne;NOM;0;0;1;5;5;4;1;NOM,VER
flâne;flan;flâner;VER;1,15;0,19;0;5;5;4;1;NOM,VER
flâné;flane;flâner;VER;1,15;0,03;0;5;0;5;2;VER
fléau;fleo;fléau;NOM;5,1;4,47;1;5;4;4;2;NOM
flûta;flyta;flûter;VER;0,14;0;0;5;0;0;2;VER
flûte;flyt;flûte;NOM;10,13;9,11;1;5;5;4;1;NOM
flûté;flyte;flûté;ADJ;0,01;0;1;5;5;5;2;ADJ
focal;fokal;focal;ADJ;0,68;0,25;1;5;5;5;2;ADJ
foehn;f2n;foehn;NOM;0,04;0,04;1;5;4;3;1;NOM
foies;fwa;foie;NOM;23,48;1,21;0;5;0;3;1;NOM
foins;fw5;foin;NOM;6,73;0,67;0;5;0;3;1;NOM
foira;fwaRa;foirer;VER;14,76;0;0;5;0;0;2;VER
foire;fwaR;foire;NOM;11,83;11,11;1;5;5;4;1;NOM,VER
foire;fwaR;foirer;VER;14,76;2,31;0;5;5;4;1;NOM,VER
foiré;fwaRe;foirer;VER;14,76;6,96;0;5;0;5;2;VER
folie;foli;folie;NOM;52,39;49,01;1;5;5;4;2;NOM
folio;foljo;folio;NOM;0,02;0,02;1;5;5;4;2;NOM
folks;fOlk;folk;NOM;1,73;0,42;0;5;0;4;1;NOM
folle;fOl;fou;ADJ;321,31;84,38;0;5;0;3;1;ADJ,NOM
folle;fOl;fou;NOM;94,17;18,74;0;5;0;3;1;ADJ,NOM
fonce;f§s;foncer;VER;30,27;16,31;0;5;0;0;1;VER
foncé;f§se;foncer;VER;30,27;3,4;0;5;5;4;2;VER,ADJ
foncé;f§se;foncé;ADJ;4,06;2,48;1;5;5;4;2;VER,ADJ
fonda;f§da;fonder;VER;15,97;0,22;0;5;0;0;2;VER
fonde;f§d;fonder;VER;15,97;2,23;0;5;0;0;1;VER
fonds;f§;fondre;VER;17,32;1,81;0;5;5;2;1;VER,NOM
fonds;f§;fonds;NOM;15,1;15,1;1;5;5;2;1;VER,NOM
fondu;f§dy;fondre;VER;17,32;3,42;0;5;5;4;2;VER,ADJ,NOM
fondu;f§dy;fondu;ADJ;1,82;1,61;1;5;5;4;2;VER,ADJ,NOM
fondu;f§dy;fondu;NOM;0,73;0,64;1;5;5;4;2;VER,ADJ,NOM
fondé;f§de;fonder;VER;15,97;4,09;0;5;5;4;2;VER,ADJ
fondé;f§de;fondé;ADJ;1,22;0,46;1;5;5;4;2;VER,ADJ
fonte;f§t;fonte;NOM;0,74;0,74;1;5;5;3;1;NOM
fonts;f§;fonts;NOM;0,1;0,1;1;5;5;2;1;NOM
fonça;f§sa;foncer;VER;30,27;0,17;0;5;0;0;2;VER
force;fORs;force;ADJ:ind;1,41;1,41;1;5;5;4;1;ADJ:ind,NOM,VER
force;fORs;force;NOM;151,96;108,29;1;5;5;4;1;ADJ:ind,NOM,VER
force;fORs;forcer;VER;64,64;12,05;0;5;5;4;1;ADJ:ind,NOM,VER
forci;fORsi;forcir;VER;0,14;0,02;0;5;0;0;2;VER
forcé;fORse;forcer;VER;64,64;16,33;0;5;5;5;2;VER,ADJ
forcé;fORse;forcé;ADJ;4,63;2,36;1;5;5;5;2;VER,ADJ
forer;foRe;forer;VER;1,66;0,8;1;5;5;4;2;VER
foret;foRE;foret;NOM;1,56;1,16;1;5;5;4;2;NOM
forez;foRe;forer;VER;1,66;0,03;0;5;0;4;2;VER
forge;fORZ;forge;NOM;1,64;1,51;1;5;5;4;1;NOM,VER
forge;fORZ;forger;VER;9,02;1,78;0;5;5;4;1;NOM,VER
forgé;fORZe;forger;VER;9,02;1,55;0;5;0;5;2;VER
forma;fORma;former;VER;39,69;0,16;0;5;0;5;2;VER
forme;fORm;forme;NOM;94,19;82,61;1;5;5;4;1;NOM,VER
forme;fORm;former;VER;39,69;6,59;0;5;5;4;1;NOM,VER
formé;fORme;former;VER;39,69;5,5;0;5;5;5;2;VER,ADJ
formé;fORme;formé;ADJ;0,93;0,52;1;5;5;5;2;VER,ADJ
forte;fORt;fort;ADJ;95,28;42,42;0;5;5;4;1;ADJ,ADV
forte;fORt;forte;ADV;0,3;0,3;1;5;5;4;1;ADJ,ADV
forts;fOR;fort;ADJ;95,28;17;0;5;0;3;1;ADJ,NOM
forts;fOR;fort;NOM;13,49;2,11;0;5;0;3;1;ADJ,NOM
forum;foROm;forum;NOM;1,4;1,14;1;5;4;4;2;NOM
força;fORsa;forcer;VER;64,64;0,34;0;5;0;5;2;VER
forée;foRe;forer;VER;1,66;0,01;0;5;0;4;2;VER
forés;foRe;forer;VER;1,66;0,14;0;5;0;4;2;VER
forêt;foRE;forêt;NOM;34,94;29,57;1;5;4;4;2;NOM
fosse;fOs;fosse;NOM;7,92;6,64;1;5;5;3;1;NOM
fossé;fose;fossé;NOM;4,71;4,1;1;5;5;4;2;NOM
fouet;fwE;fouet;NOM;8,56;7,92;1;5;5;3;1;NOM
fouge;fuZ;fouger;VER;0,1;0,1;0;5;0;0;1;VER
fouie;fwi;fouir;VER;0,04;0,01;0;5;0;0;1;VER
fouir;fwiR;fouir;VER;0,04;0;1;5;5;4;1;VER
fouit;fwi;fouir;VER;0,04;0,01;0;5;0;0;1;VER
foula;fula;fouler;VER;3,06;0,04;0;5;0;0;2;VER
foule;ful;foule;NOM;27,81;25,95;1;5;5;3;1;NOM,VER
foule;ful;fouler;VER;3,06;0,18;0;5;5;3;1;NOM,VER
foulé;fule;fouler;VER;3,06;1,11;0;5;0;4;2;VER
fours;fuR;four;NOM;15,44;1,48;0;5;0;3;1;NOM
fouta;futa;fouta;NOM;0,01;0,01;1;5;5;4;2;NOM
foute;fut;foutre;VER;400,67;3,35;0;5;0;3;1;VER
foutu;futy;foutre;VER;400,67;41,96;0;5;5;4;2;VER,ADJ
foutu;futy;foutu;ADJ;33,23;16,28;1;5;5;4;2;VER,ADJ
foyer;fwaje;foyer;ADJ;1,32;1,31;1;5;4;5;2;ADJ,NOM
foyer;fwaje;foyer;NOM;28,95;25,57;1;5;4;5;2;ADJ,NOM
foëne;fwEn;foëne;NOM;0;0;1;5;3;4;1;NOM
fracs;fRak;frac;NOM;0,89;0,12;0;5;0;4;1;NOM
fraie;fRE;frayer;VER;2,54;0,08;0;5;0;3;1;VER
frais;fRE;frais;ADJ;46,43;27,41;1;5;5;3;1;ADJ,ADV,NOM
frais;fRE;frais;ADV;0,33;0,33;1;5;5;3;1;ADJ,ADV,NOM
frais;fRE;frais;NOM;26,81;26,16;1;5;5;3;1;ADJ,ADV,NOM
franc;fR@;franc;ADJ;21,67;12,84;1;5;5;3;1;ADJ,ADV,NOM
franc;fR@;franc;ADV;0,16;0,16;1;5;5;3;1;ADJ,ADV,NOM
franc;fR@;franc;NOM;17,64;1,21;1;5;5;3;1;ADJ,ADV,NOM
fraya;fReja;frayer;VER;2,54;0,01;0;5;0;0;2;VER
fraye;fRej;frayer;VER;2,54;0,29;0;5;0;0;1;VER
frayé;fReje;frayer;VER;2,54;0,27;0;5;0;4;2;VER
freak;fREk;freak;NOM;0,24;0,16;1;5;4;4;1;NOM
frein;fR5;frein;NOM;10,25;4,87;1;5;5;3;1;NOM
frets;fRE;fret;NOM;1,19;0,01;0;5;0;3;1;NOM
freux;fR2;freux;NOM;0,02;0,02;1;5;5;3;1;NOM
frics;fRik;fric;NOM;109,01;0,02;0;5;0;4;1;NOM
frigo;fRigo;frigo;NOM;19,29;19,07;1;5;5;5;2;NOM
frima;fRima;frimer;VER;3,67;0;0;5;0;5;2;VER
frime;fRim;frime;NOM;0,83;0,79;1;5;5;4;1;NOM,VER
frime;fRim;frimer;VER;3,67;1,37;0;5;5;4;1;NOM,VER
frimé;fRime;frimer;VER;3,67;0,08;0;5;0;5;2;VER
fripa;fRipa;friper;VER;0,11;0;0;5;0;0;2;VER
fripe;fRip;fripe;NOM;0,58;0,22;1;5;5;4;1;NOM,VER
fripe;fRip;friper;VER;0,11;0,01;0;5;5;4;1;NOM,VER
fripé;fRipe;friper;VER;0,11;0,06;0;5;5;5;2;VER,ADJ
fripé;fRipe;fripé;ADJ;0,57;0,33;1;5;5;5;2;VER,ADJ
frire;fRiR;frire;VER;6,63;2,26;1;5;4;4;1;VER
frisa;fRiza;friser;VER;2,54;0;0;5;0;0;2;VER
frise;fRiz;frise;NOM;0,37;0,23;1;5;5;4;1;NOM,VER
frise;fRiz;friser;VER;2,54;0,8;0;5;5;4;1;NOM,VER
frisé;fRize;friser;VER;2,54;0,48;0;5;5;5;2;VER,ADJ
frisé;fRize;frisé;ADJ;2,72;1,56;1;5;5;5;2;VER,ADJ
frite;fRit;frite;ADJ;3,98;0,51;1;5;5;4;1;ADJ,NOM
frite;fRit;frite;NOM;9,33;0,66;1;5;5;4;1;ADJ,NOM
frits;fRi;frire;VER;6,63;1,32;0;5;0;0;1;VER
fritz;fRits;fritz;NOM;1,72;1,72;1;5;5;5;1;NOM
frocs;fROk;froc;NOM;6,92;0,31;0;5;0;4;1;NOM
froid;fRwa;froid;ADJ;127,22;98,43;1;5;5;4;1;ADJ,NOM
froid;fRwa;froid;NOM;29,11;28,73;1;5;5;4;1;ADJ,NOM
front;fR§;front;NOM;41,03;38,81;1;5;5;3;1;NOM
fruit;fR8i;fruit;NOM;39,45;15,99;1;5;5;4;1;NOM
frère;fRER;frère;NOM;390,39;311,45;1;5;3;4;1;NOM
frète;fREt;fréter;VER;0,01;0;0;5;0;4;1;VER
frémi;fRemi;frémir;VER;3,86;0,43;0;5;0;0;2;VER
fréon;fRe§;fréon;NOM;0,21;0,21;1;5;4;4;2;NOM
fréta;fReta;fréter;VER;0,01;0;0;5;0;0;2;VER
frété;fRete;fréter;VER;0,01;0;0;5;0;5;2;VER
frêle;fREl;frêle;ADJ;1,19;1;1;5;4;4;1;ADJ
frêne;fREn;frêne;NOM;1,81;1,71;1;5;4;4;1;NOM
frôla;fRola;frôler;VER;4,45;0,03;0;5;0;0;2;VER
frôle;fRol;frôler;VER;4,45;0,88;0;5;0;0;1;VER
frôlé;fRole;frôler;VER;4,45;1,8;0;5;0;5;2;VER
fugue;fyg;fugue;NOM;4,16;3,61;1;5;5;3;1;NOM,VER
fugue;fyg;fuguer;VER;2,81;0,26;0;5;5;3;1;NOM,VER
fugué;fyge;fuguer;VER;2,81;1,72;0;5;5;4;2;VER
fuies;f8i;fuir;VER;76,82;0,21;0;5;0;3;1;VER
fuira;f8iRa;fuir;VER;76,82;0,2;0;5;0;0;2;VER
fuite;f8it;fuite;NOM;29,09;26,02;1;5;5;4;1;NOM
fulls;ful;full;NOM;2,28;0,01;0;5;0;3;1;NOM
fumai;fymE;fumer;VER;98,49;0;0;5;0;4;2;VER
fumer;fyme;fumer;VER;98,49;35,91;1;5;5;4;2;VER
fumes;fym;fumer;VER;98,49;9,68;0;5;0;0;1;VER
fumet;fymE;fumet;NOM;0,25;0,24;1;5;5;4;2;NOM
fumez;fyme;fumer;VER;98,49;5,75;0;5;0;4;2;VER
fumât;fyma;fumer;VER;98,49;0;0;5;0;0;2;VER
fumée;fyme;fumer;VER;98,49;0,28;0;5;5;4;2;VER,ADJ,NOM
fumée;fyme;fumé;ADJ;3,06;0,93;0;5;5;4;2;VER,ADJ,NOM
fumée;fyme;fumée;NOM;20,25;19,91;1;5;5;4;2;VER,ADJ,NOM
fumés;fyme;fumer;VER;98,49;0,23;0;5;0;4;2;VER,ADJ
fumés;fyme;fumé;ADJ;3,06;0,06;0;5;0;4;2;VER,ADJ
funky;f9nki;funky;ADJ;1,51;1,51;1;5;5;3;2;ADJ
furax;fyRaks;furax;ADJ;4,51;4,51;1;5;4;4;2;ADJ
furet;fyRE;furet;NOM;0,87;0,69;1;5;5;4;2;NOM
furia;fyRja;furia;NOM;0,02;0,02;1;5;5;5;2;NOM
furie;fyRi;furie;NOM;2,58;2,05;1;5;5;4;2;NOM
fuser;fyze;fuser;VER;1,24;0,34;1;5;5;4;2;VER
fusil;fyzi;fusil;NOM;48,61;36,52;1;5;5;4;2;NOM
fusse;fys;être;AUX;8074,24;0,02;0;5;0;0;1;AUX,VER
fusse;fys;être;VER;32236,5;0,03;0;5;0;0;1;AUX,VER
fusée;fyze;fuser;VER;1,24;0,09;0;5;4;4;2;VER,NOM
fusée;fyze;fusée;NOM;10,09;6;1;5;4;4;2;VER,NOM
futal;fytal;futal;NOM;0,72;0,68;1;5;5;5;2;NOM
futon;fyt§;futon;NOM;0,32;0,28;1;5;4;4;2;NOM
futur;fytyR;futur;ADJ;23,2;9,41;1;5;5;5;2;ADJ,NOM
futur;fytyR;futur;NOM;26,33;25,73;1;5;5;5;2;ADJ,NOM
futée;fyte;futé;ADJ;9,23;1,74;0;5;0;4;2;ADJ,NOM
futée;fyte;futé;NOM;3,47;0,64;0;5;0;4;2;ADJ,NOM
futés;fyte;futé;ADJ;9,23;0,97;0;5;0;4;2;ADJ,NOM
futés;fyte;futé;NOM;3,47;0,32;0;5;0;4;2;ADJ,NOM
fuyez;f8ije;fuir;VER;76,82;4,78;0;5;0;0;2;VER
fâcha;faSa;fâcher;VER;46,63;0,04;0;5;0;0;2;VER
fâche;faS;fâcher;VER;46,63;11,69;0;5;0;0;1;VER
fâché;faSe;fâcher;VER;46,63;12,81;0;5;5;4;2;VER,ADJ
fâché;faSe;fâché;ADJ;12,51;7,1;1;5;5;4;2;VER,ADJ
fèces;fEs;fèces;NOM;0,32;0,32;1;5;3;3;1;NOM
fèves;fEv;fève;NOM;1,12;0,68;0;5;0;3;1;NOM
féaux;feo;féal;ADJ;0,01;0;0;5;0;0;2;ADJ
fécal;fekal;fécal;ADJ;0,27;0,05;1;5;5;5;2;ADJ
félin;fel5;félin;ADJ;0,34;0,08;1;5;5;4;2;ADJ,NOM
félin;fel5;félin;NOM;0,35;0,26;1;5;5;4;2;ADJ,NOM
félon;fel§;félon;ADJ;0,09;0,05;1;5;5;4;2;ADJ,NOM
félon;fel§;félon;NOM;0,5;0,33;1;5;5;4;2;ADJ,NOM
fémur;femyR;fémur;NOM;1,48;1,42;1;5;4;4;2;NOM
féras;feRa;féra;NOM;0;0;0;5;0;4;2;NOM
féria;feRja;féria;NOM;0,8;0,8;1;5;5;5;2;NOM
férir;feRiR;férir;VER;0,04;0,04;1;5;5;5;2;VER
férié;feRje;férié;ADJ;0,97;0,52;1;5;5;5;2;ADJ
férue;feRy;féru;ADJ;0,3;0,03;0;5;0;4;2;ADJ
férus;feRy;féru;ADJ;0,3;0,05;0;5;0;4;2;ADJ
fétus;fety;fétu;NOM;0,2;0,03;0;5;0;4;2;NOM
fêler;fele;fêler;VER;1,74;0,14;1;5;5;4;2;VER
fêles;fEl;fêler;VER;1,74;0;0;5;0;3;1;VER
fêlée;fele;fêler;VER;1,74;0,5;0;5;0;4;2;VER,ADJ,NOM
fêlée;fele;fêlé;ADJ;0,74;0,09;0;5;0;4;2;VER,ADJ,NOM
fêlée;fele;fêlé;NOM;1;0,05;0;5;0;4;2;VER,ADJ,NOM
fêlés;fEle;fêler;VER;1,74;0,11;0;5;0;0;2;VER,ADJ,NOM
fêlés;fEle;fêlé;ADJ;0,74;0,04;0;5;0;0;2;VER,ADJ,NOM
fêlés;fEle;fêlé;NOM;1;0,36;0;5;0;0;2;VER,ADJ,NOM
fêter;fete;fêter;VER;36,97;20,03;1;5;5;4;2;VER
fêtes;fEt;fête;NOM;155,97;17,94;0;5;0;3;1;NOM,VER
fêtes;fEt;fêter;VER;36,97;0,75;0;5;0;3;1;NOM,VER
fêtez;fEte;fêter;VER;36,97;1,02;0;5;0;0;2;VER
fêtée;fete;fêter;VER;36,97;0,22;0;5;0;4;2;VER
fêtés;fete;fêter;VER;36,97;0,13;0;5;0;4;2;VER
fîmes;fim;faire;VER;8813,48;0,29;0;5;0;0;1;VER
fîtes;fit;faire;VER;8813,48;0,38;0;5;0;0;1;VER
fûmes;fym;être;AUX;8074,24;0,72;0;5;0;0;1;AUX,VER
fûmes;fym;être;VER;32236,5;0,35;0;5;0;0;1;AUX,VER
fûtes;fyt;être;AUX;8074,24;0,14;0;5;0;0;1;AUX,VER
fûtes;fyt;être;VER;32236,5;0,22;0;5;0;0;1;AUX,VER
gable;gabl;gable;NOM;0,14;0,01;1;5;4;4;1;NOM
gadin;gad5;gadin;NOM;0,12;0,12;1;5;4;4;2;NOM
gadjo;gadZo;gadjo;NOM;0,54;0,54;1;5;4;5;2;NOM
gaffa;gafa;gaffer;VER;5,2;0;0;5;0;0;2;VER
gaffe;gaf;gaffe;NOM;34,68;33,92;1;5;5;3;1;NOM,VER
gaffe;gaf;gaffer;VER;5,2;4,62;0;5;5;3;1;NOM,VER
gaffé;gafe;gaffer;VER;5,2;0,35;0;5;0;4;2;VER
gagas;gaga;gaga;ADJ;0,61;0,02;0;5;0;4;2;ADJ,NOM
gagas;gaga;gaga;NOM;0,21;0,01;0;5;0;4;2;ADJ,NOM
gager;gaZe;gager;VER;1,87;0,34;1;5;5;4;2;VER
gages;gaZ;gage;NOM;15,31;6,06;0;5;0;3;1;NOM,VER
gages;gaZ;gager;VER;1,87;0,16;0;5;0;3;1;NOM,VER
gagez;gaZe;gager;VER;1,87;0,02;0;5;0;4;2;VER
gagna;gaNa;gagner;VER;294,44;0,78;0;5;0;0;2;VER
gagne;gaN;gagner;VER;294,44;53,39;0;5;0;0;1;VER
gagné;gaNe;gagner;VER;294,44;89,92;0;5;5;4;2;VER,ADJ
gagné;gaNe;gagné;ADJ;6,09;5,34;1;5;5;4;2;VER,ADJ
gagée;gaZe;gager;VER;1,87;0,02;0;5;0;4;2;VER
gaies;ge;gai;ADJ;20;0,88;0;5;0;2;1;ADJ
gaine;gEn;gaine;NOM;2,15;1,16;1;5;5;3;1;NOM
gains;g5;gain;NOM;5,6;3,02;0;5;0;2;1;NOM
gainé;gEne;gainer;VER;0,08;0;0;5;5;0;2;VER
galas;gala;gala;NOM;3,9;0,59;0;5;0;4;2;NOM
galbe;galb;galbe;NOM;0,06;0,05;1;5;5;4;1;NOM
galbé;galbe;galber;VER;0,1;0;0;5;5;5;2;VER,ADJ
galbé;galbe;galbé;ADJ;0,04;0;1;5;5;5;2;VER,ADJ
gales;gal;gale;NOM;3,52;0,03;0;5;0;3;1;NOM
galet;galE;galet;NOM;1,18;0,54;1;5;5;4;2;NOM
galle;gal;galle;NOM;0,02;0;1;5;5;3;1;NOM
gallo;galo;gallo;ADJ;1,54;1,54;1;5;5;4;2;ADJ,NOM
gallo;galo;gallo;NOM;0,47;0,47;1;5;5;4;2;ADJ,NOM
galon;gal§;galon;NOM;3,16;0,89;1;5;5;4;2;NOM
galop;galo;galop;NOM;2,83;2,83;1;5;5;4;2;NOM
galée;gale;galée;NOM;0,04;0;1;5;5;4;2;NOM
gamay;gamE;gamay;NOM;0;0;1;5;5;4;2;NOM
gambe;g@b;gambe;NOM;0,34;0,34;1;5;5;3;1;NOM
gamin;gam5;gamin;ADJ;22,15;16,44;1;5;5;4;2;ADJ,NOM
gamin;gam5;gamin;NOM;92,22;55,94;1;5;5;4;2;ADJ,NOM
gamma;gama;gamma;NOM;1,94;1,94;1;5;5;4;2;NOM
gamme;gam;gamme;NOM;3,22;2,67;1;5;5;3;1;NOM
gangs;g@g;gang;NOM;17,48;5,05;0;5;0;3;1;NOM
ganja;g@Za;ganja;NOM;0,18;0,18;1;5;4;3;2;NOM
ganse;g@s;ganse;NOM;0,04;0,02;1;5;5;3;1;NOM
gansé;g@se;ganser;VER;0;0;0;5;0;0;2;VER
gante;g@t;ganter;VER;0,14;0;0;5;0;0;1;VER
gants;g@;gant;NOM;25,02;15,16;0;5;0;2;1;NOM
ganté;g@te;ganter;VER;0,14;0,02;0;5;5;4;2;VER,ADJ
ganté;g@te;ganté;ADJ;0,06;0,04;1;5;5;4;2;VER,ADJ
garce;gaRs;garce;NOM;21,71;20,25;1;5;5;4;1;NOM
garda;gaRda;garder;VER;338,4;0,4;0;5;0;0;2;VER
garde;gaRd;garde;NOM;104,47;76,76;1;5;5;4;1;NOM,VER
garde;gaRd;garder;VER;338,4;93,72;0;5;5;4;1;NOM,VER
gardé;gaRde;garder;VER;338,4;24,98;0;5;5;5;2;VER,ADJ
gardé;gaRde;gardé;ADJ;2,64;1,37;1;5;5;5;2;VER,ADJ
garer;gaRe;garer;VER;27,16;6,7;1;5;5;4;2;VER
gares;gaR;gare;NOM;42,15;1,87;0;5;0;3;1;NOM,VER
gares;gaR;garer;VER;27,16;0,69;0;5;0;3;1;NOM,VER
garez;gaRe;garer;VER;27,16;2,48;0;5;0;4;2;VER
garni;gaRni;garni;ADJ;0,66;0,26;1;5;5;5;2;ADJ,NOM,VER
garni;gaRni;garni;NOM;0,07;0,04;1;5;5;5;2;ADJ,NOM,VER
garni;gaRni;garnir;VER;1,04;0,26;0;5;5;5;2;ADJ,NOM,VER
garno;gaRno;garno;NOM;0;0;1;5;5;5;2;NOM
garou;gaRu;garou;NOM;0,03;0,03;1;5;4;4;2;NOM
garée;gaRe;garer;VER;27,16;4,08;0;5;0;4;2;VER
garés;gaRe;garer;VER;27,16;0,78;0;5;0;4;2;VER
gatte;gEt;gatte;NOM;0,02;0,02;1;5;3;3;1;NOM
gaule;gol;gaule;NOM;0,85;0,75;1;5;5;3;1;NOM,VER
gaule;gol;gauler;VER;0,75;0,01;0;5;5;3;1;NOM,VER
gaulé;gole;gauler;VER;0,75;0,2;0;5;0;4;2;VER
gaupe;gop;gaupe;NOM;0;0;1;5;4;3;1;NOM
gauss;gos;gauss;NOM;0,01;0,01;1;5;5;3;1;NOM
gavai;gavE;gaver;VER;4,19;0;0;5;0;0;2;VER
gaver;gave;gaver;VER;4,19;0,5;1;5;5;4;2;VER
gaves;gav;gave;NOM;0,01;0;0;5;0;3;1;NOM,VER
gaves;gav;gaver;VER;4,19;0,11;0;5;0;3;1;NOM,VER
gavez;gave;gaver;VER;4,19;0,3;0;5;0;4;2;VER
gavée;gave;gaver;VER;4,19;0,43;0;5;0;4;2;VER
gavés;gave;gaver;VER;4,19;0,43;0;5;0;4;2;VER
gayac;gajak;gayac;NOM;0;0;1;5;4;5;2;NOM
gazer;gaze;gazer;VER;5,39;0,68;1;5;5;4;2;VER
gazes;gaz;gaze;NOM;0,93;0,11;0;5;0;3;1;NOM
gazez;gaze;gazer;VER;5,39;0,01;0;5;0;4;2;VER
gazon;gaz§;gazon;NOM;3,81;3,58;1;5;5;4;2;NOM
gazée;gaze;gazer;VER;5,39;0,01;0;5;0;4;2;VER,ADJ
gazée;gaze;gazé;ADJ;0,32;0,01;0;5;0;4;2;VER,ADJ
gazés;gaze;gazer;VER;5,39;0,75;0;5;0;4;2;VER,ADJ,NOM
gazés;gaze;gazé;ADJ;0,32;0,14;0;5;0;4;2;VER,ADJ,NOM
gazés;gaze;gazé;NOM;0,01;0,01;0;5;0;4;2;VER,ADJ,NOM
gaîté;gete;gaîté;NOM;0,55;0,55;1;5;4;4;2;NOM
geais;ZE;geai;NOM;0,27;0,03;0;5;0;2;1;NOM
gecko;ZEko;gecko;NOM;0,32;0,26;1;5;3;3;2;NOM
geins;Z5;geindre;VER;0,59;0,16;0;5;0;0;1;VER
geint;Z5;geindre;VER;0,59;0,14;0;5;0;0;1;VER
geler;Z°le;geler;VER;23,41;3,18;1;5;4;4;2;VER
gelez;Z°le;geler;VER;23,41;0,19;0;5;0;4;2;VER
gelât;Z°la;geler;VER;23,41;0;0;5;0;0;2;VER
gelée;Z°le;geler;VER;23,41;3,61;0;5;5;4;2;VER,NOM
gelée;Z°le;gelée;NOM;4,31;3,92;1;5;5;4;2;VER,NOM
gelés;Z°le;geler;VER;23,41;0,96;0;5;0;4;2;VER,ADJ
gelés;Z°le;gelé;ADJ;3,17;0,77;0;5;0;4;2;VER,ADJ
gemme;ZEm;gemme;NOM;0,3;0,12;1;5;5;3;1;NOM
genet;Z2nE;genet;NOM;0,01;0,01;1;5;5;4;2;NOM
genou;Z°nu;genou;NOM;54,24;11,43;1;5;5;4;2;NOM
genre;Z@R;genre;NOM;221,51;219,66;1;5;5;3;1;NOM
gente;Z@t;gent;ADJ;1,56;1,39;0;5;5;3;1;ADJ
gente;Z@t;gente;ADJ;0,24;0,24;1;5;5;3;1;ADJ
gents;Z@;gent;NOM;0,49;0,09;0;5;0;2;1;NOM
genêt;Z°nE;genêt;NOM;0,25;0,23;1;5;5;4;2;NOM
gerba;ZERba;gerber;VER;8,28;0,13;0;5;0;0;2;VER
gerbe;ZERb;gerbe;NOM;2,06;1,69;1;5;5;4;1;NOM,VER
gerbe;ZERb;gerber;VER;8,28;0,39;0;5;5;4;1;NOM,VER
gerbé;ZERbe;gerber;VER;8,28;0,82;0;5;0;5;2;VER
gerce;ZERs;gercer;VER;0,26;0,01;0;5;5;0;1;VER
gercé;ZERse;gercer;VER;0,26;0,01;0;5;0;4;2;VER
germa;ZERma;germer;VER;1,02;0,02;0;5;0;0;2;VER
germe;ZERm;germe;NOM;1,98;0,55;1;5;5;4;1;NOM,VER
germe;ZERm;germer;VER;1,02;0,12;0;5;5;4;1;NOM,VER
germé;ZERme;germer;VER;1,02;0,39;0;5;5;5;2;VER,ADJ
germé;ZERme;germé;ADJ;0,02;0,02;1;5;5;5;2;VER,ADJ
geste;ZEst;geste;NOM;40,78;31,41;1;5;5;4;1;NOM
geôle;Zol;geôle;NOM;0,27;0,09;1;5;5;3;1;NOM
gibet;ZibE;gibet;NOM;1,43;1,09;1;5;5;4;2;NOM
gibus;Zibys;gibus;NOM;0,01;0,01;1;5;4;4;2;NOM
gicla;Zikla;gicler;VER;3,68;0;0;5;0;0;2;VER
gicle;Zikl;gicler;VER;3,68;1,69;0;5;0;0;1;VER
giclé;Zikle;gicler;VER;3,68;0,62;0;5;0;5;2;VER
gifla;Zifla;gifler;VER;6,77;0,11;0;5;0;0;2;VER
gifle;Zifl;gifle;NOM;4,47;3,6;1;5;5;4;1;NOM,VER
gifle;Zifl;gifler;VER;6,77;1,37;0;5;5;4;1;NOM,VER
giflé;Zifle;gifler;VER;6,77;1,63;0;5;0;5;2;VER
gifts;Zif;gift;NOM;0,02;0,02;0;5;0;0;1;NOM
gigas;Ziga;giga;ADJ;0,23;0,04;0;5;0;4;2;ADJ
gigot;Zigo;gigot;NOM;1,46;1,41;1;5;5;4;2;NOM
gigue;Zig;gigue;NOM;0,32;0,32;1;5;4;3;1;NOM
gilet;ZilE;gilet;NOM;6,06;5,13;1;5;5;4;2;NOM
gipsy;Zipsi;gipsy;NOM;0,03;0,03;1;5;3;5;2;NOM
girer;ZiRe;girer;VER;0;0;1;5;5;4;2;VER
gires;ZiR;gire;NOM;0;0;0;5;0;3;1;NOM
girie;ZiRi;girie;NOM;0;0;1;5;4;4;2;NOM
girls;g9Rl;girl;NOM;7,47;3,06;0;5;0;4;1;NOM
giron;ZiR§;giron;NOM;0,39;0,39;1;5;5;4;2;NOM
gitan;Zit@;gitan;ADJ;1,19;0,46;1;5;4;4;2;ADJ,NOM
gitan;Zit@;gitan;NOM;7,5;1,6;1;5;4;4;2;ADJ,NOM
giton;Zit§;giton;NOM;1,25;1,23;1;5;4;4;2;NOM
givre;ZivR;givre;NOM;0,33;0,32;1;5;5;4;1;NOM
givré;ZivRe;givrer;VER;1,59;0,74;0;5;5;5;2;VER,ADJ
givré;ZivRe;givré;ADJ;1,52;1;1;5;5;5;2;VER,ADJ
glace;glas;glace;NOM;66,82;58,09;1;5;5;4;1;NOM,VER
glace;glas;glacer;VER;7,21;1,4;0;5;5;4;1;NOM,VER
glacé;glase;glacer;VER;7,21;1,82;0;5;5;5;2;VER,ADJ
glacé;glase;glacé;ADJ;11,42;5,28;1;5;5;5;2;VER,ADJ
glana;glana;glaner;VER;1,2;0;0;5;0;0;2;VER
gland;gl@;gland;NOM;2,95;2,14;1;5;5;3;1;NOM
glane;glan;glane;NOM;0;0;1;5;5;4;1;NOM,VER
glane;glan;glaner;VER;1,2;0,25;0;5;5;4;1;NOM,VER
glané;glane;glaner;VER;1,2;0,09;0;5;0;5;2;VER
glapi;glapi;glapir;VER;0,23;0;0;5;0;0;2;VER
glass;glas;glass;NOM;1,23;1,05;1;5;5;4;1;NOM
glaça;glasa;glacer;VER;7,21;0,01;0;5;0;0;2;VER
glide;glid;glide;NOM;0,07;0,07;1;5;4;4;1;NOM
globe;glOb;globe;NOM;4,21;3,17;1;5;5;4;1;NOM
glose;gloz;glose;NOM;0,01;0,01;1;5;5;4;1;NOM,VER
glose;gloz;gloser;VER;0;0;0;5;5;4;1;NOM,VER
glosé;gloze;gloser;VER;0;0;0;5;0;5;2;VER
gluon;gly§;gluon;NOM;0,04;0,04;1;5;4;4;2;NOM
glèbe;glEb;glèbe;NOM;0,51;0,51;1;5;4;4;1;NOM
glène;glEn;glène;NOM;0;0;1;5;4;4;1;NOM
gnard;NaR;gnard;NOM;0;0;1;5;4;3;1;NOM
gnole;Nol;gnole;NOM;0,55;0,55;1;5;4;3;1;NOM
gnome;gnom;gnome;NOM;2,95;2,36;1;5;4;4;1;NOM
gnons;N§;gnon;NOM;1,02;0,59;0;5;0;2;1;NOM
gnose;gnoz;gnose;NOM;0;0;1;5;5;4;1;NOM
gnouf;Nuf;gnouf;NOM;0,41;0,41;1;5;5;2;1;NOM
gnous;gnu;gnou;NOM;0,2;0,03;0;5;0;3;1;NOM
gnôle;Nol;gnôle;NOM;3,24;3,24;1;5;3;3;1;NOM
goals;gol;goal;NOM;1,32;0;0;5;0;3;1;NOM
gober;gobe;gober;VER;5,9;2,5;1;5;5;4;2;VER
gobes;gOb;gober;VER;5,9;0,28;0;5;0;0;1;VER
gobet;gobE;gobet;NOM;0;0;1;5;5;4;2;NOM
gobez;gobe;gober;VER;5,9;0,31;0;5;0;4;2;VER
gobée;gobe;gober;VER;5,9;0;0;5;0;4;2;VER
gobés;gobe;gober;VER;5,9;0;0;5;0;4;2;VER
goder;gode;goder;VER;0,7;0;1;5;5;4;2;VER
godes;gOd;goder;VER;0,7;0,36;0;5;0;0;1;VER
godet;godE;godet;NOM;0,33;0,29;1;5;5;4;2;NOM
goglu;gOgly;goglu;NOM;0,02;0,02;1;5;4;4;2;NOM
gogol;gogOl;gogol;ADJ;0,3;0,29;1;5;5;4;2;ADJ
gogos;gogo;gogo;NOM;2,19;0,35;0;5;0;4;2;NOM
goldo;gOldo;goldo;NOM;0;0;1;5;5;5;2;NOM
golem;golEm;golem;NOM;0,1;0,1;1;5;4;4;2;NOM
golfe;gOlf;golfe;NOM;1,69;1,55;1;5;5;4;1;NOM
golfs;gOlf;golf;NOM;14,14;0,09;0;5;0;4;1;NOM
gombo;g§bo;gombo;NOM;2,44;2;1;5;4;3;2;NOM
gomma;goma;gommer;VER;0,57;0;0;5;0;0;2;VER
gomme;gOm;gomme;NOM;3,81;3,21;1;5;5;3;1;NOM,VER
gomme;gOm;gommer;VER;0,57;0,06;0;5;5;3;1;NOM,VER
gommé;gome;gommer;VER;0,57;0,19;0;5;5;4;2;VER,ADJ
gommé;gome;gommé;ADJ;0,01;0,01;1;5;5;4;2;VER,ADJ
gonde;g§d;gonder;VER;0,01;0;0;5;0;0;1;VER
gonds;g§;gond;NOM;0,91;0,87;0;5;0;2;1;NOM
gongs;g§g;gong;NOM;2,41;0,06;0;5;0;3;1;NOM
gonze;g§z;gonze;NOM;0,07;0,06;1;5;5;3;1;NOM
gopak;gopak;gopak;NOM;0;0;1;5;4;4;2;NOM
goret;goRE;goret;NOM;0,85;0,81;1;5;5;4;2;NOM
gorge;gORZ;gorge;NOM;30,87;29,57;1;5;5;4;1;NOM,VER
gorge;gORZ;gorger;VER;1,52;0,55;0;5;5;4;1;NOM,VER
gorgé;gORZe;gorger;VER;1,52;0,19;0;5;5;5;2;VER,ADJ
gorgé;gORZe;gorgé;ADJ;0;0;1;5;5;5;2;VER,ADJ
gosse;gOs;gosse;NOM;109,96;62,92;1;5;5;3;1;NOM
gotha;gota;gotha;NOM;0,04;0,04;1;5;5;4;2;NOM
goths;go;goth;NOM;0,04;0,01;0;5;0;2;1;NOM
goton;got§;goton;NOM;0;0;1;5;4;4;2;NOM
gouda;guda;gouda;NOM;0,03;0,03;1;5;5;4;2;NOM
gouet;gwE;gouet;NOM;0;0;1;5;4;3;1;NOM
gouge;guZ;gouge;NOM;0,02;0,01;1;5;5;3;1;NOM
goule;gul;goule;NOM;0,61;0,26;1;5;5;3;1;NOM
goulu;guly;goulu;ADJ;0,14;0,02;1;5;5;4;2;ADJ,NOM
goulu;guly;goulu;NOM;0,02;0,01;1;5;5;4;2;ADJ,NOM
goumi;gumi;goumi;NOM;0;0;1;5;5;4;2;NOM
goums;gum;goum;NOM;0,04;0,04;0;5;0;3;1;NOM
goura;guRa;goura;NOM;0;0;1;5;5;4;2;NOM
gourd;guR;gourd;ADJ;0;0;1;5;5;3;1;ADJ
goure;guR;gourer;VER;2,33;0,3;0;5;0;3;1;VER
gours;guR;gour;NOM;0,02;0,01;0;5;0;3;1;NOM
gouré;guRe;gourer;VER;2,33;0,64;0;5;0;4;2;VER
goûta;guta;goûter;VER;42,27;0;0;5;0;0;2;VER
goûte;gut;goûter;VER;42,27;9,85;0;5;0;3;1;VER
goûts;gu;goût;NOM;57,94;7,43;0;5;0;2;1;NOM
goûté;gute;goûter;VER;42,27;7,01;0;5;0;4;2;VER
graal;gRal;graal;NOM;0,04;0,04;1;5;4;4;1;NOM
grade;gRad;grade;NOM;6,44;5,78;1;5;5;4;1;NOM
gradé;gRade;gradé;ADJ;1,61;1,36;1;5;5;5;2;ADJ,NOM
gradé;gRade;gradé;NOM;1,94;1,12;1;5;5;5;2;ADJ,NOM
graff;gRaf;graff;NOM;0,05;0,05;1;5;5;4;1;NOM
grain;gR5;grain;NOM;14,32;10,74;1;5;5;3;1;NOM
grana;gRana;grana;NOM;0;0;1;5;5;5;2;NOM
grand;gR@;grand;ADJ;638,72;338,27;1;5;5;3;1;ADJ,ADV,NOM
grand;gR@;grand;ADV;7,99;7,99;1;5;5;3;1;ADJ,ADV,NOM
grand;gR@;grand;NOM;92,25;68,73;1;5;5;3;1;ADJ,ADV,NOM
grava;gRava;graver;VER;10,34;0,04;0;5;0;5;2;VER
grave;gRav;grave;ADJ;142,48;134,19;1;5;5;4;1;ADJ,NOM,VER
grave;gRav;grave;NOM;2,46;2,34;1;5;5;4;1;ADJ,NOM,VER
grave;gRav;graver;VER;10,34;0,81;0;5;5;4;1;ADJ,NOM,VER
gravi;gRavi;gravir;VER;2,6;0,44;0;5;0;0;2;VER
gravé;gRave;graver;VER;10,34;3,58;0;5;5;5;2;VER,ADJ
gravé;gRave;gravé;ADJ;0,66;0,35;1;5;5;5;2;VER,ADJ
grays;gRE;gray;NOM;0,1;0,08;0;5;0;3;1;NOM
grecs;gREk;grec;ADJ;12,14;1,37;0;5;0;4;1;ADJ,NOM
grecs;gREk;grec;NOM;11,36;4,58;0;5;0;4;1;ADJ,NOM
green;gRin;green;NOM;1,13;1,04;1;5;4;4;1;NOM
grenu;gR°ny;grenu;ADJ;0,01;0,01;1;5;5;5;2;ADJ
grené;gR°ne;grener;VER;0;0;0;5;0;0;2;VER
grevé;gR°ve;grever;VER;0,18;0,01;0;5;0;4;2;VER
grief;gRijEf;grief;NOM;0,77;0,23;1;5;4;6;2;NOM
grill;gRil;grill;NOM;1,66;1,66;1;5;5;4;1;NOM
grils;gRil;gril;NOM;0,68;0,04;0;5;0;4;1;NOM
grima;gRima;grimer;VER;0,2;0,04;0;5;0;0;2;VER
grimé;gRime;grimer;VER;0,2;0,13;0;5;0;5;2;VER
griot;gRijo;griot;NOM;0,58;0,16;1;5;5;5;2;NOM
grisa;gRiza;griser;VER;1,03;0;0;5;0;0;2;VER
grise;gRiz;gris;ADJ;19,64;7,25;0;5;0;0;1;ADJ,VER
grise;gRiz;griser;VER;1,03;0,7;0;5;0;0;1;ADJ,VER
grisé;gRize;griser;VER;1,03;0,06;0;5;5;5;2;VER,ADJ,NOM
grisé;gRize;grisé;ADJ;0,16;0,14;1;5;5;5;2;VER,ADJ,NOM
grisé;gRize;grisé;NOM;0;0;1;5;5;5;2;VER,ADJ,NOM
grive;gRiv;grive;NOM;1,73;0,52;1;5;5;4;1;NOM
grogs;gROg;grog;NOM;0,63;0,12;0;5;0;4;1;NOM
groin;gRw5;groin;NOM;0,43;0,32;1;5;4;4;1;NOM
grole;gROl;grole;NOM;0,07;0,04;1;5;5;4;1;NOM
groom;gRum;groom;NOM;1,17;1,02;1;5;4;4;1;NOM
group;gRup;group;NOM;7,65;7,41;1;5;5;4;1;NOM
gruau;gRyo;gruau;NOM;0,73;0,69;1;5;4;4;2;NOM
grues;gRy;grue;NOM;4,76;1,22;0;5;0;3;1;NOM
gruge;gRyZ;gruger;VER;0,48;0,04;0;5;0;0;1;VER
grugé;gRyZe;gruger;VER;0,48;0,21;0;5;0;4;2;VER
grume;gRym;grume;NOM;0,12;0,01;1;5;5;4;1;NOM
gruta;gRyta;gruter;VER;0;0;0;5;0;0;2;VER
grute;gRyt;gruter;VER;0;0;0;5;0;0;1;VER
grâce;gRas;grâce;NOM;34,59;32,08;1;5;3;4;1;NOM,ONO,PRE
grâce;gRas;grâce;ONO;0,7;0,7;1;5;3;4;1;NOM,ONO,PRE
grâce;gRas;grâce;PRE;85,61;85,61;1;5;3;4;1;NOM,ONO,PRE
grèbe;gREb;grèbe;NOM;0,02;0,02;1;5;4;4;1;NOM
grège;gREZ;grège;ADJ;0;0;1;5;5;4;1;ADJ,NOM
grège;gREZ;grège;NOM;0;0;1;5;5;4;1;ADJ,NOM
grène;gREn;grener;VER;0;0;0;5;0;4;1;VER
grève;gREv;grever;VER;0,18;0,04;0;5;4;4;1;VER,NOM
grève;gREv;grève;NOM;15,87;14,54;1;5;4;4;1;VER,NOM
gréco;gReko;gréco;ADV;0,15;0,15;1;5;5;5;2;ADV
gréer;gRee;gréer;VER;0,07;0,03;1;5;5;4;2;VER
gréez;gRee;gréer;VER;0,07;0,01;0;5;0;4;2;VER
gréée;gRee;gréer;VER;0,07;0,02;0;5;0;4;2;VER
grêle;gREl;grêle;ADJ;0,54;0,53;1;5;5;4;1;ADJ,NOM,VER
grêle;gREl;grêle;NOM;1,05;1,05;1;5;5;4;1;ADJ,NOM,VER
grêle;gREl;grêler;VER;0,24;0,2;0;5;5;4;1;ADJ,NOM,VER
grêlé;gRele;grêler;VER;0,24;0,02;0;5;5;4;2;VER,ADJ
grêlé;gRele;grêlé;ADJ;0,31;0,3;1;5;5;4;2;VER,ADJ
guano;gwano;guano;NOM;0,23;0,23;1;5;5;5;2;NOM
guets;gE;guet;NOM;3,29;0;0;5;0;2;1;NOM
gueux;g2;gueux;NOM;2,87;2,14;1;5;5;2;1;NOM
guida;gida;guider;VER;24,79;0,31;0;5;0;0;2;VER
guide;gid;guide;NOM;17,52;14,69;1;5;5;3;1;NOM,VER
guide;gid;guider;VER;24,79;5,92;0;5;5;3;1;NOM,VER
guidé;gide;guider;VER;24,79;2,81;0;5;0;4;2;VER
guise;giz;guise;NOM;6,26;6,26;1;5;5;3;1;NOM
guppy;gypi;guppy;NOM;0,55;0,55;1;5;3;3;2;NOM
gusse;gys;gusse;NOM;0,14;0,14;1;5;4;3;1;NOM
gusto;gysto;gusto;ADV;0,88;0,88;1;5;5;5;2;ADV
guzla;gyzla;guzla;NOM;0;0;1;5;3;3;2;NOM
guède;gEd;guède;NOM;0,02;0,02;1;5;4;3;1;NOM
guère;gER;guère;ADV;17,02;17,02;1;5;4;3;1;ADV
guéri;geRi;guéri;ADJ;3,46;1,44;1;5;5;4;2;ADJ,VER
guéri;geRi;guérir;VER;44,73;9,04;0;5;5;4;2;ADJ,VER
guêpe;gEp;guêpe;NOM;3,37;2,73;1;5;5;3;1;NOM
gypse;Zips;gypse;NOM;0,09;0,09;1;5;5;4;1;NOM
gyrus;ZiRys;gyrus;NOM;0,01;0,01;1;5;4;4;2;NOM
gâcha;gaSa;gâcher;VER;49,57;0;0;5;0;0;2;VER
gâche;gaS;gâche;NOM;0,35;0,34;1;5;5;3;1;NOM,VER
gâche;gaS;gâcher;VER;49,57;7,08;0;5;5;3;1;NOM,VER
gâché;gaSe;gâcher;VER;49,57;14,1;0;5;0;4;2;VER
gâter;gate;gâter;VER;10,97;1,8;1;5;5;4;2;VER
gâtes;gat;gâter;VER;10,97;1,22;0;5;0;0;1;VER
gâtez;gate;gâter;VER;10,97;0,46;0;5;0;4;2;VER
gâtât;gata;gâter;VER;10,97;0;0;5;0;0;2;VER
gâtée;gate;gâter;VER;10,97;1,23;0;5;0;4;2;VER,ADJ
gâtée;gate;gâté;ADJ;3,66;1,68;0;5;0;4;2;VER,ADJ
gâtés;gate;gâter;VER;10,97;0,42;0;5;0;4;2;VER,ADJ
gâtés;gate;gâté;ADJ;3,66;0,54;0;5;0;4;2;VER,ADJ
gèles;ZEl;geler;VER;23,41;0,26;0;5;0;3;1;VER
gènes;ZEn;gène;NOM;8,07;3,9;0;5;0;3;1;NOM
géant;Ze@;géant;ADJ;13,91;8,6;1;5;3;3;2;ADJ,NOM
géant;Ze@;géant;NOM;11,67;6,71;1;5;3;3;2;ADJ,NOM
gémie;Zemi;gémir;VER;9,19;0,01;0;5;0;0;2;VER
gémir;ZemiR;gémir;VER;9,19;2,38;1;5;5;5;2;VER
gémis;Zemi;gémir;VER;9,19;0,93;0;5;0;0;2;VER
gémit;Zemi;gémir;VER;9,19;3,88;0;5;0;0;2;VER
génie;Zeni;génie;NOM;38,01;34,65;1;5;5;4;2;NOM
géode;ZeOd;géode;NOM;0,04;0,04;1;5;5;4;2;NOM
gérer;ZeRe;gérer;VER;27,51;16,57;1;5;4;4;2;VER
gérez;ZeRe;gérer;VER;27,51;0,69;0;5;0;4;2;VER
gérée;ZeRe;gérer;VER;27,51;0,28;0;5;0;4;2;VER
gérés;ZeRe;gérer;VER;27,51;0,07;0;5;0;4;2;VER
gésir;ZeziR;gésir;VER;4,77;0,02;1;5;5;5;2;VER
gêner;Zene;gêner;VER;57,76;5,48;1;5;5;4;2;VER
gênes;ZEn;gêne;NOM;3,62;0,62;0;5;0;3;1;NOM,VER
gênes;ZEn;gêner;VER;57,76;1,19;0;5;0;3;1;NOM,VER
gênez;ZEne;gêner;VER;57,76;3,52;0;5;0;4;2;VER
gênât;ZEna;gêner;VER;57,76;0;0;5;0;0;2;VER
gênée;ZEne;gêner;VER;57,76;3,26;0;5;0;4;2;VER,ADJ
gênée;ZEne;gêné;ADJ;4,67;1,62;0;5;0;4;2;VER,ADJ
gênés;Zene;gêner;VER;57,76;0,92;0;5;0;4;2;VER,ADJ
gênés;Zene;gêné;ADJ;4,67;0,49;0;5;0;4;2;VER,ADJ
gîter;Zite;gîter;VER;0,03;0;1;5;5;4;2;VER
gîtes;Zit;gîte;NOM;1,2;0,14;0;5;0;3;1;NOM
habit;abi;habit;NOM;27,64;8,34;1;5;5;3;2;NOM
hacha;aSa;hacher;VER;2,18;0,1;0;5;0;3;2;VER
hache;aS;hache;NOM;10,23;8,73;1;5;5;2;1;NOM,VER
hache;aS;hacher;VER;2,18;0,29;0;5;5;2;1;NOM,VER
haché;aSe;hacher;VER;2,18;0,12;0;5;5;3;2;VER,ADJ
haché;aSe;haché;ADJ;1,5;0,73;1;5;5;3;2;VER,ADJ
hadji;adZi;hadji;NOM;0,47;0,47;1;5;5;4;2;NOM
haies;E;haie;NOM;3,36;0,76;0;5;0;1;1;NOM
haine;En;haine;NOM;33,1;31,49;1;5;5;2;1;NOM
haire;ER;haire;NOM;0;0;1;5;4;2;1;NOM
hakka;aka;hakka;NOM;0,01;0,01;1;5;4;3;2;NOM
halal;alal;halal;ADJ;0,24;0,24;1;5;5;4;2;ADJ
haler;ale;haler;VER;0,16;0,02;1;5;5;3;2;VER
halez;ale;haler;VER;0,16;0,02;0;5;0;3;2;VER
halle;al;halle;NOM;0,83;0,26;1;5;5;2;1;NOM
halls;ol;hall;NOM;9,9;0,17;0;5;0;2;1;NOM
halon;al§;halon;NOM;0,08;0,08;1;5;5;3;2;NOM
halos;alo;halo;NOM;1,36;0,05;0;5;0;3;2;NOM
halte;alt;halte;NOM;3,77;3,73;1;5;5;3;1;NOM,ONO,VER
halte;alt;halte;ONO;14,27;14,27;1;5;5;3;1;NOM,ONO,VER
halte;alt;halter;VER;0,07;0,04;0;5;5;3;1;NOM,ONO,VER
halva;alva;halva;NOM;0,01;0,01;1;5;4;4;2;NOM
halée;ale;haler;VER;0,16;0;0;5;0;3;2;VER
halés;ale;haler;VER;0,16;0;0;5;0;3;2;VER
hamac;amak;hamac;NOM;1,84;1,63;1;5;5;4;2;NOM
hampe;@p;hampe;NOM;0,52;0,52;1;5;4;2;1;NOM
hanap;anap;hanap;NOM;0,01;0,01;1;5;4;4;2;NOM
hanta;@ta;hanter;VER;11,37;0,06;0;5;0;0;2;VER
hante;@t;hanter;VER;11,37;2,7;0;5;0;2;1;VER
hanté;@te;hanter;VER;11,37;1,91;0;5;5;3;2;VER,ADJ
hanté;@te;hanté;ADJ;1,99;0,67;1;5;5;3;2;VER,ADJ
happa;apa;happer;VER;0,99;0;0;5;0;3;2;VER
happe;ap;happe;NOM;0;0;1;5;5;2;1;NOM,VER
happe;ap;happer;VER;0,99;0,16;0;5;5;2;1;NOM,VER
happé;ape;happer;VER;0,99;0,11;0;5;0;3;2;VER
haque;ak;haque;NOM;0,41;0,41;1;5;5;2;1;NOM
haras;aRa;haras;NOM;0,19;0,19;1;5;5;3;2;NOM
harde;aRd;harde;NOM;0,15;0;1;5;5;3;1;NOM
hardi;aRdi;hardi;ADJ;2,22;1,3;1;5;5;4;2;ADJ,ONO
hardi;aRdi;hardi;ONO;0,01;0,01;1;5;5;4;2;ADJ,ONO
harem;aREm;harem;NOM;1,78;1,6;1;5;5;4;2;NOM
haret;aRE;haret;ADJ;0;0;1;5;5;3;2;ADJ
harki;aRki;harki;NOM;0;0;1;5;4;4;2;NOM
harpe;aRp;harpe;NOM;1,14;0,94;1;5;5;3;1;NOM
harts;aR;hart;NOM;0,07;0;0;5;0;2;1;NOM
hasch;aS;hasch;NOM;2,16;2,16;1;5;5;2;1;NOM
hases;az;hase;NOM;0,02;0;0;5;0;2;1;NOM
haute;ot;haut;ADJ;68,05;32,44;0;5;5;2;1;ADJ,NOM
haute;ot;haute;NOM;1,85;1,85;1;5;5;2;1;ADJ,NOM
hauts;o;haut;ADJ;68,05;5,48;0;5;0;1;1;ADJ,NOM
hauts;o;haut;NOM;77,86;2,63;0;5;0;1;1;ADJ,NOM
haver;ave;haver;VER;10,73;0,07;1;5;5;3;2;VER
haves;av;haver;VER;10,73;0;0;5;0;2;1;VER
havre;avR;havre;NOM;0,89;0,85;1;5;5;3;1;NOM
hayon;Ej§;hayon;NOM;0,06;0,06;1;5;3;3;2;NOM
haïes;ai;haïr;VER;55,42;0;0;5;0;2;2;VER
haïks;aik;haïk;NOM;0;0;0;5;0;3;2;NOM
haïku;aiky;haïku;NOM;0,3;0,29;1;5;5;4;3;NOM
haïra;aiRa;haïr;VER;55,42;0,52;0;5;0;0;3;VER
hebdo;Ebdo;hebdo;NOM;0,2;0,18;1;5;5;4;2;NOM
hecto;Ekto;hecto;NOM;0;0;1;5;5;4;2;NOM
hello;Elo;hello;ONO;10,82;10,82;1;5;5;3;2;ONO
henné;ene;henné;NOM;1,15;1,15;1;5;5;3;2;NOM
henry;@Ri;henry;NOM;0,15;0,15;1;5;4;3;2;NOM
herba;ERba;herber;VER;0,22;0,02;0;5;0;0;2;VER
herbe;ERb;herbe;NOM;34,81;27,64;1;5;5;3;1;NOM
herbu;ERby;herbu;ADJ;0,01;0;1;5;5;4;2;ADJ
herse;ERs;herse;NOM;0,27;0,26;1;5;5;3;1;NOM
hersé;ERse;herser;VER;0;0;0;5;0;4;2;VER
hertz;ERts;hertz;NOM;0,09;0,09;1;5;5;3;1;NOM
heure;9R;heure;NOM;709,79;415,4;1;5;5;2;1;NOM
heurs;9R;heur;NOM;0,28;0,01;0;5;0;2;1;NOM
heurt;9R;heurt;NOM;0,49;0,29;1;5;5;2;1;NOM
hibou;ibu;hibou;NOM;5,01;4,08;1;5;4;3;2;NOM
hindi;indi;hindi;NOM;0,14;0,14;1;5;5;4;2;NOM
hippo;ipo;hippo;NOM;0,41;0,41;1;5;5;3;2;NOM
hippy;ipi;hippy;ADJ;0,11;0,11;1;5;5;3;2;ADJ,NOM
hippy;ipi;hippy;NOM;0,25;0,25;1;5;5;3;2;ADJ,NOM
hissa;isa;hisser;VER;8,09;0,13;0;5;0;0;2;VER
hisse;is;hisse;ONO;0,88;0,88;1;5;5;2;1;ONO,VER
hisse;is;hisser;VER;8,09;2,75;0;5;5;2;1;ONO,VER
hissé;ise;hisser;VER;8,09;1,21;0;5;0;3;2;VER
hiver;ivER;hiver;NOM;38,96;37,44;1;5;5;4;2;NOM
hobby;Obi;hobby;NOM;3,11;2,5;1;5;4;3;2;NOM
hocha;oSa;hocher;VER;1,8;0,16;0;5;0;0;2;VER
hoche;OS;hocher;VER;1,8;0,41;0;5;0;0;1;VER
hoché;oSe;hocher;VER;1,8;0,27;0;5;0;3;2;VER
hodja;OdZa;hodja;NOM;0,19;0,19;1;5;4;4;2;NOM
homes;om;home;NOM;4;0,24;0;5;0;2;1;NOM
homme;Om;homme;NOM;1123,55;781,11;1;5;5;2;1;NOM
homos;omo;homo;ADJ;8,15;0,97;0;5;0;3;2;ADJ,NOM
homos;omo;homo;NOM;4,51;2,31;0;5;0;3;2;ADJ,NOM
honni;oni;honni;ADJ;0,56;0,55;1;5;5;3;2;ADJ,VER
honni;oni;honnir;VER;0,19;0,14;0;5;5;3;2;ADJ,VER
honte;§t;honte;NOM;103,4;103,26;1;5;5;2;1;NOM
hopak;Opak;hopak;NOM;0,01;0,01;1;5;4;3;2;NOM
hopis;opi;hopi;ADJ;0,01;0;0;5;0;3;2;ADJ
horde;ORd;horde;NOM;2,95;2,33;1;5;4;3;1;NOM
hosto;Osto;hosto;NOM;5,74;5,69;1;5;5;4;2;NOM
hotte;Ot;hotte;NOM;1,23;1;1;5;5;2;1;NOM
hotus;oty;hotu;NOM;0;0;0;5;0;3;2;NOM
houle;ul;houle;NOM;0,46;0,44;1;5;5;2;1;NOM
houlà;ula;houlà;ONO;0,13;0,13;1;5;5;3;2;ONO
houri;uRi;houri;NOM;0,1;0,1;1;5;5;3;2;NOM
house;awz;house;NOM;4,74;4,74;1;5;5;3;1;NOM
hoyau;wajo;hoyau;NOM;0;0;1;5;3;4;2;NOM
huait;8E;huer;VER;1,24;0,02;0;5;0;0;1;VER
huant;8@;huer;VER;1,24;0,03;0;5;0;0;1;VER
huard;8aR;huard;NOM;0,59;0,52;1;5;5;2;1;NOM
huart;8aR;huart;NOM;0;0;1;5;5;2;1;NOM
huche;yS;huche;NOM;0,19;0,19;1;5;5;2;1;NOM
huile;8il;huile;NOM;22,68;20,23;1;5;5;3;1;NOM,VER
huile;8il;huiler;VER;0,59;0,09;0;5;5;3;1;NOM,VER
huilé;8ile;huiler;VER;0,59;0,08;0;5;5;4;2;VER,ADJ
huilé;8ile;huilé;ADJ;0,57;0,21;1;5;5;4;2;VER,ADJ
humai;ymE;humer;VER;0,73;0;0;5;0;0;2;VER
humer;yme;humer;VER;0,73;0,28;1;5;5;3;2;VER
humez;yme;humer;VER;0,73;0,04;0;5;0;3;2;VER
humus;ymys;humus;NOM;0,32;0,32;1;5;4;3;2;NOM
humée;yme;humer;VER;0,73;0;0;5;0;3;2;VER
humés;yme;humer;VER;0,73;0;0;5;0;3;2;VER
hunes;yn;hune;NOM;0,06;0;0;5;0;2;1;NOM
huppe;yp;huppe;NOM;0,06;0,06;1;5;5;2;1;NOM
huppé;ype;huppé;ADJ;0,45;0,17;1;5;5;3;2;ADJ
hures;yR;hure;NOM;0,11;0;0;5;0;2;1;NOM
hurla;yRla;hurler;VER;33,17;0,46;0;5;0;0;2;VER
hurle;yRl;hurler;VER;33,17;8,34;0;5;0;0;1;VER
hurlé;yRle;hurler;VER;33,17;3,06;0;5;0;4;2;VER
huron;yR§;huron;ADJ;0,04;0,01;1;5;4;3;2;ADJ,NOM
huron;yR§;huron;NOM;0,02;0,01;1;5;4;3;2;ADJ,NOM
husky;yski;husky;NOM;0,28;0,28;1;5;5;3;2;NOM
hutte;yt;hutte;NOM;3,9;3,25;1;5;5;2;1;NOM
huées;8e;huer;VER;1,24;0;0;5;0;2;1;VER,NOM
huées;8e;huée;NOM;0,64;0,64;0;5;0;2;1;VER,NOM
hydne;idn;hydne;NOM;0;0;1;5;4;3;1;NOM
hydre;idR;hydre;NOM;0,17;0,17;1;5;5;3;1;NOM
hydro;idRo;hydro;ADV;0,17;0,17;1;5;5;4;2;ADV
hymen;imEn;hymen;NOM;2,05;2,05;1;5;4;4;2;NOM
hymne;imn;hymne;NOM;6,25;5,37;1;5;4;3;1;NOM
hyper;ipER;hyper;ADV;6,66;6,66;1;5;5;4;2;ADV
hyène;jEn;hyène;NOM;2,37;1,64;1;5;3;3;1;NOM
hâles;al;hâle;NOM;0,15;0;0;5;0;2;1;NOM
hâlée;ale;hâler;VER;0,01;0;0;5;0;3;2;VER,ADJ
hâlée;ale;hâlé;ADJ;0,05;0,02;0;5;0;3;2;VER,ADJ
hâlés;ale;hâler;VER;0,01;0;0;5;0;3;2;VER,ADJ
hâlés;ale;hâlé;ADJ;0,05;0;0;5;0;3;2;VER,ADJ
hâtai;atE;hâter;VER;5,63;0,01;0;5;0;0;2;VER
hâter;ate;hâter;VER;5,63;1,32;1;5;5;3;2;VER
hâtes;at;hâte;NOM;18,83;0;0;5;0;2;1;NOM,VER
hâtes;at;hâter;VER;5,63;0,01;0;5;0;2;1;NOM,VER
hâtez;ate;hâter;VER;5,63;0,93;0;5;0;3;2;VER
hâtif;atif;hâtif;ADJ;2,43;0,65;1;5;5;4;2;ADJ
hâtât;ata;hâter;VER;5,63;0;0;5;0;0;2;VER
hâtée;ate;hâter;VER;5,63;0,01;0;5;0;3;2;VER
hâtés;ate;hâter;VER;5,63;0;0;5;0;3;2;VER
hâves;av;hâve;ADJ;0,01;0;0;5;0;2;1;ADJ
hères;ER;hère;NOM;0,17;0,13;0;5;0;2;1;NOM
hélai;elE;héler;VER;0,35;0;0;5;0;0;2;VER
hélas;elas;hélas;ONO;24,21;24,21;1;5;4;4;2;ONO,VER
hélas;elas;héler;VER;0,35;0,05;0;5;4;4;2;ONO,VER
héler;ele;héler;VER;0,35;0,11;1;5;4;3;2;VER
hélez;ele;héler;VER;0,35;0,01;0;5;0;3;2;VER
hélio;eljo;hélio;NOM;0;0;1;5;5;4;2;NOM
hélix;eliks;hélix;NOM;0,07;0,07;1;5;5;5;2;NOM
hélés;ele;héler;VER;0,35;0;0;5;0;3;2;VER
héron;eR§;héron;NOM;0,64;0,27;1;5;5;3;2;NOM
héros;eRo;héros;NOM;76,58;66,17;1;5;5;3;2;NOM
hévéa;evea;hévéa;NOM;0,23;0,01;1;5;3;4;3;NOM
hêtre;EtR;hêtre;NOM;0,65;0,18;1;5;5;3;1;NOM
hôtel;otEl;hôtel;NOM;114,67;107,73;1;5;5;4;2;NOM
hôtes;ot;hôte;NOM;19,43;6;0;5;0;2;1;NOM
iambe;j@b;iambe;NOM;0,02;0,02;1;5;5;3;1;NOM
iboga;ibOga;iboga;NOM;0,04;0,04;1;5;4;3;3;NOM
ibère;ibER;ibère;ADJ;0;0;1;5;3;4;2;ADJ,NOM
ibère;ibER;ibère;NOM;0,01;0,01;1;5;3;4;2;ADJ,NOM
ictus;iktys;ictus;NOM;0;0;1;5;4;4;2;NOM
icône;ikon;icône;NOM;1,81;1,25;1;5;3;4;2;NOM
idiot;idjo;idiot;ADJ;74,06;50,27;1;5;5;4;2;ADJ,NOM
idiot;idjo;idiot;NOM;90,57;55,73;1;5;5;4;2;ADJ,NOM
idole;idOl;idole;NOM;5,43;4,77;1;5;5;3;2;NOM
idéal;ideal;idéal;ADJ;21,85;15,8;1;5;5;5;3;ADJ,NOM
idéal;ideal;idéal;NOM;11,22;8;1;5;5;5;3;ADJ,NOM
idéel;ideEl;idéel;ADJ;0,01;0,01;1;5;5;4;3;ADJ
idées;ide;idée;NOM;389,77;59,38;0;5;0;3;2;NOM
iftar;iftaR;iftar;NOM;0;0;1;5;3;3;2;NOM
igloo;iglu;igloo;NOM;1,08;0,54;1;5;3;3;2;NOM
ignée;igne;igné;ADJ;0,02;0,02;0;5;0;0;2;ADJ
igues;ig;igue;NOM;0,01;0;0;5;0;2;1;NOM
ilium;iljOm;ilium;NOM;0,01;0,01;1;5;4;4;2;NOM
ilote;ilOt;ilote;NOM;0;0;1;5;5;4;2;NOM
iléus;ileys;iléus;NOM;0,03;0,03;1;5;4;4;3;NOM
image;imaZ;image;NOM;82,13;51,34;1;5;5;4;2;NOM,VER
image;imaZ;imager;VER;0,73;0,66;0;5;5;4;2;NOM,VER
imago;imago;imago;NOM;0;0;1;5;5;4;3;NOM
imagé;imaZe;imager;VER;0,73;0,02;0;5;5;5;3;VER,ADJ
imagé;imaZe;imagé;ADJ;0,1;0,08;1;5;5;5;3;VER,ADJ
imams;imam;imam;NOM;1,27;0,16;0;5;0;4;2;NOM
imbue;5by;imbu;ADJ;0,56;0,09;0;5;0;3;2;ADJ
imbus;5by;imbu;ADJ;0,56;0,05;0;5;0;3;2;ADJ
imita;imita;imiter;VER;14,7;0,01;0;5;0;0;3;VER
imite;imit;imiter;VER;14,7;3,85;0;5;0;0;2;VER
imité;imite;imiter;VER;14,7;0,4;0;5;5;5;3;VER,ADJ
imité;imite;imité;ADJ;0,44;0,4;1;5;5;5;3;VER,ADJ
impec;5pEk;impec;ADJ;1,06;1,06;1;5;5;4;2;ADJ
imper;5pER;imper;NOM;2,08;1,95;1;5;5;4;2;NOM
impie;5pi;impie;ADJ;1,66;1,19;1;5;5;3;2;ADJ,NOM
impie;5pi;impie;NOM;1,09;0,16;1;5;5;3;2;ADJ,NOM
impro;5pRo;impro;NOM;0,82;0,82;1;5;5;4;2;NOM
impur;5pyR;impur;ADJ;3,91;1,44;1;5;5;4;2;ADJ
impôt;5po;impôt;NOM;15,14;2,67;1;5;4;3;2;NOM
inane;inan;inane;ADJ;0;0;1;5;5;4;2;ADJ
incas;5ka;inca;ADJ;0,45;0,09;0;5;0;3;2;ADJ
incus;5ky;incus;ADJ;0,01;0,01;1;5;5;3;2;ADJ
indes;5d;inde;NOM;0,24;0;0;5;0;2;1;NOM
index;5dEks;index;NOM;2,18;2,18;1;5;5;5;2;NOM
indic;5dik;indic;NOM;5,36;4,33;1;5;5;4;2;NOM
indou;5du;indou;ADJ;0,03;0,03;1;5;5;3;2;ADJ
indue;5dy;indu;ADJ;0,29;0,27;0;5;0;3;2;ADJ
indus;5dy;indu;ADJ;0,29;0;0;5;0;3;2;ADJ
infos;5fo;info;NOM;25,5;18,78;0;5;0;3;2;NOM
infra;5fRa;infra;ADV;0,59;0,59;1;5;5;4;2;ADV
infus;5fy;infus;ADJ;0,27;0;1;5;5;3;2;ADJ
innée;ine;inné;ADJ;1,26;0,26;0;5;0;3;2;ADJ
innés;ine;inné;ADJ;1,26;0,01;0;5;0;3;2;ADJ
inouï;inwi;inouï;ADJ;3,23;1,79;1;5;5;3;2;ADJ
input;input;input;NOM;0;0;1;5;3;4;2;NOM
inter;5tER;inter;NOM;0,84;0,84;1;5;5;4;2;NOM
intox;5tOks;intox;NOM;0,34;0,21;1;5;5;5;2;NOM
intra;5tRa;intra;ADV;0,02;0,02;1;5;5;4;2;ADV
inuit;in8it;inuit;NOM;0,04;0,04;1;5;4;3;2;NOM
iodle;jodl;iodler;VER;0,07;0,03;0;5;0;0;1;VER
iodée;jode;ioder;VER;0;0;0;5;0;4;2;VER,ADJ
iodée;jode;iodé;ADJ;0,14;0,14;0;5;0;4;2;VER,ADJ
ippon;ip§;ippon;NOM;0,03;0,03;1;5;3;3;2;NOM
ipéca;ipeka;ipéca;NOM;0,32;0,32;1;5;3;4;3;NOM
irais;iRE;aller;VER;9992,77;20,14;0;5;0;0;2;VER
irait;iRE;aller;VER;9992,77;22,44;0;5;0;0;2;VER
iriez;iRje;aller;VER;9992,77;2,02;0;5;0;0;2;VER
irise;iRiz;iriser;VER;0,01;0,01;0;5;0;0;2;VER
irisé;iRize;iriser;VER;0,01;0;0;5;5;5;3;VER,ADJ
irisé;iRize;irisé;ADJ;0,05;0;1;5;5;5;3;VER,ADJ
irons;iR§;aller;VER;9992,77;15,36;0;5;0;0;2;VER
iront;iR§;aller;VER;9992,77;7,43;0;5;0;0;2;VER
isard;izaR;isard;NOM;0;0;1;5;4;4;2;NOM
isbas;isba;isba;NOM;0,4;0;0;5;0;0;2;NOM
islam;islam;islam;NOM;2,84;2,84;1;5;5;5;2;NOM
isola;izola;isoler;VER;14,1;0,04;0;5;0;0;3;VER
isole;izOl;isoler;VER;14,1;1,36;0;5;0;0;2;VER
isolé;izole;isoler;VER;14,1;3,59;0;5;5;5;3;VER,ADJ,NOM
isolé;izole;isolé;ADJ;8,17;4,08;1;5;5;5;3;VER,ADJ,NOM
isolé;izole;isolé;NOM;0,84;0,45;1;5;5;5;3;VER,ADJ,NOM
issue;isy;issu;ADJ;5,24;1,59;0;5;5;3;2;ADJ,NOM
issue;isy;issue;NOM;16,52;13,7;1;5;5;3;2;ADJ,NOM
issus;isy;issu;ADJ;5,24;1,29;0;5;0;3;2;ADJ
ithos;itOs;ithos;NOM;0;0;1;5;4;3;2;NOM
iules;jyl;iule;NOM;0;0;0;5;0;0;1;NOM
ivres;ivR;ivre;ADJ;18,32;1,72;0;5;0;3;1;ADJ
jabot;Zabo;jabot;NOM;0,16;0,15;1;5;5;4;2;NOM
jacks;Zak;jack;NOM;2,26;0,4;0;5;0;3;1;NOM
jacob;ZakOb;jacob;NOM;0,09;0,09;1;5;5;4;2;NOM
jacot;Zako;jacot;NOM;0;0;1;5;5;4;2;NOM
jacte;Zakt;jacter;VER;0,36;0,17;0;5;0;0;1;VER
jacté;Zakte;jacter;VER;0,36;0,02;0;5;0;5;2;VER
jades;Zad;jade;NOM;0,66;0,03;0;5;0;3;1;NOM
jadis;Zadis;jadis;ADJ;0,5;0,5;1;5;4;4;2;ADJ,ADV
jadis;Zadis;jadis;ADV;11,55;11,55;1;5;4;4;2;ADJ,ADV
jaffa;Zafa;jaffer;VER;5,41;0,79;0;5;0;0;2;VER
jaffe;Zaf;jaffe;NOM;0,17;0,17;1;5;5;3;1;NOM
jalon;Zal§;jalon;NOM;0,17;0,03;1;5;5;4;2;NOM
jambe;Z@b;jambe;NOM;113,82;46,31;1;5;5;3;1;NOM
jante;Z@t;jante;NOM;1,22;0,22;1;5;4;3;1;NOM
japon;Zap§;japon;NOM;0,2;0,2;1;5;5;4;2;NOM
jappa;Zapa;japper;VER;0,48;0;0;5;0;0;2;VER
jappe;Zap;japper;VER;0,48;0,34;0;5;0;3;1;VER
jappé;Zape;japper;VER;0,48;0;0;5;0;4;2;VER
jarre;ZaR;jarre;NOM;1,25;1,17;1;5;5;3;1;NOM
jaser;Zaze;jaser;VER;2,72;1,56;1;5;5;4;2;VER
jases;Zaz;jaser;VER;2,72;0;0;5;0;0;1;VER
jaspe;Zasp;jaspe;NOM;0;0;1;5;5;4;1;NOM
jaspé;Zaspe;jasper;VER;0,11;0;0;5;0;5;2;VER
jatte;Zat;jatte;NOM;0,18;0,18;1;5;3;3;1;NOM
jauge;ZoZ;jauge;NOM;1,44;1,25;1;5;5;3;1;NOM,VER
jauge;ZoZ;jauger;VER;1,17;0,14;0;5;5;3;1;NOM,VER
jaugé;ZoZe;jauger;VER;1,17;0;0;5;0;4;2;VER
jaune;Zon;jaune;ADJ;21,09;15,48;1;5;5;3;1;ADJ,NOM
jaune;Zon;jaune;NOM;7,88;6,43;1;5;5;3;1;ADJ,NOM
jauni;Zoni;jauni;ADJ;0,28;0;1;5;5;4;2;ADJ,VER
jauni;Zoni;jaunir;VER;0,92;0,5;0;5;5;4;2;ADJ,VER
javas;Zava;java;NOM;0,46;0,02;0;5;0;4;2;NOM
javel;ZavEl;javel;NOM;1,33;1,33;1;5;5;4;2;NOM
jazzy;dZazi;jazzy;ADJ;0,14;0,14;1;5;5;5;2;ADJ
jeans;dZins;jean;NOM;6,55;2,93;0;5;0;0;1;NOM
jeeps;dZip;jeep;NOM;4,65;0,47;0;5;0;4;1;NOM
jenny;Zeni;jenny;NOM;0,12;0,12;1;5;3;4;2;NOM
jerez;xeREs;jerez;NOM;0,67;0,67;1;5;4;2;2;NOM
jetai;Z°tE;jeter;VER;192,18;0,26;0;5;0;0;2;VER
jetas;Z°ta;jeter;VER;192,18;0,02;0;5;0;0;2;VER
jeter;Z°te;jeter;NOM;2,62;2,62;1;5;5;4;2;NOM,VER
jeter;Z°te;jeter;VER;192,18;59,28;1;5;5;4;2;NOM,VER
jetez;Z°te;jeter;VER;192,18;17,07;0;5;0;4;2;VER
jeton;Z°t§;jeton;NOM;10,27;2,88;1;5;4;4;2;NOM
jette;ZEt;jeter;VER;192,18;43,48;0;5;4;3;1;VER,NOM
jette;ZEt;jette;NOM;0,01;0,01;1;5;4;3;1;VER,NOM
jetât;Z°ta;jeter;VER;192,18;0;0;5;0;0;2;VER
jetée;Z°te;jeter;VER;192,18;9,01;0;5;5;4;2;VER,ADJ,NOM
jetée;Z°te;jeté;ADJ;1,15;0,16;0;5;5;4;2;VER,ADJ,NOM
jetée;Z°te;jetée;NOM;3,43;3,26;1;5;5;4;2;VER,ADJ,NOM
jetés;Z°te;jeter;VER;192,18;3,73;0;5;0;4;2;VER,ADJ,NOM
jetés;Z°te;jeté;ADJ;1,15;0,25;0;5;0;4;2;VER,ADJ,NOM
jetés;Z°te;jeté;NOM;0,76;0,26;0;5;0;4;2;VER,ADJ,NOM
jeudi;Z2di;jeudi;NOM;26,09;24,58;1;5;4;3;2;NOM
jeune;Z9n;jeune;ADJ;297,01;234,9;1;5;5;3;1;ADJ,NOM
jeune;Z9n;jeune;NOM;54,68;18,16;1;5;5;3;1;ADJ,NOM
jeûna;Z2na;jeûner;VER;2,59;0,01;0;5;0;0;2;VER
jeûne;Z2n;jeûne;NOM;1,84;1,62;1;5;5;3;1;NOM,VER
jeûne;Z2n;jeûner;VER;2,59;0,43;0;5;5;3;1;NOM,VER
jeûné;Z2ne;jeûner;VER;2,59;0,33;0;5;0;4;2;VER
jihad;dZijad;jihad;NOM;0,28;0,28;1;5;3;4;2;NOM
jocko;ZOko;jocko;ADJ;0,17;0,17;1;5;5;3;2;ADJ,NOM
jocko;ZOko;jocko;NOM;0,09;0,09;1;5;5;3;2;ADJ,NOM
joice;Zwas;joice;ADJ;0,01;0,01;1;5;4;4;1;ADJ
joies;Zwa;joie;NOM;75,09;4,03;0;5;0;3;1;NOM
joins;Zw5;joindre;VER;46,37;3;0;5;0;3;1;VER
joint;Zw5;joindre;VER;46,37;2,51;0;5;5;3;1;VER,ADJ,NOM
joint;Zw5;joint;ADJ;2,8;1,17;1;5;5;3;1;VER,ADJ,NOM
joint;Zw5;joint;NOM;8,38;5,78;1;5;5;3;1;VER,ADJ,NOM
jojos;ZoZo;jojo;ADJ;1,4;0,03;0;5;0;4;2;ADJ,NOM
jojos;ZoZo;jojo;NOM;0,68;0;0;5;0;4;2;ADJ,NOM
joker;ZokER;joker;NOM;3,54;3,44;1;5;4;5;2;NOM
jolie;Zoli;joli;ADJ;226,45;101,54;0;5;5;4;2;ADJ
jolie;Zoli;jolie;ADJ;0,01;0,01;1;5;5;4;2;ADJ
jolis;Zoli;joli;ADJ;226,45;9,37;0;5;0;4;2;ADJ,NOM
jolis;Zoli;joli;NOM;0,96;0,96;0;5;0;4;2;ADJ,NOM
joncs;Z§;jonc;NOM;0,24;0,05;0;5;0;2;1;NOM
jouai;ZwE;jouer;VER;570,12;0,13;0;5;0;3;1;VER
jouer;Zwe;jouer;VER;570,12;225,84;1;5;5;3;1;VER
joues;Zu;joue;NOM;32,28;6,72;0;5;0;2;1;NOM,VER
joues;Zu;jouer;VER;570,12;33,7;0;5;0;2;1;NOM,VER
jouet;ZwE;jouet;NOM;25,5;11,82;1;5;5;3;1;NOM
jouez;Zue;jouer;VER;570,12;24,66;0;5;0;0;2;VER
jougs;Zu;joug;NOM;2,48;0,01;0;5;0;2;1;NOM
jouir;ZwiR;jouir;VER;22,06;10,42;1;5;5;4;1;VER
jouis;Zwi;jouir;VER;22,06;2,65;0;5;0;0;1;VER
jouit;Zwi;jouir;VER;22,06;1,99;0;5;0;0;1;VER
jours;ZuR;jour;NOM;1061,92;426,7;0;5;0;3;1;NOM
joute;Zut;joute;NOM;1,25;0,97;1;5;5;3;1;NOM
jouté;Zute;jouter;VER;0,1;0,01;0;5;0;4;2;VER
jouât;Zwa;jouer;VER;570,12;0;0;5;0;3;1;VER
jouée;Zwe;jouer;VER;570,12;2,01;0;5;0;3;1;VER,ADJ
jouée;Zwe;joué;ADJ;1,22;0,27;0;5;0;3;1;VER,ADJ
joués;Zwe;jouer;VER;570,12;0,45;0;5;0;3;1;VER,ADJ
joués;Zwe;joué;ADJ;1,22;0,02;0;5;0;3;1;VER,ADJ
joyau;Zwajo;joyau;NOM;3,6;2,67;1;5;4;5;2;NOM
jucha;ZySa;jucher;VER;0,24;0;0;5;0;0;2;VER
juche;ZyS;jucher;VER;0,24;0;0;5;0;0;1;VER
juché;ZySe;jucher;VER;0,24;0,17;0;5;0;3;2;VER
judas;Zyda;judas;NOM;1,28;1,28;1;5;5;4;2;NOM
judéo;Zydeo;judéo;ADV;0,01;0,01;1;5;5;5;3;ADV
jugea;ZyZa;juger;VER;56,12;0,42;0;5;0;0;2;VER
juger;ZyZe;juger;VER;56,12;18,06;1;5;5;4;2;VER
juges;ZyZ;juge;NOM;66,45;10,06;0;5;0;3;1;NOM,VER
juges;ZyZ;juger;VER;56,12;1,56;0;5;0;3;1;NOM,VER
jugez;ZyZe;juger;VER;56,12;4,25;0;5;0;4;2;VER
jugée;ZyZe;juger;VER;56,12;2,01;0;5;0;4;2;VER
jugés;ZyZe;juger;VER;56,12;1,88;0;5;0;4;2;VER,ADJ,NOM
jugés;ZyZe;jugé;ADJ;0,87;0,29;0;5;0;4;2;VER,ADJ,NOM
jugés;ZyZe;jugé;NOM;0,19;0,05;0;5;0;4;2;VER,ADJ,NOM
juifs;Z8if;juif;ADJ;30,62;4,42;0;5;0;4;1;ADJ,NOM
juifs;Z8if;juif;NOM;45,32;29,03;0;5;0;4;1;ADJ,NOM
juive;Z8iv;juif;ADJ;30,62;8,43;0;5;0;0;1;ADJ,NOM
juive;Z8iv;juif;NOM;45,32;1,45;0;5;0;0;1;ADJ,NOM
julep;ZylEp;julep;NOM;0,02;0,02;1;5;5;4;2;NOM
jules;Zyl;jules;NOM;4,13;4,13;1;5;5;3;1;NOM
julot;Zylo;julot;NOM;0,12;0,12;1;5;4;4;2;NOM
jumbo;dZ9mbo;jumbo;NOM;0,52;0,52;1;5;4;5;2;NOM
junky;Zynki;junky;NOM;0,15;0,15;1;5;5;4;2;NOM
junte;Z1t;junte;NOM;0,17;0,17;1;5;4;3;1;NOM
jupes;Zyp;jupe;NOM;12,76;2,64;0;5;0;3;1;NOM
jupon;Zyp§;jupon;NOM;3;1,35;1;5;5;4;2;NOM
jupée;Zype;jupé;ADJ;0;0;0;5;0;0;2;ADJ
jurai;ZyRE;jurer;VER;148,41;0,16;0;5;0;0;2;VER
jurer;ZyRe;jurer;VER;148,41;7,58;1;5;4;4;2;VER
jures;ZyR;jurer;VER;148,41;4,75;0;5;0;0;1;VER
jurez;ZyRe;jurer;VER;148,41;6,55;0;5;0;4;2;VER
juron;ZyR§;juron;NOM;2,1;0,42;1;5;4;4;2;NOM
jurys;ZyRi;jury;NOM;18,8;0,15;0;5;0;4;2;NOM
jurée;ZyRe;jurer;VER;148,41;0,45;0;5;0;4;2;VER,ADJ,NOM
jurée;ZyRe;juré;ADJ;2,84;0,09;0;5;0;4;2;VER,ADJ,NOM
jurée;ZyRe;juré;NOM;8,82;0,04;0;5;0;4;2;VER,ADJ,NOM
jurés;ZyRe;jurer;VER;148,41;0,2;0;5;0;4;2;VER,ADJ,NOM
jurés;ZyRe;juré;ADJ;2,84;0,4;0;5;0;4;2;VER,ADJ,NOM
jurés;ZyRe;juré;NOM;8,82;5,59;0;5;0;4;2;VER,ADJ,NOM
jusqu;Zysk;jusqu;PRE;2,26;2,26;1;5;5;4;1;PRE
juste;Zyst;juste;ADJ;656,86;653,49;1;5;5;4;1;ADJ,ADV,NOM
juste;Zyst;juste;ADV;252,71;252,71;1;5;5;4;1;ADJ,ADV,NOM
juste;Zyst;juste;NOM;18,73;17,36;1;5;5;4;1;ADJ,ADV,NOM
juter;Zyte;juter;VER;0,03;0,03;1;5;5;4;2;VER
jèzes;ZEz;jèze;NOM;0;0;0;5;0;3;1;NOM
jésus;Zezy;jésus;NOM;8,19;8,19;1;5;5;4;2;NOM
kacha;kaSa;kacha;NOM;0;0;1;5;5;4;2;NOM
kafir;kafiR;kafir;NOM;0,05;0,05;1;5;4;4;2;NOM
kakis;kaki;kaki;NOM;0,68;0,29;0;5;0;4;2;NOM
kalpa;kalpa;kalpa;NOM;0,01;0,01;1;5;4;5;2;NOM
kanji;k@Zi;kanji;NOM;0,04;0,04;1;5;4;3;2;NOM
kaori;kaORi;kaori;NOM;0,01;0,01;1;5;4;5;3;NOM
kapok;kapOk;kapok;NOM;0,04;0,04;1;5;5;5;2;NOM
kapos;kapo;kapo;NOM;0,29;0;0;5;0;4;2;NOM
kappa;kapa;kappa;NOM;0,17;0,17;1;5;4;4;2;NOM
karen;kaREn;karen;ADJ;0,43;0,43;1;5;4;5;2;ADJ
karma;kaRma;karma;NOM;10,73;10,73;1;5;5;5;2;NOM
katal;katal;katal;NOM;0,01;0,01;1;5;5;5;2;NOM
katas;kata;kata;NOM;0,02;0,01;0;5;0;4;2;NOM
kayac;kajak;kayac;NOM;0,01;0,01;1;5;5;5;2;NOM
kayak;kajak;kayak;NOM;0,34;0,34;1;5;5;5;2;NOM
kebab;kebab;kebab;NOM;0,78;0,55;1;5;4;4;2;NOM
kebla;k°bla;kebla;ADJ;0;0;1;5;4;3;2;ADJ
kendo;kEndo;kendo;NOM;0,24;0,24;1;5;3;3;2;NOM
ketch;kEtS;ketch;NOM;0,11;0,11;1;5;5;4;1;NOM
keufs;k9f;keuf;NOM;2,83;1,83;0;5;0;3;1;NOM
keums;k2m;keum;NOM;0,35;0,08;0;5;0;3;1;NOM
khans;kan;khan;NOM;0,3;0,1;0;5;0;3;1;NOM
khmer;kmER;khmer;ADJ;0,28;0,27;1;5;3;2;1;ADJ
kicks;kik;kick;NOM;0,47;0,05;0;5;0;3;1;NOM
kilim;kilim;kilim;NOM;0,28;0,28;1;5;4;4;2;NOM
kilos;kilo;kilo;NOM;22,54;17,35;0;5;0;4;2;NOM
kilts;kilt;kilt;NOM;0,55;0,05;0;5;0;4;1;NOM
kiosk;kjOsk;kiosk;NOM;0;0;1;5;5;3;1;NOM
kippa;kipa;kippa;NOM;0,52;0,52;1;5;5;4;2;NOM
kitch;kitS;kitch;ADJ;0,17;0,17;1;5;5;4;1;ADJ
kiwis;kiwi;kiwi;NOM;0;0;0;5;0;3;2;NOM
klebs;klEps;klebs;NOM;0,01;0,01;1;5;4;5;1;NOM
knout;knut;knout;NOM;0;0;1;5;4;3;1;NOM
koala;koala;koala;NOM;0,19;0,15;1;5;3;5;3;NOM
kodak;kodak;kodak;NOM;0,01;0,01;1;5;4;5;2;NOM
kondo;k§do;kondo;NOM;0,12;0,12;1;5;3;4;2;NOM
koran;kOR@;koran;NOM;0;0;1;5;5;4;2;NOM
kraal;kRal;kraal;NOM;0,03;0,03;1;5;4;4;1;NOM
krach;kRak;krach;NOM;0,15;0,15;1;5;4;4;1;NOM
kraft;kRaft;kraft;NOM;0,8;0,8;1;5;4;4;1;NOM
krill;kRil;krill;NOM;0,17;0,17;1;5;4;4;1;NOM
kriss;kRis;kriss;NOM;0,09;0,09;1;5;4;4;1;NOM
kurde;kyRd;kurde;ADJ;0,17;0,16;1;5;4;4;1;ADJ,NOM
kurde;kyRd;kurde;NOM;0,02;0,01;1;5;4;4;1;ADJ,NOM
kurus;kyRy;kuru;NOM;0;0;0;5;0;0;2;NOM
kyrie;kiRje;kyrie;NOM;0;0;1;5;5;5;2;NOM
kyste;kist;kyste;NOM;0,57;0,51;1;5;5;4;1;NOM
kéfir;kefiR;kéfir;NOM;0;0;1;5;3;4;2;NOM
képis;kepi;képi;NOM;2,39;0,55;0;5;0;3;2;NOM
l'une;lyn;l'une;ADV;0,01;0,01;1;5;5;3;1;ADV,PRO:ind
l'une;lyn;l'une;PRO:ind;36,12;36,12;1;5;5;3;1;ADV,PRO:ind
labbe;lab;labbe;NOM;0;0;1;5;4;3;1;NOM
label;labEl;label;NOM;1,59;1,3;1;5;5;4;2;NOM
labos;labo;labo;NOM;29,95;1,6;0;5;0;4;2;NOM
labre;labR;labre;NOM;0;0;1;5;5;4;1;NOM
labri;labRi;labri;NOM;0,02;0,01;1;5;5;5;2;NOM
lacer;lase;lacer;VER;0,81;0,56;1;5;5;4;2;VER
lacet;lasE;lacet;NOM;4,4;0,83;1;5;5;4;2;NOM
lacis;lasi;lacis;NOM;0;0;1;5;4;4;2;NOM
lacté;lakte;lacté;ADJ;0,85;0,1;1;5;5;5;2;ADJ
lacée;lase;lacer;VER;0,81;0;0;5;0;4;2;VER
lacés;lase;lacer;VER;0,81;0;0;5;0;4;2;VER
ladre;ladR;ladre;NOM;0,01;0,01;1;5;5;4;1;NOM
ladys;lEjdiz;lady;NOM;13,48;0,01;0;5;0;6;2;NOM
lagan;lag@;lagan;NOM;0,05;0,05;1;5;4;4;2;NOM
lagon;lag§;lagon;NOM;0,84;0,71;1;5;4;4;2;NOM
laide;lEd;laid;ADJ;18,54;6,23;0;5;0;0;1;ADJ,NOM
laide;lEd;laid;NOM;1,42;0,11;0;5;0;0;1;ADJ,NOM
laids;lE;laid;ADJ;18,54;1,28;0;5;0;2;1;ADJ,NOM
laids;lE;laid;NOM;1,42;0,11;0;5;0;2;1;ADJ,NOM
laies;lE;laie;ADJ;0;0;0;5;0;2;1;ADJ,NOM
laies;lE;laie;NOM;0,01;0;0;5;0;2;1;ADJ,NOM
laine;lEn;laine;NOM;6,41;6,27;1;5;5;3;1;NOM
laird;lER;laird;NOM;0,36;0,36;1;5;4;3;1;NOM
laits;lE;lait;NOM;59,62;0,21;0;5;0;2;1;NOM
lamas;lama;lama;NOM;2,13;0,9;0;5;0;4;2;NOM,VER
lamas;lama;lamer;VER;0,02;0,01;0;5;0;4;2;NOM,VER
lambi;l@bi;lambi;NOM;0;0;1;5;5;4;2;NOM
lamer;lame;lamer;VER;0,02;0,01;1;5;5;4;2;VER
lames;lam;lame;NOM;14,22;3,17;0;5;0;3;1;NOM
lamie;lami;lamie;NOM;0;0;1;5;5;4;2;NOM
lampa;l@pa;lamper;VER;0,41;0,14;0;5;0;4;2;VER
lampe;l@p;lampe;NOM;25,86;22,22;1;5;5;3;1;NOM,VER
lampe;l@p;lamper;VER;0,41;0,26;0;5;5;3;1;NOM,VER
lampé;l@pe;lamper;VER;0,41;0;0;5;0;4;2;VER
lamée;lame;lamé;ADJ;0,56;0;0;5;0;4;2;ADJ
lamés;lame;lamer;VER;0,02;0;0;5;0;4;2;VER,ADJ
lamés;lame;lamé;ADJ;0,56;0;0;5;0;4;2;VER,ADJ
lance;l@s;lanc;NOM;0;0;0;5;5;3;1;NOM,VER
lance;l@s;lance;NOM;13,27;12,2;1;5;5;3;1;NOM,VER
lance;l@s;lancer;VER;75,22;18,3;0;5;5;3;1;NOM,VER
lancé;l@se;lancer;VER;75,22;17,31;0;5;0;4;2;VER
lande;l@d;lande;NOM;1,69;1,57;1;5;5;3;1;NOM
lands;l@d;land;NOM;2,77;0,21;0;5;0;3;1;NOM
lange;l@Z;lange;NOM;0,85;0,1;1;5;5;3;1;NOM,VER
lange;l@Z;langer;VER;1,06;0,55;0;5;5;3;1;NOM,VER
langé;l@Ze;langer;VER;1,06;0,28;0;5;0;4;2;VER
lança;l@sa;lancer;VER;75,22;0,79;0;5;0;0;2;VER
laper;lape;laper;VER;1,41;0,07;1;5;5;4;2;VER
lapin;lap5;lapin;NOM;39,28;26,59;1;5;5;4;2;NOM
lapis;lapis;lapis;NOM;0,03;0,03;1;5;5;5;2;NOM
lapon;lap§;lapon;ADJ;1,44;1,33;1;5;4;4;2;ADJ,NOM
lapon;lap§;lapon;NOM;2,21;2,21;1;5;4;4;2;ADJ,NOM
lappé;lape;lapper;VER;0;0;0;5;0;4;2;VER
laque;lak;laque;NOM;0,79;0,79;1;5;5;3;1;NOM,VER
laque;lak;laquer;VER;0,12;0,02;0;5;5;3;1;NOM,VER
laqué;lake;laquer;VER;0,12;0,07;0;5;5;4;2;VER,ADJ
laqué;lake;laqué;ADJ;0,66;0,47;1;5;5;4;2;VER,ADJ
larda;laRda;larder;VER;0,07;0;0;5;0;0;2;VER
larde;laRd;larder;VER;0,07;0,01;0;5;0;0;1;VER
lards;laR;lard;NOM;8,62;0,13;0;5;0;3;1;NOM
lardu;laRdy;lardu;NOM;0,03;0,01;1;5;5;5;2;NOM
lardé;laRde;larder;VER;0,07;0,02;0;5;0;5;2;VER
lares;laR;lare;ADJ;0,27;0,27;0;5;0;3;1;ADJ,NOM
lares;laR;lare;NOM;0;0;0;5;0;3;1;ADJ,NOM
large;laRZ;large;ADJ;18,66;14,25;1;5;5;4;1;ADJ,NOM
large;laRZ;large;NOM;8,63;8,38;1;5;5;4;1;ADJ,NOM
largo;laRgo;largo;ADV;0,94;0,94;1;5;5;5;2;ADV,NOM
largo;laRgo;largo;NOM;0,25;0,25;1;5;5;5;2;ADV,NOM
larme;laRm;larme;NOM;45,71;5,15;1;5;5;4;1;NOM
larve;laRv;larve;NOM;3,52;1,92;1;5;5;4;1;NOM
larvé;laRve;larvé;ADJ;0,03;0;1;5;5;5;2;ADJ
laser;lazER;laser;NOM;7,87;5,87;1;5;4;4;2;NOM
lassa;lasa;lasser;VER;7,43;0,05;0;5;0;0;2;VER
lasse;las;las;ADJ;16,46;8,33;0;5;0;0;1;ADJ,VER
lasse;las;lasser;VER;7,43;2,05;0;5;0;0;1;ADJ,VER
lasso;laso;lasso;NOM;1,02;0,94;1;5;5;4;2;NOM
lassé;lase;lasser;VER;7,43;1,78;0;5;0;4;2;VER
latex;latEks;latex;NOM;1,65;1,65;1;5;5;4;2;NOM
latin;lat5;latin;ADJ;4,52;1,78;1;5;5;4;2;ADJ,NOM
latin;lat5;latin;NOM;6,62;6,53;1;5;5;4;2;ADJ,NOM
latte;lat;latte;NOM;1,15;0,76;1;5;5;3;1;NOM,VER
latte;lat;latter;VER;0,29;0,09;0;5;5;3;1;NOM,VER
latté;late;latter;VER;0,29;0,08;0;5;0;4;2;VER
laubé;lobe;laubé;NOM;0;0;1;5;4;4;2;NOM
lavai;lavE;laver;VER;74,35;0;0;5;0;0;2;VER
laver;lave;laver;VER;74,35;34,01;1;5;5;4;2;VER
laves;lav;lave;NOM;3,13;0,13;0;5;0;3;1;NOM,VER
laves;lav;laver;VER;74,35;3,24;0;5;0;3;1;NOM,VER
lavez;lave;laver;VER;74,35;2,68;0;5;0;4;2;VER
lavis;lavi;lavis;NOM;0;0;1;5;4;4;2;NOM
lavée;lave;laver;VER;74,35;1,91;0;5;0;4;2;VER,ADJ
lavée;lave;lavé;ADJ;1,18;0,15;0;5;0;4;2;VER,ADJ
lavés;lave;laver;VER;74,35;0,86;0;5;0;4;2;VER,ADJ
lavés;lave;lavé;ADJ;1,18;0,38;0;5;0;4;2;VER,ADJ
layer;leje;layer;VER;0,03;0,03;1;5;5;3;2;VER
layon;lEj§;layon;NOM;0;0;1;5;4;4;2;NOM
lazzi;ladzi;lazzi;NOM;0;0;1;5;4;4;2;NOM
laïcs;laik;laïc;ADJ;0,33;0;0;5;0;4;2;ADJ,NOM
laïcs;laik;laïc;NOM;0,32;0,16;0;5;0;4;2;ADJ,NOM
laïus;lajys;laïus;NOM;1,78;1,78;1;5;5;4;2;NOM
lebel;l°bEl;lebel;NOM;0;0;1;5;5;4;2;NOM
leben;l°b@;leben;NOM;0,02;0,02;1;5;5;4;2;NOM
ledit;l°di;ledit;ADJ;0,32;0,32;1;5;3;3;2;ADJ
legos;lEgo;lego;NOM;0,44;0,09;0;5;0;0;2;NOM
lente;l@t;lent;ADJ;16,41;4,67;0;5;5;3;1;ADJ,NOM
lente;l@t;lente;NOM;0,81;0,65;1;5;5;3;1;ADJ,NOM
lento;lEnto;lento;ADV;0,05;0,05;1;5;5;4;2;ADV
lents;l@;lent;ADJ;16,41;1,65;0;5;0;2;1;ADJ
lerch;lERS;lerch;ADV;0;0;1;5;5;4;1;ADV
leste;lEst;leste;ADJ;0,61;0,5;1;5;5;4;1;ADJ,VER
leste;lEst;lester;VER;2,27;0,03;0;5;5;4;1;ADJ,VER
lesté;lEste;lester;VER;2,27;0,07;0;5;5;5;2;VER,ADJ
lesté;lEste;lesté;ADJ;0,05;0,04;1;5;5;5;2;VER,ADJ
lette;lEt;lette;NOM;0,03;0,01;1;5;5;3;1;NOM
leurs;l9R;leurs;ADJ:pos;243,56;243,56;1;5;5;3;1;ADJ:pos,PRO:pos
leurs;l9R;leurs;PRO:pos;6,8;6,8;1;5;5;3;1;ADJ:pos,PRO:pos
levai;l°vE;lever;VER;165,98;0,07;0;5;0;0;2;VER
lever;l°ve;lever;NOM;4,92;4,76;1;5;5;4;2;NOM,VER
lever;l°ve;lever;VER;165,98;35,9;1;5;5;4;2;NOM,VER
levez;l°ve;lever;VER;165,98;22,23;0;5;0;4;2;VER
levât;l°va;lever;VER;165,98;0;0;5;0;4;2;VER
levée;l°ve;lever;VER;165,98;6,41;0;5;5;4;2;VER,ADJ,NOM
levée;l°ve;levé;ADJ;3,79;1,47;0;5;5;4;2;VER,ADJ,NOM
levée;l°ve;levée;NOM;0,84;0,81;1;5;5;4;2;VER,ADJ,NOM
levés;l°ve;lever;VER;165,98;0,58;0;5;0;4;2;VER,ADJ,NOM
levés;l°ve;levé;ADJ;3,79;0,46;0;5;0;4;2;VER,ADJ,NOM
levés;l°ve;levé;NOM;0,46;0,02;0;5;0;4;2;VER,ADJ,NOM
lexie;lEksi;lexie;NOM;0,05;0,05;1;5;5;5;2;NOM
leçon;l°s§;leçon;NOM;41,48;29,24;1;5;3;3;2;NOM
liage;ljaZ;liage;NOM;0,01;0,01;1;5;4;4;1;NOM
liais;ljE;lier;VER;37,17;0,02;0;5;0;0;1;VER
liait;ljE;lier;VER;37,17;0,71;0;5;0;0;1;VER
liane;ljan;liane;NOM;0,77;0,34;1;5;5;4;1;NOM
liant;lj@;liant;ADJ;0,2;0,04;1;5;5;3;1;ADJ,NOM,VER
liant;lj@;liant;NOM;0,01;0,01;1;5;5;3;1;ADJ,NOM,VER
liant;lj@;lier;VER;37,17;0,12;0;5;5;3;1;ADJ,NOM,VER
liard;ljaR;liard;NOM;0,23;0,19;1;5;5;4;1;NOM
liber;libER;liber;NOM;0,03;0,03;1;5;5;5;2;NOM
libre;libR;libre;ADJ;134,42;110,36;1;5;5;4;1;ADJ
lices;lis;lice;NOM;0,63;0;0;5;0;3;1;NOM
liche;liS;liche;NOM;0;0;1;5;5;3;1;NOM
liché;liSe;licher;VER;0,27;0;0;5;0;4;2;VER
licol;likOl;licol;NOM;0;0;1;5;5;5;2;NOM
licou;liku;licou;NOM;0,03;0,03;1;5;5;4;2;NOM
liens;lj5;lien;NOM;35,89;12,42;0;5;0;3;1;NOM
lient;li;lier;VER;37,17;0,61;0;5;0;2;1;VER
liera;liRa;lier;VER;37,17;0,05;0;5;0;0;2;VER
lieue;lj2;lieue;NOM;1,93;0,19;1;5;5;3;1;NOM
lieur;lj9R;lieur;NOM;0,01;0,01;1;5;5;3;1;NOM
lieus;lj2;lieu;NOM;182;0,15;0;5;0;3;1;NOM
lieux;lj2;lieu;NOM;182;28,73;0;5;0;3;1;NOM
lifts;lif;lift;NOM;0,61;0,1;0;5;0;0;1;NOM
lifté;lifte;lifté;ADJ;0,05;0;1;5;5;5;2;ADJ
liges;liZ;lige;ADJ;0,14;0;0;5;0;3;1;ADJ
light;lajt;light;ADJ;3,76;3,76;1;5;4;4;1;ADJ
ligna;liNa;ligner;VER;0,06;0;0;5;0;0;2;VER
ligne;liN;ligne;NOM;89,83;69,42;1;5;5;3;1;NOM
ligné;liNe;ligner;VER;0,06;0,01;0;5;0;4;2;VER
ligot;ligo;ligot;NOM;0,01;0,01;1;5;5;4;2;NOM
ligue;lig;ligue;NOM;2,97;2,74;1;5;5;3;1;NOM,VER
ligue;lig;liguer;VER;1,07;0,16;0;5;5;3;1;NOM,VER
ligué;lige;liguer;VER;1,07;0,15;0;5;5;4;2;VER
lilas;lila;lilas;ADJ;0,16;0,16;1;5;4;4;2;ADJ,NOM
lilas;lila;lilas;NOM;2,28;2,28;1;5;4;4;2;ADJ,NOM
liman;lim@;liman;NOM;0,01;0,01;1;5;5;4;2;NOM
limbe;l5b;limbe;NOM;0,81;0;1;5;5;3;1;NOM
limbo;limbo;limbo;NOM;0,36;0,36;1;5;5;4;2;NOM
limer;lime;limer;VER;1,07;0,5;1;5;5;4;2;VER
limes;lim;lime;NOM;1,56;0,08;0;5;0;3;1;NOM,VER
limes;lim;limer;VER;1,07;0,03;0;5;0;3;1;NOM,VER
limez;lime;limer;VER;1,07;0;0;5;0;4;2;VER
limon;lim§;limon;NOM;0,53;0,53;1;5;5;4;2;NOM
limée;lime;limer;VER;1,07;0,01;0;5;0;4;2;VER
linga;linga;linga;NOM;0,01;0,01;1;5;5;5;2;NOM
linge;l5Z;linge;NOM;17,04;16,75;1;5;5;3;1;NOM
linon;lin§;linon;NOM;0,05;0,05;1;5;5;4;2;NOM
linos;lino;lino;NOM;0,38;0;0;5;0;4;2;NOM
lions;lj§;lier;VER;37,17;0,03;0;5;0;3;1;VER,NOM
lions;lj§;lion;NOM;20,86;5,33;0;5;0;3;1;VER,NOM
lippe;lip;lippe;NOM;0,14;0,14;1;5;5;3;1;NOM
lippu;lipy;lippu;ADJ;0,17;0,17;1;5;5;4;2;ADJ
lirai;liRE;lire;VER;281,09;3,36;0;5;0;0;2;VER
liras;liRa;lire;VER;281,09;1,97;0;5;0;0;2;VER
lires;liR;lire;NOM;28,88;18,98;0;5;0;3;1;NOM
lirez;liRe;lire;VER;281,09;0,68;0;5;0;0;2;VER
liron;liR§;liron;NOM;0,14;0,14;1;5;4;4;2;NOM
lises;liz;lire;VER;281,09;1,12;0;5;0;3;1;VER,NOM
lises;liz;lise;NOM;0,2;0;0;5;0;3;1;VER,NOM
lisez;lize;lire;VER;281,09;16,78;0;5;0;0;2;VER
lissa;lisa;lisser;VER;2,04;0,02;0;5;0;0;2;VER
lisse;lis;lisse;ADJ;3,48;2,71;1;5;5;3;1;ADJ,NOM,VER
lisse;lis;lisse;NOM;0,15;0,13;1;5;5;3;1;ADJ,NOM,VER
lisse;lis;lisser;VER;2,04;0,36;0;5;5;3;1;ADJ,NOM,VER
lissé;lise;lisser;VER;2,04;0,22;0;5;5;4;2;VER,NOM
lissé;lise;lissé;NOM;0,06;0,05;1;5;5;4;2;VER,NOM
liste;list;liste;NOM;71,56;69,07;1;5;5;4;1;NOM
listé;liste;lister;VER;1,6;0,23;0;5;0;5;2;VER
liter;lite;liter;VER;0,82;0,27;1;5;5;4;2;VER
litho;lito;litho;NOM;0,02;0,01;1;5;5;4;2;NOM
litre;litR;litre;NOM;10,19;2,75;1;5;5;4;1;NOM
litée;lite;litée;NOM;0;0;1;5;4;4;2;NOM
livra;livRa;livrer;VER;56,53;0,14;0;5;0;0;2;VER
livre;livR;livre;NOM;198,11;112,43;1;5;5;4;1;NOM,VER
livre;livR;livrer;VER;56,53;9,38;0;5;5;4;1;NOM,VER
livré;livRe;livrer;VER;56,53;8,03;0;5;0;5;2;VER
liège;ljEZ;liège;NOM;0,46;0,46;1;5;4;4;1;NOM
liées;lje;lier;VER;37,17;2,58;0;5;0;3;1;VER,ADJ
liées;lje;lié;ADJ;4,53;1,38;0;5;0;3;1;VER,ADJ
lloyd;lOjd;lloyd;NOM;0,01;0,01;1;5;3;3;1;NOM
lobby;lObi;lobby;NOM;0,83;0,83;1;5;5;4;2;NOM
lober;lobe;lober;VER;0,05;0,03;1;5;5;4;2;VER
lobes;lOb;lobe;NOM;3,58;0,74;0;5;0;3;1;NOM
lobée;lobe;lobé;ADJ;0,01;0,01;0;5;0;4;2;ADJ
local;lokal;local;ADJ;18,11;6,05;1;5;5;5;2;ADJ,NOM
local;lokal;local;NOM;5,78;3,55;1;5;5;5;2;ADJ,NOM
locdu;lOkdy;locdu;ADJ;0;0;1;5;4;4;2;ADJ
loche;lOS;loche;NOM;0,56;0,12;1;5;5;3;1;NOM
locos;loko;loco;NOM;0,73;0,16;0;5;0;4;2;NOM
locus;lokys;locus;NOM;0,15;0,15;1;5;5;5;2;NOM
loden;lodEn;loden;NOM;0,27;0,27;1;5;3;4;2;NOM
lofez;lofe;lofer;VER;0,02;0,01;0;5;0;0;2;VER
lofts;lOf;loft;NOM;1,36;0,26;0;5;0;3;1;NOM
logea;loZa;loger;VER;18,36;0,03;0;5;0;0;2;VER
loger;loZe;loger;VER;18,36;5,84;1;5;5;4;2;VER
loges;lOZ;loge;NOM;13,69;1,54;0;5;0;3;1;NOM,VER
loges;lOZ;loger;VER;18,36;0,65;0;5;0;3;1;NOM,VER
logez;loZe;loger;VER;18,36;1,29;0;5;0;4;2;VER
login;lOgin;login;ADJ;0,04;0,04;1;5;5;3;2;ADJ
logis;loZi;logis;NOM;2,7;2,7;1;5;5;4;2;NOM
logos;logOs;logos;NOM;0,16;0,16;1;5;5;4;2;NOM
logue;lOg;loguer;VER;0,02;0,02;0;5;0;0;1;VER
logée;loZe;loger;VER;18,36;1,23;0;5;0;4;2;VER,ADJ
logée;loZe;logé;ADJ;0,89;0,03;0;5;0;4;2;VER,ADJ
logés;loZe;loger;VER;18,36;0,26;0;5;0;4;2;VER,ADJ
logés;loZe;logé;ADJ;0,89;0,36;0;5;0;4;2;VER,ADJ
loirs;lwaR;loir;NOM;0,69;0,18;0;5;0;4;1;NOM
lolos;lolo;lolo;NOM;1,81;1,12;0;5;0;4;2;NOM
lompe;l§p;lompe;NOM;0,01;0,01;1;5;4;3;1;NOM
longe;l§Z;longe;NOM;0,11;0,08;1;5;5;3;1;NOM,VER
longe;l§Z;longer;VER;2,98;0,55;0;5;5;3;1;NOM,VER
longs;l§;long;ADJ;164,02;17,65;0;5;0;2;1;ADJ,NOM
longs;l§;long;NOM;21,79;0,32;0;5;0;2;1;ADJ,NOM
longé;l§Ze;longer;VER;2,98;0,38;0;5;0;4;2;VER
looks;luks;look;NOM;10,93;0,46;0;5;0;0;1;NOM
lopes;lOp;lope;NOM;1,01;0,48;0;5;0;3;1;NOM
lopin;lop5;lopin;NOM;0,62;0,52;1;5;4;4;2;NOM
loque;lOk;loque;NOM;2,2;1,72;1;5;5;3;1;NOM
loqué;lOke;loquer;VER;0,41;0,41;0;5;0;0;2;VER
loran;loR@;loran;NOM;0,14;0,14;1;5;4;4;2;NOM
lords;lORdz;lord;NOM;1,41;0,15;0;5;0;0;1;NOM
loris;lORis;loris;NOM;0,04;0,04;1;5;5;5;2;NOM
loser;loze;loser;NOM;4,77;3,27;1;5;4;4;2;NOM
lotie;loti;loti;ADJ;0,69;0,12;0;5;0;4;2;ADJ,VER
lotie;loti;lotir;VER;0,26;0,23;0;5;0;4;2;ADJ,VER
lotir;lotiR;lotir;VER;0,26;0,01;1;5;5;5;2;VER
lotis;loti;loti;ADJ;0,69;0,47;0;5;0;4;2;ADJ,VER
lotis;loti;lotir;VER;0,26;0;0;5;0;4;2;ADJ,VER
lotos;loto;loto;NOM;6,75;0;0;5;0;4;2;NOM
lotta;lOta;lotta;NOM;0,16;0,16;1;5;5;4;2;NOM
lotte;lOt;lotte;NOM;0,18;0,18;1;5;5;3;1;NOM
lotus;lotys;lotus;NOM;0,58;0,58;1;5;4;4;2;NOM
louai;lwE;louer;VER;48,08;0;0;5;0;0;1;VER
louer;lwe;louer;VER;48,08;15,03;1;5;5;3;1;VER
loues;lu;louer;VER;48,08;0,58;0;5;0;2;1;VER
louez;lue;louer;VER;48,08;1,96;0;5;0;0;2;VER
louis;lwi;louis;ADV;0,01;0,01;1;5;5;3;1;ADV,NOM
louis;lwi;louis;NOM;5,01;5,01;1;5;5;3;1;ADV,NOM
loupa;lupa;louper;VER;12,06;0,03;0;5;0;0;2;VER
loupe;lup;loupe;NOM;1,71;1,66;1;5;5;3;1;NOM,VER
loupe;lup;louper;VER;12,06;0,73;0;5;5;3;1;NOM,VER
loups;lu;loup;NOM;30,42;8,41;0;5;0;2;1;NOM
loupé;lupe;louper;VER;12,06;5,37;0;5;5;4;2;VER,NOM
loupé;lupe;loupé;NOM;0,72;0,72;1;5;5;4;2;VER,NOM
lourd;luR;lourd;ADJ;29,45;10,15;1;5;5;3;1;ADJ,ADV,NOM
lourd;luR;lourd;ADV;16,09;16,09;1;5;5;3;1;ADJ,ADV,NOM
lourd;luR;lourd;NOM;1,25;0,76;1;5;5;3;1;ADJ,ADV,NOM
loute;lut;loute;NOM;0,07;0,07;1;5;5;3;1;NOM
louve;luv;loup;NOM;30,42;1,02;0;5;0;0;1;NOM
louée;lwe;louer;VER;48,08;1,64;0;5;5;3;1;VER,ADJ,NOM
louée;lwe;loué;ADJ;1,67;0,82;0;5;5;3;1;VER,ADJ,NOM
louée;lwe;louée;NOM;0,05;0,04;1;5;5;3;1;VER,ADJ,NOM
loués;lwe;louer;VER;48,08;0,37;0;5;0;3;1;VER,ADJ
loués;lwe;loué;ADJ;1,67;0,37;0;5;0;3;1;VER,ADJ
lover;love;lover;VER;8,85;0,14;1;5;3;3;2;VER
lovée;love;lover;VER;8,85;0,02;0;5;0;3;2;VER
lovés;love;lover;VER;8,85;0;0;5;0;3;2;VER
loyal;lwajal;loyal;ADJ;10,96;5,87;1;5;5;6;2;ADJ
loyer;lwaje;loyer;NOM;17,18;16,2;1;5;4;5;2;NOM
lubie;lybi;lubie;NOM;2,41;1,37;1;5;4;4;2;NOM
lucet;lysE;lucet;NOM;0;0;1;5;5;4;2;NOM
lucre;lykR;lucre;NOM;0,14;0,14;1;5;5;4;1;NOM
lueur;l89R;lueur;NOM;6,65;5,37;1;5;4;3;1;NOM
luffa;l9fa;luffa;NOM;0,04;0,04;1;5;3;3;2;NOM
luger;lyZe;luger;NOM;0,38;0,36;1;5;5;4;2;NOM
luges;lyZ;luge;NOM;1,22;0,03;0;5;0;3;1;NOM
luira;l8iRa;luire;VER;15,58;0,03;0;5;0;0;2;VER
luire;l8iR;luire;VER;15,58;0,95;1;5;4;4;1;VER
luise;l8iz;luire;VER;15,58;0;0;5;0;0;1;VER
lulus;lyly;lulu;NOM;0,03;0;0;5;0;3;2;NOM
lumen;lymEn;lumen;NOM;0,05;0,05;1;5;4;4;2;NOM
lunch;l9ntS;lunch;NOM;0,54;0,54;1;5;5;3;1;NOM
lundi;l1di;lundi;NOM;36,94;36,01;1;5;4;3;2;NOM
lunes;lyn;lune;NOM;61,02;2,74;0;5;0;3;1;NOM
lunée;lyne;luné;ADJ;0,84;0,18;0;5;0;4;2;ADJ
lunés;lyne;luné;ADJ;0,84;0;0;5;0;4;2;ADJ
lupin;lyp5;lupin;NOM;0,25;0,15;1;5;4;4;2;NOM
lupus;lypys;lupus;NOM;1,28;1,28;1;5;4;4;2;NOM
lurex;lyREks;lurex;NOM;0,2;0,2;1;5;4;4;2;NOM
luron;lyR§;luron;NOM;0,69;0,27;1;5;4;4;2;NOM
luths;lyt;luth;NOM;0,17;0;0;5;0;3;1;NOM
lutin;lyt5;lutin;ADJ;0,63;0,31;1;5;5;4;2;ADJ,NOM
lutin;lyt5;lutin;NOM;2,14;1,45;1;5;5;4;2;ADJ,NOM
lutta;lyta;lutter;VER;25,41;0,05;0;5;0;0;2;VER
lutte;lyt;lutte;NOM;23,18;22;1;5;5;3;1;NOM,VER
lutte;lyt;lutter;VER;25,41;3,95;0;5;5;3;1;NOM,VER
lutté;lyte;lutter;VER;25,41;3,27;0;5;0;4;2;VER
luxer;lykse;luxer;VER;0,16;0,01;1;5;5;5;2;VER
luxes;lyks;luxe;NOM;15,62;0,2;0;5;0;4;1;NOM
lycra;likRa;lycra;NOM;0,28;0,28;1;5;4;4;2;NOM
lycée;lise;lycée;NOM;42,56;41,96;1;5;5;4;2;NOM
lynch;l5S;lynch;NOM;0,29;0,29;1;5;5;3;1;NOM
lyres;liR;lyre;NOM;0,71;0,16;0;5;0;3;1;NOM
lâcha;laSa;lâcher;VER;171,08;0,03;0;5;0;0;2;VER
lâche;laS;lâche;ADJ;26,67;24,65;1;5;5;3;1;ADJ,NOM,VER
lâche;laS;lâche;NOM;27,16;19,51;1;5;5;3;1;ADJ,NOM,VER
lâche;laS;lâcher;VER;171,08;75,31;0;5;5;3;1;ADJ,NOM,VER
lâché;laSe;lâcher;VER;171,08;11,35;0;5;5;4;2;VER,ADJ
lâché;laSe;lâché;ADJ;0,6;0,39;1;5;5;4;2;VER,ADJ
lèche;lES;lèche;NOM;1,42;1,38;1;5;5;3;1;NOM,VER
lèche;lES;lécher;VER;14,09;4,03;0;5;5;3;1;NOM,VER
lègue;lEg;léguer;VER;4,98;1,47;0;5;0;3;1;VER
lèpre;lEpR;lèpre;NOM;1,4;1,4;1;5;3;4;1;NOM
lèves;lEv;lever;VER;165,98;5,42;0;5;0;3;1;VER
lèvre;lEvR;lèvre;NOM;37,91;4;1;5;3;4;1;NOM
lécha;leSa;lécher;VER;14,09;0,01;0;5;0;0;2;VER
léché;leSe;lécher;VER;14,09;0,93;0;5;5;4;2;VER,ADJ
léché;leSe;léché;ADJ;0,17;0,13;1;5;5;4;2;VER,ADJ
légal;legal;légal;ADJ;16,79;9,8;1;5;5;5;2;ADJ
légat;lega;légat;NOM;0,15;0;1;5;5;4;2;NOM
léger;leZe;léger;ADJ;37,77;17,03;1;5;5;4;2;ADJ
légua;lega;léguer;VER;4,98;0,02;0;5;0;4;2;VER
légué;lege;léguer;VER;4,98;1,99;0;5;5;4;2;VER,ADJ
légué;lege;légué;ADJ;0,01;0,01;1;5;5;4;2;VER,ADJ
lémur;lemyR;lémur;NOM;0,01;0,01;1;5;5;5;2;NOM
lérot;leRo;lérot;NOM;0,01;0,01;1;5;3;3;2;NOM
léser;leze;léser;VER;1,36;0,33;1;5;4;4;2;VER
lésée;leze;léser;VER;1,36;0,35;0;5;0;4;2;VER
lésés;leze;léser;VER;1,36;0,15;0;5;0;4;2;VER
létal;letal;létal;ADJ;0,29;0,03;1;5;5;5;2;ADJ
lûmes;lym;lire;VER;281,09;0,01;0;5;0;0;1;VER
macho;matSo;macho;ADJ;1,77;1,35;1;5;5;5;2;ADJ,NOM
macho;matSo;macho;NOM;3,19;2,34;1;5;5;5;2;ADJ,NOM
macis;masi;macis;NOM;0,01;0,01;1;5;5;4;2;NOM
macro;makRo;macro;NOM;0,2;0,2;1;5;5;5;2;NOM
madre;madR;madre;NOM;0,62;0,62;1;5;5;4;1;NOM
madré;madRe;madré;ADJ;0;0;1;5;5;5;2;ADJ
mafia;mafja;mafia;NOM;11,56;11,34;1;5;5;5;2;NOM
mages;maZ;mage;NOM;1,57;1,04;0;5;0;3;1;NOM
magie;maZi;magie;NOM;25,66;25,58;1;5;5;4;2;NOM
magma;magma;magma;NOM;0,33;0,33;1;5;5;5;2;NOM
magna;maNa;magner;VER;6,36;0,22;0;5;0;0;2;VER
magne;maN;magner;VER;6,36;2,38;0;5;0;0;1;VER
magné;maNe;magner;VER;6,36;0,01;0;5;0;4;2;VER
magot;mago;magot;NOM;2,24;2,24;1;5;5;4;2;NOM
maies;mE;maie;NOM;0,01;0,01;0;5;0;2;1;NOM
mails;mEjl;mail;NOM;3,29;1,05;0;5;0;4;1;NOM
mailé;mEjle;mailer;VER;0,18;0,1;0;5;0;5;2;VER
mains;m5;main;NOM;499,6;212,97;0;5;0;2;1;NOM
maint;m5;maint;ADJ:ind;1,27;1,27;1;5;5;2;1;ADJ:ind
maire;mER;maire;NOM;28,17;27,91;1;5;5;3;1;NOM
major;maZOR;major;NOM;16,95;16,45;1;5;5;5;2;NOM
males;mal;mal;ADJ;14,55;0,28;0;5;0;3;1;ADJ
malin;mal5;malin;ADJ;41,49;33,11;1;5;5;4;2;ADJ,NOM
malin;mal5;malin;NOM;22,67;19,43;1;5;5;4;2;ADJ,NOM
malle;mal;malle;NOM;7,96;6,53;1;5;5;3;1;NOM
malta;malta;malter;VER;0,23;0,14;0;5;0;0;2;VER
malté;malte;malter;VER;0,23;0,08;0;5;0;0;2;VER
malus;malys;malus;NOM;0,04;0,04;1;5;4;4;2;NOM
maman;mam@;maman;NOM;540,21;537,44;1;5;5;4;2;NOM
mamba;m@ba;mamba;NOM;0,1;0,1;1;5;5;4;2;NOM
mambo;m@bo;mambo;NOM;1,58;1,56;1;5;5;4;2;NOM
mamie;mami;mamie;NOM;18,66;18,56;1;5;4;4;2;NOM
mamma;mamma;mamma;NOM;2,27;2,27;1;5;5;4;2;NOM
mammy;mami;mammy;NOM;0,41;0,41;1;5;5;4;2;NOM
mamys;mami;mamy;NOM;0,69;0,04;0;5;0;4;2;NOM
mande;m@d;mander;VER;1,26;0,6;0;5;0;0;1;VER
mandé;m@de;mander;VER;1,26;0,28;0;5;5;4;2;VER,NOM
mandé;m@de;mandé;NOM;0;0;1;5;5;4;2;VER,NOM
manga;m@ga;manga;NOM;0,37;0,04;1;5;5;4;2;NOM
mange;m@Z;manger;VER;467,82;103,81;0;5;0;0;1;VER
mango;m@go;mango;NOM;0,07;0,07;1;5;5;4;2;NOM
mangé;m@Ze;manger;VER;467,82;60,43;0;5;0;4;2;VER
mania;manja;manier;VER;5,7;0,61;0;5;0;0;2;VER
manie;mani;manie;NOM;6,63;5,42;1;5;5;4;2;NOM,VER
manie;mani;manier;VER;5,7;0,91;0;5;5;4;2;NOM,VER
manif;manif;manif;NOM;4,98;3,33;1;5;5;5;2;NOM
manip;manip;manip;NOM;0,09;0,09;1;5;5;5;2;NOM
manié;manje;manier;VER;5,7;0,33;0;5;0;5;2;VER
manne;man;manne;NOM;0,65;0,52;1;5;5;3;1;NOM
manta;m@ta;manta;NOM;0,72;0,72;1;5;5;4;2;NOM
mante;m@t;mante;NOM;0,72;0,57;1;5;5;3;1;NOM
maori;maoRi;maori;ADJ;0,17;0,15;1;5;4;4;3;ADJ,NOM
maori;maoRi;maori;NOM;0,02;0,01;1;5;4;4;3;ADJ,NOM
maous;maus;maous;ADJ;0,09;0,09;1;5;5;3;2;ADJ
maque;mak;maque;NOM;0,12;0,12;1;5;5;3;1;NOM,VER
maque;mak;maquer;VER;0,88;0,2;0;5;5;3;1;NOM,VER
maqué;make;maquer;VER;0,88;0,07;0;5;0;4;2;VER
marae;maRe;marae;NOM;0,02;0,02;1;5;5;4;2;NOM
marcs;maR;marc;NOM;1,28;0,1;0;5;0;3;1;NOM
mardi;maRdi;mardi;NOM;23,65;22,38;1;5;4;4;2;NOM
mares;maR;mare;NOM;3,78;0,12;0;5;0;3;1;NOM
marge;maRZ;marge;NOM;14,4;14,21;1;5;5;4;1;NOM
maria;maRja;marier;VER;220,51;19,11;0;5;0;0;2;VER
marie;maRi;marier;VER;220,51;22;0;5;0;4;2;VER
marin;maR5;marin;ADJ;7;5,4;1;5;5;4;2;ADJ,NOM
marin;maR5;marin;NOM;13,96;8,48;1;5;5;4;2;ADJ,NOM
maris;maRi;mari;NOM;264,15;9,23;0;5;0;4;2;NOM
marié;maRje;marier;VER;220,51;35,76;0;5;5;5;2;VER,ADJ,NOM
marié;maRje;marié;ADJ;31,15;12,66;1;5;5;5;2;VER,ADJ,NOM
marié;maRje;marié;NOM;37,11;9,73;1;5;5;5;2;VER,ADJ,NOM
marks;maRk;mark;NOM;13,24;11,93;0;5;0;4;1;NOM
marle;maRl;marle;ADJ;0,04;0;1;5;5;4;1;ADJ
marna;maRna;marner;VER;0,1;0,05;0;5;0;0;2;VER
marne;maRn;marne;NOM;0,03;0,03;1;5;5;4;1;NOM,VER
marne;maRn;marner;VER;0,1;0;0;5;5;4;1;NOM,VER
marné;maRne;marner;VER;0,1;0;0;5;0;5;2;VER
marra;maRa;marrer;VER;16,13;0,1;0;5;0;4;2;VER
marre;maR;marre;ADV;57,48;57,48;1;5;5;3;1;ADV,VER
marre;maR;marrer;VER;16,13;3,66;0;5;5;3;1;ADV,VER
marri;maRi;marri;ADJ;0,52;0,03;1;5;5;4;2;ADJ
marré;maRe;marrer;VER;16,13;0,72;0;5;0;4;2;VER
marée;maRe;marée;NOM;6,31;5,21;1;5;5;4;2;NOM
masaï;masaj;masaï;ADJ;0,01;0,01;1;5;4;5;2;ADJ,NOM
masaï;masaj;masaï;NOM;0,01;0,01;1;5;4;5;2;ADJ,NOM
maser;mazER;maser;NOM;0,01;0,01;1;5;4;5;2;NOM
masos;mazo;maso;ADJ;0,35;0,15;0;5;0;4;2;ADJ,NOM
masos;mazo;maso;NOM;0,38;0,14;0;5;0;4;2;ADJ,NOM
massa;masa;masser;VER;5,69;0;0;5;0;0;2;VER
masse;mas;masse;NOM;16,73;11,64;1;5;5;3;1;NOM,VER
masse;mas;masser;VER;5,69;1,25;0;5;5;3;1;NOM,VER
massé;mase;masser;VER;5,69;0,4;0;5;5;4;2;VER,NOM
massé;mase;massé;NOM;0,03;0,02;1;5;5;4;2;VER,NOM
mataf;mataf;mataf;NOM;0,13;0,02;1;5;5;5;2;NOM
match;matS;match;NOM;63,48;58,26;1;5;5;4;1;NOM
mater;mate;mater;VER;17,27;5,91;1;5;5;4;2;VER
mates;mat;mat;ADJ;2,26;0;0;5;0;3;1;ADJ,VER
mates;mat;mater;VER;17,27;1,56;0;5;0;3;1;ADJ,VER
matez;mate;mater;VER;17,27;1,4;0;5;0;4;2;VER
maths;mat;maths;NOM;10,66;10,66;1;5;5;3;1;NOM
matin;mat5;matin;NOM;275,01;265,03;1;5;5;4;2;NOM
matis;mati;matir;VER;0,2;0;0;5;0;4;2;VER
maton;mat§;maton;NOM;1,41;0,5;1;5;5;4;2;NOM
matos;matos;matos;NOM;5,72;5,72;1;5;5;4;2;NOM
matou;matu;matou;NOM;1,21;1,04;1;5;5;4;2;NOM
matte;mat;matte;NOM;0,52;0,35;1;5;5;3;1;NOM
matée;mate;mater;VER;17,27;0,2;0;5;0;4;2;VER
matés;mate;mater;VER;17,27;0,05;0;5;0;4;2;VER,NOM
matés;mate;maté;NOM;1,62;0;0;5;0;4;2;VER,NOM
maure;moR;maure;ADJ;1,11;0,9;1;5;5;3;1;ADJ,NOM
maure;moR;maure;NOM;0,96;0,65;1;5;5;3;1;ADJ,NOM
mauve;mov;mauve;ADJ;0,7;0,63;1;5;5;3;1;ADJ,NOM
mauve;mov;mauve;NOM;0,29;0,23;1;5;5;3;1;ADJ,NOM
maxis;maksi;maxi;NOM;0,58;0,04;0;5;0;5;2;NOM
mayas;maja;maya;ADJ;0,56;0,12;0;5;0;4;2;ADJ,NOM
mayas;maja;maya;NOM;0,02;0,01;0;5;0;4;2;ADJ,NOM
mazas;maza;mazer;VER;0,01;0;0;5;0;0;2;VER
mazet;mazE;mazet;NOM;0;0;1;5;5;4;2;NOM
maçon;mas§;maçon;NOM;3,79;3,48;1;5;5;4;2;NOM
media;medja;media;NOM;7,72;7,72;1;5;5;5;2;NOM
meiji;mEZi;meiji;ADJ;0,02;0,02;1;5;4;3;2;ADJ
melba;mElba;melba;ADJ;0,03;0,03;1;5;4;4;2;ADJ
melon;m°l§;melon;NOM;7,11;4,92;1;5;4;3;2;NOM
menai;m°nE;mener;VER;99,86;0,02;0;5;0;0;2;VER
mendé;m@de;mendé;ADJ;0,01;0,01;1;5;5;4;2;ADJ
mener;m°ne;mener;VER;99,86;22,45;1;5;5;4;2;VER
menez;m°ne;mener;VER;99,86;2,96;0;5;5;4;2;VER,NOM
menez;m°ne;menez;NOM;0,01;0,01;1;5;5;4;2;VER,NOM
menon;m2n§;menon;NOM;0,03;0,02;1;5;5;4;2;NOM
mente;m@t;mentir;VER;185,16;1,94;0;5;0;3;1;VER
menti;m@ti;mentir;VER;185,16;47,32;0;5;0;0;2;VER
menue;m°ny;menu;ADJ;2,29;0,69;0;5;0;4;2;ADJ
menus;m°ny;menu;ADJ;2,29;0,63;0;5;0;4;2;ADJ,NOM
menus;m°ny;menu;NOM;11,15;1,28;0;5;0;4;2;ADJ,NOM
menât;m°na;mener;VER;99,86;0;0;5;0;0;2;VER
menée;m°ne;mener;VER;99,86;3,89;0;5;4;4;2;VER,NOM
menée;m°ne;menée;NOM;0,16;0,01;1;5;4;4;2;VER,NOM
menés;m°ne;mener;VER;99,86;2,51;0;5;0;4;2;VER
merci;mERsi;merci;NOM;379,38;378,44;1;5;5;5;2;NOM,ONO
merci;mERsi;merci;ONO;936,01;936,01;1;5;5;5;2;NOM,ONO
merda;mERda;merder;VER;16,45;0,42;0;5;0;0;2;VER
merde;mERd;merde;NOM;213,05;206,68;1;5;5;4;1;NOM,ONO,VER
merde;mERd;merde;ONO;221,46;221,46;1;5;5;4;1;NOM,ONO,VER
merde;mERd;merder;VER;16,45;5,25;0;5;5;4;1;NOM,ONO,VER
merdé;mERde;merder;VER;16,45;9,14;0;5;0;5;2;VER
merle;mERl;merle;NOM;2,24;1,8;1;5;5;4;1;NOM
merlu;mERly;merlu;NOM;0,01;0,01;1;5;5;5;2;NOM
messe;mEs;messe;NOM;18,36;16,14;1;5;5;3;1;NOM
mette;mEt;mettre;VER;1004,83;16,36;0;5;0;0;1;VER
meufs;m9f;meuf;NOM;8,29;2,08;0;5;0;3;1;NOM
meule;m2l;meule;NOM;1,39;1,17;1;5;5;3;1;NOM,VER
meule;m2l;meuler;VER;0,06;0,02;0;5;5;3;1;NOM,VER
meure;m9R;mourir;VER;916,4;14,97;0;5;0;0;1;VER
meurs;m9R;mourir;VER;916,4;43,9;0;5;0;0;1;VER
meurt;m9R;mourir;VER;916,4;44,29;0;5;0;0;1;VER
meute;m2t;meute;NOM;2,45;2,25;1;5;4;3;1;NOM
mezzo;mEdzo;mezzo;ADV;0,03;0,03;1;5;5;5;2;ADV,NOM
mezzo;mEdzo;mezzo;NOM;0,03;0,03;1;5;5;5;2;ADV,NOM
miaou;mjau;miaou;NOM;0,46;0,45;1;5;5;4;2;NOM
micas;mika;mica;NOM;0,34;0;0;5;0;4;2;NOM
miche;miS;miche;NOM;2,2;0,7;1;5;5;3;1;NOM
miché;miSe;miché;NOM;0,03;0,02;1;5;5;4;2;NOM
micro;mikRo;micro;NOM;15,03;11,25;1;5;5;5;2;NOM
midis;midi;midi;NOM;35,19;0,04;0;5;0;4;2;NOM
miels;mjEl;miel;NOM;17,36;0,03;0;5;0;4;1;NOM
miens;mj5;miens;ADJ:pos;0,76;0,76;1;5;5;3;1;ADJ:pos,PRO:pos
miens;mj5;miens;PRO:pos;16,32;16,32;1;5;5;3;1;ADJ:pos,PRO:pos
mieux;mj2;mieux;ADV;651,73;651,73;1;5;5;3;1;ADV,NOM
mieux;mj2;mieux;NOM;54,12;54,12;1;5;5;3;1;ADV,NOM
migre;migR;migrer;VER;0,83;0,03;0;5;0;0;1;VER
migré;migRe;migrer;VER;0,83;0,08;0;5;0;5;2;VER
milan;mil@;milan;NOM;0,14;0,14;1;5;5;4;2;NOM
miles;majls;mile;NOM;8,34;7,44;0;5;0;0;1;NOM
mille;mil;mille;ADJ:num;55,43;55,43;1;5;5;3;1;ADJ:num,NOM
mille;mil;mille;NOM;29,63;26,16;1;5;5;3;1;ADJ:num,NOM
milli;mili;milli;ADV;0,16;0,16;1;5;5;4;2;ADV
mimas;mima;mimer;VER;0,93;0,01;0;5;0;0;2;VER
mimer;mime;mimer;VER;0,93;0,11;1;5;5;4;2;VER
mimes;mim;mime;NOM;5,35;0,25;0;5;0;3;1;NOM
mimis;mimi;mimi;NOM;0,44;0,02;0;5;0;4;2;NOM
mimée;mime;mimer;VER;0,93;0,01;0;5;0;4;2;VER
minas;mina;miner;VER;4,83;0,04;0;5;0;0;2;VER
mince;m5s;mince;ADJ;16,27;14,1;1;5;5;3;1;ADJ,ONO
mince;m5s;mince;ONO;14,62;14,62;1;5;5;3;1;ADJ,ONO
minci;m5si;mincir;VER;0,55;0,21;0;5;0;0;2;VER
miner;mine;miner;VER;4,83;0,58;1;5;5;4;2;VER
mines;min;mine;NOM;48,08;11,24;0;5;0;3;1;NOM,VER
mines;min;miner;VER;4,83;0,14;0;5;0;3;1;NOM,VER
minet;minE;minet;NOM;7,09;2,22;1;5;5;4;2;NOM
minis;mini;mini;NOM;1,01;0,14;0;5;0;4;2;NOM
minot;mino;minot;NOM;0,58;0,58;1;5;5;4;2;NOM
minou;minu;minou;NOM;7;6,46;1;5;5;4;2;NOM
minus;minys;minus;NOM;8,35;8,35;1;5;5;5;2;NOM
minée;mine;miner;VER;4,83;0,2;0;5;0;4;2;VER
minés;mine;miner;VER;4,83;0,1;0;5;0;4;2;VER
mirer;miRe;mirer;VER;0,48;0,05;1;5;5;4;2;VER
mires;miR;mire;NOM;1,81;0;0;5;0;3;1;NOM
mirez;miRe;mirer;VER;0,48;0;0;5;0;4;2;VER
miros;miRo;miro;ADJ;1,32;0;0;5;0;4;2;ADJ
mirus;miRys;mirus;NOM;0,09;0,09;1;5;4;4;2;NOM
mirée;miRe;mirer;VER;0,48;0;0;5;0;4;2;VER
misai;mizE;miser;VER;11,8;0;0;5;0;0;2;VER
miser;mize;miser;VER;11,8;2,79;1;5;5;4;2;VER
mises;miz;mettre;VER;1004,83;5,36;0;5;0;3;1;VER,ADJ,NOM
mises;miz;mise;ADJ;1,08;0,52;0;5;0;3;1;VER,ADJ,NOM
mises;miz;mise;NOM;32,05;2,27;0;5;0;3;1;VER,ADJ,NOM
mises;miz;miser;VER;11,8;0,67;0;5;0;3;1;VER,ADJ,NOM
misez;mize;miser;VER;11,8;1,42;0;5;0;4;2;VER
misât;miza;miser;VER;11,8;0;0;5;0;0;2;VER
mitan;mit@;mitan;NOM;0,4;0,4;1;5;5;4;2;NOM
miter;mite;miter;VER;0,23;0,2;1;5;5;4;2;VER
mites;mit;mite;NOM;1,18;0,81;0;5;0;3;1;NOM,VER
mites;mit;miter;VER;0,23;0,01;0;5;0;3;1;NOM,VER
miton;mit§;miton;NOM;0;0;1;5;5;4;2;NOM
mitra;mitRa;mitrer;VER;0;0;0;5;0;0;2;VER
mitre;mitR;mitre;NOM;0,26;0,26;1;5;5;4;1;NOM
mitré;mitRe;mitrer;VER;0;0;0;5;5;5;2;VER,ADJ
mitré;mitRe;mitré;ADJ;0;0;1;5;5;5;2;VER,ADJ
mitée;mite;miter;VER;0,23;0;0;5;0;4;2;VER,ADJ
mitée;mite;mité;ADJ;0,03;0;0;5;0;4;2;VER,ADJ
mités;mite;mité;ADJ;0,03;0;0;5;0;4;2;ADJ
mixer;miks9R;mixer;NOM;0,78;0,67;1;5;5;5;2;NOM,VER
mixer;mikse;mixer;VER;1,11;0,78;1;5;5;5;2;NOM,VER
mixte;mikst;mixte;ADJ;2,81;2,23;1;5;5;5;1;ADJ
mixée;mikse;mixer;VER;1,11;0,05;0;5;0;5;2;VER
mixés;mikse;mixer;VER;1,11;0,03;0;5;0;5;2;VER
moche;mOS;moche;ADJ;28,73;25,64;1;5;5;3;1;ADJ
model;modEl;model;NOM;0,99;0,99;1;5;5;5;2;NOM
modem;modEm;modem;NOM;0,43;0,37;1;5;5;5;2;NOM
modes;mOd;mode;NOM;31,67;0,89;0;5;0;3;1;NOM
mogol;mogOl;mogol;ADJ;0;0;1;5;4;4;2;ADJ
moine;mwan;moine;NOM;11,82;8,21;1;5;5;4;1;NOM
moins;mw5;moins;ADV;478,75;478,75;1;5;5;3;1;ADV,NOM
moins;mw5;moins;NOM;10,35;10,35;1;5;5;3;1;ADV,NOM
moire;mwaR;moire;NOM;0,04;0,02;1;5;5;4;1;NOM
moiré;mwaRe;moirer;VER;0;0;0;5;5;5;2;VER,ADJ,NOM
moiré;mwaRe;moiré;ADJ;0,04;0,02;1;5;5;5;2;VER,ADJ,NOM
moiré;mwaRe;moiré;NOM;0,02;0,01;1;5;5;5;2;VER,ADJ,NOM
moise;mwaz;moise;NOM;0,37;0,27;1;5;5;4;1;NOM
moisi;mwazi;moisi;ADJ;0,61;0,32;1;5;5;5;2;ADJ,NOM,VER
moisi;mwazi;moisi;NOM;0,44;0,44;1;5;5;5;2;ADJ,NOM,VER
moisi;mwazi;moisir;VER;3,85;0,56;0;5;5;5;2;ADJ,NOM,VER
moite;mwat;moite;ADJ;1,98;1,01;1;5;5;4;1;ADJ
moiti;mwati;moitir;VER;0,04;0,04;0;5;0;0;2;VER
mokas;moka;moka;NOM;0,64;0,09;0;5;0;4;2;NOM
moles;mOl;mole;NOM;0,27;0;0;5;0;3;1;NOM
molle;mOl;mou,mol;ADJ;5,37;3,92;0;5;0;3;1;ADJ
molli;moli;mollir;VER;1,18;0,03;0;5;0;0;2;VER
mollo;molo;mollo;ADV;5,23;5,23;1;5;5;4;2;ADV
molto;mOlto;molto;ADV;0,28;0,28;1;5;4;4;2;ADV
moman;mom@;moman;NOM;0,04;0,04;1;5;4;4;2;NOM
momie;momi;momi;NOM;2,47;2,47;0;5;5;4;2;NOM
momie;momi;momie;NOM;2,18;1,42;1;5;5;4;2;NOM
monda;m§da;monder;VER;0,11;0,1;0;5;0;0;2;VER
monde;m§d;monde;NOM;830,72;823,62;1;5;5;3;1;NOM
mongo;m§go;mongo;ADJ;0,1;0,1;1;5;5;4;2;ADJ,NOM
mongo;m§go;mongo;NOM;0,19;0,19;1;5;5;4;2;ADJ,NOM
monta;m§ta;monter;VER;277,32;1,07;0;5;0;0;2;VER
monte;m§t;monter;VER;277,32;109,76;0;5;5;0;1;VER
monts;m§;mont;NOM;12,63;3,59;0;5;0;2;1;NOM
monté;m§te;monter;VER;277,32;23,72;0;5;5;4;2;VER,ADJ
monté;m§te;monté;ADJ;8,58;5,24;1;5;5;4;2;VER,ADJ
mooré;mORe;mooré;NOM;0,03;0,03;1;5;4;4;2;NOM
moose;muz;moose;ADJ;0,6;0,6;1;5;5;3;1;ADJ
moqua;moka;moquer;VER;71,13;0,01;0;5;0;4;2;VER
moque;mOk;moque;NOM;0,29;0,27;1;5;5;3;1;NOM,VER
moque;mOk;moquer;VER;71,13;25,79;0;5;5;3;1;NOM,VER
moqué;moke;moquer;VER;71,13;2,64;0;5;0;4;2;VER
moral;moRal;moral;ADJ;16,39;5,36;1;5;5;5;2;ADJ,NOM
moral;moRal;moral;NOM;10,27;10,17;1;5;5;5;2;ADJ,NOM
morde;mORd;mordre;VER;44,85;0,47;0;5;0;0;1;VER
mords;mOR;mordre;VER;44,85;6,3;0;5;0;3;1;VER
mordu;mORdy;mordre;VER;44,85;10,22;0;5;5;5;2;VER,ADJ
mordu;mORdy;mordu;ADJ;1,16;0,89;1;5;5;5;2;VER,ADJ
mores;mOR;more;ADJ;3,69;0,01;0;5;0;3;1;ADJ,NOM
mores;mOR;more;NOM;0,55;0,01;0;5;0;3;1;ADJ,NOM
moria;mORja;moria;NOM;0,08;0,08;1;5;5;4;2;NOM
morne;mORn;morne;ADJ;1,06;0,81;1;5;5;4;1;ADJ,NOM
morne;mORn;morne;NOM;0,15;0,15;1;5;5;4;1;ADJ,NOM
morse;mORs;morse;NOM;3,5;3,5;1;5;5;4;1;NOM
morte;mORt;mort;ADJ;89,29;15,87;0;5;0;0;1;ADJ,NOM,VER
morte;mORt;mort;NOM;460,05;8,44;0;5;0;0;1;ADJ,NOM,VER
morte;mORt;mourir;VER;916,4;112,36;0;5;0;0;1;ADJ,NOM,VER
morts;mOR;mort;ADJ;89,29;14,85;0;5;0;3;1;ADJ,NOM,VER
morts;mOR;mort;NOM;460,05;78,09;0;5;0;3;1;ADJ,NOM,VER
morts;mOR;mourir;VER;916,4;50,22;0;5;0;3;1;ADJ,NOM,VER
morue;moRy;morue;NOM;3,67;3,46;1;5;5;4;2;NOM
morve;mORv;morve;NOM;1,6;1,6;1;5;5;4;1;NOM
motel;motEl;motel;NOM;9,43;8,62;1;5;5;5;2;NOM
motet;motE;motet;NOM;0,03;0,03;1;5;5;4;2;NOM
motif;motif;motif;NOM;16,56;12,2;1;5;5;5;2;NOM
motos;moto;moto;NOM;25,23;2,62;0;5;0;4;2;NOM
motte;mOt;motte;NOM;0,51;0,26;1;5;5;3;1;NOM
motus;motys;motus;ONO;0,88;0,88;1;5;5;5;2;ONO
mouds;mu;moudre;VER;1,43;0;0;5;0;2;1;VER
moues;mu;moue;NOM;0,78;0,02;0;5;0;2;1;NOM
moula;mula;mouler;VER;1,56;0;0;5;0;0;2;VER
moule;mul;moule;NOM;6,12;3,56;1;5;5;3;1;NOM,VER
moule;mul;mouler;VER;1,56;0,3;0;5;5;3;1;NOM,VER
moult;mult;moult;ADV;0,33;0,33;1;5;5;4;1;ADV
moulu;muly;moudre;VER;1,43;0,08;0;5;5;4;2;VER,ADJ
moulu;muly;moulu;ADJ;0,48;0,26;1;5;5;4;2;VER,ADJ
moulé;mule;mouler;VER;1,56;0,42;0;5;5;4;2;VER,ADJ
moulé;mule;moulé;ADJ;0,24;0,18;1;5;5;4;2;VER,ADJ
mound;mund;mound;NOM;0,02;0,02;1;5;4;4;1;NOM
moyen;mwaj5;moyen;ADJ;50,69;41,56;1;5;5;5;2;ADJ,NOM
moyen;mwaj5;moyen;NOM;83,47;53,27;1;5;5;5;2;ADJ,NOM
moyer;mwaje;moyer;VER;0,1;0,1;1;5;5;5;2;VER
moyeu;mwaj2;moyeu;NOM;0,01;0,01;1;5;5;5;2;NOM
moïse;moiz;moïse;NOM;0,05;0,05;1;5;4;3;2;NOM
moûts;mu;moût;NOM;0;0;0;5;0;2;1;NOM
muait;m8E;muer;VER;1,63;0,02;0;5;0;3;1;VER
muant;m8@;muer;VER;1,63;0;0;5;0;0;1;VER
muche;myS;mucher;VER;0,53;0,01;0;5;0;0;1;VER
mucor;mykOR;mucor;NOM;0,01;0,01;1;5;5;4;2;NOM
mucus;mykys;mucus;NOM;0,38;0,38;1;5;4;4;2;NOM
muent;my;muer;VER;1,63;0,16;0;5;0;2;1;VER
muera;myRa;muer;VER;1,63;0,02;0;5;0;0;2;VER
muets;m8E;muet;ADJ;14,23;2,43;0;5;0;3;1;ADJ,NOM
muets;m8E;muet;NOM;3,43;0,76;0;5;0;3;1;ADJ,NOM
mufle;myfl;mufle;ADJ;0,08;0,08;1;5;5;4;1;ADJ,NOM
mufle;myfl;mufle;NOM;1,7;1,56;1;5;5;4;1;ADJ,NOM
mufti;mufti;mufti;NOM;0,26;0,25;1;5;4;5;2;NOM
muges;myZ;muge;NOM;0;0;0;5;0;0;1;NOM
mugir;myZiR;mugir;VER;0,33;0,04;1;5;5;5;2;VER
mugis;myZi;mugir;VER;0,33;0;0;5;0;0;2;VER
mugit;myZi;mugir;VER;0,33;0,26;0;5;0;0;2;VER
muids;m8i;muid;NOM;0;0;0;5;0;0;1;NOM
mules;myl;mule;NOM;9,62;2,33;0;5;0;3;1;NOM
mulet;mylE;mulet;NOM;3,67;3,19;1;5;5;4;2;NOM
mulon;myl§;mulon;NOM;0;0;1;5;5;4;2;NOM
mulot;mylo;mulot;NOM;0,06;0,04;1;5;5;4;2;NOM
multi;mylti;multi;ADV;2,37;2,37;1;5;5;5;2;ADV
mungo;muGo;mungo;NOM;0,02;0,02;1;5;4;3;2;NOM
munie;myni;muni;ADJ;0,23;0;0;5;0;4;2;ADJ,VER
munie;myni;munir;VER;2,06;0,29;0;5;0;4;2;ADJ,VER
munir;myniR;munir;VER;2,06;0,24;1;5;5;5;2;VER
munis;myni;muni;ADJ;0,23;0,23;0;5;0;4;2;ADJ,VER
munis;myni;munir;VER;2,06;0,25;0;5;0;4;2;ADJ,VER
munit;myni;munir;VER;2,06;0,01;0;5;0;4;2;VER
mural;myRal;mural;ADJ;0,35;0,08;1;5;5;5;2;ADJ
murer;myRe;murer;VER;1,39;0,05;1;5;5;4;2;VER
mures;myR;murer;VER;1,39;0,01;0;5;0;3;1;VER
muret;myRE;muret;NOM;0,28;0,28;1;5;5;4;2;NOM
murex;myREks;murex;NOM;0;0;1;5;5;5;2;NOM
murez;myRe;murer;VER;1,39;0;0;5;0;4;2;VER
murin;myR5;murin;NOM;0,01;0,01;1;5;5;4;2;NOM
murée;myRe;murer;VER;1,39;0,56;0;5;0;4;2;VER
murés;myRe;murer;VER;1,39;0,02;0;5;0;4;2;VER
muser;myze;muser;VER;0,44;0,1;1;5;5;4;2;VER
muses;myz;muse;NOM;2,42;0,6;0;5;0;3;1;NOM
musse;mys;musser;VER;0;0;0;5;0;0;1;VER
musée;myze;muser;VER;0,44;0,17;0;5;5;4;2;VER,NOM
musée;myze;musée;NOM;20,7;18,59;1;5;5;4;2;VER,NOM
muter;myte;muter;VER;7,04;1,88;1;5;4;4;2;VER
mutin;myt5;mutin;ADJ;0,33;0,27;1;5;5;4;2;ADJ,NOM
mutin;myt5;mutin;NOM;0,7;0,11;1;5;5;4;2;ADJ,NOM
mutât;myta;muter;VER;7,04;0;0;5;0;0;2;VER
mutée;myte;muter;VER;7,04;0,42;0;5;0;4;2;VER
mutés;myte;muter;VER;7,04;0,19;0;5;0;4;2;VER
muées;m8e;muer;VER;1,63;0;0;5;0;3;1;VER
myope;mjOp;myope;ADJ;1,76;1,71;1;5;5;4;1;ADJ,NOM
myope;mjOp;myope;NOM;0,19;0,19;1;5;5;4;1;ADJ,NOM
myrte;miRt;myrte;NOM;1,25;1,25;1;5;5;4;1;NOM
myste;mist;myste;NOM;0,01;0,01;1;5;5;4;1;NOM
mythe;mit;mythe;NOM;6,26;5,17;1;5;5;3;1;NOM
mytho;mito;mytho;ADV;0,36;0,36;1;5;5;4;2;ADV
mâcha;maSa;mâcher;VER;5;0;0;5;0;0;2;VER
mâche;maS;mâche;NOM;0,81;0,81;1;5;5;3;1;NOM,VER
mâche;maS;mâcher;VER;5;1,37;0;5;5;3;1;NOM,VER
mâché;maSe;mâcher;VER;5;0,91;0;5;0;4;2;VER
mâles;mal;mâle;ADJ;3,09;1;0;5;0;3;1;ADJ,NOM
mâles;mal;mâle;NOM;11,72;2,76;0;5;0;3;1;ADJ,NOM
mânes;man;mânes;NOM;0,01;0,01;1;5;3;3;1;NOM
mâter;mate;mâter;VER;0,04;0,03;1;5;4;4;2;VER
mâtin;mat5;mâtin;NOM;0,26;0,26;1;5;5;4;2;NOM,ONO
mâtin;mat5;mâtin;ONO;0;0;1;5;5;4;2;NOM,ONO
mâtée;mate;mâter;VER;0,04;0;0;5;0;4;2;VER
mèche;mES;mèche;NOM;9,87;8,21;1;5;3;3;1;NOM
mènes;mEn;mener;VER;99,86;2,84;0;5;0;0;1;VER
mères;mER;mère;NOM;686,79;14,79;0;5;0;3;1;NOM
mètre;mEtR;mètre;NOM;43,49;6,03;1;5;3;4;1;NOM,VER
mètre;mEtR;métrer;VER;0,16;0,07;0;5;3;4;1;NOM,VER
mécru;mekRy;mécroire;VER;0;0;0;5;0;0;2;VER
média;medja;média;NOM;10,23;0,77;1;5;5;5;2;NOM
médis;medi;médire;VER;0,35;0,02;0;5;0;0;2;VER
médit;medi;médire;VER;0,35;0,17;0;5;0;0;2;VER
médoc;medOk;médoc;NOM;1,48;0,19;1;5;4;4;2;NOM
méfie;mefi;méfier;VER;26,68;10,95;0;5;0;0;2;VER
méfié;mefje;méfier;VER;26,68;0,22;0;5;0;5;2;VER
mégot;mego;mégot;NOM;2,66;1,2;1;5;5;4;2;NOM
mélos;melo;mélo;NOM;0,89;0,05;0;5;0;4;2;NOM
mémos;memo;mémo;NOM;3,21;0,49;0;5;0;4;2;NOM
mémés;meme;mémé;NOM;8,21;0,06;0;5;0;4;2;NOM
mérou;meRu;mérou;NOM;0,99;0,99;1;5;5;4;2;NOM
méson;mez§;méson;NOM;0,04;0,03;1;5;5;4;2;NOM
métal;metal;métal;NOM;14,36;12,16;1;5;5;5;2;NOM
métis;metis;métis;ADJ;0,56;0,34;1;5;5;5;2;ADJ,NOM
métis;metis;métis;NOM;2,12;1,91;1;5;5;5;2;ADJ,NOM
métra;metRa;métrer;VER;0,16;0,04;0;5;0;0;2;VER
métro;metRo;métro;NOM;18,17;17,66;1;5;5;5;2;NOM
météo;meteo;météo;NOM;8,9;8,9;1;5;5;5;3;NOM
mézig;mezig;mézig;PRO:per;0;0;1;5;5;4;2;PRO:per
mêlai;mElE;mêler;VER;53,84;0;0;5;0;0;2;VER
mêler;mele;mêler;VER;53,84;11,24;1;5;5;4;2;VER
mêles;mEl;mêler;VER;53,84;3,03;0;5;0;0;1;VER
mêlez;mEle;mêler;VER;53,84;4,26;0;5;0;0;2;VER
mêlât;mEla;mêler;VER;53,84;0;0;5;0;0;2;VER
mêlée;mele;mêler;VER;53,84;2,98;0;5;5;4;2;VER,NOM
mêlée;mele;mêlée;NOM;0,64;0,63;1;5;5;4;2;VER,NOM
mêlés;mele;mêler;VER;53,84;1,12;0;5;0;4;2;VER,ADJ
mêlés;mele;mêlé;ADJ;0,84;0,39;0;5;0;4;2;VER,ADJ
mêmes;mEm;même;ADJ;402,93;33,61;0;5;5;3;1;ADJ,PRO:ind
mêmes;mEm;mêmes;PRO:ind;14,48;14,48;1;5;5;3;1;ADJ,PRO:ind
mîmes;mim;mettre;VER;1004,83;0;0;5;0;3;1;VER
môles;mol;môle;NOM;1,6;0;0;5;0;3;1;NOM
mômes;mom;môme;NOM;28,15;9,28;0;5;0;3;1;NOM
mûres;myR;mûr;ADJ;9,89;2,04;0;5;0;3;1;ADJ,NOM
mûres;myR;mûr;NOM;1,22;0,92;0;5;0;3;1;ADJ,NOM
mûrie;myRi;mûrir;VER;3,77;0,21;0;5;0;0;2;VER
mûrir;myRiR;mûrir;VER;3,77;1,11;1;5;5;5;2;VER
mûris;myRi;mûrir;VER;3,77;0,23;0;5;0;0;2;VER
mûrit;myRi;mûrir;VER;3,77;0,3;0;5;0;0;2;VER
mûron;myR§;mûron;NOM;0;0;1;5;4;4;2;NOM
nabab;nabab;nabab;NOM;0,72;0,55;1;5;4;4;2;NOM
nable;nabl;nable;NOM;0,02;0,02;1;5;4;4;1;NOM
nabot;nabo;nabot;NOM;2,1;2,01;1;5;4;4;2;NOM
nacra;nakRa;nacrer;VER;0;0;0;5;0;0;2;VER
nacre;nakR;nacre;NOM;0,58;0,58;1;5;5;4;1;NOM
nacré;nakRe;nacrer;VER;0;0;0;5;5;5;2;VER,ADJ
nacré;nakRe;nacré;ADJ;0,38;0,05;1;5;5;5;2;VER,ADJ
nadir;nadiR;nadir;NOM;0,01;0,01;1;5;4;4;2;NOM
nagea;naZa;nager;VER;30,36;0,03;0;5;0;4;2;VER
nager;naZe;nager;VER;30,36;18,71;1;5;5;4;2;VER
nages;naZ;nage;NOM;5,42;0,05;0;5;0;3;1;NOM,VER
nages;naZ;nager;VER;30,36;0,58;0;5;0;3;1;NOM,VER
nagez;naZe;nager;VER;30,36;0,53;0;5;0;4;2;VER
naine;nEn;nain;ADJ;2,15;0,44;0;5;0;0;1;ADJ,NOM
naine;nEn;nain;NOM;13,9;0,63;0;5;0;0;1;ADJ,NOM
nains;n5;nain;ADJ;2,15;0,65;0;5;0;2;1;ADJ,NOM
nains;n5;nain;NOM;13,9;4,17;0;5;0;2;1;ADJ,NOM
naira;nERa;naira;NOM;0,03;0,03;1;5;4;4;2;NOM
najas;naZa;naja;NOM;0,02;0;0;5;0;4;2;NOM
nanan;nan@;nanan;NOM;0,04;0,04;1;5;5;4;2;NOM
nanar;nanaR;nanar;NOM;0;0;1;5;5;5;2;NOM
nanas;nana;nana;NOM;39,57;13,09;0;5;0;4;2;NOM
nanti;n@ti;nanti;ADJ;0,17;0,15;1;5;5;4;2;ADJ,NOM,VER
nanti;n@ti;nanti;NOM;0,44;0,17;1;5;5;4;2;ADJ,NOM,VER
nanti;n@ti;nantir;VER;0,11;0,03;0;5;5;4;2;ADJ,NOM,VER
napel;napEl;napel;NOM;0,01;0,01;1;5;4;4;2;NOM
nappa;napa;napper;VER;0,31;0,22;0;5;0;0;2;VER
nappe;nap;nappe;NOM;4,34;3,01;1;5;5;3;1;NOM,VER
nappe;nap;napper;VER;0,31;0;0;5;5;3;1;NOM,VER
nappé;nape;napper;VER;0,31;0,04;0;5;0;4;2;VER
nards;naR;nard;NOM;0,02;0,01;0;5;0;3;1;NOM
narra;naRa;narrer;VER;0,24;0;0;5;0;0;2;VER
narre;naR;narrer;VER;0,24;0,01;0;5;0;3;1;VER
narré;naRe;narrer;VER;0,24;0,03;0;5;0;4;2;VER
nasal;nazal;nasal;ADJ;1,56;0,6;1;5;5;5;2;ADJ,NOM
nasal;nazal;nasal;NOM;0;0;1;5;5;5;2;ADJ,NOM
nases;naz;nase;ADJ;1,84;0,29;0;5;0;3;1;ADJ,NOM
nases;naz;nase;NOM;1,06;0,43;0;5;0;3;1;ADJ,NOM
nasse;nas;nasse;NOM;0,54;0,39;1;5;5;3;1;NOM
natal;natal;natal;ADJ;5,71;2,54;1;5;5;5;2;ADJ
natif;natif;natif;ADJ;0,58;0,44;1;5;5;5;2;ADJ,NOM
natif;natif;natif;NOM;0,52;0,16;1;5;5;5;2;ADJ,NOM
natta;nata;natter;VER;0,11;0;0;5;0;0;2;VER
natte;nat;natte;NOM;1,75;0,88;1;5;5;3;1;NOM,VER
natte;nat;natter;VER;0,11;0;0;5;5;3;1;NOM,VER
natté;nate;natter;VER;0,11;0;0;5;0;4;2;VER
naval;naval;naval;ADJ;4,37;2,08;1;5;5;5;2;ADJ
navel;navEl;navel;NOM;0,03;0,03;1;5;5;5;2;NOM
navet;navE;navet;NOM;3,16;1,25;1;5;5;4;2;NOM
navra;navRa;navrer;VER;18,68;0;0;5;0;0;2;VER
navre;navR;navrer;VER;18,68;0,29;0;5;0;0;1;VER
navré;navRe;navrer;VER;18,68;12,01;0;5;5;5;2;VER,ADJ
navré;navRe;navré;ADJ;8,94;6,81;1;5;5;5;2;VER,ADJ
nazes;naz;naze;ADJ;4,82;0,63;0;5;0;3;1;ADJ,NOM
nazes;naz;naze;NOM;3,27;1,56;0;5;0;3;1;ADJ,NOM
nazie;nazi;nazi;ADJ;7,11;1,27;0;5;0;4;2;ADJ,NOM
nazie;nazi;nazi;NOM;14,76;0,69;0;5;0;4;2;ADJ,NOM
nazis;nazi;nazi;ADJ;7,11;2,04;0;5;0;4;2;ADJ,NOM
nazis;nazi;nazi;NOM;14,76;9,81;0;5;0;4;2;ADJ,NOM
naïfs;naif;naïf;ADJ;7,91;0,76;0;5;0;4;2;ADJ,NOM
naïfs;naif;naïf;NOM;1,01;0,35;0;5;0;4;2;ADJ,NOM
naïve;naiv;naïf;ADJ;7,91;2,76;0;5;5;4;2;ADJ,NOM
naïve;naiv;naïve;NOM;0,19;0,18;1;5;5;4;2;ADJ,NOM
negro;negRo;negro;NOM;0,07;0,07;1;5;5;5;2;NOM
neige;nEZ;neige;NOM;39,34;37,52;1;5;5;3;1;NOM,VER
neige;nEZ;neiger;VER;7,87;5,48;0;5;5;3;1;NOM,VER
neigé;neZe;neiger;VER;7,87;0,66;0;5;0;4;2;VER
nenni;nEni;nenni;ADV;0,52;0,52;1;5;3;3;2;ADV
nerfs;nER;nerf;NOM;30,12;22,03;0;5;0;3;1;NOM
nerva;nERva;nerver;VER;0,35;0,34;0;5;0;0;2;VER
nervi;nERvi;nervi;NOM;0,05;0,05;1;5;5;5;2;NOM
nervé;nERve;nerver;VER;0,35;0;0;5;0;0;2;VER
nette;nEt;net;ADJ;19,95;3,91;0;5;0;3;1;ADJ
neufs;n9f;neuf;ADJ;59,45;3,5;0;5;0;3;1;ADJ
neuve;n9v;neuf;ADJ;59,45;10,3;0;5;0;0;1;ADJ
neveu;n°v2;neveu;NOM;22,9;22,9;1;5;5;4;2;NOM
niais;njE;niais;ADJ;1,19;1,11;1;5;5;3;1;ADJ,NOM,VER
niais;njE;niais;NOM;0,82;0,57;1;5;5;3;1;ADJ,NOM,VER
niais;njE;nier;VER;24,86;0,15;0;5;5;3;1;ADJ,NOM,VER
niait;njE;nier;VER;24,86;0,11;0;5;0;3;1;VER
niant;nj@;nier;VER;24,86;0,35;0;5;0;0;1;VER
nicet;nisE;nicet;ADJ;0;0;1;5;5;4;2;ADJ
nicha;niSa;nicher;VER;1,52;0,01;0;5;0;0;2;VER
niche;niS;niche;NOM;2,27;2,17;1;5;5;3;1;NOM,VER
niche;niS;nicher;VER;1,52;0,33;0;5;5;3;1;NOM,VER
niché;niSe;nicher;VER;1,52;0,23;0;5;0;4;2;VER
nient;ni;nier;VER;24,86;0,9;0;5;0;2;1;VER
niera;niRa;nier;VER;24,86;0,18;0;5;0;0;2;VER
nimba;n5ba;nimber;VER;0,17;0;0;5;0;0;2;VER
nimbe;n5b;nimbe;NOM;0,01;0,01;1;5;5;3;1;NOM
nimbo;n5bo;nimbo;ADV;0;0;1;5;5;4;2;ADV
nimbé;n5be;nimber;VER;0,17;0,14;0;5;5;4;2;VER,ADJ,NOM
nimbé;n5be;nimbé;ADJ;0;0;1;5;5;4;2;VER,ADJ,NOM
nimbé;n5be;nimbé;NOM;0;0;1;5;5;4;2;VER,ADJ,NOM
ninas;nina;ninas;NOM;0,01;0,01;1;5;3;3;2;NOM
niolo;nijolo;niolo;NOM;0;0;1;5;4;3;3;NOM
nions;nj§;nier;VER;24,86;0,16;0;5;0;0;1;VER
nippe;nip;nippe;NOM;0,14;0,01;1;5;5;3;1;NOM,VER
nippe;nip;nipper;VER;0,38;0;0;5;5;3;1;NOM,VER
nippo;nipo;nippo;ADV;0,03;0,03;1;5;5;4;2;ADV
nippé;nipe;nipper;VER;0,38;0,02;0;5;0;4;2;VER
nique;nik;nique;NOM;1,56;1,56;1;5;5;3;1;NOM,VER
nique;nik;niquer;VER;7,57;1,21;0;5;5;3;1;NOM,VER
niqué;nike;niquer;VER;7,57;2,33;0;5;0;4;2;VER
nisan;niz@;nisan;NOM;0;0;1;5;3;3;2;NOM
nitre;nitR;nitre;NOM;0,07;0,07;1;5;5;4;1;NOM
nitré;nitRe;nitré;ADJ;0;0;1;5;5;5;2;ADJ
nièce;njEs;nièce;NOM;10,1;9,28;1;5;4;4;1;NOM
nième;njEm;nième;NOM;0,03;0,03;1;5;4;4;1;NOM
nière;njER;nière;NOM;0,14;0,14;1;5;4;4;1;NOM
niébé;njebe;niébé;NOM;0,02;0,02;1;5;4;4;2;NOM
noble;nObl;noble;ADJ;28,7;23,73;1;5;5;4;1;ADJ,NOM
noble;nObl;noble;NOM;6,32;2,46;1;5;5;4;1;ADJ,NOM
nocer;nOse;nocer;VER;0,01;0,01;1;5;5;4;2;VER
noces;nOs;noce;NOM;17,05;12,62;0;5;0;3;1;NOM
nocif;nosif;nocif;ADJ;1,53;0,56;1;5;5;5;2;ADJ
nodal;nodal;nodal;ADJ;0,01;0,01;1;5;4;4;2;ADJ
nodus;nodys;nodus;NOM;0;0;1;5;5;5;2;NOM
noeud;n2;noeud;NOM;11,12;7,64;1;5;3;2;1;NOM
noies;nwa;noyer;VER;27,29;0,71;0;5;0;3;1;VER
noire;nwaR;noir;ADJ;144,81;41,57;0;5;0;4;1;ADJ,NOM
noire;nwaR;noir;NOM;79,75;3,59;0;5;0;4;1;ADJ,NOM
noirs;nwaR;noir;ADJ;144,81;21,65;0;5;0;4;1;ADJ,NOM
noirs;nwaR;noir;NOM;79,75;20,61;0;5;0;4;1;ADJ,NOM
noise;nwaz;noise;NOM;1,14;0,35;1;5;5;4;1;NOM
nolis;noli;nolis;NOM;0;0;1;5;3;3;2;NOM
nomma;noma;nommer;VER;45,6;0,3;0;5;0;0;2;VER
nomme;nOm;nommer;VER;45,6;9,41;0;5;0;3;1;VER
nommé;nome;nommer;VER;45,6;18,24;0;5;5;4;2;VER,ADJ
nommé;nome;nommé;ADJ;4,2;3,73;1;5;5;4;2;VER,ADJ
nonce;n§s;nonce;NOM;0,01;0,01;1;5;5;3;1;NOM
nones;nOn;none;NOM;0,67;0,19;0;5;0;3;1;NOM
nonne;nOn;nonne;NOM;8,46;5,46;1;5;5;3;1;NOM
noria;noRja;noria;ADJ;0;0;1;5;4;4;2;ADJ,NOM
noria;noRja;noria;NOM;0,01;0,01;1;5;4;4;2;ADJ,NOM
norme;nORm;norme;NOM;5;1,58;1;5;5;4;1;NOM
notai;notE;noter;VER;31,24;0,14;0;5;0;0;2;VER
noter;note;noter;VER;31,24;5,44;1;5;5;4;2;VER
notes;nOt;note;NOM;62,82;29,4;0;5;0;3;1;NOM
notez;note;noter;VER;31,24;5,74;0;5;0;4;2;VER
notre;nOtR;notre;ADJ:pos;1022,94;1022,94;1;5;5;4;1;ADJ:pos,PRO:pos
notre;nOtR;notre;PRO:pos;0,09;0,09;1;5;5;4;1;ADJ:pos,PRO:pos
notée;note;noter;VER;31,24;0,33;0;5;0;4;2;VER,ADJ
notée;note;noté;ADJ;1,4;0,23;0;5;0;4;2;VER,ADJ
notés;note;noter;VER;31,24;0,56;0;5;0;4;2;VER,ADJ
notés;note;noté;ADJ;1,4;0,04;0;5;0;4;2;VER,ADJ
nouai;nwE;nouer;VER;3,61;0;0;5;0;0;1;VER
nouas;nua;nouer;VER;3,61;0,01;0;5;0;0;2;VER
nouba;nuba;nouba;NOM;0,98;0,95;1;5;4;3;2;NOM
nouer;nwe;nouer;VER;3,61;1,67;1;5;5;3;1;VER
nouez;nue;nouer;VER;3,61;0,18;0;5;0;0;2;VER
nouée;nwe;nouer;VER;3,61;0,14;0;5;0;3;1;VER,ADJ
nouée;nwe;noué;ADJ;1,01;0,45;0;5;0;3;1;VER,ADJ
noués;nwe;nouer;VER;3,61;0,21;0;5;0;3;1;VER,ADJ
noués;nwe;noué;ADJ;1,01;0,14;0;5;0;3;1;VER,ADJ
noyau;nwajo;noyau;NOM;4,15;3,71;1;5;5;5;2;NOM
noyer;nwaje;noyer;NOM;0,55;0,52;1;5;4;5;2;NOM,VER
noyer;nwaje;noyer;VER;27,29;9;1;5;4;5;2;NOM,VER
noyez;nwaje;noyer;VER;27,29;0,39;0;5;0;5;2;VER
noyée;nwaje;noyer;VER;27,29;3,35;0;5;0;5;2;VER,ADJ,NOM
noyée;nwaje;noyé;ADJ;1,8;0,36;0;5;0;5;2;VER,ADJ,NOM
noyée;nwaje;noyé;NOM;2,18;0,62;0;5;0;5;2;VER,ADJ,NOM
noyés;nwaje;noyer;VER;27,29;1,4;0;5;0;5;2;VER,ADJ,NOM
noyés;nwaje;noyé;ADJ;1,8;0,37;0;5;0;5;2;VER,ADJ,NOM
noyés;nwaje;noyé;NOM;2,18;0,66;0;5;0;5;2;VER,ADJ,NOM
noëls;noEl;noël;NOM;2,98;0,84;0;5;0;3;2;NOM
nuage;n8aZ;nuage;NOM;30,27;11,81;1;5;5;4;1;NOM
nucal;nykal;nucal;ADJ;0,01;0,01;1;5;4;4;2;ADJ
nuira;n8iRa;nuire;VER;14,74;0,59;0;5;0;0;2;VER
nuire;n8iR;nuire;VER;14,74;5,98;1;5;4;4;1;VER
nuise;n8iz;nuire;VER;14,74;0,22;0;5;0;0;1;VER
nuits;n8i;nuit;NOM;586,54;28,98;0;5;0;3;1;NOM
nulle;nyl;nul;ADJ;44,53;6,68;0;5;5;3;1;ADJ,ADJ:ind,PRO:ind
nulle;nyl;nulle;ADJ:ind;37,84;37,84;1;5;5;3;1;ADJ,ADJ:ind,PRO:ind
nulle;nyl;nulle;PRO:ind;19,46;19,46;1;5;5;3;1;ADJ,ADJ:ind,PRO:ind
nuque;nyk;nuque;NOM;7,8;7,58;1;5;3;3;1;NOM
nurse;n9Rs;nurse;NOM;2,24;2,14;1;5;5;4;1;NOM
nuées;n8e;nuer;VER;0,01;0;0;5;0;3;1;VER,NOM
nuées;n8e;nuée;NOM;1,27;0,74;0;5;0;3;1;VER,NOM
nylon;nil§;nylon;NOM;1,33;1,27;1;5;3;4;2;NOM
nègre;nEgR;nègre;ADJ;1,65;1,23;1;5;3;3;1;ADJ,NOM
nègre;nEgR;nègre;NOM;19,08;11,26;1;5;3;3;1;ADJ,NOM
nèpes;nEp;nèpe;NOM;0;0;0;5;0;3;1;NOM
néant;ne@;néant;NOM;6,62;6,62;1;5;5;3;2;NOM
nécro;nekRo;nécro;NOM;0,35;0,25;1;5;5;5;2;NOM
négro;negRo;négro;NOM;6,02;4,64;1;5;5;5;2;NOM
négus;negys;négus;NOM;0,1;0,1;1;5;4;4;2;NOM
nénés;nene;néné;NOM;5,41;1,65;0;5;0;4;2;NOM
néons;ne§;néon;NOM;1,81;0,61;0;5;0;3;2;NOM
névés;neve;névé;NOM;0;0;0;5;0;4;2;NOM
nôtre;notR;nôtre;ADJ:pos;0,78;0,78;1;5;5;4;1;ADJ:pos,PRO:pos
nôtre;notR;nôtre;PRO:pos;19;19;1;5;5;4;1;ADJ:pos,PRO:pos
oasis;oazis;oasis;NOM;1,61;1,61;1;5;3;3;3;NOM
objet;ObZE;objet;NOM;45,94;26,88;1;5;5;4;2;NOM
obole;obOl;obole;NOM;0,11;0,11;1;5;3;3;2;NOM
obtus;Opty;obtus;ADJ;1,17;0,85;1;5;5;4;2;ADJ
obvie;Obvi;obvie;ADJ;0;0;1;5;5;4;2;ADJ
obère;obER;obérer;VER;0;0;0;5;0;4;2;VER
obèse;obEz;obèse;ADJ;1,4;1,11;1;5;3;4;2;ADJ,NOM
obèse;obEz;obèse;NOM;0,9;0,62;1;5;3;4;2;ADJ,NOM
obéie;obei;obéir;VER;45,12;0,01;0;5;0;0;3;VER
obéir;obeiR;obéir;VER;45,12;13,76;1;5;5;5;3;VER
obéis;obei;obéir;VER;45,12;10,93;0;5;0;0;3;VER
obéit;obei;obéir;VER;45,12;3,54;0;5;0;0;3;VER
occis;Oksi;occis;ADJ;0,28;0,28;1;5;5;4;2;ADJ
ocres;OkR;ocre;NOM;0,29;0,04;0;5;0;3;1;NOM
ocrée;okRe;ocrer;VER;0;0;0;5;0;0;2;VER,ADJ
ocrée;okRe;ocré;ADJ;0;0;0;5;0;0;2;VER,ADJ
ocrés;okRe;ocrer;VER;0;0;0;5;0;0;2;VER,ADJ
ocrés;okRe;ocré;ADJ;0;0;0;5;0;0;2;VER,ADJ
octet;OktE;octet;NOM;0,02;0,01;1;5;4;4;2;NOM
oculi;Okyli;oculus;NOM;0,02;0,01;0;5;0;0;3;NOM
océan;ose@;océan;NOM;24,89;22,86;1;5;5;4;3;NOM
odeur;od9R;odeur;NOM;49,57;47,19;1;5;4;3;2;NOM
odéon;ode§;odéon;NOM;0;0;1;5;3;3;3;NOM
oeils;9j;oeil;NOM;413,04;0,01;0;5;0;2;1;NOM
oeufs;2;oeuf;NOM;39,4;25,88;0;5;0;1;1;NOM
offre;OfR;offre;NOM;34,55;30,23;1;5;5;3;1;NOM,VER
offre;OfR;offrir;VER;177,8;51,81;0;5;5;3;1;NOM,VER
oflag;Oflag;oflag;NOM;0;0;1;5;3;3;2;NOM
ogive;oZiv;ogive;NOM;2,35;1,4;1;5;5;4;2;NOM
ogres;OgR;ogre;NOM;2,83;0,3;0;5;0;3;1;NOM
oigne;waN;oindre;VER;0,56;0,14;0;5;0;0;1;VER
oille;waj;oille;NOM;0;0;1;5;3;3;1;NOM
ointe;w5t;oindre;VER;0,56;0;0;5;0;0;1;VER,ADJ
ointe;w5t;oint;ADJ;0;0;0;5;0;0;1;VER,ADJ
oints;w5;oindre;VER;0,56;0;0;5;0;2;1;VER,ADJ,NOM
oints;w5;oint;ADJ;0;0;0;5;0;2;1;VER,ADJ,NOM
oints;w5;oint;NOM;0,1;0;0;5;0;2;1;VER,ADJ,NOM
oisif;wazif;oisif;ADJ;0,85;0,36;1;5;5;5;2;ADJ,NOM
oisif;wazif;oisif;NOM;0,1;0,04;1;5;5;5;2;ADJ,NOM
oison;waz§;oison;NOM;0,02;0,02;1;5;4;4;2;NOM
okapi;Okapi;okapi;NOM;0,08;0,08;1;5;4;3;3;NOM
olive;oliv;olive;ADJ;0,12;0,12;1;5;5;4;2;ADJ,NOM
olive;oliv;olive;NOM;5,42;2,54;1;5;5;4;2;ADJ,NOM
omani;omani;omani;ADJ;0,01;0,01;1;5;3;4;3;ADJ
omble;§bl;omble;NOM;0,03;0,01;1;5;4;3;1;NOM
ombra;§bRa;ombrer;VER;0,54;0;0;5;0;0;2;VER
ombre;§bR;ombre;NOM;45,67;35,98;1;5;5;3;1;NOM,VER
ombre;§bR;ombrer;VER;0,54;0,27;0;5;5;3;1;NOM,VER
ombré;§bRe;ombrer;VER;0,54;0,01;0;5;5;4;2;VER,ADJ
ombré;§bRe;ombré;ADJ;0;0;1;5;5;4;2;VER,ADJ
omets;omE;omettre;VER;2,73;0,04;0;5;0;0;2;VER
omise;omiz;omettre;VER;2,73;0,04;0;5;0;0;2;VER
oméga;omega;oméga;NOM;0,88;0,88;1;5;3;4;3;NOM
onces;§s;once;NOM;4,66;0,89;0;5;0;2;1;NOM
oncle;§kl;oncle;NOM;126,71;124,11;1;5;4;3;1;NOM
onder;§de;onder;VER;0,01;0,01;1;5;5;3;2;VER
ondes;§d;onde;NOM;11,91;7,52;0;5;0;2;1;NOM
ondin;§d5;ondin;NOM;0;0;1;5;5;3;2;NOM
ondée;§de;ondée;ADJ;0,01;0,01;1;5;5;3;2;ADJ,NOM
ondée;§de;ondée;NOM;0,16;0;1;5;5;3;2;ADJ,NOM
ondés;§de;ondé;ADJ;0;0;0;5;0;3;2;ADJ
ongle;§gl;ongle;NOM;20,37;2,35;1;5;5;3;1;NOM
opale;opal;opale;ADJ;0,01;0,01;1;5;5;4;2;ADJ,NOM
opale;opal;opale;NOM;0,24;0,16;1;5;5;4;2;ADJ,NOM
opiat;Opja;opiat;NOM;0,03;0,01;1;5;5;3;2;NOM
opina;opina;opiner;VER;0,38;0,1;0;5;0;0;3;VER
opine;opin;opiner;VER;0,38;0,02;0;5;0;0;2;VER
opiné;opine;opiner;VER;0,38;0,01;0;5;0;5;3;VER
opium;opjOm;opium;NOM;3,95;3,95;1;5;4;4;2;NOM
optai;OptE;opter;VER;1,98;0;0;5;0;0;2;VER
opter;Opte;opter;VER;1,98;0,37;1;5;4;4;2;VER
optes;Opt;opter;VER;1,98;0,02;0;5;0;0;1;VER
optât;Opta;opter;VER;1,98;0;0;5;0;0;2;VER
opère;opER;opérer;VER;29,59;4,75;0;5;0;0;2;VER
opéra;opeRa;opéra;NOM;19,61;18,93;1;5;5;5;3;NOM,VER
opéra;opeRa;opérer;VER;29,59;0,26;0;5;5;5;3;NOM,VER
opéré;opeRe;opérer;VER;29,59;4,92;0;5;5;5;3;VER,ADJ,NOM
opéré;opeRe;opéré;ADJ;0,49;0,28;1;5;5;5;3;VER,ADJ,NOM
opéré;opeRe;opéré;NOM;0,07;0,04;1;5;5;5;3;VER,ADJ,NOM
orage;oRaZ;orage;NOM;17,14;14,5;1;5;5;4;2;NOM
orale;oRal;oral;ADJ;2,31;1,31;0;5;0;4;2;ADJ
orant;oR@;orant;NOM;0;0;1;5;5;3;2;NOM
oraux;oRo;oral;ADJ;2,31;0,1;0;5;0;0;2;ADJ
orbes;ORb;orbe;NOM;0,59;0,14;0;5;0;3;1;NOM
ordre;ORdR;ordre;NOM;217,25;132,5;1;5;4;4;1;NOM
orges;ORZ;orge;NOM;1,98;0,01;0;5;0;3;1;NOM
orgie;ORZi;orgie;NOM;3,46;2,09;1;5;5;4;2;NOM
orgue;ORg;orgue;NOM;3,12;3,08;1;5;5;3;1;NOM
oriol;ORjOl;oriol;NOM;0;0;1;5;4;3;2;NOM
orlon;ORl§;orlon;NOM;0,04;0,04;1;5;4;4;2;NOM
ormes;ORm;orme;NOM;0,39;0,06;0;5;0;3;1;NOM
orner;ORne;orner;VER;3,11;1,11;1;5;5;4;2;VER
ornez;ORne;orner;VER;3,11;0,25;0;5;0;4;2;VER
ornât;ORna;orner;VER;3,11;0;0;5;0;0;2;VER
ornée;ORne;orner;VER;3,11;0,08;0;5;0;4;2;VER,ADJ
ornée;ORne;orné;ADJ;0,04;0,01;0;5;0;4;2;VER,ADJ
ornés;ORne;orner;VER;3,11;0,02;0;5;0;4;2;VER,ADJ
ornés;ORne;orné;ADJ;0,04;0,03;0;5;0;4;2;VER,ADJ
orpin;ORp5;orpin;NOM;0;0;1;5;5;4;2;NOM
orque;ORk;orque;NOM;1,43;0,61;1;5;3;3;1;NOM
orsec;ORsEk;orsec;NOM;0;0;1;5;3;4;2;NOM
ortho;ORto;ortho;ADV;0,56;0,56;1;5;5;4;2;ADV
ortie;ORti;ortie;NOM;2,04;0,41;1;5;4;4;2;NOM
orvet;ORvE;orvet;NOM;0,04;0,04;1;5;3;3;2;NOM
osais;ozE;oser;VER;90,2;2,73;0;5;0;0;2;VER
osait;ozE;oser;VER;90,2;1,91;0;5;0;0;2;VER
osant;oz@;oser;VER;90,2;0,05;0;5;0;0;2;VER
oscar;OskaR;oscar;NOM;1,71;0,65;1;5;4;3;2;NOM
osent;oz;oser;VER;90,2;3,23;0;5;0;2;1;VER
osera;oz°Ra;oser;VER;90,2;1,5;0;5;0;0;3;VER
osier;ozje;osier;NOM;0,35;0,35;1;5;3;3;2;NOM
osiez;ozje;oser;VER;90,2;0,34;0;5;0;3;2;VER
osons;oz§;oser;VER;90,2;0,23;0;5;0;0;2;VER
ossue;osy;ossu;ADJ;0;0;0;5;0;0;2;ADJ
osées;oze;oser;VER;90,2;0,11;0;5;0;3;2;VER,ADJ
osées;oze;osé;ADJ;1,24;0,39;0;5;0;3;2;VER,ADJ
otage;otaZ;otage;NOM;26,4;15,22;1;5;4;4;2;NOM
otite;otit;otite;NOM;1,16;0,84;1;5;3;4;2;NOM
ouais;wE;ouais;ADV;533,02;533,02;1;5;5;2;1;ADV
ouata;wata;ouater;VER;0;0;0;5;0;0;2;VER
ouate;wat;ouate;NOM;0,27;0,26;1;5;5;3;1;NOM
ouaté;wate;ouater;VER;0;0;0;5;5;4;2;VER,ADJ
ouaté;wate;ouaté;ADJ;0,01;0,01;1;5;5;4;2;VER,ADJ
oubli;ubli;oubli;NOM;8,02;6,92;1;5;5;4;2;NOM
ouche;uS;ouche;NOM;0,42;0,42;1;5;3;2;1;NOM
oueds;wEd;oued;NOM;0,27;0;0;5;0;3;1;NOM
ouest;wEst;ouest;ADJ;8,81;8,81;1;5;5;4;1;ADJ,NOM
ouest;wEst;ouest;NOM;27,79;27,79;1;5;5;4;1;ADJ,NOM
ounce;awns;ounce;NOM;0,01;0,01;1;5;3;3;1;NOM
ourdi;uRdi;ourdir;VER;0,72;0,39;0;5;0;4;2;VER
ourle;uRl;ourler;VER;0,02;0;0;5;0;0;1;VER
ourlé;uRle;ourler;VER;0,02;0;0;5;0;4;2;VER
ourse;uRs;ours;NOM;24,57;0,58;0;5;0;3;1;NOM
ouste;ust;ouste;ONO;5,24;5,24;1;5;5;3;1;ONO
outil;uti;outil;NOM;14,18;3,63;1;5;5;3;2;NOM
outre;utR;outre;ADV;1,27;1,27;1;5;5;3;1;ADV,NOM,PRE,VER
outre;utR;outre;NOM;4,45;4,42;1;5;5;3;1;ADV,NOM,PRE,VER
outre;utR;outre;PRE;3,03;3,03;1;5;5;3;1;ADV,NOM,PRE,VER
outre;utR;outrer;VER;0,57;0,18;0;5;5;3;1;ADV,NOM,PRE,VER
outré;utRe;outrer;VER;0,57;0,27;0;5;5;4;2;VER,ADJ
outré;utRe;outré;ADJ;0,47;0,2;1;5;5;4;2;VER,ADJ
ouvre;uvR;ouvrir;VER;413,32;141,45;0;5;0;0;1;VER
ouvré;uvRe;ouvrer;VER;0,02;0,02;0;5;5;4;2;VER,ADJ
ouvré;uvRe;ouvré;ADJ;0,04;0,01;1;5;5;4;2;VER,ADJ
ouzos;uzo;ouzo;NOM;0,58;0,1;0;5;0;2;2;NOM
ouïes;wi;ouïe;NOM;2,38;0,16;0;5;0;2;1;NOM
ovale;oval;ovale;ADJ;1,88;1,83;1;5;5;4;2;ADJ,NOM
ovale;oval;ovale;NOM;0,11;0,1;1;5;5;4;2;ADJ,NOM
ovins;ov5;ovin;NOM;0,04;0,04;0;5;0;3;2;NOM
ovnis;Ovni;ovni;NOM;2,98;1,91;0;5;0;3;2;NOM
ovule;ovyl;ovule;NOM;1,16;0,64;1;5;5;4;2;NOM,VER
ovule;ovyl;ovuler;VER;0,11;0,05;0;5;5;4;2;NOM,VER
oxyde;Oksid;oxyde;NOM;1,03;0,99;1;5;5;5;2;NOM,VER
oxyde;Oksid;oxyder;VER;0,1;0,04;0;5;5;5;2;NOM,VER
oxydé;Okside;oxyder;VER;0,1;0,07;0;5;0;6;3;VER
oyant;waj@;ouïr;VER;5,72;0;0;5;4;4;2;VER,ADJ
oyant;waj@;oyant;ADJ;0,1;0,1;1;5;4;4;2;VER,ADJ
oyats;oja;oyat;NOM;0,11;0,11;0;5;0;2;2;NOM
oyons;waj§;ouïr;VER;5,72;0,01;0;5;0;0;2;VER
ozone;ozon;ozone;NOM;1,35;1,35;1;5;2;3;2;NOM
pacas;paka;paca;ADJ;0,01;0,01;0;5;0;0;2;ADJ
pacha;paSa;pacha;NOM;7,28;7,11;1;5;5;4;2;NOM
packs;pak;pack;NOM;1,72;0,22;0;5;0;3;1;NOM
pacte;pakt;pacte;NOM;8,12;7,29;1;5;5;4;1;NOM
paddy;padi;paddy;NOM;1,52;1,52;1;5;5;4;2;NOM
pager;paZe;pager;VER;1,01;0,99;1;5;5;4;2;VER
pages;paZ;page;NOM;39,41;14,25;0;5;0;3;1;NOM
pagne;paN;pagne;NOM;0,4;0,37;1;5;5;3;1;NOM
pagus;pagys;pagus;NOM;0,01;0,01;1;5;5;5;2;NOM
pagée;paZe;pager;VER;1,01;0;0;5;0;4;2;VER
pagés;paZe;pager;VER;1,01;0;0;5;0;4;2;VER
paies;pE;paie;NOM;8,4;0,31;0;5;0;2;1;NOM,VER
paies;pE;payer;VER;416,68;8,97;0;5;0;2;1;NOM,VER
pains;p5;pain;NOM;67,58;4,77;0;5;0;2;1;NOM
paire;pER;pair;ADJ;1,96;0,75;0;5;5;3;1;ADJ,NOM
paire;pER;paire;NOM;21,59;18,31;1;5;5;3;1;ADJ,NOM
pairs;pER;pair;ADJ;1,96;0,38;0;5;0;3;1;ADJ,NOM
pairs;pER;pair;NOM;3,54;1,27;0;5;0;3;1;ADJ,NOM
palan;pal@;palan;NOM;0,11;0,07;1;5;5;4;2;NOM
pales;pal;pale;NOM;1,11;0,37;0;5;0;3;1;NOM
palet;palE;palet;NOM;1,08;0,93;1;5;5;4;2;NOM
palis;pali;palis;NOM;0;0;1;5;5;4;2;NOM
palle;pal2;palle;NOM;0,91;0,91;1;5;5;4;2;NOM
palme;palm;palme;NOM;2,09;1,25;1;5;5;4;1;NOM
palmé;palme;palmer;VER;0,02;0;0;5;5;5;2;VER
palot;palo;palot;NOM;0,2;0,05;1;5;5;4;2;NOM
palpa;palpa;palper;VER;1,81;0;0;5;0;0;2;VER
palpe;palp;palpe;NOM;0;0;1;5;5;4;1;NOM,VER
palpe;palp;palper;VER;1,81;0,34;0;5;5;4;1;NOM,VER
palpé;palpe;palper;VER;1,81;0,28;0;5;0;5;2;VER
palus;paly;palus;NOM;0,01;0,01;1;5;5;4;2;NOM
paléo;paleo;paléo;ADV;0,01;0,01;1;5;5;5;3;ADV
pampa;p@pa;pampa;NOM;0,61;0,34;1;5;5;4;2;NOM
panda;p@da;panda;NOM;1,71;1,46;1;5;5;4;2;NOM
panel;panEl;panel;NOM;0,28;0,28;1;5;5;5;2;NOM
paner;pane;paner;VER;0,13;0,04;1;5;5;4;2;VER
panic;panik;panic;NOM;0,46;0,46;1;5;5;5;2;NOM
panis;pani;panis;NOM;0,14;0,14;1;5;5;4;2;NOM
panka;p@ka;panka;NOM;0;0;1;5;4;4;2;NOM
panna;pana;panner;VER;0,14;0,02;0;5;0;0;2;VER
panne;pan;panne;NOM;24,59;23,84;1;5;5;3;1;NOM
panné;pane;panner;VER;0,14;0,11;0;5;5;4;2;VER,ADJ
panné;pane;panné;ADJ;0,01;0,01;1;5;5;4;2;VER,ADJ
panos;pano;pano;ADJ;0,46;0,17;0;5;0;4;2;ADJ
pansa;p@sa;panser;VER;1,34;0,14;0;5;0;0;2;VER
panse;p@s;panse;NOM;2,13;2,02;1;5;5;3;1;NOM,VER
panse;p@s;panser;VER;1,34;0,16;0;5;5;3;1;NOM,VER
pansu;p@sy;pansu;ADJ;0;0;1;5;5;4;2;ADJ
pansé;p@se;panser;VER;1,34;0,28;0;5;0;4;2;VER
pante;p@t;pante;NOM;0,01;0;1;5;5;3;1;NOM
panty;p@ti;panty;NOM;0,05;0,05;1;5;5;4;2;NOM
panée;pane;paner;VER;0,13;0,01;0;5;0;4;2;VER,ADJ
panée;pane;pané;ADJ;0,19;0,01;0;5;0;4;2;VER,ADJ
panés;pane;paner;VER;0,13;0;0;5;0;4;2;VER,ADJ
panés;pane;pané;ADJ;0,19;0,04;0;5;0;4;2;VER,ADJ
paolo;paOlo;paolo;NOM;0,07;0,07;1;5;5;3;3;NOM
paons;p@;paon;NOM;1,3;0,6;0;5;0;2;1;NOM
papal;papal;papal;ADJ;0,41;0,02;1;5;5;5;2;ADJ
papas;papa;papas;NOM;1,25;1,25;1;5;5;4;2;NOM
papes;pap;pape;NOM;7,17;0,6;0;5;0;3;1;NOM
papet;papE;papet;NOM;4,25;4,25;1;5;5;4;2;NOM
papis;papi;papi;NOM;7,23;0,17;0;5;0;4;2;NOM
papou;papu;papou;NOM;0,04;0,02;1;5;5;4;2;NOM
papys;papi;papy;NOM;6,79;0,04;0;5;0;4;2;NOM
parai;paRE;parer;VER;30,5;0,02;0;5;0;4;2;VER
paras;paRa;para;NOM;3,23;0,9;0;5;0;4;2;NOM
parce;paRs;parce;ADV;3,49;3,49;1;5;5;4;1;ADV
parcs;paRk;parc;NOM;32,85;1,84;0;5;0;4;1;NOM
pardi;paRdi;pardi;ONO;2,66;2,66;1;5;5;5;2;ONO
parer;paRe;parer;VER;30,5;0,69;1;5;5;4;2;VER
parez;paRe;parer;VER;30,5;1,44;0;5;0;4;2;VER
paria;paRja;paria;NOM;1,12;0,82;1;5;5;5;2;NOM,VER
paria;paRja;parier;VER;81,96;0,03;0;5;5;5;2;NOM,VER
parie;paRi;parier;VER;81,96;52,59;0;5;0;4;2;VER
paris;paRi;pari;NOM;26,61;12,68;0;5;0;4;2;NOM
parié;paRje;parier;VER;81,96;9,61;0;5;0;5;2;VER
parka;paRka;parka;NOM;0,28;0,28;1;5;5;5;2;NOM
parla;paRla;parler;VER;1970,55;2,71;0;5;0;0;2;VER
parle;paRl;parler;VER;1970,55;451,68;0;5;0;0;1;VER
parlé;paRle;parler;VER;1970,55;248,94;0;5;5;5;2;VER,ADJ
parlé;paRle;parlé;ADJ;2,81;2,76;1;5;5;5;2;VER,ADJ
parme;paRm;parme;ADJ;0,01;0,01;1;5;5;4;1;ADJ
parmi;paRmi;parmi;PRE;69,17;69,17;1;5;5;5;2;PRE
paroi;paRwa;paroi;NOM;4,88;3,01;1;5;5;5;2;NOM
paros;paROs;paros;NOM;0,27;0,27;1;5;5;5;2;NOM
parsi;paRsi;parsi;ADJ;0,27;0,27;1;5;5;5;2;ADJ,NOM
parsi;paRsi;parsi;NOM;0,02;0,02;1;5;5;5;2;ADJ,NOM
parte;paRt;partir;VER;1111,97;22,87;0;5;0;4;1;VER
parti;paRti;parti;ADJ;15,01;11,06;1;5;5;5;2;ADJ,NOM,VER
parti;paRti;parti;NOM;46,59;41,75;1;5;5;5;2;ADJ,NOM,VER
parti;paRti;partir;VER;1111,97;162,93;0;5;5;5;2;ADJ,NOM,VER
parts;paR;part;NOM;305,89;6,58;0;5;0;3;1;NOM
party;paRti;party;NOM;1,54;1,54;1;5;5;5;2;NOM
parue;paRy;paraître;VER;122,14;0,36;0;5;0;0;2;VER
parus;paRy;paraître;VER;122,14;0,23;0;5;0;0;2;VER
parut;paRy;paraître;VER;122,14;1,48;0;5;0;0;2;VER
parée;paRe;parer;VER;30,5;1,21;0;5;0;4;2;VER,ADJ
parée;paRe;paré;ADJ;2,11;0,26;0;5;0;4;2;VER,ADJ
paréo;paReo;paréo;NOM;0,01;0,01;1;5;5;5;3;NOM
parés;paRe;parer;VER;30,5;2,31;0;5;0;4;2;VER,ADJ
parés;paRe;paré;ADJ;2,11;0,81;0;5;0;4;2;VER,ADJ
parût;paRy;paraître;VER;122,14;0;0;5;0;0;2;VER
paseo;paseo;paseo;NOM;0;0;1;5;4;5;3;NOM
pasos;pazo;paso;NOM;0,23;0;0;5;0;4;2;NOM
passa;pasa;passer;VER;1495,49;3,79;0;5;0;0;2;VER
passe;pas;passe;NOM;47,58;44,87;1;5;5;3;1;NOM,VER
passe;pas;passer;VER;1495,49;523,58;0;5;5;3;1;NOM,VER
passé;pase;passer;VER;1495,49;297,63;0;5;5;4;2;VER,ADJ,ADV,NOM
passé;pase;passé;ADJ;115,89;101,77;1;5;5;4;2;VER,ADJ,ADV,NOM
passé;pase;passé;ADV;0,01;0,01;1;5;5;4;2;VER,ADJ,ADV,NOM
passé;pase;passé;NOM;64,32;63,39;1;5;5;4;2;VER,ADJ,ADV,NOM
patch;patS;patch;NOM;1,11;0,88;1;5;5;4;1;NOM
pater;patER;pater;NOM;0,56;0,56;1;5;5;5;2;NOM
patin;pat5;patin;NOM;3,77;1,12;1;5;5;4;2;NOM
patio;patjo;patio;NOM;2,02;2,02;1;5;5;4;2;NOM
patri;patRi;patri;ADV;0,15;0,15;1;5;5;5;2;ADV
patte;pat;patte;NOM;34,6;6,45;1;5;5;3;1;NOM
pattu;paty;pattu;ADJ;0;0;1;5;5;4;2;ADJ
pauma;poma;paumer;VER;4,27;0;0;5;0;0;2;VER
paume;pom;paume;NOM;3,17;2,18;1;5;5;3;1;NOM,VER
paume;pom;paumer;VER;4,27;0,35;0;5;5;3;1;NOM,VER
paumé;pome;paumer;VER;4,27;2,58;0;5;5;4;2;VER,ADJ,NOM
paumé;pome;paumé;ADJ;2,46;1,92;1;5;5;4;2;VER,ADJ,NOM
paumé;pome;paumé;NOM;2,23;1,03;1;5;5;4;2;VER,ADJ,NOM
pause;poz;pause;NOM;28,24;27,3;1;5;5;3;1;NOM
paver;pave;paver;VER;0,33;0,06;1;5;5;4;2;VER
pavez;pave;paver;VER;0,33;0,02;0;5;0;4;2;VER
pavot;pavo;pavot;NOM;0,85;0,74;1;5;5;4;2;NOM
pavée;pave;pavé;ADJ;0,92;0,33;0;5;0;4;2;ADJ
pavés;pave;paver;VER;0,33;0;0;5;0;4;2;VER,ADJ,NOM
pavés;pave;pavé;ADJ;0,92;0,11;0;5;0;4;2;VER,ADJ,NOM
pavés;pave;pavé;NOM;3;0,92;0;5;0;4;2;VER,ADJ,NOM
paxon;paks§;paxon;NOM;0,07;0,07;1;5;4;5;2;NOM
payai;pejE;payer;VER;416,68;0,01;0;5;0;0;2;VER
payer;peje;payer;VER;416,68;149,1;1;5;5;3;2;VER
payes;pej;paye;NOM;10,01;0,48;0;5;0;0;1;NOM,VER
payes;pej;payer;VER;416,68;4,59;0;5;0;0;1;NOM,VER
payez;peje;payer;VER;416,68;13,15;0;5;0;3;2;VER
payse;peiz;payse;NOM;0,01;0,01;1;5;5;4;2;NOM
payât;peja;payer;VER;416,68;0;0;5;0;0;2;VER
payée;peje;payer;VER;416,68;9,16;0;5;0;3;2;VER,ADJ
payée;peje;payé;ADJ;10,72;1,36;0;5;0;3;2;VER,ADJ
payés;peje;payer;VER;416,68;5,56;0;5;0;3;2;VER,ADJ
payés;peje;payé;ADJ;10,72;3,21;0;5;0;3;2;VER,ADJ
païen;paj5;païen;ADJ;1,39;0,51;1;5;3;4;2;ADJ,NOM
païen;paj5;païen;NOM;2,22;0,27;1;5;3;4;2;ADJ,NOM
peaux;po;peau;NOM;87,47;3,63;0;5;0;2;1;NOM
peina;pEna;peiner;VER;7,65;0;0;5;0;0;2;VER
peine;pEn;peine;NOM;199,75;193,42;1;5;5;3;1;NOM,VER
peine;pEn;peiner;VER;7,65;3,09;0;5;5;3;1;NOM,VER
peins;p5;peindre;VER;36,05;3,77;0;5;0;2;1;VER
peint;p5;peindre;VER;36,05;11,95;0;5;5;2;1;VER,ADJ
peint;p5;peint;ADJ;2,41;1,6;1;5;5;2;1;VER,ADJ
peiné;pene;peiner;VER;7,65;1,68;0;5;0;4;2;VER
peler;p°le;peler;VER;1,78;0,44;1;5;4;4;2;VER
pelle;pEl;pelle;NOM;10,1;8,75;1;5;5;3;1;NOM
pelée;p°le;peler;VER;1,78;0,01;0;5;0;4;2;VER,ADJ
pelée;p°le;pelé;ADJ;0,44;0,3;0;5;0;4;2;VER,ADJ
pelés;p°le;peler;VER;1,78;0,02;0;5;0;4;2;VER,ADJ
pelés;p°le;pelé;ADJ;0,44;0,01;0;5;0;4;2;VER,ADJ
pence;pEns;pence;NOM;1,71;1,71;1;5;5;4;1;NOM
pende;p@d;pendre;VER;42,99;1,15;0;5;0;0;1;VER
pends;p@;pendre;VER;42,99;1,13;0;5;0;2;1;VER
pendu;p@dy;pendre;VER;42,99;11,02;0;5;5;4;2;VER,ADJ,NOM
pendu;p@dy;pendu;ADJ;2,9;1,46;1;5;5;4;2;VER,ADJ,NOM
pendu;p@dy;pendu;NOM;2,74;1,47;1;5;5;4;2;VER,ADJ,NOM
penne;pEn;penne;NOM;0,39;0,34;1;5;5;3;1;NOM
penny;peni;penny;ADJ;2,96;2,96;1;5;5;4;2;ADJ,NOM
penny;peni;penny;NOM;3,49;3,49;1;5;5;4;2;ADJ,NOM
penon;p°n§;penon;NOM;0;0;1;5;4;4;2;NOM
pensa;p@sa;penser;VER;1485,47;1,52;0;5;0;0;2;VER
pense;p@s;penser;VER;1485,47;517,64;0;5;0;3;1;VER
pensé;p@se;penser;VER;1485,47;151,67;0;5;0;4;2;VER
pente;p@t;pente;NOM;4,82;4,46;1;5;5;3;1;NOM
pentu;p@ty;pentu;ADJ;0,05;0,05;1;5;5;4;2;ADJ
perce;pERs;perce;NOM;0,31;0,31;1;5;5;4;1;NOM,VER
perce;pERs;percer;VER;15,77;2,09;0;5;5;4;1;NOM,VER
perco;pERko;perco;NOM;0,07;0,07;1;5;5;5;2;NOM
percé;pERse;percer;VER;15,77;3,67;0;5;5;5;2;VER,NOM
percé;pERse;percé;NOM;0,01;0,01;1;5;5;5;2;VER,NOM
perde;pERd;perdre;VER;546,08;5,62;0;5;0;0;1;VER
perds;pER;perdre;VER;546,08;48,13;0;5;0;3;1;VER
perdu;pERdy;perdre;VER;546,08;217,23;0;5;5;5;2;VER,ADJ,NOM
perdu;pERdy;perdu;ADJ;36,46;17,5;1;5;5;5;2;VER,ADJ,NOM
perdu;pERdy;perdu;NOM;0,04;0,04;1;5;5;5;2;VER,ADJ,NOM
perla;pERla;perler;VER;0,38;0,01;0;5;0;0;2;VER
perle;pERl;perle;NOM;10,57;4,13;1;5;5;4;1;NOM,VER
perle;pERl;perler;VER;0,38;0,04;0;5;5;4;1;NOM,VER
perlé;pERle;perler;VER;0,38;0,14;0;5;5;5;2;VER,ADJ
perlé;pERle;perlé;ADJ;0,11;0;1;5;5;5;2;VER,ADJ
perme;pERm;perme;NOM;0,58;0,57;1;5;5;4;1;NOM
perré;pERe;perré;NOM;0;0;1;5;5;4;2;NOM
perse;pERs;perse;ADJ;0,92;0,48;1;5;5;4;1;ADJ
perso;pERso;perso;ADJ;2,38;2,33;1;5;5;5;2;ADJ
perte;pERt;perte;NOM;37,8;30,2;1;5;5;4;1;NOM
perça;pERsa;percer;VER;15,77;0,04;0;5;0;0;2;VER
perçu;pERsy;percevoir;VER;7,41;1,41;0;5;5;5;2;VER,ADJ
perçu;pERsy;perçu;ADJ;0,31;0,09;1;5;5;5;2;VER,ADJ
pesai;p2zE;peser;VER;23,41;0;0;5;0;0;2;VER
peser;p2ze;peser;VER;23,41;3,92;1;5;5;4;2;VER
pesez;p2ze;peser;VER;23,41;0,88;0;5;0;4;2;VER
peson;p2z§;peson;NOM;0;0;1;5;5;4;2;NOM
pesos;pezOs;peso;NOM;11,02;10,29;0;5;0;0;2;NOM
pesse;pEs;pesse;NOM;0,01;0,01;1;5;5;3;1;NOM
pesta;pEsta;pester;VER;0,34;0;0;5;0;0;2;VER
peste;pEst;peste;NOM;16,95;16,68;1;5;5;4;1;NOM,ONO,VER
peste;pEst;peste;ONO;0,4;0,4;1;5;5;4;1;NOM,ONO,VER
peste;pEst;pester;VER;0,34;0,07;0;5;5;4;1;NOM,ONO,VER
pesté;pEste;pester;VER;0,34;0;0;5;0;5;2;VER
pesât;p°za;peser;VER;23,41;0;0;5;0;0;2;VER
pesée;p°ze;peser;VER;23,41;0,31;0;5;4;3;2;VER,NOM
pesée;p°ze;pesée;NOM;0,61;0,61;1;5;4;3;2;VER,NOM
pesés;p°ze;peser;VER;23,41;0,02;0;5;0;3;2;VER
petit;p°ti;petit;ADJ;1106,8;573,72;1;5;5;4;2;ADJ,ADV,NOM
petit;p°ti;petit;ADV;12,3;12,3;1;5;5;4;2;ADJ,ADV,NOM
petit;p°ti;petit;NOM;221,75;131,7;1;5;5;4;2;ADJ,ADV,NOM
peton;p°t§;peton;NOM;0,09;0,01;1;5;4;4;2;NOM
peuhl;p2l;peuhl;ADJ;0;0;1;5;5;3;1;ADJ
peulh;p2l;peulh;NOM;0;0;1;5;5;3;1;NOM
peurs;p9R;peur;NOM;557,21;5,38;0;5;0;0;1;NOM
pfutt;pfyt;pfutt;ONO;0;0;1;5;3;3;1;ONO
phare;faR;phare;NOM;11,88;7,17;1;5;5;3;1;NOM
phase;faz;phase;NOM;13,22;12,42;1;5;5;3;1;NOM
philo;filo;philo;NOM;2,35;2,35;1;5;5;4;2;NOM
phlox;flOks;phlox;NOM;0;0;1;5;4;5;1;NOM
phone;fon;phone;NOM;0,67;0,64;1;5;5;3;1;NOM
phono;fono;phono;NOM;0,75;0,75;1;5;5;4;2;NOM
photo;foto;photo;NOM;209,1;122,47;1;5;5;4;2;NOM
piafs;pjaf;piaf;NOM;2;0,25;0;5;0;4;1;NOM
piano;pjano;piano;ADV;1,35;1,35;1;5;5;5;2;ADV,NOM
piano;pjano;piano;NOM;22,22;21,5;1;5;5;5;2;ADV,NOM
piaye;pjaj;piaye;NOM;0;0;1;5;4;4;1;NOM
picot;piko;picot;NOM;0,26;0,03;1;5;5;4;2;NOM
picté;pikte;picter;VER;0;0;0;5;0;0;2;VER
pieds;pje;pied;NOM;214,08;108,57;0;5;0;3;1;NOM
pietà;pjeta;pietà;NOM;0,18;0,18;1;5;4;5;2;NOM
pieux;pj2;pieux;ADJ;5;1,86;1;5;5;3;1;ADJ,NOM
pieux;pj2;pieux;NOM;1,05;1,05;1;5;5;3;1;ADJ,NOM
pifer;pife;pifer;VER;0,01;0,01;1;5;4;4;2;VER
piffé;pife;piffer;VER;0,16;0;0;5;0;4;2;VER
piger;piZe;piger;VER;41,77;1,78;1;5;5;4;2;VER
piges;piZ;pige;NOM;1,94;1,54;0;5;0;3;1;NOM,VER
piges;piZ;piger;VER;41,77;10,99;0;5;0;3;1;NOM,VER
pigez;piZe;piger;VER;41,77;2,08;0;5;0;4;2;VER
pigne;piN;pigne;NOM;0,07;0,02;1;5;5;3;1;NOM
pilaf;pilaf;pilaf;NOM;0,26;0,26;1;5;5;5;2;NOM
piler;pile;piler;VER;3,34;0,35;1;5;5;4;2;VER
piles;pil;pile;NOM;21,3;5,08;0;5;0;3;1;NOM,VER
piles;pil;piler;VER;3,34;0,15;0;5;0;3;1;NOM,VER
pilla;pija;piller;VER;7,66;0,01;0;5;0;0;2;VER
pille;pij;piller;VER;7,66;1,02;0;5;0;0;1;VER
pillé;pije;piller;VER;7,66;1,87;0;5;0;4;2;VER
pilon;pil§;pilon;NOM;0,62;0,47;1;5;5;4;2;NOM
pilot;pilo;pilot;NOM;1,1;1,1;1;5;5;4;2;NOM
pilou;pilu;pilou;NOM;0;0;1;5;5;4;2;NOM
pilum;pilOm;pilum;NOM;0;0;1;5;5;5;2;NOM
pilée;pile;piler;VER;3,34;0,19;0;5;4;4;2;VER,NOM
pilée;pile;pilée;NOM;0,01;0,01;1;5;4;4;2;VER,NOM
pilés;pile;piler;VER;3,34;0,04;0;5;0;4;2;VER
pin's;pins;pin's;NOM;0,3;0,3;1;5;4;4;1;NOM
pince;p5s;pince;NOM;9;5,62;1;5;5;3;1;NOM,VER
pince;p5s;pincer;VER;10,84;2,41;0;5;5;3;1;NOM,VER
pincé;p5se;pincer;VER;10,84;1,27;0;5;5;4;2;VER,ADJ
pincé;p5se;pincé;ADJ;0,06;0,04;1;5;5;4;2;VER,ADJ
piner;pine;piner;VER;0,81;0,16;1;5;5;4;2;VER
pines;pin;pine;NOM;1,59;0,11;0;5;0;3;1;NOM
pinot;pino;pinot;NOM;0,47;0,46;1;5;4;4;2;NOM
pinta;p5ta;pinter;VER;0,33;0,05;0;5;0;0;2;VER
pinte;p5t;pinte;NOM;1,34;0,9;1;5;5;3;1;NOM,VER
pinte;p5t;pinter;VER;0,33;0,11;0;5;5;3;1;NOM,VER
pinté;p5te;pinter;VER;0,33;0,04;0;5;0;4;2;VER
pinça;p5sa;pincer;VER;10,84;0;0;5;0;0;2;VER
pions;pj§;pion;NOM;4,91;1,92;0;5;0;3;1;NOM
piots;pjo;piot;NOM;0;0;0;5;0;3;1;NOM
pipai;pipE;piper;VER;20,6;0;0;5;0;0;2;VER
piper;pipe;piper;VER;20,6;19,96;1;5;5;4;2;VER
pipes;pip;pipe;NOM;16,38;3,64;0;5;0;3;1;NOM,VER
pipes;pip;piper;VER;20,6;0,03;0;5;0;3;1;NOM,VER
pipis;pipi;pipi;NOM;15,36;0,03;0;5;0;4;2;NOM
pipée;pipe;pipée;NOM;0,02;0,02;1;5;4;4;2;NOM
pipés;pipe;piper;VER;20,6;0,24;0;5;0;4;2;VER
piqua;pika;piquer;VER;50,06;0,03;0;5;0;4;2;VER
pique;pik;pique;NOM;6,95;6,03;1;5;5;3;1;NOM,VER
pique;pik;piquer;VER;50,06;7,74;0;5;5;3;1;NOM,VER
piqué;pike;piquer;VER;50,06;15,18;0;5;5;4;2;VER,ADJ
piqué;pike;piqué;ADJ;1,06;0,77;1;5;5;4;2;VER,ADJ
pires;piR;pire;ADJ;98,83;15,61;0;5;0;3;1;ADJ
pisan;piz@;pisan;ADJ;0,1;0,1;1;5;4;4;2;ADJ
pissa;pisa;pisser;VER;39,03;0,01;0;5;0;4;2;VER
pisse;pis;pisse;NOM;5,99;5,98;1;5;5;3;1;NOM,VER
pisse;pis;pisser;VER;39,03;6,84;0;5;5;3;1;NOM,VER
pissé;pise;pisser;VER;39,03;5,46;0;5;0;4;2;VER
pista;pista;pister;VER;1,9;0;0;5;0;0;2;VER
piste;pist;piste;NOM;51,77;43,01;1;5;5;4;1;NOM,VER
piste;pist;pister;VER;1,9;0,52;0;5;5;4;1;NOM,VER
pisté;piste;pister;VER;1,9;0,17;0;5;0;5;2;VER
pitas;pita;pita;NOM;0,73;0,03;0;5;0;4;2;NOM
pitch;pitS;pitch;NOM;0,29;0,29;1;5;5;4;1;NOM
pitié;pitje;pitié;NOM;76,38;76,38;1;5;4;4;2;NOM
piton;pit§;piton;NOM;0,46;0,4;1;5;5;4;2;NOM
pitre;pitR;pitre;NOM;1,7;1,55;1;5;5;4;1;NOM
pivot;pivo;pivot;NOM;0,68;0,61;1;5;5;4;2;NOM
pixel;piksEl;pixel;NOM;0,36;0,03;1;5;5;5;2;NOM
pizza;pidza;pizza;NOM;23,09;18,6;1;5;5;5;2;NOM
pièce;pjEs;pièce;NOM;151,1;110,66;1;5;4;4;1;NOM
piège;pjEZ;piège;NOM;33,12;27,53;1;5;4;4;1;NOM,VER
piège;pjEZ;piéger;VER;21,77;0,47;0;5;4;4;1;NOM,VER
piète;pjEt;piéter;VER;0,01;0;0;5;0;0;1;VER
piégé;pjeZe;piéger;VER;21,77;9,12;0;5;0;5;2;VER
piéta;pjeta;piéta;NOM;0,15;0,15;1;5;5;5;2;NOM,VER
piéta;pjeta;piéter;VER;0,01;0;0;5;5;5;2;NOM,VER
piété;pjete;piéter;VER;0,01;0,01;0;5;5;5;2;VER,NOM
piété;pjete;piété;NOM;1,47;1,47;1;5;5;5;2;VER,NOM
place;plas;place;NOM;301,3;280,54;1;5;5;4;1;NOM,VER
place;plas;placer;VER;52,94;13,06;0;5;5;4;1;NOM,VER
placé;plase;placer;VER;52,94;11,81;0;5;5;5;2;VER,ADJ
placé;plase;placé;ADJ;6,18;2,88;1;5;5;5;2;VER,ADJ
plage;plaZ;plage;NOM;48,19;44,99;1;5;5;4;1;NOM
plaid;plEd;plaid;NOM;0,34;0,28;1;5;5;4;1;NOM
plaie;plE;plaie;NOM;15,02;10,42;1;5;5;3;1;NOM
plain;pl5;plain;ADJ;0,6;0,31;1;5;5;3;1;ADJ
plais;plE;plaire;VER;607,21;21,48;0;5;0;3;1;VER
plana;plana;planer;VER;7,86;0;0;5;0;0;2;VER
plane;plan;plan;ADJ;4,08;0,66;0;5;5;4;1;ADJ,NOM,VER
plane;plan;plane;NOM;0,48;0,48;1;5;5;4;1;ADJ,NOM,VER
plane;plan;planer;VER;7,86;2,48;0;5;5;4;1;ADJ,NOM,VER
plans;pl@;plan;ADJ;4,08;0,74;0;5;0;3;1;ADJ,NOM
plans;pl@;plan;NOM;147,54;28;0;5;0;3;1;ADJ,NOM
plant;pl@;plant;NOM;2,54;1,07;1;5;5;3;1;NOM
plané;plane;planer;VER;7,86;0,76;0;5;0;5;2;VER
plate;plat;plat;ADJ;14,66;3,09;0;5;5;4;1;ADJ,NOM
plate;plat;plate;NOM;0,54;0,52;1;5;5;4;1;ADJ,NOM
plats;pla;plat;ADJ;14,66;2,33;0;5;0;3;1;ADJ,NOM
plats;pla;plat;NOM;30,24;8,37;0;5;0;3;1;ADJ,NOM
plaza;plaza;plaza;NOM;1,53;1,53;1;5;5;4;2;NOM
plaça;plasa;placer;VER;52,94;0,58;0;5;0;0;2;VER
plaît;plE;plaire;VER;607,21;499,91;0;5;0;3;1;VER
plein;pl5;plein;ADJ;208,75;104,57;1;5;5;3;1;ADJ,ADV,NOM,PRE
plein;pl5;plein;ADV;1,81;1,81;1;5;5;3;1;ADJ,ADV,NOM,PRE
plein;pl5;plein;NOM;9,7;9,17;1;5;5;3;1;ADJ,ADV,NOM,PRE
plein;pl5;plein;PRE;89,11;89,11;1;5;5;3;1;ADJ,ADV,NOM,PRE
pleur;pl9R;pleur;NOM;9,52;0,2;1;5;5;4;1;NOM
pleut;pl2;pleuvoir;VER;67,17;20,5;0;5;0;0;1;VER
plexi;plEksi;plexi;NOM;0,01;0,01;1;5;5;6;2;NOM
pliai;plijE;plier;VER;14,37;0;0;5;0;0;2;VER
plier;plije;plier;VER;14,37;5,02;1;5;5;5;2;VER
plies;pli;plie;NOM;0,07;0,02;0;5;0;3;1;NOM,VER
plies;pli;plier;VER;14,37;0,28;0;5;0;3;1;NOM,VER
pliez;plije;plier;VER;14,37;1,32;0;5;0;5;2;VER
pliât;plja;plier;VER;14,37;0;0;5;0;0;1;VER
pliée;plije;plier;VER;14,37;0,68;0;5;0;5;2;VER
pliés;plije;plier;VER;14,37;0,32;0;5;0;5;2;VER,NOM
pliés;plije;plié;NOM;0,36;0,12;0;5;0;5;2;VER,NOM
ploie;plwa;ployer;VER;0,44;0,03;0;5;0;0;1;VER
plomb;pl§;plomb;NOM;20,24;10,62;1;5;5;3;1;NOM
plots;plo;plot;NOM;0,32;0,06;0;5;0;3;1;NOM
plouc;pluk;plouc;ADJ;1,18;0,94;1;5;5;4;1;ADJ,NOM
plouc;pluk;plouc;NOM;3,9;2,35;1;5;5;4;1;ADJ,NOM
plouf;pluf;plouf;ONO;1,31;1,31;1;5;5;4;1;ONO
plouk;pluk;plouk;NOM;0,01;0,01;1;5;5;4;1;NOM
ploya;plwaja;ployer;VER;0,44;0;0;5;0;0;2;VER
ployé;plwaje;ployer;VER;0,44;0,14;0;5;0;6;2;VER
pluie;pl8i;pluie;NOM;46,1;42,91;1;5;4;3;1;NOM
pluma;plyma;plumer;VER;2,44;0;0;5;0;0;2;VER
plume;plym;plume;NOM;15,29;6,49;1;5;5;4;1;NOM,VER
plume;plym;plumer;VER;2,44;0,48;0;5;5;4;1;NOM,VER
plumé;plyme;plumer;VER;2,44;0,37;0;5;0;5;2;VER
plèbe;plEb;plèbe;NOM;0,7;0,7;1;5;4;4;1;NOM
pneus;pn2;pneu;NOM;13,44;7,79;0;5;0;3;1;NOM
poche;pOS;poche;NOM;49,65;36,23;1;5;5;3;1;NOM,VER
poche;pOS;pocher;VER;0,36;0,13;0;5;5;3;1;NOM,VER
poché;poSe;pocher;VER;0,36;0,1;0;5;5;4;2;VER,ADJ
poché;poSe;poché;ADJ;0,61;0,28;1;5;5;4;2;VER,ADJ
pogne;pON;pogne;NOM;0,76;0,69;1;5;5;3;1;NOM
poids;pwa;poids;NOM;34,42;34,42;1;5;5;3;1;NOM
poile;pwal;poiler;VER;0,06;0,03;0;5;0;4;1;VER
poils;pwal;poil;NOM;39,33;12,24;0;5;0;4;1;NOM
poilu;pwaly;poilu;ADJ;4,3;1,94;1;5;5;5;2;ADJ
poilé;pwale;poiler;VER;0,06;0;0;5;0;5;2;VER
poing;pw5;poing;NOM;17,52;13,25;1;5;5;3;1;NOM
point;pw5;poindre;VER;5,28;5,11;0;5;5;3;1;VER,ADV,NOM
point;pw5;point;ADV;34,8;34,8;1;5;5;3;1;VER,ADV,NOM
point;pw5;point;NOM;225,32;186,7;1;5;5;3;1;VER,ADV,NOM
poire;pwaR;poire;NOM;7,58;5,67;1;5;5;4;1;NOM
poiré;pwaRe;poiré;NOM;0;0;1;5;5;5;2;NOM
poker;pokER;poker;NOM;10,76;10,62;1;5;3;3;2;NOM
polak;polak;polak;ADJ;0,07;0,07;1;5;5;5;2;ADJ,NOM
polak;polak;polak;NOM;0,17;0,12;1;5;5;5;2;ADJ,NOM
polar;polaR;polar;NOM;0,86;0,23;1;5;5;5;2;NOM
polie;poli;poli;ADJ;4,68;0,88;0;5;0;4;2;ADJ,VER
polie;poli;polir;VER;9,45;2,23;0;5;0;4;2;ADJ,VER
polio;poljo;polio;NOM;1,1;1,08;1;5;5;5;2;NOM
polir;poliR;polir;VER;9,45;0,38;1;5;5;5;2;VER
polis;poli;poli;ADJ;4,68;0,8;0;5;0;4;2;ADJ,NOM,VER
polis;poli;poli;NOM;0,68;0,04;0;5;0;4;2;ADJ,NOM,VER
polis;poli;polir;VER;9,45;0,67;0;5;0;4;2;ADJ,NOM,VER
polit;poli;polir;VER;9,45;0,03;0;5;0;4;2;VER
polka;pOlka;polka;NOM;1,98;1,9;1;5;4;4;2;NOM
polos;polo;polo;NOM;1,51;0,05;0;5;0;4;2;NOM
pomme;pOm;pomme;NOM;42,35;19,77;1;5;5;3;1;NOM,VER
pomme;pOm;pommer;VER;0,38;0,12;0;5;5;3;1;NOM,VER
pommé;pome;pommer;VER;0,38;0,04;0;5;5;4;2;VER
pompe;p§p;pompe;NOM;22,92;10,51;1;5;5;3;1;NOM,VER
pompe;p§p;pomper;VER;5,24;1,13;0;5;5;3;1;NOM,VER
pompé;p§pe;pomper;VER;5,24;0,4;0;5;5;4;2;VER,ADJ
pompé;p§pe;pompé;ADJ;0,04;0,04;1;5;5;4;2;VER,ADJ
ponce;p§s;ponce;NOM;0,07;0,07;1;5;5;3;1;NOM,VER
ponce;p§s;poncer;VER;0,42;0,18;0;5;5;3;1;NOM,VER
poncé;p§se;poncer;VER;0,42;0,07;0;5;0;4;2;VER
ponde;p§d;pondre;VER;5,41;0,1;0;5;0;0;1;VER
ponds;p§;pondre;VER;5,41;0,04;0;5;0;2;1;VER
pondu;p§dy;pondre;VER;5,41;1,39;0;5;0;0;2;VER
poney;ponE;poney;NOM;4,8;3,7;1;5;5;4;2;NOM
pongo;p§go;pongo;NOM;1,72;1,72;1;5;5;3;2;NOM
pongé;p§Ze;pongé;NOM;0;0;1;5;5;4;2;NOM
ponte;p§t;ponte;NOM;2,35;1,46;1;5;5;3;1;NOM,VER
ponte;p§t;ponter;VER;0,52;0,3;0;5;5;3;1;NOM,VER
ponts;p§;pont;NOM;56,43;5,97;0;5;0;2;1;NOM
ponté;p§te;ponter;VER;0,52;0,01;0;5;5;4;2;VER,ADJ
ponté;p§te;ponté;ADJ;0,01;0,01;1;5;5;4;2;VER,ADJ
popes;pOp;pope;NOM;1,07;0,23;0;5;0;3;1;NOM
poque;pOk;poque;NOM;0,16;0,16;1;5;5;3;1;NOM
porcs;pOR;porc;NOM;41,07;10,89;0;5;0;3;1;NOM
pores;pOR;pore;NOM;1,54;0,97;0;5;0;3;1;NOM
porno;pORno;porno;ADJ;7,2;5,13;1;5;5;5;2;ADJ,NOM
porno;pORno;porno;NOM;9,77;8,73;1;5;5;5;2;ADJ,NOM
porta;pORta;porter;VER;319,98;1,41;0;5;0;0;2;VER
porte;pORt;porte;NOM;333,85;288,39;1;5;5;4;1;NOM,VER
porte;pORt;porter;VER;319,98;93,05;0;5;5;4;1;NOM,VER
porto;pORto;porto;NOM;2,3;2,27;1;5;5;5;2;NOM
ports;pOR;port;NOM;31,68;2,28;0;5;0;3;1;NOM
porté;pORte;porter;VER;319,98;20,56;0;5;5;5;2;VER
posai;pozE;poser;VER;217,2;0,03;0;5;0;0;2;VER
posas;poza;poser;VER;217,2;0;0;5;0;0;2;VER
poser;poze;poser;VER;217,2;73,73;1;5;5;4;2;VER
poses;poz;pose;NOM;16,11;0,77;0;5;0;3;1;NOM,VER
poses;poz;poser;VER;217,2;6,12;0;5;0;3;1;NOM,VER
posez;poze;poser;VER;217,2;23,7;0;5;0;4;2;VER
posta;pOsta;poster;VER;9,54;0,07;0;5;0;0;2;VER
poste;pOst;poste;NOM;82,87;72,64;1;5;5;4;1;NOM,VER
poste;pOst;poster;VER;9,54;1,52;0;5;5;4;1;NOM,VER
posté;pOste;poster;VER;9,54;1,94;0;5;5;5;2;VER,ADJ
posté;pOste;posté;ADJ;0,34;0,1;1;5;5;5;2;VER,ADJ
posât;poza;poser;VER;217,2;0;0;5;0;0;2;VER
posée;poze;poser;VER;217,2;2,67;0;5;0;4;2;VER,ADJ
posée;poze;posé;ADJ;2,01;0,66;0;5;0;4;2;VER,ADJ
posés;poze;poser;VER;217,2;1,33;0;5;0;4;2;VER,ADJ
posés;poze;posé;ADJ;2,01;0,11;0;5;0;4;2;VER,ADJ
poter;pOte;poter;VER;0,02;0,02;1;5;5;4;2;VER
potes;pOt;pote;NOM;84,92;19,89;0;5;0;3;1;NOM
potin;pot5;potin;NOM;2,02;0,61;1;5;5;4;2;NOM
potos;poto;potos;NOM;0;0;1;5;5;4;2;NOM
potée;pote;potée;NOM;0,04;0,04;1;5;4;4;2;NOM
pouah;pwa;pouah;ONO;0,89;0,89;1;5;5;3;1;ONO
pouce;pus;pouce;NOM;15,72;11,89;1;5;5;3;1;NOM,ONO
pouce;pus;pouce;ONO;0,5;0,5;1;5;5;3;1;NOM,ONO
poufs;puf;pouf;NOM;0,83;0,07;0;5;0;3;1;NOM
pouic;pwik;pouic;ONO;0,04;0,04;1;5;5;3;1;ONO
poule;pul;poule;NOM;36,7;23,5;1;5;5;3;1;NOM
pouls;pu;pouls;NOM;15,64;15,64;1;5;5;2;1;NOM
pound;pawnd;pound;NOM;0,2;0,03;1;5;4;3;1;NOM
poupe;pup;poupe;NOM;1,3;1,3;1;5;5;3;1;NOM
poème;poEm;poème;NOM;27,03;15,98;1;5;4;4;2;NOM
poète;poEt;poète;NOM;22,65;16,98;1;5;4;4;2;NOM
poêle;pwal;poêle;NOM;5,12;4,58;1;5;5;4;1;NOM,VER
poêle;pwal;poêler;VER;0,1;0;0;5;5;4;1;NOM,VER
prang;pR@g;prang;NOM;0,11;0,11;1;5;4;4;1;NOM
prend;pR@;prendre;VER;1913,83;179,02;0;5;0;0;1;VER
preux;pR2;preux;ADJ;0,88;0,88;1;5;5;3;1;ADJ,NOM
preux;pR2;preux;NOM;0,64;0,64;1;5;5;3;1;ADJ,NOM
priai;pRijE;prier;VER;313,12;0,2;0;5;0;0;2;VER
prier;pRije;prier;VER;313,12;25,46;1;5;5;5;2;VER
pries;pRi;prier;VER;313,12;2,06;0;5;0;3;1;VER
priez;pRije;prier;VER;313,12;9,13;0;5;0;5;2;VER
prima;pRima;primer;VER;2,01;0,83;0;5;0;5;2;VER
prime;pRim;prime;ADJ;2,37;1,56;1;5;5;4;1;ADJ,NOM,VER
prime;pRim;prime;NOM;17,79;10,63;1;5;5;4;1;ADJ,NOM,VER
prime;pRim;primer;VER;2,01;0,72;0;5;5;4;1;ADJ,NOM,VER
primo;pRimo;primo;ADV;4,1;4,1;1;5;5;5;2;ADV
primé;pRime;primer;VER;2,01;0,04;0;5;5;5;2;VER,ADJ
primé;pRime;primé;ADJ;0,14;0,09;1;5;5;5;2;VER,ADJ
prion;pRij§;prion;NOM;3,11;0,43;1;5;5;5;2;NOM
prisa;pRiza;priser;VER;2,59;0,02;0;5;0;0;2;VER
prise;pRiz;prendre;VER;1913,83;38,26;0;5;5;4;1;VER,ADJ,NOM
prise;pRiz;pris;ADJ;12,4;4,46;0;5;5;4;1;VER,ADJ,NOM
prise;pRiz;prise;NOM;28,25;22,92;1;5;5;4;1;VER,ADJ,NOM
prise;pRiz;priser;VER;2,59;1,39;0;5;5;4;1;VER,ADJ,NOM
prisé;pRize;priser;VER;2,59;0,3;0;5;0;5;2;VER
priva;pRiva;priver;VER;24,06;0,16;0;5;0;0;2;VER
prive;pRiv;priver;VER;24,06;1,49;0;5;0;0;1;VER
privé;pRive;priver;VER;24,06;8,16;0;5;5;5;2;VER,ADJ,NOM
privé;pRive;privé;ADJ;36,44;11,99;1;5;5;5;2;VER,ADJ,NOM
privé;pRive;privé;NOM;10,77;10,48;1;5;5;5;2;VER,ADJ,NOM
priât;pRija;prier;VER;313,12;0;0;5;0;0;2;VER
priée;pRije;prier;VER;313,12;0,52;0;5;0;5;2;VER
priés;pRije;prier;VER;313,12;1,91;0;5;0;5;2;VER
probe;pROb;probe;ADJ;0,38;0,36;1;5;5;4;1;ADJ
procs;pROk;proc;NOM;0,27;0;0;5;0;4;1;NOM
profs;pROf;prof;NOM;37,82;7,46;0;5;0;4;1;NOM
proie;pRwa;proie;NOM;10,61;9,19;1;5;4;3;1;NOM
projo;pRoZo;projo;NOM;0,66;0,36;1;5;5;5;2;NOM
prolo;pRolo;prolo;NOM;0,9;0,58;1;5;5;5;2;NOM
promo;pRomo;promo;NOM;4,86;4,74;1;5;5;5;2;NOM
promu;pRomy;promouvoir;VER;6,08;3,56;0;5;5;5;2;VER,ADJ
promu;pRomy;promu;ADJ;0,52;0,39;1;5;5;5;2;VER,ADJ
prose;pRoz;prose;NOM;0,81;0,81;1;5;5;4;1;NOM
prote;pROt;prote;NOM;0;0;1;5;5;4;1;NOM
proue;pRu;proue;NOM;1,3;1,3;1;5;5;3;1;NOM
prout;pRut;prout;NOM;0,32;0,25;1;5;5;4;1;NOM,ONO
prout;pRut;prout;ONO;0,04;0,04;1;5;5;4;1;NOM,ONO
provo;pRovo;provo;NOM;0,17;0,12;1;5;5;5;2;NOM
proxo;pROkso;proxo;NOM;0,06;0,06;1;5;5;6;2;NOM
proze;pRoz;proze;NOM;0;0;1;5;4;4;1;NOM
prude;pRyd;prude;ADJ;0,52;0,5;1;5;5;4;1;ADJ,NOM
prude;pRyd;prude;NOM;0,51;0,31;1;5;5;4;1;ADJ,NOM
prune;pRyn;prune;ADJ;0,22;0,22;1;5;5;4;1;ADJ,NOM
prune;pRyn;prune;NOM;2,94;1,07;1;5;5;4;1;ADJ,NOM
prèle;pREl;prèle;NOM;0,02;0,02;1;5;4;4;1;NOM
préau;pReo;préau;NOM;0,1;0,1;1;5;5;4;2;NOM
prépa;pRepa;prépa;NOM;0,78;0,78;1;5;5;5;2;NOM
prévu;pRevy;prévoir;VER;78,22;55,54;0;5;0;0;2;VER
prêta;pREta;prêter;VER;62;0,21;0;5;0;0;2;VER
prête;pREt;prêt;ADJ;314,64;66,25;0;5;0;0;1;ADJ,VER
prête;pREt;prêter;VER;62;19,58;0;5;0;0;1;ADJ,VER
prêts;pRE;prêt;ADJ;314,64;67,39;0;5;0;3;1;ADJ,NOM
prêts;pRE;prêt;NOM;37,76;11,77;0;5;0;3;1;ADJ,NOM
prêté;pRete;prêter;VER;62;10,73;0;5;5;5;2;VER,ADJ,NOM
prêté;pRete;prêté;ADJ;0,17;0,04;1;5;5;5;2;VER,ADJ,NOM
prêté;pRete;prêté;NOM;0,29;0,28;1;5;5;5;2;VER,ADJ,NOM
prône;pRon;prône;NOM;0,01;0,01;1;5;5;4;1;NOM,VER
prône;pRon;prôner;VER;1,34;0,46;0;5;5;4;1;NOM,VER
prôné;pRone;prôner;VER;1,34;0,03;0;5;0;5;2;VER
psitt;psit;psitt;ONO;0,01;0,01;1;5;5;4;1;ONO
puais;p8E;puer;VER;36,29;0,37;0;5;0;0;1;VER
puait;p8E;puer;VER;36,29;1,19;0;5;0;0;1;VER
puant;p8@;puant;ADJ;7,02;2,74;1;5;5;3;1;ADJ,VER
puant;p8@;puer;VER;36,29;0,52;0;5;5;3;1;ADJ,VER
pubis;pybis;pubis;NOM;0,59;0,59;1;5;5;4;2;NOM
puces;pys;puce;NOM;27,65;5,5;0;5;0;3;1;NOM
puent;py;puer;VER;36,29;2,29;0;5;0;2;1;VER
puera;pyRa;puer;VER;36,29;0,05;0;5;0;0;2;VER
puisa;p8iza;puiser;VER;2,97;0,02;0;5;0;0;2;VER
puise;p8iz;puiser;VER;2,97;0,82;0;5;0;0;1;VER
puisé;p8ize;puiser;VER;2,97;0,35;0;5;0;5;2;VER
puits;p8i;puits;NOM;19,52;19,52;1;5;4;3;1;NOM
pulls;pyl;pull;NOM;13,43;2,02;0;5;0;3;1;NOM
pulpe;pylp;pulpe;NOM;0,72;0,62;1;5;5;4;1;NOM
pulse;pyls;pulser;VER;0,51;0,21;0;5;0;0;1;VER
pulsé;pylse;pulser;VER;0,51;0,17;0;5;0;5;2;VER
pumas;pyma;puma;NOM;1,34;0,92;0;5;0;3;2;NOM
punch;p§S;punch;NOM;3,67;3,65;1;5;5;3;1;NOM
punie;pyni;puni;ADJ;1,82;0,27;0;5;0;4;2;ADJ,VER
punie;pyni;punir;VER;41,7;2,79;0;5;0;4;2;ADJ,VER
punir;pyniR;punir;VER;41,7;13,82;1;5;5;5;2;VER
punis;pyni;puni;ADJ;1,82;0,53;0;5;0;4;2;ADJ,VER
punis;pyni;punir;VER;41,7;6,09;0;5;0;4;2;ADJ,VER
punit;pyni;punir;VER;41,7;1,98;0;5;0;4;2;VER
punks;p1k;punk;NOM;6,39;0,94;0;5;0;2;1;NOM
pures;pyR;pur;ADJ;58,46;1,35;0;5;0;3;1;ADJ
purge;pyRZ;purge;NOM;1,34;0,5;1;5;5;4;1;NOM,VER
purge;pyRZ;purger;VER;5,46;1,3;0;5;5;4;1;NOM,VER
purgé;pyRZe;purger;VER;5,46;0,93;0;5;0;5;2;VER
purin;pyR5;purin;NOM;0,38;0,38;1;5;5;4;2;NOM
purée;pyRe;purée;NOM;5,75;5,74;1;5;4;4;2;NOM
pusse;pys;pouvoir;VER;5524,47;0;0;5;0;3;1;VER
putes;pyt;pute;NOM;105,25;17,34;0;5;0;3;1;NOM
putti;puti;putto;NOM;0,02;0,02;0;5;0;0;2;NOM
puîné;p8ine;puîné;NOM;0;0;1;5;3;4;2;NOM
pyrex;piREks;pyrex;NOM;0,01;0,01;1;5;5;6;2;NOM
pâles;pal;pâle;ADJ;16,5;1,98;0;5;0;3;1;ADJ
pâlie;pali;pâlir;VER;1,19;0,1;0;5;0;4;2;VER
pâlir;paliR;pâlir;VER;1,19;0,54;1;5;5;5;2;VER
pâlis;pali;pâlir;VER;1,19;0,05;0;5;0;4;2;VER
pâlit;pali;pâlir;VER;1,19;0,15;0;5;0;4;2;VER
pâlot;palo;pâlot;ADJ;0,6;0,44;1;5;4;4;2;ADJ
pâmer;pame;pâmer;VER;0,47;0,06;1;5;4;4;2;VER
pâmez;pame;pâmer;VER;0,47;0,1;0;5;0;4;2;VER
pâmée;pame;pâmer;VER;0,47;0,01;0;5;0;4;2;VER
pâmés;pame;pâmer;VER;0,47;0;0;5;0;4;2;VER
pâque;pak;pâque;NOM;0,51;0,51;1;5;5;3;1;NOM
pâtes;pat;pâte;NOM;16,48;9,35;0;5;0;3;1;NOM
pâtir;patiR;pâtir;VER;1,41;0,56;1;5;5;5;2;VER
pâtis;pati;pâtir;VER;1,41;0;0;5;5;4;2;VER,NOM
pâtis;pati;pâtis;NOM;0,01;0,01;1;5;5;4;2;VER,NOM
pâtit;pati;pâtir;VER;1,41;0,17;0;5;0;4;2;VER
pâton;pat§;pâton;NOM;0;0;1;5;5;4;2;NOM
pâtre;patR;pâtre;NOM;0,11;0,11;1;5;4;4;1;NOM
pâtée;pate;pâtée;NOM;1,78;1,78;1;5;5;4;2;NOM
pâtés;pate;pâté;NOM;7,18;1,96;0;5;0;4;2;NOM
pâtît;pati;pâtir;VER;1,41;0;0;5;0;4;2;VER
pèche;pES;pécher;VER;9,87;0,96;0;5;0;3;1;VER
pègre;pEgR;pègre;NOM;1,34;1,34;1;5;3;3;1;NOM
pèles;pEl;peler;VER;1,78;0;0;5;0;3;1;VER
pères;pER;père;NOM;895,55;16,25;0;5;0;3;1;NOM
pèses;pEz;peser;VER;23,41;0,61;0;5;0;3;1;VER
pètes;pEt;péter;VER;31,66;0,85;0;5;0;0;1;VER
péage;peaZ;péage;NOM;1,08;0,9;1;5;5;4;2;NOM
pécan;pek@;pécan;NOM;0,32;0,32;1;5;5;4;2;NOM
péché;peSe;péche;NOM;0;0;0;5;5;4;2;NOM,VER
péché;peSe;pécher;VER;9,87;6,84;0;5;5;4;2;NOM,VER
péché;peSe;péché;NOM;41,22;26,14;1;5;5;4;2;NOM,VER
pédés;pede;pédé;NOM;33,12;7,48;0;5;0;4;2;NOM
pékan;pek@;pékan;NOM;0,03;0,03;1;5;4;4;2;NOM
pékin;pek5;pékin;NOM;0,32;0,27;1;5;5;4;2;NOM
pélot;pelo;pélot;NOM;0;0;1;5;4;4;2;NOM
pénal;penal;pénal;ADJ;4,64;3,78;1;5;5;5;2;ADJ
pénil;penil;pénil;NOM;0,01;0,01;1;5;5;5;2;NOM
pénis;penis;pénis;NOM;8,11;8,11;1;5;5;5;2;NOM
péons;pe§;péon;NOM;0,02;0,01;0;5;0;3;2;NOM
pépia;pepja;pépier;VER;0,35;0;0;5;0;0;2;VER
pépie;pepi;pépie;NOM;0,04;0,04;1;5;5;4;2;NOM,VER
pépie;pepi;pépier;VER;0,35;0,2;0;5;5;4;2;NOM,VER
pépin;pep5;pépin;NOM;5,15;4,31;1;5;5;4;2;NOM
pépée;pepe;pépée;NOM;0,69;0,49;1;5;5;4;2;NOM
pépés;pepe;pépé;NOM;4,95;0,13;0;5;0;4;2;NOM
périe;peRi;péri;ADJ;0,07;0;0;5;0;4;2;ADJ,VER
périe;peRi;périr;VER;11,2;0,01;0;5;0;4;2;ADJ,VER
périf;peRif;périf;NOM;0,14;0,14;1;5;5;5;2;NOM
péril;peRil;péril;NOM;7,76;6,32;1;5;5;5;2;NOM
périr;peRiR;périr;VER;11,2;3,83;1;5;5;5;2;VER
péris;peRi;péri;ADJ;0,07;0,04;0;5;0;4;2;ADJ,VER
péris;peRi;périr;VER;11,2;0,05;0;5;0;4;2;ADJ,VER
périt;peRi;périr;VER;11,2;0,76;0;5;0;4;2;VER
pérot;peRo;pérot;NOM;0,11;0,11;1;5;5;4;2;NOM
pérou;peRu;pérou;NOM;0,01;0,01;1;5;5;4;2;NOM
pérît;peRi;périr;VER;11,2;0;0;5;0;4;2;VER
péter;pete;péter;VER;31,66;11,08;1;5;5;4;2;VER
pétez;pete;péter;VER;31,66;0,21;0;5;0;4;2;VER
pétri;petRi;pétri;ADJ;0,27;0,07;1;5;5;5;2;ADJ,VER
pétri;petRi;pétrir;VER;1,48;0,42;0;5;5;5;2;ADJ,VER
pétée;pete;péter;VER;31,66;0,57;0;5;0;4;2;VER,ADJ
pétée;pete;pété;ADJ;1,66;0,09;0;5;0;4;2;VER,ADJ
pétés;pete;péter;VER;31,66;0,17;0;5;0;4;2;VER,ADJ
pétés;pete;pété;ADJ;1,66;0,04;0;5;0;4;2;VER,ADJ
pêcha;pESa;pêcher;VER;16,52;0;0;5;0;0;2;VER
pêche;pES;pêche;ADJ;0,6;0,6;1;5;5;3;1;ADJ,NOM,VER
pêche;pES;pêche;NOM;24,39;21,13;1;5;5;3;1;ADJ,NOM,VER
pêche;pES;pêcher;VER;16,52;1,85;0;5;5;3;1;ADJ,NOM,VER
pêché;peSe;pêcher;VER;16,52;3,03;0;5;5;4;2;VER,ADJ
pêché;peSe;pêché;ADJ;1,77;0,94;1;5;5;4;2;VER,ADJ
pôles;pol;pôle;NOM;3,59;0,47;0;5;0;3;1;NOM
pûmes;pym;pouvoir;VER;5524,47;0,16;0;5;0;0;1;VER
pûtes;pyt;pouvoir;VER;5524,47;0,04;0;5;0;3;1;VER
quais;ke;quai;NOM;14,01;3,64;0;5;0;0;1;NOM
quand;k@;quand;ADV;2,81;2,81;1;5;5;2;1;ADV,CON
quand;k@;quand;CON;1827,92;1827,92;1;5;5;2;1;ADV,CON
quant;k@;quant;NOM;7,94;7,94;1;5;5;2;1;NOM
quark;kwaRk;quark;NOM;0,22;0,13;1;5;5;5;1;NOM
quart;kaR;quart;NOM;23,02;20,58;1;5;5;3;1;NOM
quasi;kazi;quasi;ADV;2,69;2,69;1;5;5;4;2;ADV,NOM
quasi;kazi;quasi;NOM;0,02;0,02;1;5;5;4;2;ADV,NOM
quels;kEl;quels;ADJ:int;56,44;56,44;1;5;5;3;1;ADJ:int
queue;k2;queue;NOM;41,59;38,93;1;5;5;2;1;NOM
quick;kik;quick;NOM;0,27;0,27;1;5;5;3;1;NOM
quiet;kjE;quiet;ADJ;0,39;0,28;1;5;4;3;1;ADJ
quine;kin;quine;NOM;0,23;0,23;1;5;5;3;1;NOM
quint;k5;quint;ADJ;0,2;0,2;1;5;5;2;1;ADJ
quipu;kipu;quipu;NOM;0;0;1;5;5;4;2;NOM
quite;kwit2;quite;NOM;0,47;0,47;1;5;5;4;2;NOM
quota;kota;quota;NOM;2,12;1,39;1;5;5;4;2;NOM
quêta;kEta;quêter;VER;0,21;0;0;5;0;0;2;VER
quête;kEt;quête;NOM;10,24;9,97;1;5;5;3;1;NOM,VER
quête;kEt;quêter;VER;0,21;0,05;0;5;5;3;1;NOM,VER
quêté;kete;quêter;VER;0,21;0;0;5;0;3;2;VER
raban;Rab@;raban;NOM;0,32;0,09;1;5;5;4;2;NOM
rabat;Raba;rabat;NOM;0,38;0,23;1;5;5;4;2;NOM,VER
rabat;Raba;rabattre;VER;2,21;0,32;0;5;5;4;2;NOM,VER
rabbi;Rabi;rabbi;NOM;4,83;4,83;1;5;5;4;2;NOM
rabes;Rab;rabe;NOM;0,05;0;0;5;0;3;1;NOM
rabot;Rabo;rabot;NOM;0,01;0,01;1;5;5;4;2;NOM
races;Ras;race;NOM;30,56;3,46;0;5;0;3;1;NOM
racho;RaSo;racho;ADJ;0,03;0,03;1;5;5;4;2;ADJ
racla;Rakla;racler;VER;1,36;0;0;5;0;0;2;VER
racle;Rakl;racle;NOM;0;0;1;5;5;4;1;NOM,VER
racle;Rakl;racler;VER;1,36;0,26;0;5;5;4;1;NOM,VER
raclé;Rakle;racler;VER;1,36;0,43;0;5;0;5;2;VER
racée;Rase;racé;ADJ;0,07;0,01;0;5;0;4;2;ADJ
racés;Rase;racé;ADJ;0,07;0,03;0;5;0;4;2;ADJ
radar;RadaR;radar;NOM;10,36;8,05;1;5;5;5;2;NOM
rader;Rade;rader;VER;0,47;0,14;1;5;5;4;2;VER
rades;Rad;rade;NOM;2,33;0,16;0;5;0;3;1;NOM
radin;Rad5;radin;ADJ;3,51;2,69;1;5;5;4;2;ADJ,NOM
radin;Rad5;radin;NOM;1,1;0,82;1;5;5;4;2;ADJ,NOM
radio;Radjo;radio;NOM;78,23;71,31;1;5;5;5;2;NOM
radis;Radi;radis;NOM;1,81;1,81;1;5;5;4;2;NOM
radié;Radje;radier;VER;1,33;0,98;0;5;5;5;2;VER,ADJ
radié;Radje;radié;ADJ;0,18;0,04;1;5;5;5;2;VER,ADJ
radja;RadZa;radja;NOM;0;0;1;5;5;4;2;NOM
radon;Rad§;radon;NOM;0,07;0,07;1;5;5;4;2;NOM
rafla;Rafla;rafler;VER;3,56;0,01;0;5;0;0;2;VER
rafle;Rafl;rafle;NOM;1,23;0,78;1;5;5;4;1;NOM,VER
rafle;Rafl;rafler;VER;3,56;0,68;0;5;5;4;1;NOM,VER
raflé;Rafle;rafler;VER;3,56;1,09;0;5;0;5;2;VER
ragea;RaZa;rager;VER;0,71;0;0;5;0;4;2;VER
rager;RaZe;rager;VER;0,71;0,09;1;5;5;4;2;VER
rages;RaZ;rage;NOM;15,97;0,44;0;5;0;3;1;NOM,VER
rages;RaZ;rager;VER;0,71;0,01;0;5;0;3;1;NOM,VER
ragez;RaZe;rager;VER;0,71;0,02;0;5;0;4;2;VER
ragot;Rago;ragot;ADJ;0,12;0,01;1;5;5;4;2;ADJ,NOM
ragot;Rago;ragot;NOM;5,67;0,07;1;5;5;4;2;ADJ,NOM
raide;REd;raide;ADJ;7,76;6,61;1;5;5;3;1;ADJ,ADV
raide;REd;raide;ADV;3,39;3,39;1;5;5;3;1;ADJ,ADV
raidi;REdi;raidir;VER;0,57;0,03;0;5;0;0;2;VER
raids;REd;raid;NOM;3,98;1,16;0;5;0;3;1;NOM
raies;RE;raie;NOM;2,49;0,78;0;5;0;2;1;NOM,VER
raies;RE;rayer;VER;7,42;0,02;0;5;0;2;1;NOM,VER
rails;Raj;rail;NOM;9,31;7,61;0;5;0;3;1;NOM
raine;REn;rainer;VER;0,82;0;0;5;0;3;1;VER
raire;RER;raire;VER;0,31;0,01;1;5;4;3;1;VER
rajah;RaZa;rajah;NOM;0,06;0,04;1;5;5;4;2;NOM
ramai;RamE;ramer;VER;5,37;0;0;5;0;0;2;VER
ramas;Rama;ramas;NOM;0,01;0,01;1;5;5;4;2;NOM,VER
ramas;Rama;ramer;VER;5,37;0,1;0;5;5;4;2;NOM,VER
ramer;Rame;ramer;VER;5,37;1,73;1;5;5;4;2;VER
rames;Ram;rame;NOM;4,38;1,91;0;5;0;3;1;NOM,VER
rames;Ram;ramer;VER;5,37;0,32;0;5;0;3;1;NOM,VER
ramez;Rame;ramer;VER;5,37;1,17;0;5;0;4;2;VER
ramis;Rami;rami;NOM;0,48;0,01;0;5;0;4;2;NOM
ramon;Ram§;ramon;NOM;0;0;1;5;5;4;2;NOM
rampa;R@pa;ramper;VER;11,55;0,02;0;5;0;0;2;VER
rampe;R@p;rampe;NOM;5,76;5,32;1;5;5;3;1;NOM,VER
rampe;R@p;ramper;VER;11,55;1,95;0;5;5;3;1;NOM,VER
rampé;R@pe;ramper;VER;11,55;0,64;0;5;0;4;2;VER
ramée;Rame;ramée;NOM;0;0;1;5;4;4;2;NOM
ramés;Rame;ramer;VER;5,37;0;0;5;0;4;2;VER
rance;R@s;rance;ADJ;1,34;1,18;1;5;5;3;1;ADJ,VER
rance;R@s;rancer;VER;0,01;0,01;0;5;5;3;1;ADJ,VER
ranch;R@nS;ranch;NOM;7,21;6,95;1;5;5;4;1;NOM
ranci;R@si;ranci;ADJ;0,04;0,02;1;5;5;4;2;ADJ,NOM,VER
ranci;R@si;ranci;NOM;0,01;0,01;1;5;5;4;2;ADJ,NOM,VER
ranci;R@si;rancir;VER;0,01;0;0;5;5;4;2;ADJ,NOM,VER
range;R@Z;ranger;VER;47,67;17,59;0;5;0;0;1;VER
rangs;R@;rang;NOM;28,21;8,81;0;5;0;2;1;NOM
rangé;R@Ze;ranger;VER;47,67;4,09;0;5;5;4;2;VER,ADJ
rangé;R@Ze;rangé;ADJ;2,92;1,37;1;5;5;4;2;VER,ADJ
raout;Raut;raout;NOM;0,1;0,08;1;5;3;3;2;NOM
raphé;Rafe;raphé;NOM;0;0;1;5;5;4;2;NOM
rapin;Rap5;rapin;NOM;0;0;1;5;5;4;2;NOM
rapts;Rapt;rapt;NOM;1,31;0,18;0;5;0;4;1;NOM
raque;Rak;raquer;VER;0,93;0,34;0;5;0;3;1;VER
raqué;Rake;raquer;VER;0,93;0,05;0;5;0;4;2;VER
rares;RaR;rare;ADJ;33,27;10,7;0;5;0;3;1;ADJ
rasai;RazE;raser;VER;28,54;0;0;5;0;0;2;VER
raser;Raze;raser;VER;28,54;10,27;1;5;5;4;2;VER
rases;Raz;ras;ADJ;7,51;0,03;0;5;0;0;1;ADJ,VER
rases;Raz;raser;VER;28,54;1,13;0;5;0;0;1;ADJ,VER
rasez;Raze;raser;VER;28,54;0,64;0;5;0;4;2;VER
rasif;Razif;rasif;NOM;0;0;1;5;5;5;2;NOM
rasse;Ras;rasse;NOM;0;0;1;5;5;3;1;NOM
rasta;Rasta;rasta;NOM;0,43;0,32;1;5;5;5;2;NOM
rasée;Raze;raser;VER;28,54;1,83;0;5;0;4;2;VER
rasés;Raze;raser;VER;28,54;0,76;0;5;0;4;2;VER
ratai;RatE;rater;VER;80,45;0;0;5;0;0;2;VER
rater;Rate;rater;VER;80,45;24,71;1;5;5;4;2;VER
rates;Rat;rate;NOM;2,65;0,03;0;5;0;3;1;NOM,VER
rates;Rat;rater;VER;80,45;3,75;0;5;0;3;1;NOM,VER
ratez;Rate;rater;VER;80,45;2,1;0;5;0;4;2;VER
ratio;Rasjo;ratio;NOM;0,4;0,4;1;5;5;5;2;NOM
raton;Rat§;raton;NOM;1,7;1,37;1;5;5;4;2;NOM
ratte;Rat;ratte;NOM;0,01;0,01;1;5;5;3;1;NOM
ratée;Rate;rater;VER;80,45;1,59;0;5;0;4;2;VER,ADJ,NOM
ratée;Rate;raté;ADJ;4,52;0,84;0;5;0;4;2;VER,ADJ,NOM
ratée;Rate;raté;NOM;8,45;0,68;0;5;0;4;2;VER,ADJ,NOM
ratés;Rate;rater;VER;80,45;0,78;0;5;0;4;2;VER,ADJ,NOM
ratés;Rate;raté;ADJ;4,52;0,41;0;5;0;4;2;VER,ADJ,NOM
ratés;Rate;raté;NOM;8,45;1,27;0;5;0;4;2;VER,ADJ,NOM
raval;Raval;raval;NOM;0,2;0,2;1;5;5;5;2;NOM
raves;Rav;rave;NOM;1,57;0,3;0;5;0;3;1;NOM
ravie;Ravi;ravi;ADJ;5,02;2,63;0;5;0;4;2;ADJ,VER
ravie;Ravi;ravir;VER;72,67;23,25;0;5;0;4;2;ADJ,VER
ravin;Rav5;ravin;NOM;4,93;4,3;1;5;5;4;2;NOM
ravir;RaviR;ravir;VER;72,67;2,08;1;5;5;5;2;VER
ravis;Ravi;ravi;ADJ;5,02;0,86;0;5;0;4;2;ADJ,VER
ravis;Ravi;ravir;VER;72,67;3,81;0;5;0;4;2;ADJ,VER
ravit;Ravi;ravir;VER;72,67;1,15;0;5;0;4;2;VER
rayer;Reje;rayer;VER;7,42;2,26;1;5;4;4;2;VER
rayez;Reje;rayer;VER;7,42;0,6;0;5;0;4;2;VER
rayon;REj§;rayon;NOM;27;19,32;1;5;5;4;2;NOM
rayât;Reja;rayer;VER;7,42;0;0;5;0;0;2;VER
rayée;Reje;rayer;VER;7,42;0,66;0;5;0;4;2;VER,ADJ
rayée;Reje;rayé;ADJ;2,02;0,98;0;5;0;4;2;VER,ADJ
rayés;Reje;rayer;VER;7,42;0,3;0;5;0;4;2;VER,ADJ
rayés;Reje;rayé;ADJ;2,02;0,09;0;5;0;4;2;VER,ADJ
rebab;R°bab;rebab;NOM;0;0;1;5;5;5;2;NOM
rebat;R°ba;rebattre;VER;0,22;0,11;0;5;0;0;2;VER
rebec;R2bEk;rebec;NOM;0,01;0,01;1;5;5;5;2;NOM
rebus;R°by;reboire;VER;0,4;0,16;0;5;0;4;2;VER
rebut;R°by;reboire;VER;0,4;0,03;0;5;5;4;2;VER,NOM
rebut;R°by;rebut;NOM;2,15;1,43;1;5;5;4;2;VER,NOM
recel;R°sEl;recel;NOM;0,77;0,77;1;5;5;5;2;NOM
recru;R2kRy;recroître;VER;0;0;0;5;5;5;2;VER,ADJ
recru;R2kRy;recru;ADJ;0,22;0;1;5;5;5;2;VER,ADJ
recta;REkta;recta;ADV;0,08;0,08;1;5;5;5;2;ADV
recto;REkto;recto;NOM;0,3;0,3;1;5;5;5;2;NOM
recul;R°kyl;recul;NOM;3,59;3,59;1;5;5;5;2;NOM
recès;R°sE;recès;NOM;0;0;1;5;4;4;2;NOM
redan;R2d@;redan;NOM;0;0;1;5;4;4;2;NOM
redis;R°di;redire;VER;8,61;3,46;0;5;0;0;2;VER
redit;R°di;redire;VER;8,61;0,39;0;5;0;0;2;VER
refil;R2fil;refil;NOM;0;0;1;5;5;5;2;NOM
refis;R°fi;refaire;VER;58,27;0,14;0;5;0;0;2;VER
refit;R°fi;refaire;VER;58,27;0,03;0;5;0;0;2;VER
refus;R°fy;refus;NOM;9,02;9,02;1;5;5;4;2;NOM
refît;R°fi;refaire;VER;58,27;0;0;5;0;0;2;VER
reich;RajS;reich;NOM;0,03;0,03;1;5;5;4;1;NOM
reine;REn;reine;NOM;59,05;56,26;1;5;5;3;1;NOM
reins;R5;rein;NOM;13,96;9,43;0;5;0;2;1;NOM
rejet;R°ZE;rejet;NOM;2,94;2,71;1;5;5;4;2;NOM
relax;R°laks;relax;ADJ;8,16;8,16;1;5;5;6;2;ADJ,NOM
relax;R°laks;relax;NOM;5,76;5,76;1;5;5;6;2;ADJ,NOM
relie;R°li;relier;VER;12,83;1,95;0;5;0;0;2;VER
relis;R°li;relire;VER;6,31;1,78;0;5;0;0;2;VER
relit;R°li;relire;VER;6,31;0,22;0;5;0;0;2;VER
relié;R°lje;relier;VER;12,83;3,03;0;5;5;5;2;VER,ADJ
relié;R°lje;relié;ADJ;0,87;0,3;1;5;5;5;2;VER,ADJ
relue;R°ly;relire;VER;6,31;0,02;0;5;0;4;2;VER,ADJ
relue;R°ly;relu;ADJ;0,17;0,01;0;5;0;4;2;VER,ADJ
relui;R°l8i;reluire;VER;0,54;0,02;0;5;0;0;2;VER
relus;R°ly;relire;VER;6,31;0,04;0;5;0;4;2;VER,ADJ
relus;R°ly;relu;ADJ;0,17;0,01;0;5;0;4;2;VER,ADJ
relut;R°ly;relire;VER;6,31;0,01;0;5;0;4;2;VER
remet;R°mE;remettre;VER;144,99;12,56;0;5;0;0;2;VER
remis;R°mi;remettre;VER;144,99;20,27;0;5;5;4;2;VER,ADJ
remis;R°mi;remis;ADJ;2,38;1,18;1;5;5;4;2;VER,ADJ
remit;R°mi;remettre;VER;144,99;0,66;0;5;0;4;2;VER
remix;R2miks;remix;NOM;0,15;0,15;1;5;5;6;2;NOM
remua;R°m8a;remuer;VER;24,42;0,03;0;5;0;0;2;VER
remue;R°my;remue;NOM;0,23;0,22;1;5;5;4;2;NOM,VER
remue;R°my;remuer;VER;24,42;8,3;0;5;5;4;2;NOM,VER
remué;R°m8e;remuer;VER;24,42;1,68;0;5;0;5;2;VER
remît;R°mi;remettre;VER;144,99;0,01;0;5;0;4;2;VER
rende;R@d;rendre;VER;508,81;9,3;0;5;0;0;1;VER
rends;R@;rendre;VER;508,81;84,13;0;5;0;2;1;VER
rendu;R@dy;rendre;VER;508,81;48,31;0;5;5;4;2;VER,ADJ,NOM
rendu;R@dy;rendu;ADJ;5,36;2,86;1;5;5;4;2;VER,ADJ,NOM
rendu;R@dy;rendu;NOM;0,88;0,71;1;5;5;4;2;VER,ADJ,NOM
renia;R°nja;renier;VER;6,88;0,2;0;5;0;0;2;VER
renie;R°ni;renier;VER;6,88;1,65;0;5;0;0;2;VER
renié;R°nje;renier;VER;6,88;1,01;0;5;0;4;2;VER
renne;REn;renne;NOM;1,79;0,81;1;5;5;3;1;NOM
renom;R°n§;renom;NOM;1,15;1,15;1;5;5;4;2;NOM
renta;R@ta;renter;VER;0,47;0,11;0;5;0;0;2;VER
rente;R@t;rente;NOM;1,61;1,17;1;5;5;3;1;NOM
renée;R°ne;renaître;VER;7,45;0,25;0;5;0;0;2;VER
repas;R°pa;repas;NOM;48,53;48,53;1;5;5;4;2;NOM
repli;R°pli;repli;NOM;1,4;1,12;1;5;5;5;2;NOM
repos;R°po;repos;NOM;42,29;42,29;1;5;5;4;2;NOM
repue;R°py;repu;ADJ;1,1;0,17;0;5;0;4;2;ADJ
repus;R°py;repu;ADJ;1,1;0,25;0;5;0;4;2;ADJ
reset;R2zEt;reset;NOM;0,05;0,05;1;5;5;3;2;NOM
resta;REsta;rester;VER;1003,56;3,53;0;5;0;0;2;VER
reste;REst;reste;NOM;214,54;203,1;1;5;5;4;1;NOM,VER
reste;REst;rester;VER;1003,56;320,44;0;5;5;4;1;NOM,VER
resto;REsto;resto;NOM;10,47;9,36;1;5;5;5;2;NOM
resté;REste;rester;VER;1003,56;43,45;0;5;0;5;2;VER
revis;R°vi;revivre;VER;10,37;1,16;0;5;0;0;2;VER
revit;R°vi;revivre;VER;10,37;0,7;0;5;0;0;2;VER
revit;R°vi;revoir;VER;162,84;0,45;0;5;0;0;2;VER
revue;R°vy;revoir;VER;162,84;5,71;0;5;5;4;2;VER,ADJ,NOM
revue;R°vy;revu;ADJ;0,72;0,18;0;5;5;4;2;VER,ADJ,NOM
revue;R°vy;revue;NOM;10,1;7,79;1;5;5;4;2;VER,ADJ,NOM
revus;R°vy;revoir;VER;162,84;2,02;0;5;0;4;2;VER,ADJ
revus;R°vy;revu;ADJ;0,72;0,07;0;5;0;4;2;VER,ADJ
revêt;R°vE;revêtir;VER;2,68;0,25;0;5;0;0;2;VER
reçue;R°sy;recevoir;VER;192,73;4,55;0;5;0;4;2;VER,ADJ
reçue;R°sy;reçu;ADJ;17,39;0,55;0;5;0;4;2;VER,ADJ
reçus;R°sy;recevoir;VER;192,73;1,85;0;5;0;4;2;VER,ADJ,NOM
reçus;R°sy;reçu;ADJ;17,39;0,77;0;5;0;4;2;VER,ADJ,NOM
reçus;R°sy;reçu;NOM;13,08;1,83;0;5;0;4;2;VER,ADJ,NOM
reçut;R°sy;recevoir;VER;192,73;1,87;0;5;0;4;2;VER
reçût;R°sy;recevoir;VER;192,73;0,01;0;5;0;4;2;VER
rhino;Rino;rhino;NOM;0,9;0,83;1;5;5;4;2;NOM
rhodo;ROdO;rhodo;NOM;0;0;1;5;5;4;2;NOM
rhume;Rym;rhume;NOM;8,17;7,72;1;5;5;3;1;NOM
riais;RjE;rire;VER;140,24;1,32;0;5;0;0;1;VER
riait;RjE;rire;VER;140,24;3,34;0;5;0;0;1;VER
rials;Rjal;rial;NOM;0,04;0,03;0;5;0;4;1;NOM
riant;Rj@;riant;ADJ;0,53;0,15;1;5;4;3;1;ADJ,VER
riant;Rj@;rire;VER;140,24;1,89;0;5;4;3;1;ADJ,VER
ribes;RibEs;ribes;NOM;0,14;0,14;1;5;4;4;2;NOM
rible;Ribl;ribler;VER;0;0;0;5;0;0;1;VER
ribot;Ribo;ribot;NOM;0;0;1;5;5;4;2;NOM
riche;RiS;riche;ADJ;73,85;54,28;1;5;5;3;1;ADJ,NOM
riche;RiS;riche;NOM;20,95;7,12;1;5;5;3;1;ADJ,NOM
ricin;Ris5;ricin;NOM;0,28;0,28;1;5;4;4;2;NOM
rider;Ride;rider;VER;2,06;1,05;1;5;5;4;2;VER
rides;Rid;ride;NOM;4,2;3,02;0;5;0;3;1;NOM,VER
rides;Rid;rider;VER;2,06;0,02;0;5;0;3;1;NOM,VER
ridée;Ride;rider;VER;2,06;0,03;0;5;0;4;2;VER,ADJ
ridée;Ride;ridé;ADJ;1,04;0,3;0;5;0;4;2;VER,ADJ
ridés;Ride;rider;VER;2,06;0,04;0;5;0;4;2;VER,ADJ
ridés;Ride;ridé;ADJ;1,04;0,16;0;5;0;4;2;VER,ADJ
riens;Rj5;rien;NOM;7,26;0,62;0;5;0;3;1;NOM
rient;Ri;rire;VER;140,24;5,17;0;5;0;2;1;VER
rieur;Rj9R;rieur;ADJ;0,45;0,41;1;5;5;3;1;ADJ,NOM
rieur;Rj9R;rieur;NOM;0,06;0,01;1;5;5;3;1;ADJ,NOM
riffs;Rif;riff;NOM;0,53;0,1;0;5;0;3;1;NOM
rifle;Rifl;rifle;NOM;0,12;0,02;1;5;5;4;1;NOM
riiez;Rije;rire;VER;140,24;0;0;5;0;0;2;VER
rimer;Rime;rimer;VER;6,89;0,15;1;5;5;4;2;VER
rimes;Rim;rime;NOM;3,08;1,75;0;5;0;3;1;NOM,VER
rimes;Rim;rimer;VER;6,89;0,02;0;5;0;3;1;NOM,VER
rimez;Rime;rimer;VER;6,89;0,03;0;5;0;4;2;VER
rimée;Rime;rimer;VER;6,89;0;0;5;0;4;2;VER
rimés;Rime;rimer;VER;6,89;0,01;0;5;0;4;2;VER
rince;R5s;rincer;VER;4,46;1,29;0;5;0;0;1;VER
rincé;R5se;rincer;VER;4,46;0,18;0;5;0;4;2;VER
rings;RiG;ring;NOM;6,49;0,29;0;5;0;3;1;NOM
rinça;R5sa;rincer;VER;4,46;0;0;5;0;0;2;VER
rioja;Rjoxa;rioja;NOM;0,01;0,01;1;5;3;3;2;NOM
rions;Rj§;rire;VER;140,24;0,63;0;5;0;0;1;VER
riper;Ripe;riper;VER;0,35;0,03;1;5;5;4;2;VER
ripes;Rip;riper;VER;0,35;0,14;0;5;0;0;1;VER
ripou;Ripu;ripou;ADJ;0,66;0,66;1;5;5;4;2;ADJ
rirai;RiRE;rire;VER;140,24;0,88;0;5;0;0;2;VER
riras;RiRa;rire;VER;140,24;0,8;0;5;0;0;2;VER
rires;RiR;rire;NOM;38,88;16,09;0;5;0;3;1;NOM
rirez;RiRe;rire;VER;140,24;0,6;0;5;0;0;2;VER
riser;Rajz9R;riser;NOM;0,06;0,06;1;5;5;4;2;NOM
risée;Rize;risée;NOM;2,22;2,12;1;5;4;4;2;NOM
rital;Rital;rital;NOM;2,66;1,36;1;5;4;4;2;NOM
rites;Rit;rite;NOM;5,43;1,66;0;5;0;3;1;NOM
rival;Rival;rival;ADJ;1,34;0,26;1;5;5;5;2;ADJ,NOM
rival;Rival;rival;NOM;4,75;2,68;1;5;5;5;2;ADJ,NOM
river;Rive;river;VER;3,47;2,7;1;5;5;4;2;VER
rives;Riv;rive;NOM;7,92;1,89;0;5;0;3;1;NOM
rivet;RivE;rivet;NOM;0,56;0,35;1;5;5;4;2;NOM
rivée;Rive;river;VER;3,47;0,02;0;5;0;4;2;VER
rivés;Rive;river;VER;3,47;0,49;0;5;0;4;2;VER
rixes;Riks;rixe;NOM;0,84;0,04;0;5;0;4;1;NOM
rober;RObe;rober;VER;0,02;0,02;1;5;5;4;2;VER
robes;ROb;robe;NOM;84,43;11,71;0;5;0;3;1;NOM
robin;Rob5;robin;NOM;0,41;0,03;1;5;5;4;2;NOM
robot;Robo;robot;NOM;22,89;14,97;1;5;5;4;2;NOM
roche;ROS;roche;NOM;5,81;3,68;1;5;5;3;1;NOM
roché;ROSe;rocher;VER;0,08;0,01;0;5;0;0;2;VER
rocks;ROk;rock;NOM;22,11;0,64;0;5;0;3;1;NOM
rodeo;Rodeo;rodeo;NOM;0,23;0,23;1;5;5;5;3;NOM
roder;Rode;roder;VER;1,35;0,3;1;5;5;4;2;VER
rodée;Rode;roder;VER;1,35;0,05;0;5;0;4;2;VER
rodéo;Rodeo;rodéo;NOM;2,01;1,92;1;5;4;5;3;NOM
rodés;Rode;roder;VER;1,35;0,3;0;5;0;4;2;VER
rogna;RoNa;rogner;VER;0,39;0;0;5;0;0;2;VER
rogne;RON;rogne;NOM;3,68;3,67;1;5;5;3;1;NOM,VER
rogne;RON;rogner;VER;0,39;0,08;0;5;5;3;1;NOM,VER
rogné;RoNe;rogner;VER;0,39;0,04;0;5;0;4;2;VER
rogue;ROg;rogue;ADJ;0,66;0,65;1;5;4;3;1;ADJ,NOM
rogue;ROg;rogue;NOM;0,36;0,35;1;5;4;3;1;ADJ,NOM
roide;Rwad;roide;ADJ;0,04;0,03;1;5;5;4;1;ADJ
roidi;Rwadi;roidir;VER;0,02;0,01;0;5;0;0;2;VER
rolle;ROl;rolle;NOM;0,01;0,01;1;5;5;3;1;NOM
roman;Rom@;roman;ADJ;2,09;1,09;1;5;5;4;2;ADJ,NOM
roman;Rom@;roman;NOM;23,73;17,79;1;5;5;4;2;ADJ,NOM
rompe;R§p;rompre;VER;41,37;0,72;0;5;0;0;1;VER
romps;R§;rompre;VER;41,37;2,01;0;5;0;2;1;VER
rompt;R§;rompre;VER;41,37;1,66;0;5;0;2;1;VER
rompu;R§py;rompre;VER;41,37;15,16;0;5;5;4;2;VER,ADJ
rompu;R§py;rompu;ADJ;1,13;0,36;1;5;5;4;2;VER,ADJ
ronce;R§s;ronce;NOM;1,1;0,14;1;5;5;3;1;NOM
ronde;R§d;rond;ADJ;12,31;3,18;0;5;5;3;1;ADJ,NOM
ronde;R§d;ronde;NOM;9,54;7,93;1;5;5;3;1;ADJ,NOM
rondo;R§do;rondo;NOM;0,34;0,34;1;5;5;4;2;NOM
ronds;R§;rond;ADJ;12,31;1,13;0;5;0;2;1;ADJ,NOM
ronds;R§;rond;NOM;16,84;1,73;0;5;0;2;1;ADJ,NOM
ronge;R§Z;ronger;VER;11,68;4,23;0;5;0;0;1;VER
rongé;R§Ze;ronger;VER;11,68;2,1;0;5;0;4;2;VER
ronin;ROn5;ronin;NOM;0,3;0,3;1;5;4;3;2;NOM
ronéo;Roneo;ronéo;NOM;0,02;0,02;1;5;5;5;3;NOM
roque;ROk;roque;NOM;1,14;1,14;1;5;5;3;1;NOM,VER
roque;ROk;roquer;VER;0,2;0,2;0;5;5;3;1;NOM,VER
rosat;Roza;rosat;ADJ;0;0;1;5;5;4;2;ADJ
roser;Roze;roser;VER;0,51;0;1;5;5;4;2;VER
roses;Roz;rose;ADJ;23,72;5,28;0;5;0;3;1;ADJ,NOM
roses;Roz;rose;NOM;24,67;13,56;0;5;0;3;1;ADJ,NOM
rosie;Rozi;rosir;VER;1,44;1,24;0;5;0;0;2;VER
rosir;RoziR;rosir;VER;1,44;0,04;1;5;5;5;2;VER
rosis;Rozi;rosir;VER;1,44;0;0;5;0;0;2;VER
rosit;Rozi;rosir;VER;1,44;0,06;0;5;0;0;2;VER
rossa;Rosa;rosser;VER;2,49;0,02;0;5;0;0;2;VER
rosse;ROs;rosse;ADJ;0,61;0,41;1;5;5;3;1;ADJ,NOM,VER
rosse;ROs;rosse;NOM;0,37;0,26;1;5;5;3;1;ADJ,NOM,VER
rosse;ROs;rosser;VER;2,49;0,45;0;5;5;3;1;ADJ,NOM,VER
rossé;Rose;rosser;VER;2,49;0,52;0;5;0;4;2;VER
rosée;Roze;roser;VER;0,51;0,3;0;5;5;4;2;VER,NOM
rosée;Roze;rosée;NOM;3,19;3,19;1;5;5;4;2;VER,NOM
rosés;Roze;rosé;ADJ;0,5;0,27;0;5;0;4;2;ADJ,NOM
rosés;Roze;rosé;NOM;0,86;0;0;5;0;4;2;ADJ,NOM
roter;Rote;roter;VER;1,3;0,45;1;5;5;4;2;VER
rotes;ROt;roter;VER;1,3;0,02;0;5;0;3;1;VER
rotez;Rote;roter;VER;1,3;0;0;5;0;4;2;VER
rotin;Rot5;rotin;NOM;0,13;0,13;1;5;4;4;2;NOM
rotor;RotOR;rotor;NOM;0,37;0,31;1;5;5;4;2;NOM
rotos;Roto;roto;NOM;0,04;0,01;0;5;0;4;2;NOM
rouan;Rw@;rouan;ADJ;0,03;0,03;1;5;5;3;1;ADJ,NOM
rouan;Rw@;rouan;NOM;0,16;0,16;1;5;5;3;1;ADJ,NOM
rouer;Rwe;rouer;VER;2,2;0,46;1;5;5;3;1;VER
roues;Ru;roue;NOM;21,87;8,38;0;5;0;2;1;NOM,VER
roues;Ru;rouer;VER;2,2;0,01;0;5;0;2;1;NOM,VER
rouet;RwE;rouet;NOM;0,15;0,15;1;5;5;3;1;NOM
rouge;RuZ;rouge;ADJ;102,93;79,7;1;5;5;3;1;ADJ,NOM
rouge;RuZ;rouge;NOM;37,14;32,93;1;5;5;3;1;ADJ,NOM
rough;Ruf;rough;NOM;0,2;0,2;1;5;5;3;1;NOM
rougi;RuZi;rougir;VER;9,01;0,72;0;5;0;0;2;VER
roula;Rula;rouler;VER;61,82;0,16;0;5;0;0;2;VER
roule;Rul;roule;NOM;4,85;4,84;1;5;5;3;1;NOM,VER
roule;Rul;rouler;VER;61,82;22,86;0;5;5;3;1;NOM,VER
roulé;Rule;rouler;VER;61,82;6,25;0;5;5;4;2;VER,ADJ
roulé;Rule;roulé;ADJ;2,15;0,76;1;5;5;4;2;VER,ADJ
roumi;Rumi;roumi;NOM;0,14;0,14;1;5;5;4;2;NOM
round;Rund;round;NOM;7,59;5,75;1;5;4;3;1;NOM
route;Rut;route;NOM;166,72;152,83;1;5;5;3;1;NOM
routé;Rute;router;VER;0,05;0,02;0;5;0;4;2;VER
rouée;Rwe;rouer;VER;2,2;0,36;0;5;0;3;1;VER,ADJ
rouée;Rwe;roué;ADJ;0,02;0,01;0;5;0;3;1;VER,ADJ
roués;Rwe;rouer;VER;2,2;0;0;5;0;3;1;VER,ADJ
roués;Rwe;roué;ADJ;0,02;0,01;0;5;0;3;1;VER,ADJ
royal;Rwajal;royal;ADJ;22,65;10,51;1;5;5;6;2;ADJ
ruade;Ryad;ruade;NOM;0,28;0,28;1;5;3;3;2;NOM
ruais;R8E;ruer;VER;3,27;0,01;0;5;0;0;1;VER
ruait;R8E;ruer;VER;3,27;0,13;0;5;0;0;1;VER
ruant;R8@;ruer;VER;3,27;0,05;0;5;0;0;1;VER
ruban;Ryb@;ruban;NOM;8,49;6,56;1;5;5;4;2;NOM
rubia;Rybja;rubia;NOM;0,01;0,01;1;5;5;4;2;NOM
rubis;Rybi;rubis;ADJ;0,86;0,86;1;5;5;4;2;ADJ,NOM
rubis;Rybi;rubis;NOM;2,22;2,22;1;5;5;4;2;ADJ,NOM
ruche;RyS;ruche;NOM;3,57;2,64;1;5;5;3;1;NOM
ruché;RySe;rucher;VER;0;0;0;5;5;4;2;VER,NOM
ruché;RySe;ruché;NOM;0;0;1;5;5;4;2;VER,NOM
rudes;Ryd;rude;ADJ;6,85;1,17;0;5;0;3;1;ADJ
ruent;Ry;ruer;VER;3,27;0,38;0;5;0;2;1;VER
rugby;Rygbi;rugby;NOM;1,14;1,14;1;5;5;5;2;NOM
rugir;RyZiR;rugir;VER;1,73;0,52;1;5;5;5;2;VER
rugis;RyZi;rugir;VER;1,73;0,04;0;5;0;0;2;VER
rugit;RyZi;rugir;VER;1,73;0,95;0;5;0;0;2;VER
ruina;R8ina;ruiner;VER;20,39;0,03;0;5;0;0;2;VER
ruine;R8in;ruine;NOM;17,93;9,23;1;5;5;4;1;NOM,VER
ruine;R8in;ruiner;VER;20,39;1,52;0;5;5;4;1;NOM,VER
ruiné;R8ine;ruiner;VER;20,39;5,81;0;5;5;5;2;VER,ADJ
ruiné;R8ine;ruiné;ADJ;1,17;0,75;1;5;5;5;2;VER,ADJ
rumba;Rumba;rumba;NOM;0,68;0,68;1;5;4;4;2;NOM
runes;Ryn;rune;NOM;2,4;1,32;0;5;0;3;1;NOM
ruons;R8§;ruer;VER;3,27;0,01;0;5;0;0;1;VER
rupin;Ryp5;rupin;ADJ;0,34;0,32;1;5;5;4;2;ADJ,NOM
rupin;Ryp5;rupin;NOM;0,68;0,25;1;5;5;4;2;ADJ,NOM
rural;RyRal;rural;ADJ;1,19;0,66;1;5;3;3;2;ADJ,NOM
rural;RyRal;rural;NOM;0,08;0,03;1;5;3;3;2;ADJ,NOM
ruser;Ryze;ruser;VER;3,12;0,61;1;5;5;4;2;VER
ruses;Ryz;ruse;NOM;9,98;1,89;0;5;0;3;1;NOM,VER
ruses;Ryz;ruser;VER;3,12;0,02;0;5;0;3;1;NOM,VER
russe;Rys;russe;ADJ;32,27;24,85;1;5;5;3;1;ADJ,NOM
russe;Rys;russe;NOM;35,44;15,68;1;5;5;3;1;ADJ,NOM
rusée;Ryze;ruser;VER;3,12;0,29;0;5;0;4;2;VER,ADJ,NOM
rusée;Ryze;rusé;ADJ;3,27;0,52;0;5;0;4;2;VER,ADJ,NOM
rusée;Ryze;rusé;NOM;1,05;0,17;0;5;0;4;2;VER,ADJ,NOM
rusés;Ryze;ruser;VER;3,12;0,24;0;5;0;4;2;VER,ADJ,NOM
rusés;Ryze;rusé;ADJ;3,27;0,23;0;5;0;4;2;VER,ADJ,NOM
rusés;Ryze;rusé;NOM;1,05;0,04;0;5;0;4;2;VER,ADJ,NOM
ruées;R8e;ruer;VER;3,27;0,01;0;5;0;3;1;VER,NOM
ruées;R8e;ruée;NOM;0,86;0,01;0;5;0;3;1;VER,NOM
râble;Rabl;râble;NOM;0,01;0,01;1;5;5;4;1;NOM
râblé;Rable;râbler;VER;0;0;0;5;5;5;2;VER,ADJ
râblé;Rable;râblé;ADJ;0,01;0,01;1;5;5;5;2;VER,ADJ
râlai;RalE;râler;VER;6,61;0;0;5;0;0;2;VER
râler;Rale;râler;VER;6,61;3,05;1;5;5;4;2;VER
râles;Ral;râle;NOM;1,89;0,84;0;5;0;3;1;NOM,VER
râles;Ral;râler;VER;6,61;0,6;0;5;0;3;1;NOM,VER
râlez;Rale;râler;VER;6,61;0,21;0;5;0;4;2;VER
râper;Rape;râper;VER;1,22;0,07;1;5;5;4;2;VER
râpes;Rap;râpe;NOM;1,25;0,23;0;5;0;3;1;NOM
râpée;Rape;râper;VER;1,22;0,1;0;5;0;4;2;VER,ADJ
râpée;Rape;râpé;ADJ;0,49;0,3;0;5;0;4;2;VER,ADJ
râpés;Rape;râper;VER;1,22;0;0;5;0;4;2;VER,ADJ
râpés;Rape;râpé;ADJ;0,49;0,02;0;5;0;4;2;VER,ADJ
règle;REgl;règle;NOM;79,51;33,17;1;5;5;4;1;NOM,VER
règle;REgl;régler;VER;85,81;7,59;0;5;5;4;1;NOM,VER
règne;REN;règne;NOM;7,32;7,3;1;5;4;3;1;NOM,VER
règne;REN;régner;VER;22,75;8,06;0;5;4;3;1;NOM,VER
réacs;Reak;réac;ADJ;0,59;0,17;0;5;0;4;2;ADJ
réagi;ReaZi;réagir;VER;33,19;5,95;0;5;0;0;3;VER
réait;ReE;réer;VER;0,09;0;0;5;0;0;2;VER
réaux;Reo;réal;ADJ;0,4;0,4;0;5;0;0;2;ADJ
rébus;Rebys;rébus;NOM;0,1;0,1;1;5;4;4;2;NOM
récif;Resif;récif;NOM;1,44;0,75;1;5;5;5;2;NOM
récit;Resi;récit;NOM;9,89;7,12;1;5;5;4;2;NOM
récri;RekRi;récri;NOM;0,02;0;1;5;5;5;2;NOM
récré;RekRe;récré;NOM;2,29;2,25;1;5;5;5;2;NOM
récup;Rekyp;récup;NOM;0,13;0,13;1;5;5;5;2;NOM
réels;ReEl;réel;ADJ;38,7;3,5;0;5;0;4;2;ADJ,NOM
réels;ReEl;réel;NOM;3,11;0,33;0;5;0;4;2;ADJ,NOM
régal;Regal;régal;NOM;2,19;2,18;1;5;5;5;2;NOM
régie;ReZi;régie;NOM;0,92;0,92;1;5;5;4;2;NOM,VER
régie;ReZi;régir;VER;3,1;0,35;0;5;5;4;2;NOM,VER
régir;ReZiR;régir;VER;3,1;0,36;1;5;5;5;2;VER
régis;ReZi;régir;VER;3,1;0,5;0;5;0;4;2;VER
régit;ReZi;régir;VER;3,1;0,72;0;5;0;4;2;VER
régla;Regla;régler;VER;85,81;0,25;0;5;0;0;2;VER
réglo;Reglo;réglo;ADJ;6,61;5,99;1;5;5;5;2;ADJ
réglé;Regle;régler;VER;85,81;21,02;0;5;5;5;2;VER,ADJ
réglé;Regle;réglé;ADJ;3,84;2,44;1;5;5;5;2;VER,ADJ
régna;ReNa;régner;VER;22,75;0,08;0;5;0;0;2;VER
régné;ReNe;régner;VER;22,75;0,4;0;5;0;4;2;VER
régul;Regyl;régul;ADJ;0,04;0,04;1;5;5;5;2;ADJ
rémiz;Remiz;rémiz;NOM;0;0;1;5;5;5;2;NOM
rénal;Renal;rénal;ADJ;1,57;0,32;1;5;4;4;2;ADJ
répit;Repi;répit;NOM;3,87;3,86;1;5;4;4;2;NOM
rétif;Retif;rétif;ADJ;0,21;0,04;1;5;5;5;2;ADJ
rétro;RetRo;rétro;ADJ;1,12;1,12;1;5;5;5;2;ADJ,NOM
rétro;RetRo;rétro;NOM;0,92;0,8;1;5;5;5;2;ADJ,NOM
réuni;Reyni;réunir;VER;41,93;3,95;0;5;0;0;3;VER
réélu;Reely;réélire;VER;0,94;0,56;0;5;5;5;3;VER,ADJ,NOM
réélu;Reely;réélu;ADJ;0,23;0,23;1;5;5;5;3;VER,ADJ,NOM
réélu;Reely;réélu;NOM;0,01;0,01;1;5;5;5;3;VER,ADJ,NOM
rêche;RES;rêche;ADJ;0,51;0,47;1;5;3;3;1;ADJ
rênes;REn;rêne;NOM;2,23;2,21;0;5;0;3;1;NOM
rêvai;REvE;rêver;VER;122,95;0,31;0;5;0;0;2;VER
rêver;Reve;rêver;VER;122,95;20,8;1;5;5;4;2;VER
rêves;REv;rêve;NOM;158,75;59,35;0;5;0;3;1;NOM,VER
rêves;REv;rêver;VER;122,95;8,49;0;5;0;3;1;NOM,VER
rêvez;REve;rêver;VER;122,95;4,31;0;5;0;0;2;VER
rêvât;REva;rêver;VER;122,95;0;0;5;0;0;2;VER
rêvée;Reve;rêver;VER;122,95;0,53;0;5;0;4;2;VER,ADJ
rêvée;Reve;rêvé;ADJ;2,61;1,62;0;5;0;4;2;VER,ADJ
rêvés;Reve;rêver;VER;122,95;0,17;0;5;0;4;2;VER,ADJ
rêvés;Reve;rêvé;ADJ;2,61;0,02;0;5;0;4;2;VER,ADJ
rîmes;Rim;rire;VER;140,24;0,01;0;5;0;3;1;VER
rôdai;RodE;rôder;VER;5,76;0;0;5;0;0;2;VER
rôder;Rode;rôder;VER;5,76;1,63;1;5;5;4;2;VER
rôdes;Rod;rôder;VER;5,76;0,23;0;5;0;0;1;VER
rôdez;Rode;rôder;VER;5,76;0,04;0;5;0;4;2;VER
rôdée;Rode;rôder;VER;5,76;0,01;0;5;0;4;2;VER
rôdés;Rode;rôder;VER;5,76;0,01;0;5;0;4;2;VER
rôles;Rol;rôle;NOM;69,38;8,18;0;5;0;3;1;NOM
rônin;Ron5;rônin;NOM;0,1;0,07;1;5;5;4;2;NOM
rôtie;Roti;rôti;ADJ;2,13;0,33;0;5;5;4;2;ADJ,NOM,VER
rôtie;Roti;rôtie;NOM;0,13;0,12;1;5;5;4;2;ADJ,NOM,VER
rôtie;Roti;rôtir;VER;2,9;0,24;0;5;5;4;2;ADJ,NOM,VER
rôtir;RotiR;rôtir;VER;2,9;1,73;1;5;5;5;2;VER
rôtis;Roti;rôti;ADJ;2,13;0,23;0;5;0;4;2;ADJ,NOM,VER
rôtis;Roti;rôti;NOM;4,33;0,3;0;5;0;4;2;ADJ,NOM,VER
rôtis;Roti;rôtir;VER;2,9;0,07;0;5;0;4;2;ADJ,NOM,VER
rôtit;Roti;rôtir;VER;2,9;0,2;0;5;0;4;2;VER
sabin;sab5;sabin;ADJ;0;0;1;5;5;4;2;ADJ
sabir;sabiR;sabir;NOM;0;0;1;5;5;4;2;NOM
sabla;sabla;sabler;VER;0,28;0;0;5;0;0;2;VER
sable;sabl;sable;ADJ;0,53;0,53;1;5;5;4;1;ADJ,NOM,VER
sable;sabl;sable;NOM;25,23;23,14;1;5;5;4;1;ADJ,NOM,VER
sable;sabl;sabler;VER;0,28;0,04;0;5;5;4;1;ADJ,NOM,VER
sablé;sable;sabler;VER;0,28;0,02;0;5;5;5;2;VER,ADJ
sablé;sable;sablé;ADJ;0,4;0,14;1;5;5;5;2;VER,ADJ
sabot;sabo;sabot;NOM;4,95;1,79;1;5;5;4;2;NOM
sabra;sabRa;sabra;NOM;0,12;0,12;1;5;5;5;2;NOM,VER
sabra;sabRa;sabrer;VER;0,39;0,01;0;5;5;5;2;NOM,VER
sabre;sabR;sabre;NOM;6,95;5,44;1;5;5;4;1;NOM,VER
sabre;sabR;sabrer;VER;0,39;0,04;0;5;5;4;1;NOM,VER
sabré;sabRe;sabrer;VER;0,39;0,17;0;5;0;5;2;VER
sache;saS;savoir;VER;4516,71;54,06;0;5;0;0;1;VER
sacra;sakRa;sacrer;VER;25,16;0,14;0;5;0;0;2;VER
sacre;sakR;sacre;NOM;0,75;0,73;1;5;5;4;1;NOM,VER
sacre;sakR;sacrer;VER;25,16;0,08;0;5;5;4;1;NOM,VER
sacro;sakRo;sacro;ADV;0,11;0,11;1;5;5;5;2;ADV
sacré;sakRe;sacrer;VER;25,16;16,74;0;5;5;5;2;VER,ADJ,NOM
sacré;sakRe;sacré;ADJ;56,88;29,19;1;5;5;5;2;VER,ADJ,NOM
sacré;sakRe;sacré;NOM;3,4;3,17;1;5;5;5;2;VER,ADJ,NOM
sados;sado;sado;NOM;0;0;0;5;0;4;2;NOM
sagas;saga;saga;NOM;0,95;0,22;0;5;0;4;2;NOM
sages;saZ;sage;ADJ;39,09;7,17;0;5;0;3;1;ADJ,NOM
sages;saZ;sage;NOM;5,47;2,16;0;5;0;3;1;ADJ,NOM
sagum;sagOm;sagum;NOM;0;0;1;5;4;4;2;NOM
sahib;saib;sahib;NOM;1,63;1,61;1;5;4;4;2;NOM
saine;sEn;sain;ADJ;26,63;6,97;0;5;0;3;1;ADJ
sains;s5;sain;ADJ;26,63;4,42;0;5;0;2;1;ADJ
saint;s5;saint;ADJ;23,22;8,54;1;5;5;2;1;ADJ,NOM
saint;s5;saint;NOM;39,85;12,37;1;5;5;2;1;ADJ,NOM
saisi;sezi;saisi;ADJ;1,47;0,36;1;5;5;4;2;ADJ,VER
saisi;sezi;saisir;VER;36,81;10,15;0;5;5;4;2;ADJ,VER
sakés;sake;saké;NOM;2,55;0;0;5;0;4;2;NOM
salam;salam;salam;NOM;0,03;0,03;1;5;5;5;2;NOM
salas;sala;saler;VER;7,6;1,37;0;5;0;4;2;VER
salat;sala;salat;NOM;0,03;0,03;1;5;5;4;2;NOM
saler;sale;saler;VER;7,6;0,3;1;5;5;4;2;VER
sales;sal;sale;ADJ;146,86;26,73;0;5;0;3;1;ADJ,VER
sales;sal;saler;VER;7,6;0,13;0;5;0;3;1;ADJ,VER
salez;sale;saler;VER;7,6;0,11;0;5;0;4;2;VER
salie;sali;salir;VER;17,51;2,12;0;5;0;0;2;VER
salin;sal5;salin;ADJ;0,31;0,01;1;5;5;4;2;ADJ
salir;saliR;salir;VER;17,51;6,81;1;5;5;5;2;VER
salis;sali;salir;VER;17,51;2,59;0;5;0;0;2;VER
salit;sali;salir;VER;17,51;1,1;0;5;0;0;2;VER
salle;sal;salle;NOM;116,91;111,1;1;5;4;3;1;NOM
salon;sal§;salon;NOM;39,24;37,06;1;5;5;4;2;NOM
salop;salo;salop;NOM;0,82;0,73;1;5;5;4;2;NOM
salsa;salsa;salsa;NOM;1,43;1,43;1;5;5;5;2;NOM
salto;salto;salto;NOM;0,08;0,08;1;5;5;5;2;NOM
salua;sal8a;saluer;VER;45,09;0,48;0;5;0;0;2;VER
salue;saly;saluer;VER;45,09;17,53;0;5;0;4;2;VER
salut;saly;salut;NOM;277,42;277,35;1;5;5;4;2;NOM,ONO
salut;saly;salut;ONO;203,1;203,1;1;5;5;4;2;NOM,ONO
salué;sal8e;saluer;VER;45,09;2,36;0;5;0;5;2;VER
salve;salv;salve;NOM;1,69;1,29;1;5;5;4;1;NOM
salée;sale;saler;VER;7,6;0,9;0;5;0;4;2;VER,ADJ
salée;sale;salé;ADJ;4,47;2,3;0;5;0;4;2;VER,ADJ
salés;sale;saler;VER;7,6;0,02;0;5;0;4;2;VER,ADJ,NOM
salés;sale;salé;ADJ;4,47;0,49;0;5;0;4;2;VER,ADJ,NOM
salés;sale;salé;NOM;0,26;0,02;0;5;0;4;2;VER,ADJ,NOM
samba;s@ba;samba;NOM;2,91;2,91;1;5;5;4;2;NOM
sambo;sambo;sambo;NOM;0,2;0,2;1;5;5;4;2;NOM
sammy;sami;sammy;NOM;0,13;0,13;1;5;4;4;2;NOM
sanas;sana;sana;NOM;0,53;0;0;5;0;4;2;NOM
sangs;s@;sang;NOM;304,75;0,45;0;5;0;2;1;NOM
sanie;sani;sanie;NOM;0,01;0;1;5;5;4;2;NOM
santé;s@te;santé;NOM;88,69;88,58;1;5;5;4;2;NOM
saoul;su;saoul;ADJ;11,97;7,81;1;5;5;2;1;ADJ
saper;sape;saper;VER;3,23;1,13;1;5;5;4;2;VER
sapes;sap;sape;NOM;0,59;0,48;0;5;0;3;1;NOM,VER
sapes;sap;saper;VER;3,23;0,22;0;5;0;3;1;NOM,VER
sapez;sape;saper;VER;3,23;0,08;0;5;0;4;2;VER
sapin;sap5;sapin;NOM;6,91;5,95;1;5;5;4;2;NOM
sapée;sape;saper;VER;3,23;0,2;0;5;0;4;2;VER
sapés;sape;saper;VER;3,23;0,1;0;5;0;4;2;VER
saque;sak;saquer;VER;1,37;0,03;0;5;0;3;1;VER
saqué;sake;saquer;VER;1,37;0,2;0;5;0;4;2;VER
sarde;saRd;sarde;ADJ;0,31;0,31;1;5;5;4;1;ADJ,NOM
sarde;saRd;sarde;NOM;0,2;0,2;1;5;5;4;1;ADJ,NOM
sarin;saR5;sarin;ADJ;0,25;0,25;1;5;5;4;2;ADJ
saris;saRi;sari;NOM;0,98;0,26;0;5;0;4;2;NOM
sasse;sas;sasser;VER;0,14;0,14;0;5;0;0;1;VER
satan;sat@;satan;NOM;0,42;0,42;1;5;5;4;2;NOM
satin;sat5;satin;NOM;2,65;2,65;1;5;5;4;2;NOM
sauce;sos;sauce;NOM;19,24;18,33;1;5;5;3;1;NOM,VER
sauce;sos;saucer;VER;0,69;0,61;0;5;5;3;1;NOM,VER
saufs;sof;sauf;ADJ;12,52;2,38;0;5;0;3;1;ADJ
sauge;soZ;sauge;NOM;0,81;0,81;1;5;5;3;1;NOM
saule;sol;saule;NOM;1,9;1,27;1;5;5;3;1;NOM
sauna;sona;sauna;NOM;3,85;3,45;1;5;5;4;2;NOM
saura;soRa;saura;NOM;0,02;0,02;1;5;5;4;2;NOM,VER
saura;soRa;savoir;VER;4516,71;34,23;0;5;5;4;2;NOM,VER
sauri;sORi;saurir;VER;0,01;0,01;0;5;0;0;2;VER
saurs;soR;saur;ADJ;0,09;0,01;0;5;0;3;1;ADJ
sauta;sota;sauter;VER;123,03;0,84;0;5;0;0;2;VER
saute;sot;saute;NOM;14,52;13,6;1;5;5;3;1;NOM,VER
saute;sot;sauter;VER;123,03;22,66;0;5;5;3;1;NOM,VER
sauts;so;saut;NOM;14,77;1,23;0;5;0;2;1;NOM
sauté;sote;sauter;VER;123,03;18,77;0;5;5;4;2;VER,ADJ,NOM
sauté;sote;sauté;ADJ;0,8;0,26;1;5;5;4;2;VER,ADJ,NOM
sauté;sote;sauté;NOM;0,36;0,35;1;5;5;4;2;VER,ADJ,NOM
sauva;sova;sauver;VER;246,54;0,61;0;5;0;0;2;VER
sauve;sov;sauf;ADJ;12,52;1,24;0;5;5;3;1;ADJ,NOM,VER
sauve;sov;sauve;NOM;0,01;0,01;1;5;5;3;1;ADJ,NOM,VER
sauve;sov;sauver;VER;246,54;24,34;0;5;5;3;1;ADJ,NOM,VER
sauvé;sove;sauver;VER;246,54;61,62;0;5;0;4;2;VER
sauça;sosa;saucer;VER;0,69;0;0;5;0;0;2;VER
savez;save;savoir;VER;4516,71;407,94;0;5;0;0;2;VER
savon;sav§;savon;NOM;16,68;15,65;1;5;5;4;2;NOM
saxes;saks;saxe;NOM;0;0;0;5;0;4;1;NOM
saxon;saks§;saxon;ADJ;0,39;0,19;1;5;5;5;2;ADJ,NOM
saxon;saks§;saxon;NOM;0,03;0,01;1;5;5;5;2;ADJ,NOM
saxos;sakso;saxo;NOM;0,73;0,01;0;5;0;5;2;NOM
sayon;sEj§;sayon;NOM;0;0;1;5;4;4;2;NOM
sbire;sbiR;sbire;NOM;1,35;0,43;1;5;2;2;1;NOM
scalp;skalp;scalp;NOM;1,44;1,02;1;5;5;5;1;NOM
scare;skaR;scare;NOM;0,06;0,06;1;5;5;4;1;NOM
scato;skato;scato;ADJ;0,04;0,04;1;5;5;5;2;ADJ
sceau;so;sceau;NOM;3,72;3,54;1;5;4;2;1;NOM
schah;Sa;schah;NOM;0,02;0,02;1;5;5;2;1;NOM
scier;sje;scier;VER;5,01;1,12;1;5;5;3;1;VER
scies;si;scie;NOM;5,36;0,15;0;5;0;2;1;NOM,VER
scies;si;scier;VER;5,01;0,28;0;5;0;2;1;NOM,VER
sciez;sje;scier;VER;5,01;0,12;0;5;0;3;1;VER
scion;sj§;scion;NOM;0,28;0,27;1;5;4;3;1;NOM
sciée;sje;scier;VER;5,01;0,45;0;5;0;3;1;VER
sciés;sje;scier;VER;5,01;0,5;0;5;0;3;1;VER
scone;skon;scone;NOM;0,45;0,11;1;5;5;4;1;NOM
scoop;skup;scoop;NOM;5,29;5,12;1;5;5;4;1;NOM
scope;skOp;scope;NOM;0,41;0,36;1;5;5;4;1;NOM
score;skOR;score;NOM;5,92;5,29;1;5;5;4;1;NOM
scout;skut;scout;ADJ;1,94;1,63;1;5;5;4;1;ADJ,NOM
scout;skut;scout;NOM;3,73;1,21;1;5;5;4;1;ADJ,NOM
scrub;skROb;scrub;NOM;2,72;0,07;1;5;5;5;1;NOM
scène;sEn;scène;NOM;107,96;96,66;1;5;5;3;1;NOM
seaux;so;seau;NOM;9,01;2;0;5;0;2;1;NOM
secco;seko;secco;NOM;0;0;1;5;5;4;2;NOM
secte;sEkt;secte;NOM;5,02;4,15;1;5;5;4;1;NOM
sedan;s°d@;sedan;NOM;0,04;0,04;1;5;4;4;2;NOM
seine;sEn;seine;NOM;0,14;0,14;1;5;5;3;1;NOM
seing;s5;seing;NOM;0,01;0,01;1;5;5;2;1;NOM
seins;s5;sein;NOM;44,9;27,97;0;5;0;2;1;NOM
seize;sEz;seize;ADJ:num;7,71;7,71;1;5;5;3;1;ADJ:num
selfs;sElf;self;NOM;0,67;0;0;5;0;4;1;NOM
selle;sEl;selle;NOM;10,26;8,9;1;5;5;3;1;NOM,VER
selle;sEl;seller;VER;1,81;0,49;0;5;5;3;1;NOM,VER
sellé;sEle;seller;VER;1,81;0,28;0;5;0;0;2;VER
selon;s°l§;selon;PRE;81,4;81,4;1;5;4;4;2;PRE
seltz;sElts;seltz;NOM;0,17;0,17;1;5;4;5;1;NOM
selva;sElva;selva;NOM;0,44;0,44;1;5;4;4;2;NOM
semer;s°me;semer;VER;19,8;6,09;1;5;5;4;2;VER
semez;s°me;semer;VER;19,8;0,46;0;5;0;4;2;VER
semis;s°mi;semis;NOM;0,04;0,04;1;5;5;4;2;NOM
semât;s°ma;semer;VER;19,8;0;0;5;0;0;2;VER
semée;s°me;semer;VER;19,8;0,4;0;5;0;4;2;VER,ADJ
semée;s°me;semé;ADJ;0,03;0,01;0;5;0;4;2;VER,ADJ
semés;s°me;semer;VER;19,8;1,44;0;5;0;4;2;VER,ADJ
semés;s°me;semé;ADJ;0,03;0,02;0;5;0;4;2;VER,ADJ
senne;sEn;seine;NOM;0,14;0;0;5;0;3;1;NOM
sensé;s@se;sensé;ADJ;10,5;6,47;1;5;5;4;2;ADJ
sente;s@t;sente;NOM;0,07;0,07;1;5;5;3;1;NOM,VER
sente;s@t;sentir;VER;535,4;4,89;0;5;5;3;1;NOM,VER
senti;s@ti;senti;ADJ;0,77;0,65;1;5;5;4;2;ADJ,NOM,VER
senti;s@ti;senti;NOM;0,7;0,7;1;5;5;4;2;ADJ,NOM,VER
senti;s@ti;sentir;VER;535,4;34,33;0;5;5;4;2;ADJ,NOM,VER
serai;s°RE;être;AUX;8074,24;28,15;0;5;0;0;2;AUX,VER
serai;s°RE;être;VER;32236,5;140,69;0;5;0;0;2;AUX,VER
seras;s°Ra;être;AUX;8074,24;25,57;0;5;0;0;2;AUX,VER
seras;s°Ra;être;VER;32236,5;81,58;0;5;0;0;2;AUX,VER
serbe;sERb;serbe;ADJ;3,48;2,44;1;5;5;4;1;ADJ,NOM
serbe;sERb;serbe;NOM;2,85;0,54;1;5;5;4;1;ADJ,NOM
serez;s°Re;être;AUX;8074,24;26,65;0;5;0;0;2;AUX,VER
serez;s°Re;être;VER;32236,5;52,41;0;5;0;0;2;AUX,VER
serfs;sER;serf;ADJ;0,43;0,21;0;5;0;3;1;ADJ,NOM
serfs;sER;serf;NOM;0,56;0,33;0;5;0;3;1;ADJ,NOM
serge;sERZ;serge;NOM;1,1;1,1;1;5;5;4;1;NOM
sergé;sERZe;sergé;NOM;0;0;1;5;5;5;2;NOM
serin;s°R5;serin;NOM;0,07;0,05;1;5;5;4;2;NOM
serpe;sERp;serpe;NOM;0,01;0,01;1;5;5;4;1;NOM
serra;sERa;serra;NOM;0,82;0,82;1;5;5;4;2;NOM,VER
serra;sERa;serrer;VER;50,99;0,58;0;5;5;4;2;NOM,VER
serre;sER;serre;NOM;5,28;3,79;1;5;5;3;1;NOM,VER
serre;sER;serrer;VER;50,99;11,84;0;5;5;3;1;NOM,VER
serré;sERe;serrer;VER;50,99;7,12;0;5;5;4;2;VER,ADJ
serré;sERe;serré;ADJ;12;7,31;1;5;5;4;2;VER,ADJ
serti;sERti;serti;NOM;0,02;0,02;1;5;5;5;2;NOM,VER
serti;sERti;sertir;VER;0,52;0,19;0;5;5;5;2;NOM,VER
serve;sERv;serve;ADJ;0,14;0,14;1;5;5;4;1;ADJ,NOM,VER
serve;sERv;serve;NOM;0,03;0,01;1;5;5;4;1;ADJ,NOM,VER
serve;sERv;servir;VER;309,81;5,83;0;5;5;4;1;ADJ,NOM,VER
servi;sERvi;servi;ADJ;2,86;2,03;1;5;5;5;2;ADJ,VER
servi;sERvi;servir;VER;309,81;36,58;0;5;5;5;2;ADJ,VER
seuil;s9j;seuil;NOM;5,49;5,45;1;5;4;3;1;NOM
seule;s9l;seul;ADJ;891,45;349,74;0;5;0;3;1;ADJ,NOM
seule;s9l;seul;NOM;102,45;31,04;0;5;0;3;1;ADJ,NOM
seuls;s9l;seul;ADJ;891,45;63,29;0;5;0;3;1;ADJ,NOM
seuls;s9l;seul;NOM;102,45;9,21;0;5;0;3;1;ADJ,NOM
sevré;s°vRe;sevrer;VER;0,42;0,07;0;5;0;5;2;VER
sexes;sEks;sexe;NOM;52,09;1,65;0;5;0;4;1;NOM
sexto;sEksto;sexto;ADV;0,01;0,01;1;5;5;5;2;ADV
sexué;seks8e;sexué;ADJ;0,01;0;1;5;5;6;2;ADJ
señor;seNOR;señor;NOM;9,75;9,75;1;5;3;4;2;NOM
shahs;Sa;shah;NOM;1,13;0;0;5;0;2;1;NOM
shako;Sako;shako;NOM;0,01;0,01;1;5;5;4;2;NOM
shale;Sal;shale;NOM;0,17;0,17;1;5;4;3;1;NOM
shift;Sift;shift;ADJ;0,19;0,19;1;5;4;4;1;ADJ
shoot;Sut;shoot;NOM;1,29;1,21;1;5;5;3;1;NOM
short;SORt;short;NOM;4,42;3,79;1;5;4;4;1;NOM
shows;So;show;NOM;0,09;0;0;5;0;2;1;NOM
shunt;S9nt;shunt;NOM;0,16;0,16;1;5;5;3;1;NOM
shéol;SeOl;shéol;NOM;0;0;1;5;4;3;2;NOM
sicle;sikl;sicle;NOM;0,02;0,02;1;5;4;4;1;NOM
sidas;sida;sida;NOM;5,02;0;0;5;0;4;2;NOM
sidis;sidi;sidi;NOM;0;0;0;5;0;4;2;NOM
siens;sj5;siens;ADJ:pos;0,17;0,17;1;5;5;3;1;ADJ:pos,PRO:pos
siens;sj5;siens;PRO:pos;7,54;7,54;1;5;5;3;1;ADJ:pos,PRO:pos
sieur;sj9R;sieur;NOM;8,06;7,66;1;5;4;3;1;NOM
sigle;sigl;sigle;NOM;0,7;0,56;1;5;4;4;1;NOM
signa;siNa;signer;VER;98,19;0,29;0;5;0;0;2;VER
signe;siN;signe;NOM;82,73;67,74;1;5;5;3;1;NOM,VER
signe;siN;signer;VER;98,19;15,28;0;5;5;3;1;NOM,VER
signé;siNe;signer;VER;98,19;24,19;0;5;5;4;2;VER,ADJ
signé;siNe;signé;ADJ;5,33;3,88;1;5;5;4;2;VER,ADJ
sikhs;sik;sikh;NOM;0,17;0,14;0;5;0;3;1;NOM
silex;silEks;silex;NOM;0,33;0,33;1;5;5;5;2;NOM
silos;silo;silo;NOM;1,23;0,56;0;5;0;4;2;NOM
singe;s5Z;singe;NOM;35,48;21,59;1;5;5;3;1;NOM,VER
singe;s5Z;singer;VER;0,45;0,2;0;5;5;3;1;NOM,VER
singé;s5Ze;singer;VER;0,45;0;0;5;0;4;2;VER
sinon;sin§;sinon;ADV;0,11;0,11;1;5;5;4;2;ADV,CON
sinon;sin§;sinon;CON;164,85;164,85;1;5;5;4;2;ADV,CON
sinue;siny;sinuer;VER;0,01;0;0;5;0;0;2;VER
sinus;sinys;sinus;NOM;1,3;1,3;1;5;5;5;2;NOM
sinué;sin8e;sinuer;VER;0,01;0;0;5;0;5;2;VER
sioux;sju;sioux;ADJ;0,36;0,36;1;5;4;3;1;ADJ,NOM
sioux;sju;sioux;NOM;0,07;0,07;1;5;4;3;1;ADJ,NOM
sires;siR;sire;NOM;3,37;0;0;5;0;3;1;NOM
sirop;siRo;sirop;NOM;5,75;5,7;1;5;5;4;2;NOM
sisal;sizal;sisal;NOM;0,03;0,03;1;5;4;5;2;NOM
sises;siz;sis;ADJ;1,77;0;0;5;0;0;1;ADJ
sitar;sitaR;sitar;NOM;0,16;0,16;1;5;5;5;2;NOM
sites;sit;site;NOM;17,17;3,26;0;5;0;3;1;NOM
situa;sit8a;situer;VER;10,44;0;0;5;0;0;2;VER
situe;sity;situer;VER;10,44;2,34;0;5;0;4;2;VER
situé;sit8e;situer;VER;10,44;2,7;0;5;5;5;2;VER,ADJ
situé;sit8e;situé;ADJ;0,72;0,41;1;5;5;5;2;VER,ADJ
sitôt;sito;sitôt;ADV;3,59;3,59;1;5;4;4;2;ADV
sixte;sikst;sixte;NOM;0,02;0,02;1;5;5;5;1;NOM
siège;sjEZ;siège;NOM;29,44;23,69;1;5;4;4;1;NOM,VER
siège;sjEZ;siéger;VER;2,87;1,08;0;5;4;4;1;NOM,VER
siégé;sjeZe;siéger;VER;2,87;0,13;0;5;0;4;2;VER
siéra;sjeRa;seoir;VER;1,75;0,05;0;5;0;0;2;VER
skaal;skal;skaal;ONO;0;0;1;5;4;4;1;ONO
skate;skEjt;skate;NOM;2,5;2,14;1;5;5;5;1;NOM
skeet;skit;skeet;NOM;0,04;0,02;1;5;4;4;1;NOM
skier;skje;skier;VER;3,81;2,52;1;5;5;4;1;VER
skies;ski;skier;VER;3,81;0,22;0;5;0;3;1;VER
skiez;skje;skier;VER;3,81;0,05;0;5;0;4;1;VER
skiff;skif;skiff;NOM;0,14;0,14;1;5;4;4;1;NOM
skins;skin;skin;NOM;0,93;0,48;0;5;0;4;1;NOM
slang;sl@g;slang;NOM;0;0;1;5;4;3;1;NOM
slash;slaS;slash;NOM;0,07;0,07;1;5;4;4;1;NOM
slave;slav;slave;ADJ;0,22;0,19;1;5;5;4;1;ADJ,NOM
slave;slav;slave;NOM;0,01;0,01;1;5;5;4;1;ADJ,NOM
slice;slis;slice;NOM;0,19;0,19;1;5;4;4;1;NOM
slips;slip;slip;NOM;11,35;2,06;0;5;0;4;1;NOM
sloop;slup;sloop;NOM;0,06;0,06;1;5;4;4;1;NOM
slows;slo;slow;NOM;0,1;0;0;5;0;3;1;NOM
slush;sl9S;slush;NOM;0,01;0,01;1;5;4;4;1;NOM
smack;smak;smack;NOM;0,15;0,14;1;5;4;4;1;NOM
smala;smala;smala;NOM;0,2;0,2;1;5;5;4;2;NOM
smart;smaRt;smart;ADJ;0,2;0,2;1;5;5;5;1;ADJ
smash;smaS;smash;NOM;0,4;0,4;1;5;5;4;1;NOM
smurf;sm9Rf;smurf;NOM;0,03;0,03;1;5;3;3;1;NOM
snack;snak;snack;NOM;1,21;1,06;1;5;5;4;1;NOM
sniff;snif;sniff;ONO;0,12;0,12;1;5;5;4;1;ONO
snipe;snip;snipe;NOM;0,07;0,07;1;5;5;4;1;NOM
snobe;snOb;snober;VER;0,67;0,1;0;5;0;3;1;VER
snobs;snOb;snob;ADJ;1,75;0,14;0;5;0;3;1;ADJ,NOM
snobs;snOb;snob;NOM;1,35;0,39;0;5;0;3;1;ADJ,NOM
snobé;snobe;snober;VER;0,67;0,23;0;5;0;5;2;VER
sobre;sObR;sobre;ADJ;6,18;5,8;1;5;5;4;1;ADJ
socio;sosjo;socio;ADV;0,09;0,09;1;5;5;5;2;ADV,NOM
socio;sosjo;socio;NOM;0,01;0,01;1;5;5;5;2;ADV,NOM
socle;sOkl;socle;NOM;0,72;0,7;1;5;4;4;1;NOM
sodas;soda;soda;NOM;10,23;1,11;0;5;0;4;2;NOM
soeur;s9R;soeur;NOM;184,99;155,22;1;5;5;3;1;NOM
sofas;sofa;sofa;NOM;4,77;0,33;0;5;0;4;2;NOM
soies;swa;soie;NOM;10,38;0,42;0;5;0;3;1;NOM
soifs;swaf;soif;NOM;31,82;0,54;0;5;0;4;1;NOM
soins;sw5;soin;NOM;71,99;17,55;0;5;0;3;1;NOM
soirs;swaR;soir;NOM;575,7;19,86;0;5;0;4;1;NOM
solda;sOlda;solder;VER;1,52;0,01;0;5;0;5;2;VER
solde;sOld;solde;NOM;6,76;5,09;1;5;5;4;1;NOM,VER
solde;sOld;solder;VER;1,52;0,28;0;5;5;4;1;NOM,VER
soldé;sOlde;solder;VER;1,52;0,28;0;5;0;5;2;VER
solen;solEn;solen;NOM;0,03;0,03;1;5;5;5;2;NOM
soles;sOl;sole;NOM;1,35;0,06;0;5;0;3;1;NOM
solex;solEks;solex;NOM;0,25;0,25;1;5;5;5;2;NOM
solos;solo;solo;NOM;5,22;0,41;0;5;0;4;2;NOM
somma;soma;sommer;VER;3,17;0;0;5;0;4;2;VER
somme;sOm;somme;NOM;35,25;28,27;1;5;5;3;1;NOM,VER
somme;sOm;sommer;VER;3,17;2,01;0;5;5;3;1;NOM,VER
sommé;some;sommer;VER;3,17;0,14;0;5;0;4;2;VER
somno;sOmno;somno;NOM;0;0;1;5;5;5;2;NOM
sonar;sonaR;sonar;NOM;1,71;1,54;1;5;5;5;2;NOM
sonda;s§da;sonder;VER;3,31;0;0;5;0;0;2;VER
sonde;s§d;sonde;NOM;6,31;5,3;1;5;5;3;1;NOM,VER
sonde;s§d;sonder;VER;3,31;0,55;0;5;5;3;1;NOM,VER
sondé;s§de;sonder;VER;3,31;0,46;0;5;5;4;2;VER,ADJ,NOM
sondé;s§de;sondé;ADJ;0,02;0,01;1;5;5;4;2;VER,ADJ,NOM
sondé;s§de;sondé;NOM;0,08;0,04;1;5;5;4;2;VER,ADJ,NOM
songe;s§Z;songe;NOM;4,53;3,81;1;5;5;3;1;NOM,VER
songe;s§Z;songer;VER;24,59;4,28;0;5;5;3;1;NOM,VER
songé;s§Ze;songer;VER;24,59;4,69;0;5;0;4;2;VER
sonna;sona;sonner;VER;73,67;0,67;0;5;0;4;2;VER
sonne;sOn;sonner;VER;73,67;31,69;0;5;0;0;1;VER
sonné;sone;sonner;VER;73,67;16,04;0;5;5;4;2;VER,ADJ
sonné;sone;sonné;ADJ;0,66;0,5;1;5;5;4;2;VER,ADJ
sonos;sono;sono;NOM;1,23;0,05;0;5;0;4;2;NOM
sopha;sOfa;sopha;NOM;0;0;1;5;5;4;2;NOM
sopor;sopOR;sopor;NOM;0;0;1;5;5;4;2;NOM
sorte;sORt;sorte;NOM;114,73;98,33;1;5;5;4;1;NOM,VER
sorte;sORt;sortir;VER;884,26;18,3;0;5;5;4;1;NOM,VER
sorti;sORti;sortir;VER;884,26;81,08;0;5;0;5;2;VER
sorts;sOR;sort;NOM;44,8;1,88;0;5;0;3;1;NOM
sosie;sozi;sosie;NOM;1,89;1,54;1;5;4;3;2;NOM
sotie;soti;sotie;NOM;0;0;1;5;4;4;2;NOM
sotte;sOt;sot;ADJ;6,34;2,73;0;5;0;0;1;ADJ,NOM
sotte;sOt;sot;NOM;5,84;1,96;0;5;0;0;1;ADJ,NOM
souci;susi;souci;NOM;49,47;26,73;1;5;5;4;2;NOM
soude;sud;soude;NOM;0,88;0,88;1;5;5;3;1;NOM,VER
soude;sud;souder;VER;3,2;0,15;0;5;5;3;1;NOM,VER
soudé;sude;souder;VER;3,2;0,57;0;5;5;4;2;VER,ADJ
soudé;sude;soudé;ADJ;0,35;0,11;1;5;5;4;2;VER,ADJ
soufi;sufi;soufi;ADJ;0,02;0,02;1;5;5;4;2;ADJ
souks;suk;souk;NOM;0,81;0;0;5;0;3;1;NOM
soule;sul;soule;ADJ;0,3;0,3;1;5;5;3;1;ADJ,NOM
soule;sul;soule;NOM;0,03;0,03;1;5;5;3;1;ADJ,NOM
soupa;supa;souper;VER;8,81;0;0;5;0;0;2;VER
soupe;sup;soupe;NOM;32,26;31,72;1;5;5;3;1;NOM,VER
soupe;sup;souper;VER;8,81;0,42;0;5;5;3;1;NOM,VER
soupé;supe;souper;VER;8,81;1,73;0;5;0;4;2;VER
sourd;suR;sourd;ADJ;25,69;16,96;1;5;5;3;1;ADJ,NOM,VER
sourd;suR;sourd;NOM;2,94;1,64;1;5;5;3;1;ADJ,NOM,VER
sourd;suR;sourdre;VER;0,42;0,13;0;5;5;3;1;ADJ,NOM,VER
souri;suRi;sourire;VER;53,97;3,19;0;5;0;4;2;VER
soute;sut;soute;NOM;2,62;2,33;1;5;5;3;1;NOM
soyez;swaje;être;AUX;8074,24;24,16;0;5;0;0;2;AUX,VER
soyez;swaje;être;VER;32236,5;102,17;0;5;0;0;2;AUX,VER
soûle;sul;soûl;ADJ;12,96;1,96;0;5;0;3;1;ADJ,VER
soûle;sul;soûler;VER;6,13;1,28;0;5;0;3;1;ADJ,VER
soûls;su;soûl;ADJ;12,96;0,78;0;5;0;2;1;ADJ
soûlé;sule;soûler;VER;6,13;0,85;0;5;0;4;2;VER
spahi;spai;spahi;NOM;0;0;1;5;4;4;2;NOM
spath;spat;spath;NOM;0,07;0,07;1;5;5;4;1;NOM
speed;spid;speed;NOM;3,45;3,45;1;5;5;4;1;NOM
spica;spika;spica;NOM;0,08;0,08;1;5;5;5;2;NOM
spics;spik;spic;NOM;0,14;0,09;0;5;0;4;1;NOM
spina;spina;spina;NOM;0,05;0,05;1;5;5;5;2;NOM
spire;spiR;spire;NOM;0,23;0,06;1;5;5;4;1;NOM
spitz;spits;spitz;NOM;0,01;0,01;1;5;4;5;1;NOM
spoon;spun;spoon;NOM;0,31;0,31;1;5;4;4;1;NOM
spore;spOR;spore;NOM;0,91;0,01;1;5;5;4;1;NOM
sport;spOR;sport;NOM;30,04;24,61;1;5;5;4;1;NOM
spots;spOt;spot;NOM;3,5;1;0;5;0;4;1;NOM
sprat;spRat;sprat;NOM;0,4;0,18;1;5;5;4;1;NOM
spray;spREj;spray;NOM;2,71;2,65;1;5;5;4;1;NOM
squat;skwat;squat;NOM;1,23;1,2;1;5;5;5;1;NOM
squaw;skwo;squaw;NOM;0;0;1;5;5;4;1;NOM
stade;stad;stade;NOM;15,14;14,34;1;5;5;4;1;NOM
staff;staf;staff;NOM;1,39;1,36;1;5;4;4;1;NOM
stage;staZ;stage;NOM;6,16;4,87;1;5;5;4;1;NOM
stals;stal;stal;NOM;0;0;0;5;0;4;1;NOM
stand;st@d;stand;NOM;7,02;5,66;1;5;5;4;1;NOM
stars;staR;star;NOM;39,34;10,44;0;5;0;4;1;NOM
stase;staz;stase;NOM;1,23;1,23;1;5;4;4;1;NOM
state;stEjt;stater;VER;0,58;0,57;0;5;0;0;1;VER
steak;stEk;steak;NOM;10,76;8,15;1;5;5;4;1;NOM
stick;stik;stick;NOM;0,78;0,54;1;5;5;4;1;NOM
stock;stOk;stock;NOM;5,66;4,23;1;5;5;4;1;NOM
stone;ston;stone;ADJ;2,06;1,11;1;5;4;4;1;ADJ
stops;stOp;stop;NOM;44,5;0,14;0;5;0;4;1;NOM
store;stOR;store;NOM;3,59;1,35;1;5;5;4;1;NOM
stout;stut;stout;NOM;0,45;0,45;1;5;4;3;1;NOM
strie;stRi;strie;NOM;0,73;0,05;1;5;5;4;1;NOM
strip;stRip;strip;NOM;2,44;2,44;1;5;5;5;1;NOM
strié;stRije;strier;VER;0,03;0,01;0;5;5;5;2;VER,ADJ
strié;stRije;strié;ADJ;0,06;0,03;1;5;5;5;2;VER,ADJ
stucs;styk;stuc;NOM;0,16;0,01;0;5;0;4;1;NOM
stuka;styka;stuka;NOM;0,05;0,02;1;5;4;5;2;NOM
stups;styp;stup;NOM;2,26;2,26;0;5;5;4;1;NOM,ADJ
stups;styp;stups;ADJ;0,08;0,08;1;5;5;4;1;NOM,ADJ
style;stil;style;NOM;32,34;31,08;1;5;5;4;1;NOM,VER
style;stil;styler;VER;0,29;0,18;0;5;5;4;1;NOM,VER
stylo;stilo;stylo;NOM;17,73;15,34;1;5;5;5;2;NOM
stylé;stile;styler;VER;0,29;0,02;0;5;5;5;2;VER,ADJ
stylé;stile;stylé;ADJ;0,2;0,11;1;5;5;5;2;VER,ADJ
stèle;stEl;stèle;NOM;0,35;0,31;1;5;4;4;1;NOM
stère;stER;stère;NOM;0,04;0,01;1;5;4;4;1;NOM
sténo;steno;sténo;NOM;0,86;0,8;1;5;5;5;2;NOM
suais;s8E;suer;VER;7,28;0,07;0;5;0;0;1;VER
suait;s8E;suer;VER;7,28;0,04;0;5;0;0;1;VER
suant;s8@;suant;ADJ;0,25;0,2;1;5;4;3;1;ADJ,VER
suant;s8@;suer;VER;7,28;0,05;0;5;4;3;1;ADJ,VER
suave;s8av;suave;ADJ;1,11;0,94;1;5;5;4;1;ADJ
suber;sybER;suber;NOM;0,01;0,01;1;5;4;5;2;NOM
subie;sybi;subir;VER;30,13;0,1;0;5;0;4;2;VER
subir;sybiR;subir;VER;30,13;10,64;1;5;5;5;2;VER
subis;sybi;subir;VER;30,13;1,59;0;5;0;4;2;VER
subit;sybi;subir;VER;30,13;2,07;0;5;5;4;2;VER,ADJ
subit;sybi;subit;ADJ;3,06;1,35;1;5;5;4;2;VER,ADJ
subît;sybi;subir;VER;30,13;0;0;5;0;4;2;VER
sucer;syse;sucer;VER;23,45;9,68;1;5;5;4;2;VER
suces;sys;sucer;VER;23,45;0,94;0;5;0;3;1;VER
sucez;syse;sucer;VER;23,45;0,39;0;5;0;4;2;VER
sucra;sykRa;sucrer;VER;1,9;0;0;5;0;0;2;VER
sucre;sykR;sucre;NOM;32,01;30,57;1;5;5;4;1;NOM,VER
sucre;sykR;sucrer;VER;1,9;0,17;0;5;5;4;1;NOM,VER
sucré;sykRe;sucrer;VER;1,9;0,95;0;5;5;5;2;VER,ADJ,NOM
sucré;sykRe;sucré;ADJ;3,69;2,19;1;5;5;5;2;VER,ADJ,NOM
sucré;sykRe;sucré;NOM;0,67;0,67;1;5;5;5;2;VER,ADJ,NOM
sucée;syse;sucer;VER;23,45;0,12;0;5;0;4;2;VER
sucés;syse;sucer;VER;23,45;0,06;0;5;0;4;2;VER
suent;sy;suer;VER;7,28;0,23;0;5;0;2;1;VER
sueur;s89R;sueur;NOM;11,71;10,27;1;5;4;3;1;NOM
suffi;syfi;suffire;VER;232,08;4,52;0;5;0;0;2;VER
suies;s8i;suie;NOM;0,72;0;0;5;0;3;1;NOM
suint;s85;suint;NOM;0;0;1;5;5;3;1;NOM
suite;s8it;suite;NOM;275,9;274,18;1;5;5;4;1;NOM
suive;s8iv;suivre;VER;2090,54;4,09;0;5;0;4;1;VER
suivi;s8ivi;suivi;ADJ;1,99;1,56;1;5;5;5;2;ADJ,NOM,VER
suivi;s8ivi;suivi;NOM;1,72;1,64;1;5;5;5;2;ADJ,NOM,VER
suivi;s8ivi;suivre;VER;2090,54;34,99;0;5;5;5;2;ADJ,NOM,VER
sujet;syZE;sujet;ADJ;3,9;2,55;1;5;5;4;2;ADJ,NOM
sujet;syZE;sujet;NOM;120,42;107,92;1;5;5;4;2;ADJ,NOM
sulky;sylki;sulky;NOM;0,14;0,14;1;5;4;4;2;NOM
sumac;symak;sumac;NOM;0,13;0,13;1;5;4;4;2;NOM
sunna;syna;sunna;NOM;0,02;0,02;1;5;5;3;2;NOM
suons;sy§;suer;VER;7,28;0,02;0;5;0;0;2;VER
super;sypER;super;ADJ;154,83;154,83;1;5;5;5;2;ADJ,NOM
super;sypER;super;NOM;73,26;71,48;1;5;5;5;2;ADJ,NOM
supin;syp5;supin;NOM;0;0;1;5;5;4;2;NOM
supra;sypRa;supra;ADV;0,26;0,26;1;5;5;5;2;ADV
surah;syRa;surah;NOM;0;0;1;5;5;4;2;NOM
sures;syR;sur;ADJ;65,92;0,25;0;5;0;3;1;ADJ
suret;syRE;suret;ADJ;0,1;0;1;5;5;4;2;ADJ
surfe;s9Rf;surfer;VER;9,4;3,15;0;5;0;4;1;VER
surfé;s9Rfe;surfer;VER;9,4;0,28;0;5;0;5;2;VER
surgi;syRZi;surgir;VER;10,95;2,79;0;5;0;0;2;VER
surgé;syRZe;surgé;NOM;0,01;0,01;1;5;5;5;2;NOM
surie;syRi;suri;ADJ;0,07;0,01;0;5;0;4;2;ADJ
surin;syR5;surin;NOM;0,66;0,66;1;5;5;4;2;NOM
surir;syRiR;surir;VER;0,01;0;1;5;5;5;2;VER
surit;syRi;surir;VER;0,01;0;0;5;0;4;2;VER
sushi;suSi;sushi;NOM;2,03;2,03;1;5;4;4;2;NOM
susse;sys;savoir;VER;4516,71;0;0;5;0;3;1;VER
sutra;sutRa;sutra;NOM;0,2;0,2;1;5;4;5;2;NOM
suçon;sys§;suçon;NOM;1,05;0,89;1;5;5;4;2;NOM
suède;s8Ed;suède;NOM;0;0;1;5;3;4;1;NOM
suées;s8e;suée;NOM;0,35;0,02;0;5;0;3;1;NOM
swing;swiG;swing;NOM;0;0;1;5;5;4;1;NOM
sylve;silv;sylve;NOM;0;0;1;5;5;4;1;NOM
sympa;s5pa;sympa;ADJ;83,39;77,46;1;5;5;4;2;ADJ
syrah;siRa;syrah;NOM;0,09;0,09;1;5;4;4;2;NOM
sèche;sES;sec;ADJ;43,02;8,72;0;5;0;3;1;ADJ,VER
sèche;sES;sécher;VER;19,49;4,43;0;5;0;3;1;ADJ,VER
sèmes;sEm;semer;VER;19,8;0,32;0;5;0;3;1;VER
sèves;sEv;sève;NOM;3,19;0;0;5;0;3;1;NOM
séant;se@;séant;ADJ;0,04;0,03;1;5;5;3;2;ADJ,NOM
séant;se@;séant;NOM;0,04;0,04;1;5;5;3;2;ADJ,NOM
sébum;sebOm;sébum;NOM;0;0;1;5;4;5;2;NOM
sécha;seSa;sécher;VER;19,49;0,01;0;5;0;0;2;VER
séché;seSe;sécher;VER;19,49;3,68;0;5;0;4;2;VER
sécot;seko;sécot;NOM;0;0;1;5;5;4;2;NOM
séide;seid;séide;NOM;0,02;0,01;1;5;4;4;2;NOM
sénat;sena;sénat;NOM;1,38;1,38;1;5;5;4;2;NOM
sénés;sene;séné;NOM;0,16;0;0;5;0;4;2;NOM
sépia;sepja;sépia;NOM;0,02;0,02;1;5;4;4;2;NOM
sérac;seRak;sérac;NOM;0,21;0,21;1;5;5;5;2;NOM
série;seRi;série;NOM;36,53;33,34;1;5;5;4;2;NOM
sérum;seROm;sérum;NOM;4,16;4;1;5;4;4;2;NOM
séton;set§;séton;NOM;0;0;1;5;3;4;2;NOM
sévir;seviR;sévir;VER;3,23;0,75;1;5;5;5;2;VER
sévit;sevi;sévir;VER;3,23;1,33;0;5;0;0;2;VER
sévît;sevi;sévir;VER;3,23;0;0;5;0;0;2;VER
sûmes;sym;savoir;VER;4516,71;0;0;5;0;0;1;VER
sûres;syR;sûr;ADJ;943,56;2,47;0;5;0;3;1;ADJ
tabac;taba;tabac;NOM;16;15,7;1;5;5;4;2;NOM
tabla;tabla;tabla;NOM;0,01;0,01;1;5;5;5;2;NOM,VER
tabla;tabla;tabler;VER;0,95;0,01;0;5;5;5;2;NOM,VER
table;tabl;table;NOM;118,37;111,44;1;5;5;4;1;NOM,VER
table;tabl;tabler;VER;0,95;0,54;0;5;5;4;1;NOM,VER
tablé;table;tabler;VER;0,95;0;0;5;0;5;2;VER
tabor;tabOR;tabor;NOM;0;0;1;5;5;4;2;NOM
tabou;tabu;tabou;ADJ;1,11;0,78;1;5;5;4;2;ADJ,NOM
tabou;tabu;tabou;NOM;1,18;0,54;1;5;5;4;2;ADJ,NOM
tabès;tabEs;tabès;NOM;0;0;1;5;4;5;2;NOM
tache;taS;tache;NOM;21,04;12,61;1;5;5;3;1;NOM,VER
tache;taS;tacher;VER;6,54;0,89;0;5;5;3;1;NOM,VER
taché;taSe;tacher;VER;6,54;1,7;0;5;0;4;2;VER
tacle;takl;tacle;NOM;0,38;0,38;1;5;5;4;1;NOM
tacon;tak§;tacon;NOM;0;0;1;5;5;4;2;NOM
tacos;tako;taco;NOM;2;1,01;0;5;0;4;2;NOM
tacot;tako;tacot;NOM;1,31;1,25;1;5;5;4;2;NOM
taffe;taf;taffe;NOM;2,06;2,02;1;5;5;3;1;NOM
tafia;tafja;tafia;NOM;0,01;0,01;1;5;4;4;2;NOM
tague;tag;taguer;VER;0,28;0,06;0;5;0;3;1;VER
taies;tE;taie;NOM;0,51;0,16;0;5;0;2;1;NOM
taira;tERa;taire;VER;154,46;0,22;0;5;0;0;2;VER
taire;tER;taire;VER;154,46;31,81;1;5;4;3;1;VER
taise;tEz;taire;VER;154,46;1,51;0;5;0;3;1;VER
talas;tala;tala;NOM;0,34;0;0;5;0;4;2;NOM
taler;tale;taler;VER;0,12;0;1;5;5;4;2;VER
talle;tal;talle;NOM;0;0;1;5;5;3;1;NOM
talon;tal§;talon;NOM;11,72;4,03;1;5;5;4;2;NOM
talus;taly;talus;NOM;0,69;0,69;1;5;5;4;2;NOM
talée;tale;taler;VER;0,12;0;0;5;0;4;2;VER,ADJ
talée;tale;talé;ADJ;0,14;0;0;5;0;4;2;VER,ADJ
talés;tale;talé;ADJ;0,14;0,14;0;5;0;4;2;ADJ
tamia;tamja;tamia;NOM;0,04;0,04;1;5;5;4;2;NOM
tamis;tami;tamis;NOM;0,53;0,53;1;5;5;4;2;NOM
tance;t@s;tancer;VER;0,03;0;0;5;0;0;1;VER
tancé;t@se;tancer;VER;0,03;0;0;5;0;4;2;VER
tango;t@go;tango;ADJ;1,94;1,94;1;5;5;4;2;ADJ,NOM
tango;t@go;tango;NOM;5,74;5,58;1;5;5;4;2;ADJ,NOM
tanin;tan5;tanin;NOM;0,05;0,05;1;5;5;4;2;NOM
tanka;t@ka;tanka;NOM;0;0;1;5;5;4;2;NOM
tanks;t@k;tank;NOM;8,41;4,62;0;5;0;3;1;NOM
tanna;tana;tanner;VER;2,22;0,45;0;5;0;0;2;VER
tanne;tan;tanne;NOM;0,54;0,48;1;5;5;3;1;NOM
tanné;tane;tanner;VER;2,22;0,7;0;5;5;4;2;VER,ADJ
tanné;tane;tanné;ADJ;0,1;0,03;1;5;5;4;2;VER,ADJ
tante;t@t;tante;NOM;76,62;70,69;1;5;5;3;1;NOM
taons;t@;taon;NOM;0,73;0,72;0;5;0;2;1;NOM
tapai;tapE;taper;VER;61,07;0;0;5;0;0;2;VER
tapas;tapas;tapa;NOM;0,15;0,15;0;5;0;0;2;NOM,VER
tapas;tapas;taper;VER;61,07;0,01;0;5;0;0;2;NOM,VER
taper;tape;taper;VER;61,07;19,15;1;5;5;4;2;VER
tapes;tap;tap;NOM;1,37;0;0;5;0;3;1;NOM,VER
tapes;tap;tape;NOM;2,54;0,23;0;5;0;3;1;NOM,VER
tapes;tap;taper;VER;61,07;3,17;0;5;0;3;1;NOM,VER
tapez;tape;taper;VER;61,07;2,83;0;5;0;4;2;VER
tapie;tapi;tapi;ADJ;0,06;0,02;0;5;0;4;2;ADJ,VER
tapie;tapi;tapir;VER;0,92;0,22;0;5;0;4;2;ADJ,VER
tapin;tap5;tapin;NOM;2,31;2,25;1;5;5;4;2;NOM
tapir;tapiR;tapir;NOM;0,16;0,13;1;5;5;5;2;NOM,VER
tapir;tapiR;tapir;VER;0,92;0,01;1;5;5;5;2;NOM,VER
tapis;tapi;tapir;VER;0,92;0,32;0;5;5;4;2;VER,NOM
tapis;tapi;tapis;NOM;20,13;20,13;1;5;5;4;2;VER,NOM
tapit;tapi;tapir;VER;0,92;0,06;0;5;0;4;2;VER
tapée;tape;taper;VER;61,07;0,92;0;5;5;4;2;VER,ADJ,NOM
tapée;tape;tapé;ADJ;0,37;0,01;0;5;5;4;2;VER,ADJ,NOM
tapée;tape;tapée;NOM;0,03;0,03;1;5;5;4;2;VER,ADJ,NOM
tapés;tape;taper;VER;61,07;0,1;0;5;0;4;2;VER,ADJ
tapés;tape;tapé;ADJ;0,37;0,14;0;5;0;4;2;VER,ADJ
tarda;taRda;tarder;VER;28,36;0,17;0;5;0;0;2;VER
tarde;taRd;tarder;VER;28,36;4,63;0;5;0;0;1;VER
tardé;taRde;tarder;VER;28,36;2,08;0;5;0;5;2;VER
tares;taR;tare;NOM;1,56;0,49;0;5;0;3;1;NOM,VER
tares;taR;tarer;VER;6,08;0,1;0;5;0;3;1;NOM,VER
taret;taRE;taret;NOM;0;0;1;5;5;4;2;NOM
targe;taRZ;targe;NOM;0,4;0,4;1;5;5;4;1;NOM
tarie;taRi;tari;ADJ;0,15;0,02;0;5;0;4;2;ADJ,VER
tarie;taRi;tarir;VER;1,83;0,69;0;5;0;4;2;ADJ,VER
tarif;taRif;tarif;NOM;6,26;4,58;1;5;5;5;2;NOM
tarin;taR5;tarin;NOM;0,1;0,1;1;5;5;4;2;NOM
tarir;taRiR;tarir;VER;1,83;0,05;1;5;5;5;2;VER
taris;taRi;tari;ADJ;0,15;0;0;5;0;4;2;ADJ,VER
taris;taRi;tarir;VER;1,83;0,01;0;5;0;4;2;ADJ,VER
tarit;taRi;tarir;VER;1,83;0,62;0;5;0;4;2;VER
tarot;taRo;tarot;NOM;0,65;0,37;1;5;5;4;2;NOM
tarpé;taRpe;tarpé;NOM;0,32;0,32;1;5;5;5;2;NOM
tarse;taRs;tarse;NOM;0,02;0,02;1;5;5;4;1;NOM
tarte;taRt;tarte;ADJ;1,29;1,11;1;5;5;4;1;ADJ,NOM
tarte;taRt;tarte;NOM;13,04;10,41;1;5;5;4;1;ADJ,NOM
tarée;taRe;tarer;VER;6,08;0,98;0;5;0;4;2;VER,ADJ
tarée;taRe;taré;ADJ;4,44;1,45;0;5;0;4;2;VER,ADJ
tarés;taRe;tarer;VER;6,08;0,49;0;5;0;4;2;VER,ADJ,NOM
tarés;taRe;taré;ADJ;4,44;0,38;0;5;0;4;2;VER,ADJ,NOM
tarés;taRe;taré;NOM;10,48;3,53;0;5;0;4;2;VER,ADJ,NOM
tassa;tasa;tasser;VER;2,21;0;0;5;0;0;2;VER
tasse;tas;tasse;NOM;21,89;18,52;1;5;5;3;1;NOM,VER
tasse;tas;tasser;VER;2,21;0,66;0;5;5;3;1;NOM,VER
tassé;tase;tasser;VER;2,21;0,41;0;5;5;4;2;VER,ADJ
tassé;tase;tassé;ADJ;0,26;0,14;1;5;5;4;2;VER,ADJ
tatar;tataR;tatar;ADJ;0;0;1;5;5;5;2;ADJ,NOM
tatar;tataR;tatar;NOM;0,01;0,01;1;5;5;5;2;ADJ,NOM
tatas;tata;tata;NOM;3;0,04;0;5;0;4;2;NOM
tatin;tat5;tatin;NOM;0,03;0,03;1;5;5;4;2;NOM
tatou;tatu;tatou;NOM;0,51;0,46;1;5;5;4;2;NOM
taube;tob;taube;NOM;0,07;0,07;1;5;4;3;1;NOM
taule;tol;taule;NOM;27;26,92;1;5;5;3;1;NOM
taupe;top;taupe;ADJ;0,29;0,29;1;5;5;3;1;ADJ,NOM
taupe;top;taupe;NOM;6,6;5,42;1;5;5;3;1;ADJ,NOM
taupé;tope;taupé;ADJ;0,01;0,01;1;5;5;4;2;ADJ
taure;toR;taure;NOM;0;0;1;5;5;3;1;NOM
tavel;tavEl;tavel;NOM;0,03;0,03;1;5;5;5;2;NOM
taxer;takse;taxer;VER;2,19;0,83;1;5;5;5;2;VER
taxes;taks;taxe;NOM;4,34;2,49;0;5;0;4;1;NOM,VER
taxes;taks;taxer;VER;2,19;0,19;0;5;0;4;1;NOM,VER
taxez;takse;taxer;VER;2,19;0,01;0;5;0;5;2;VER
taxis;taksi;taxi;NOM;63,77;4,35;0;5;0;5;2;NOM
taxée;takse;taxer;VER;2,19;0,1;0;5;0;5;2;VER,ADJ
taxée;takse;taxé;ADJ;0,07;0;0;5;0;5;2;VER,ADJ
taxés;takse;taxer;VER;2,19;0,03;0;5;0;5;2;VER,ADJ
taxés;takse;taxé;ADJ;0,07;0,05;0;5;0;5;2;VER,ADJ
taïga;tajga;taïga;NOM;1,5;1,5;1;5;4;4;2;NOM
tchao;tSao;tchao;ONO;2,25;2,25;1;5;5;4;2;ONO
teams;tim;team;NOM;13,84;0,16;0;5;0;3;1;NOM
teins;t5;teindre;VER;3,71;0,74;0;5;0;2;1;VER
teint;t5;teindre;VER;3,71;0,94;0;5;5;2;1;VER,ADJ,NOM
teint;t5;teint;ADJ;0,99;0,35;1;5;5;2;1;VER,ADJ,NOM
teint;t5;teint;NOM;4,87;4,84;1;5;5;2;1;VER,ADJ,NOM
telle;tEl;telle;ADJ:ind;48,77;48,77;1;5;5;3;1;ADJ:ind,PRO:ind
telle;tEl;telle;PRO:ind;2,01;2,01;1;5;5;3;1;ADJ:ind,PRO:ind
tempe;t@p;tempe;NOM;3,38;2,23;1;5;5;3;1;NOM
tempi;t@pi;tempo;NOM;1,44;0;0;5;0;0;2;NOM
tempo;tEmpo;tempo;NOM;1,44;1,38;1;5;5;4;2;NOM
temps;t@;temps;NOM;1031,05;1031,05;1;5;5;2;1;NOM
tende;t@d;tendre;VER;26,63;0,42;0;5;0;0;1;VER
tends;t@;tendre;VER;26,63;3,46;0;5;0;2;1;VER
tendu;t@dy;tendre;VER;26,63;6,24;0;5;5;4;2;VER,ADJ
tendu;t@dy;tendu;ADJ;9,71;4,5;1;5;5;4;2;VER,ADJ
tenez;t°ne;tenir;VER;504,69;99,49;0;5;0;0;2;VER
tenir;t°niR;tenir;VER;504,69;82,83;1;5;4;4;2;VER
tenon;t°n§;tenon;NOM;0,23;0,16;1;5;4;4;2;NOM
tenta;t@ta;tenter;VER;79,75;1;0;5;0;0;2;VER
tente;t@t;tente;NOM;16,65;14,4;1;5;5;3;1;NOM,VER
tente;t@t;tenter;VER;79,75;16,94;0;5;5;3;1;NOM,VER
tenté;t@te;tenter;VER;79,75;21,7;0;5;5;4;2;VER,ADJ
tenté;t@te;tenté;ADJ;1,38;0,86;1;5;5;4;2;VER,ADJ
tenue;t°ny;tenir;VER;504,69;3,04;0;5;5;4;2;VER,ADJ,NOM
tenue;t°ny;tenu;ADJ;3,46;1,28;0;5;5;4;2;VER,ADJ,NOM
tenue;t°ny;tenue;NOM;21,96;19,64;1;5;5;4;2;VER,ADJ,NOM
tenus;t°ny;tenir;VER;504,69;1,39;0;5;0;4;2;VER,ADJ
tenus;t°ny;tenu;ADJ;3,46;0,22;0;5;0;4;2;VER,ADJ
terce;tERs;tercer;VER;0,1;0;0;5;0;0;1;VER
terme;tERm;terme;NOM;37,67;25,72;1;5;5;4;1;NOM
terne;tERn;terne;ADJ;2;1,36;1;5;5;4;1;ADJ
terni;tERni;terni;ADJ;0,22;0,05;1;5;5;5;2;ADJ,VER
terni;tERni;ternir;VER;1,32;0,35;0;5;5;5;2;ADJ,VER
terra;tERa;terrer;VER;2,62;0,9;0;5;0;0;2;VER
terre;tER;terre;NOM;294,45;276,29;1;5;5;3;1;NOM,VER
terre;tER;terrer;VER;2,62;0,27;0;5;5;3;1;NOM,VER
terri;tERi;terri;NOM;0,43;0,43;1;5;5;4;2;NOM,VER
terri;tERi;terrir;VER;0,04;0,04;0;5;5;4;2;NOM,VER
terré;tERe;terrer;VER;2,62;0,42;0;5;0;4;2;VER
tesla;tEsla;tesla;NOM;0,02;0,02;1;5;4;4;2;NOM
testa;tEsta;tester;VER;20,66;0,21;0;5;0;0;2;VER
teste;tEst;teste;NOM;0,01;0,01;1;5;5;4;1;NOM,VER
teste;tEst;tester;VER;20,66;2,76;0;5;5;4;1;NOM,VER
tests;tEst;test;NOM;55,38;20,5;0;5;0;4;1;NOM
testu;tEsty;testu;NOM;0;0;1;5;5;5;2;NOM
testé;tEste;tester;VER;20,66;3,88;0;5;0;5;2;VER
tette;tEt;tette;NOM;0,14;0,14;1;5;3;3;1;NOM
texan;tEks@;texan;ADJ;0,79;0,46;1;5;4;5;2;ADJ,NOM
texan;tEks@;texan;NOM;0,95;0,47;1;5;4;5;2;ADJ,NOM
texte;tEkst;texte;NOM;20,42;16,22;1;5;5;5;1;NOM
texto;tEksto;texto;ADV;0,45;0,45;1;5;5;6;2;ADV
thaïe;taj;thaï;ADJ;0,97;0,16;0;5;0;3;1;ADJ
thaïs;taj;thaï;ADJ;0,97;0,29;0;5;0;3;1;ADJ
thons;t§;thon;NOM;5,88;0,23;0;5;0;2;1;NOM
thugs;tyg;thug;NOM;0,33;0,32;0;5;0;3;1;NOM
thune;tyn;thune;NOM;4,63;3,52;1;5;4;3;1;NOM
thuya;tyja;thuya;NOM;0;0;1;5;4;3;2;NOM
thème;tEm;thème;NOM;17,32;15,49;1;5;4;3;1;NOM
thèse;tEz;thèse;NOM;10,67;10,22;1;5;4;3;1;NOM
thêta;tEta;thêta;NOM;0,21;0,21;1;5;3;4;2;NOM
tiama;tjama;tiama;NOM;0,17;0,17;1;5;4;5;2;NOM
tiare;tjaR;tiare;NOM;0,51;0,5;1;5;5;4;1;NOM
tiaré;tjaRe;tiaré;NOM;0;0;1;5;5;5;2;NOM
tibia;tibja;tibia;NOM;2,33;2,02;1;5;5;5;2;NOM
tiens;tj5;tenir;VER;504,69;110,63;0;5;5;3;1;VER,NOM,ADJ:pos,ONO,PRO:pos
tiens;tj5;tien;NOM;12,98;12,98;0;5;5;3;1;VER,NOM,ADJ:pos,ONO,PRO:pos
tiens;tj5;tiens;ADJ:pos;3,35;3,35;1;5;5;3;1;VER,NOM,ADJ:pos,ONO,PRO:pos
tiens;tj5;tiens;ONO;212,99;212,99;1;5;5;3;1;VER,NOM,ADJ:pos,ONO,PRO:pos
tiens;tj5;tiens;PRO:pos;9,98;9,98;1;5;5;3;1;VER,NOM,ADJ:pos,ONO,PRO:pos
tient;tj5;tenir;VER;504,69;78,32;0;5;0;3;1;VER
tiers;tjER;tiers;ADJ;0,78;0,47;1;5;5;4;1;ADJ,NOM
tiers;tjER;tiers;NOM;6,24;6,18;1;5;5;4;1;ADJ,NOM
tiges;tiZ;tig;NOM;0;0;0;5;0;3;1;NOM
tiges;tiZ;tige;NOM;3,73;1,34;0;5;0;3;1;NOM
tigre;tigR;tigre;NOM;15,19;11,14;1;5;5;4;1;NOM
tigré;tigRe;tigrer;VER;0,02;0,02;0;5;5;5;2;VER,ADJ
tigré;tigRe;tigré;ADJ;0,01;0,01;1;5;5;5;2;VER,ADJ
tille;tij;tille;NOM;0,18;0,12;1;5;5;3;1;NOM
tilts;tilt;tilt;NOM;1,11;0;0;5;0;4;1;NOM
timon;tim§;timon;NOM;0,1;0,1;1;5;5;4;2;NOM
tinta;t5ta;tinter;VER;0,95;0;0;5;0;0;2;VER
tinte;t5t;tinter;VER;0,95;0,39;0;5;0;3;1;VER
tinté;t5te;tinter;VER;0,95;0;0;5;0;4;2;VER
tinée;tine;tinée;NOM;0;0;1;5;4;4;2;NOM
tipis;tipi;tipi;NOM;0,36;0,04;0;5;0;4;2;NOM
tiqua;tika;tiquer;VER;0,28;0;0;5;0;0;2;VER
tique;tik;tique;NOM;1,95;0,72;1;5;5;3;1;NOM,VER
tique;tik;tiquer;VER;0,28;0,04;0;5;5;3;1;NOM,VER
tiqué;tike;tiquer;VER;0,28;0,08;0;5;0;4;2;VER
tirai;tiRE;tirer;VER;415,14;0,23;0;5;0;4;2;VER
tiras;tiRa;tirer;VER;415,14;0;0;5;0;0;2;VER
tirer;tiRe;tirer;VER;415,14;113,71;1;5;5;4;2;VER
tires;tiR;tire;NOM;17,13;0,38;0;5;0;3;1;NOM,VER
tires;tiR;tirer;VER;415,14;11,7;0;5;0;3;1;NOM,VER
tiret;tiRE;tiret;NOM;0,2;0,2;1;5;5;4;2;NOM
tirez;tiRe;tirer;VER;415,14;45,9;0;5;0;4;2;VER
tirât;tiRa;tirer;VER;415,14;0;0;5;0;0;2;VER
tirée;tiRe;tirer;VER;415,14;6,45;0;5;5;4;2;VER,ADJ,NOM
tirée;tiRe;tiré;ADJ;2,19;0,24;0;5;5;4;2;VER,ADJ,NOM
tirée;tiRe;tirée;NOM;0,11;0,1;1;5;5;4;2;VER,ADJ,NOM
tirés;tiRe;tirer;VER;415,14;4,11;0;5;0;4;2;VER,ADJ
tirés;tiRe;tiré;ADJ;2,19;0,66;0;5;0;4;2;VER,ADJ
tiser;tize;tiser;VER;0,28;0,28;1;5;4;4;2;VER
tison;tiz§;tison;NOM;0,23;0,13;1;5;5;4;2;NOM
tissa;tisa;tisser;VER;2,97;0,06;0;5;0;0;2;VER
tisse;tis;tisser;VER;2,97;0,87;0;5;0;0;1;VER
tissu;tisy;tissu;ADJ;0,98;0,6;1;5;5;4;2;ADJ,NOM
tissu;tisy;tissu;NOM;15,69;9,21;1;5;5;4;2;ADJ,NOM
tissé;tise;tisser;VER;2,97;0,73;0;5;5;4;2;VER,ADJ
tissé;tise;tissé;ADJ;0,04;0;1;5;5;4;2;VER,ADJ
titan;tit@;titan;NOM;1,33;1,06;1;5;5;4;2;NOM
titis;titi;titi;NOM;4,79;0;0;5;0;4;2;NOM
titra;titRa;titrer;VER;1,75;1,1;0;5;0;0;2;VER
titre;titR;titre;NOM;41,35;32,4;1;5;5;4;1;NOM,VER
titre;titR;titrer;VER;1,75;0,4;0;5;5;4;1;NOM,VER
titré;titRe;titrer;VER;1,75;0,13;0;5;5;5;2;VER,ADJ
titré;titRe;titré;ADJ;0,46;0,28;1;5;5;5;2;VER,ADJ
tiède;tjEd;tiède;ADJ;3,85;3,35;1;5;5;4;1;ADJ
tiédi;tjedi;tiédir;VER;0,17;0;0;5;0;0;2;VER
toast;tost;toast;NOM;16,3;13,73;1;5;5;4;1;NOM
toges;tOZ;toge;NOM;0,77;0,16;0;5;0;3;1;NOM
toile;twal;toile;NOM;17,99;11,75;1;5;5;4;1;NOM
toilé;twale;toiler;VER;0;0;0;5;0;0;2;VER
toisa;twaza;toiser;VER;0,14;0,01;0;5;0;0;2;VER
toise;twaz;toise;NOM;0,29;0,02;1;5;5;4;1;NOM,VER
toise;twaz;toiser;VER;0,14;0,04;0;5;5;4;1;NOM,VER
toisé;twaze;toiser;VER;0,14;0,01;0;5;0;5;2;VER
toits;twa;toit;NOM;49,01;6,37;0;5;0;3;1;NOM
tokay;tokE;tokay;NOM;0;0;1;5;5;4;2;NOM
tolar;tolaR;tolar;NOM;0,08;0,08;1;5;4;4;2;NOM
tolet;tolE;tolet;NOM;0,02;0,01;1;5;4;4;2;NOM
tollé;tole;tollé;NOM;0,19;0,19;1;5;4;4;2;NOM
toman;tOman;toman;NOM;0,27;0,27;1;5;5;4;2;NOM
tomba;t§ba;tomber;VER;407,82;4,17;0;5;0;0;2;VER
tombe;t§b;tombe;NOM;49,67;41,33;1;5;5;3;1;NOM,VER
tombe;t§b;tomber;VER;407,82;66,39;0;5;5;3;1;NOM,VER
tombé;t§be;tomber;VER;407,82;62,89;0;5;5;4;2;VER,ADJ
tombé;t§be;tombé;ADJ;5,21;1,88;1;5;5;4;2;VER,ADJ
tomes;tOm;tome;NOM;0,88;0,21;0;5;0;3;1;NOM
tomme;tOm;tomme;NOM;0,07;0,07;1;5;5;3;1;NOM
tommy;tOmi;tommy;NOM;0,11;0,11;1;5;5;4;2;NOM
tonal;tonal;tonal;ADJ;0,12;0,02;1;5;5;5;2;ADJ
tonde;t§d;tondre;VER;2,77;0,03;0;5;0;0;1;VER
tonds;t§;tondre;VER;2,77;0,13;0;5;0;2;1;VER
tondu;t§dy;tondre;VER;2,77;0,28;0;5;5;4;2;VER,ADJ
tondu;t§dy;tondu;ADJ;0,74;0,51;1;5;5;4;2;VER,ADJ
toner;tonER;toner;NOM;0,07;0,07;1;5;4;5;2;NOM
tongs;t§g;tong;NOM;1,73;0,61;0;5;0;3;1;NOM
tonic;tonik;tonic;NOM;2,04;1,93;1;5;5;5;2;NOM
tonie;toni;tonie;NOM;0,02;0,02;1;5;5;4;2;NOM
tonka;t§ka;tonka;NOM;0,03;0,03;1;5;5;4;2;NOM
tonna;tona;tonner;VER;1,94;0,14;0;5;0;0;2;VER
tonne;tOn;tonne;NOM;16,29;4,48;1;5;5;3;1;NOM,VER
tonne;tOn;tonner;VER;1,94;1,24;0;5;5;3;1;NOM,VER
tonné;tone;tonner;VER;1,94;0,2;0;5;0;4;2;VER
tonte;t§t;tonte;NOM;0,17;0,17;1;5;5;3;1;NOM
tonus;tonys;tonus;NOM;0,34;0,34;1;5;4;4;2;NOM
toper;tope;toper;VER;2,59;0,04;1;5;5;4;2;VER
topez;tope;toper;VER;2,59;0,18;0;5;0;4;2;VER
topos;topo;topo;NOM;3,17;0,01;0;5;0;4;2;NOM
topés;tope;toper;VER;2,59;0,01;0;5;0;4;2;VER
toqua;toka;toquer;VER;1,33;0,1;0;5;0;0;2;VER
toque;tOk;toque;NOM;0,82;0,65;1;5;5;3;1;NOM,VER
toque;tOk;toquer;VER;1,33;0;0;5;5;3;1;NOM,VER
toqué;toke;toquer;VER;1,33;0,72;0;5;5;4;2;VER,ADJ
toqué;toke;toqué;ADJ;0,89;0,41;1;5;5;4;2;VER,ADJ
torde;tORd;tordre;VER;12,24;0,26;0;5;0;0;1;VER
tords;tOR;tordre;VER;12,24;1,17;0;5;0;3;1;VER
tordu;tORdy;tordre;VER;12,24;2,84;0;5;5;5;2;VER,ADJ
tordu;tORdy;tordu;ADJ;7,76;4,1;1;5;5;5;2;VER,ADJ
tores;tOR;tore;NOM;0,14;0,1;0;5;0;3;1;NOM
toril;toRil;toril;NOM;0;0;1;5;5;5;2;NOM
torse;tORs;tors;ADJ;0,67;0,39;0;5;5;4;1;ADJ,NOM
torse;tORs;torse;NOM;3,82;3,75;1;5;5;4;1;ADJ,NOM
torts;tOR;tort;NOM;67,97;3,08;0;5;0;3;1;NOM
tortu;tORty;tortu;ADJ;0,69;0;1;5;5;5;2;ADJ
torve;tORv;torve;ADJ;0,12;0,02;1;5;4;4;1;ADJ
torée;toRe;toréer;VER;0,43;0,01;0;5;0;0;2;VER
tossé;tose;tosser;VER;0;0;0;5;0;0;2;VER
total;total;total;ADJ;24,59;9,29;1;5;5;5;2;ADJ,NOM
total;total;total;NOM;3,86;3,66;1;5;5;5;2;ADJ,NOM
totem;totEm;totem;NOM;1,42;1,27;1;5;4;4;2;NOM
toton;tot§;toton;NOM;0,15;0,14;1;5;5;4;2;NOM
totos;toto;toto;NOM;0,3;0,04;0;5;0;4;2;NOM
touer;twe;touer;VER;0,02;0,02;1;5;5;3;1;VER
toues;tu;toue;NOM;0,02;0;0;5;0;2;1;NOM
tours;tuR;tour;NOM;193,82;18,26;0;5;0;3;1;NOM
toute;tut;tout;ADJ;2948,75;441,79;0;5;5;3;1;ADJ,ADJ:ind,PRO:ind
toute;tut;toute;ADJ:ind;118,32;118,32;1;5;5;3;1;ADJ,ADJ:ind,PRO:ind
toute;tut;toute;PRO:ind;8,34;8,34;1;5;5;3;1;ADJ,ADJ:ind,PRO:ind
touts;tu;tout;NOM;330,7;0,1;0;5;0;2;1;NOM
trace;tRas;trace;NOM;60,18;29,2;1;5;5;4;1;NOM,VER
trace;tRas;tracer;VER;10,49;2,79;0;5;5;4;1;NOM,VER
tracs;tRak;trac;NOM;5,17;0,26;0;5;0;4;1;NOM
tract;tRakt;tract;NOM;3,67;0,41;1;5;5;5;1;NOM
tracé;tRase;tracer;VER;10,49;2,22;0;5;5;5;2;VER,NOM
tracé;tRase;tracé;NOM;1,16;1,03;1;5;5;5;2;VER,NOM
trahi;tRai;trahi;ADJ;1,5;1,01;1;5;5;4;2;ADJ,VER
trahi;tRai;trahir;VER;46,83;16,18;0;5;5;4;2;ADJ,VER
traie;tRE;traire;VER;3,69;0,27;0;5;0;3;1;VER
train;tR5;train;NOM;255,28;244,4;1;5;5;3;1;NOM
trais;tRE;traire;VER;3,69;0,35;0;5;0;3;1;VER
trait;tRE;traire;VER;3,69;1,18;0;5;5;3;1;VER,ADJ,NOM
trait;tRE;trait;ADJ;2,24;0,23;1;5;5;3;1;VER,ADJ,NOM
trait;tRE;trait;NOM;15,86;7,83;1;5;5;3;1;VER,ADJ,NOM
trame;tRam;trame;NOM;0,75;0,43;1;5;5;4;1;NOM,VER
trame;tRam;tramer;VER;3,06;2,36;0;5;5;4;1;NOM,VER
tramp;tR@p;tramp;NOM;0,04;0,04;1;5;5;4;1;NOM
trams;tRam;tram;NOM;5,73;0,22;0;5;0;4;1;NOM
tramé;tRame;tramer;VER;3,06;0,06;0;5;0;5;2;VER
trans;tR@s;trans;ADJ;0,09;0,09;1;5;5;4;1;ADJ,ADV
trans;tR@s;trans;ADV;0,16;0,16;1;5;5;4;1;ADJ,ADV
trapu;tRapy;trapu;ADJ;0,42;0,39;1;5;5;5;2;ADJ
trave;tRav;trave;NOM;0,02;0,02;1;5;5;4;1;NOM
traça;tRasa;tracer;VER;10,49;0;0;5;0;0;2;VER
trial;tRijal;trial;NOM;0,04;0,04;1;5;5;6;2;NOM
trias;tRijas;trias;NOM;0,01;0,01;1;5;5;6;2;NOM
tribu;tRiby;tribu;NOM;11,57;7,96;1;5;5;5;2;NOM
trick;tRik;trick;NOM;0,35;0,35;1;5;5;4;1;NOM
tridi;tRidi;tridi;NOM;0;0;1;5;5;5;2;NOM
trier;tRije;trier;VER;3,68;1,08;1;5;5;5;2;VER
triez;tRije;trier;VER;3,68;0,18;0;5;0;5;2;VER
trime;tRim;trimer;VER;4,38;1,17;0;5;0;0;1;VER
trimé;tRime;trimer;VER;4,38;1;0;5;0;5;2;VER
trine;tRin;trin;ADJ;0,04;0,04;0;5;0;0;1;ADJ
trios;tRijo;trio;NOM;2,74;0,44;0;5;0;5;2;NOM
tripe;tRip;tripe;NOM;8,75;0,36;1;5;5;4;1;NOM
trips;tRip;trip;NOM;4,62;0,26;0;5;0;4;1;NOM
triée;tRije;trier;VER;3,68;0,11;0;5;0;5;2;VER
triés;tRije;trier;VER;3,68;0,33;0;5;0;5;2;VER
trocs;tROk;troc;NOM;1,08;0;0;5;0;4;1;NOM
trois;tRwa;trois;ADJ:num;380,8;380,8;1;5;5;4;1;ADJ:num
troll;tROl;troll;NOM;2,07;0,96;1;5;5;4;1;NOM
tronc;tR§;tronc;NOM;5,81;4,84;1;5;5;3;1;NOM
trope;tROp;trope;NOM;0;0;1;5;5;4;1;NOM
trots;tRo;trot;NOM;1,67;0,01;0;5;0;3;1;NOM
troua;tRua;trouer;VER;4,27;0;0;5;0;0;2;VER
troue;tRu;trouer;VER;4,27;1,3;0;5;0;3;1;VER
trous;tRu;trou;NOM;90,72;15,4;0;5;0;3;1;NOM
troué;tRue;trouer;VER;4,27;0,89;0;5;5;4;2;VER,ADJ
troué;tRue;troué;ADJ;0,96;0,26;1;5;5;4;2;VER,ADJ
truck;tRyk;truck;NOM;0,39;0,35;1;5;5;4;1;NOM
trucs;tRyk;truc;NOM;381,34;106,41;0;5;0;4;1;NOM
truie;tR8i;truie;NOM;3,35;3,16;1;5;5;4;1;NOM
trust;tR9st;trust;NOM;1,16;1,11;1;5;5;5;1;NOM
trèpe;tREp;trèpe;NOM;0;0;1;5;4;4;1;NOM
tréma;tRema;tréma;NOM;0,04;0,02;1;5;5;5;2;NOM
trêve;tREv;trêve;NOM;6,69;6,68;1;5;3;4;1;NOM
trôna;tRona;trôner;VER;0,34;0;0;5;0;0;2;VER
trône;tRon;trône;NOM;14,32;13,99;1;5;5;4;1;NOM,VER
trône;tRon;trôner;VER;0,34;0,08;0;5;5;4;1;NOM,VER
trôné;tRone;trôner;VER;0,34;0;0;5;0;5;2;VER
tsars;tsaR;tsar;NOM;14,3;0,38;0;5;0;4;1;NOM
tuais;t8E;tuer;VER;928,06;1,89;0;5;0;0;1;VER
tuait;t8E;tuer;VER;928,06;4,77;0;5;0;0;1;VER
tuant;t8@;tuant;ADJ;0,76;0,73;1;5;3;3;1;ADJ,VER
tuant;t8@;tuer;VER;928,06;6,42;0;5;3;3;1;ADJ,VER
tubas;tyba;tuba;NOM;1,44;0,06;0;5;0;4;2;NOM
tuber;tybe;tuber;VER;0,41;0,01;1;5;5;4;2;VER
tubes;tyb;tube;NOM;17,4;5,24;0;5;0;3;1;NOM
tuent;ty;tuer;VER;928,06;14,08;0;5;0;2;1;VER
tuera;tyRa;tuer;VER;928,06;19,27;0;5;0;0;2;VER
tueur;t89R;tueur;NOM;64,06;52,42;1;5;5;3;1;NOM
tuiez;tyje;tuer;VER;928,06;1,06;0;5;0;0;2;VER
tuile;t8il;tuile;NOM;2,71;1,28;1;5;5;4;1;NOM
tulle;tyl;tulle;NOM;0,29;0,19;1;5;4;3;1;NOM
tuner;tynER;tuner;NOM;0,06;0,06;1;5;5;5;2;NOM
tunes;tyn;tune;NOM;1,23;0,38;0;5;0;3;1;NOM
tuons;t8§;tuer;VER;928,06;2,27;0;5;0;0;1;VER
tuque;tyk;tuque;NOM;0;0;1;5;3;3;1;NOM
turbo;tyRbo;turbo;NOM;1,19;1,03;1;5;5;5;2;NOM
turbé;tyRbe;turbé;NOM;0;0;1;5;5;5;2;NOM
turco;tyRko;turco;NOM;0,61;0,61;1;5;5;5;2;NOM
turcs;tyRk;turc;ADJ;4,25;0,56;0;5;0;4;1;ADJ,NOM
turcs;tyRk;turc;NOM;1,75;0,2;0;5;0;4;1;ADJ,NOM
turfs;tyRf;turf;NOM;0,43;0;0;5;0;4;1;NOM
turlu;tyRly;turlu;NOM;0,01;0,01;1;5;5;5;2;NOM
turne;tyRn;turne;NOM;0,56;0,56;1;5;5;4;1;NOM
tutus;tyty;tutu;NOM;0,92;0,09;0;5;0;4;2;NOM
tuyau;t8ijo;tuyau;NOM;26,73;17,51;1;5;5;5;2;NOM
tuées;t8e;tuer;VER;928,06;3,15;0;5;0;3;1;VER,ADJ,NOM
tuées;t8e;tué;ADJ;8,63;0,38;0;5;0;3;1;VER,ADJ,NOM
tuées;t8e;tué;NOM;3,56;0,23;0;5;0;3;1;VER,ADJ,NOM
tweed;twid;tweed;NOM;0;0;1;5;3;4;1;NOM
twill;twil;twill;NOM;0;0;1;5;4;4;1;NOM
twist;twist;twist;NOM;0;0;1;5;5;5;1;NOM
typer;tipe;typer;VER;0,06;0,02;1;5;5;4;2;VER
types;tip;type;NOM;334,85;54,23;0;5;0;3;1;NOM
typos;tipo;typo;NOM;0,07;0,02;0;5;0;4;2;NOM
typée;tipe;typé;ADJ;0,01;0,01;0;5;0;4;2;ADJ
typés;tipe;typer;VER;0,06;0,01;0;5;0;4;2;VER,ADJ
typés;tipe;typé;ADJ;0,01;0;0;5;0;4;2;VER,ADJ
tyran;tiR@;tyran;NOM;7,79;6,17;1;5;5;4;2;NOM
tzars;tsaR;tzar;NOM;0,03;0;0;5;0;4;1;NOM
tâcha;taSa;tâcher;VER;11,41;0;0;5;0;0;2;VER
tâche;taS;tâche;NOM;31,01;25,2;1;5;5;3;1;NOM,VER
tâche;taS;tâcher;VER;11,41;0,92;0;5;5;3;1;NOM,VER
tâché;taSe;tâcher;VER;11,41;0,33;0;5;0;4;2;VER
tâtai;tatE;tâter;VER;3,95;0;0;5;0;0;2;VER
tâter;tate;tâter;VER;3,95;1,94;1;5;4;4;2;VER
tâtez;tate;tâter;VER;3,95;0,41;0;5;0;4;2;VER
tâtés;tate;tâter;VER;3,95;0,01;0;5;0;4;2;VER
télex;telEks;télex;NOM;1,18;1,18;1;5;5;6;2;NOM
télés;tele;télé;NOM;106,42;2,06;0;5;0;4;2;NOM
ténia;tenja;ténia;NOM;0,11;0,08;1;5;4;4;2;NOM
ténor;tenOR;ténor;NOM;1,38;1,01;1;5;4;4;2;NOM
ténue;teny;ténu;ADJ;0,4;0,08;0;5;0;4;2;ADJ
ténus;teny;ténu;ADJ;0,4;0,01;0;5;0;4;2;ADJ
téter;tete;téter;VER;1,71;0,43;1;5;5;4;2;VER
téton;tet§;téton;NOM;4,59;1,21;1;5;4;4;2;NOM
tétra;tetRa;tétra;NOM;0,01;0,01;1;5;5;5;2;NOM
tétée;tete;téter;VER;1,71;0,01;0;5;4;4;2;VER,NOM
tétée;tete;tétée;NOM;0,63;0,51;1;5;4;4;2;VER,NOM
tézig;tezig;tézig;PRO:per;0;0;1;5;5;4;2;PRO:per
têtes;tEt;tête;NOM;475,87;22,74;0;5;0;3;1;NOM
têtue;tety;têtu;ADJ;9,78;2,97;0;5;0;4;2;ADJ
têtus;tety;têtu;ADJ;9,78;0,55;0;5;0;4;2;ADJ
tôles;tol;tôle;NOM;3,58;0,29;0;5;0;3;1;NOM
tûmes;tym;taire;VER;154,46;0;0;5;0;0;1;VER
uhlan;yl@;uhlan;NOM;0,19;0,14;1;5;3;3;2;NOM
ukase;ykaz;ukase;NOM;0,2;0,2;1;5;3;3;2;NOM
ultra;yltRa;ultra;ADJ;1,59;1,59;1;5;5;5;2;ADJ,NOM
ultra;yltRa;ultra;NOM;0,49;0,49;1;5;5;5;2;ADJ,NOM
ulula;ylyla;ululer;VER;0,01;0;0;5;0;0;3;VER
ulule;ylyl;ululer;VER;0,01;0,01;0;5;0;0;2;VER
unies;yni;uni;ADJ;10,08;3,46;0;5;0;3;2;ADJ,VER
unies;yni;unir;VER;25,15;0,65;0;5;0;3;2;ADJ,VER
union;ynj§;union;NOM;19,14;18,1;1;5;5;4;2;NOM
unira;yniRa;unir;VER;25,15;0,45;0;5;0;0;3;VER
unité;ynite;unité;NOM;43,46;29,29;1;5;5;5;3;NOM
untel;1tEl;untel;NOM;1,03;1,03;1;5;3;2;2;NOM
urane;yRan;urane;NOM;0;0;1;5;5;4;2;NOM
urger;yRZe;urger;VER;0,81;0,01;1;5;5;4;2;VER
urina;yRina;uriner;VER;2;0;0;5;0;0;3;VER
urine;yRin;urine;NOM;5,72;4,63;1;5;5;4;2;NOM,VER
urine;yRin;uriner;VER;2;0,33;0;5;5;4;2;NOM,VER
uriné;yRine;uriner;VER;2;0,25;0;5;0;5;3;VER
urnes;yRn;urne;NOM;2,69;0,74;0;5;0;3;1;NOM
urubu;yRyby;urubu;NOM;0;0;1;5;4;4;3;NOM
usage;yzaZ;usage;NOM;14,45;13,26;1;5;5;4;2;NOM
usagé;yzaZe;usagé;ADJ;1,37;0,22;1;5;5;5;3;ADJ
usais;yzE;user;VER;13,58;0,02;0;5;0;0;2;VER
usait;yzE;user;VER;13,58;0,08;0;5;0;0;2;VER
usant;yz@;usant;ADJ;0,4;0,39;1;5;4;3;2;ADJ,VER
usant;yz@;user;VER;13,58;0,59;0;5;4;3;2;ADJ,VER
usent;yz;user;VER;13,58;0,17;0;5;0;0;1;VER
usera;yz°Ra;user;VER;13,58;0,34;0;5;0;0;3;VER
usine;yzin;usine;NOM;51,59;43,51;1;5;5;4;2;NOM,VER
usine;yzin;usiner;VER;0,05;0,04;0;5;5;4;2;NOM,VER
usiné;yzine;usiner;VER;0,05;0;0;5;0;5;3;VER
usité;yzite;usité;ADJ;0,01;0;1;5;4;4;3;ADJ
usons;yz§;user;VER;13,58;0,14;0;5;0;0;2;VER
usuel;yz8El;usuel;ADJ;0,19;0,04;1;5;5;5;2;ADJ
usure;yzyR;usure;NOM;1,78;1,77;1;5;5;4;2;NOM
usées;yze;user;VER;13,58;0,28;0;5;0;3;2;VER,ADJ
usées;yze;usé;ADJ;2,49;0,5;0;5;0;3;2;VER,ADJ
utile;ytil;utile;ADJ;44,99;36,47;1;5;5;4;2;ADJ,NOM
utile;ytil;utile;NOM;2,22;2,22;1;5;5;4;2;ADJ,NOM
vache;vaS;vache;ADJ;4,38;3,37;1;5;5;3;1;ADJ,NOM
vache;vaS;vache;NOM;47,71;36,24;1;5;5;3;1;ADJ,NOM
vagal;vagal;vagal;ADJ;0,41;0,41;1;5;5;5;2;ADJ
vagin;vaZ5;vagin;NOM;4,4;4,11;1;5;5;4;2;NOM
vagir;vaZiR;vagir;VER;0,15;0;1;5;5;5;2;VER
vagis;vaZi;vagir;VER;0,15;0;0;5;0;0;2;VER
vagit;vaZi;vagir;VER;0,15;0;0;5;0;0;2;VER
vagua;vaga;vaguer;VER;0,21;0;0;5;0;0;2;VER
vague;vag;vague;ADJ;9,9;6,32;1;5;5;3;1;ADJ,NOM,VER
vague;vag;vague;NOM;21,59;12,8;1;5;5;3;1;ADJ,NOM,VER
vague;vag;vaguer;VER;0,21;0,11;0;5;5;3;1;ADJ,NOM,VER
vainc;v5k;vaincre;VER;27,84;0,14;0;5;0;0;1;VER
vaine;vEn;vain;ADJ;19,87;1,04;0;5;0;3;1;ADJ
vains;v5;vain;ADJ;19,87;1,23;0;5;0;2;1;ADJ
valet;valE;valet;NOM;11,4;9,23;1;5;5;4;2;NOM
valez;vale;valoir;VER;236,07;2,49;0;5;0;4;2;VER
valsa;valsa;valser;VER;1,93;0;0;5;0;0;2;VER
valse;vals;valse;NOM;5,55;5,45;1;5;5;4;1;NOM,VER
valse;vals;valser;VER;1,93;0,1;0;5;5;4;1;NOM,VER
valsé;valse;valser;VER;1,93;0,2;0;5;0;5;2;VER
value;valy;valoir;VER;236,07;0,12;0;5;0;0;2;VER
valut;valy;valoir;VER;236,07;0,56;0;5;0;0;2;VER
valve;valv;valve;NOM;2,63;1,6;1;5;5;4;1;NOM
valût;valy;valoir;VER;236,07;0;0;5;0;0;2;VER
vampe;v@p;vamper;VER;0,24;0,01;0;5;0;3;1;VER
vamps;v@p;vamp;NOM;0,48;0,16;0;5;0;3;1;NOM
vampé;v@pe;vamper;VER;0,24;0,03;0;5;0;4;2;VER
vanna;vana;vanner;VER;1,32;0,04;0;5;0;0;2;VER
vanne;van;vanne;NOM;2,73;0,94;1;5;5;3;1;NOM,VER
vanne;van;vanner;VER;1,32;0,09;0;5;5;3;1;NOM,VER
vanné;vane;vanner;VER;1,32;0,56;0;5;5;4;2;VER,ADJ
vanné;vane;vanné;ADJ;0,24;0,08;1;5;5;4;2;VER,ADJ
vanta;v@ta;vanter;VER;10,73;0,03;0;5;0;0;2;VER
vante;v@t;vanter;VER;10,73;1,86;0;5;0;3;1;VER
vanté;v@te;vanter;VER;10,73;1,12;0;5;0;4;2;VER
vapes;vap;vape;NOM;1,26;1,26;0;5;0;3;1;NOM
vaque;vak;vaquer;VER;0,67;0,07;0;5;0;0;1;VER
vaqué;vake;vaquer;VER;0,67;0,02;0;5;0;4;2;VER
varan;vaR@;varan;NOM;0,02;0,01;1;5;5;4;2;NOM
varia;vaRja;varia;NOM;0,02;0,02;1;5;5;5;2;NOM
varie;vaRi;varier;VER;2,69;0,91;0;5;0;0;2;VER
varié;vaRje;varier;VER;2,69;0,23;0;5;5;5;2;VER,ADJ
varié;vaRje;varié;ADJ;1,53;0,47;1;5;5;5;2;VER,ADJ
varon;vaR§;varon;NOM;0,12;0,12;1;5;4;4;2;NOM
vaser;vaze;vaser;VER;0,02;0;1;5;5;4;2;VER
vases;vaz;vase;NOM;10,74;0,91;0;5;0;3;1;NOM
vaste;vast;vaste;ADJ;10,32;8,44;1;5;5;4;1;ADJ
vater;vat9R;vater;NOM;0;0;1;5;4;4;2;NOM
veaux;vo;veau;NOM;8,66;0,97;0;5;0;2;1;NOM
veine;vEn;veine;NOM;19,74;10,75;1;5;5;3;1;NOM
veiné;vene;veiner;VER;0,01;0;0;5;5;4;2;VER,ADJ
veiné;vene;veiné;ADJ;0,11;0;1;5;5;4;2;VER,ADJ
veldt;vElt;veldt;NOM;0,04;0,04;1;5;5;4;1;NOM
velte;vElt;velte;NOM;0,01;0,01;1;5;4;4;1;NOM
velue;v°ly;velu;ADJ;1,03;0,25;0;5;0;4;2;ADJ
velum;velOm;velum;NOM;0,03;0,03;1;5;5;5;2;NOM
velus;v°ly;velu;ADJ;1,03;0,1;0;5;0;4;2;ADJ
velux;v2luks;velux;NOM;0,01;0,01;1;5;5;4;2;NOM
vende;v@d;vendre;VER;206,95;1,93;0;5;0;0;1;VER
vends;v@;vendre;VER;206,95;23,35;0;5;0;2;1;VER
vendu;v@dy;vendre;VER;206,95;37,62;0;5;5;4;2;VER,ADJ,NOM
vendu;v@dy;vendu;ADJ;2,98;1,75;1;5;5;4;2;VER,ADJ,NOM
vendu;v@dy;vendu;NOM;4,03;3,01;1;5;5;4;2;VER,ADJ,NOM
venez;v°ne;venir;VER;2763,82;304,03;0;5;0;0;2;VER
venge;v@Z;venger;VER;37,73;3,89;0;5;0;0;1;VER
vengé;v@Ze;venger;VER;37,73;3,19;0;5;0;4;2;VER
venin;v°n5;venin;NOM;3,59;3,57;1;5;5;4;2;NOM
venir;v°niR;venir;VER;2763,82;367,13;1;5;5;5;2;VER
venta;v@ta;venter;VER;0,74;0,26;0;5;0;0;2;VER
vente;v@t;vente;NOM;27,54;20,93;1;5;5;3;1;NOM,VER
vente;v@t;venter;VER;0,74;0,46;0;5;5;3;1;NOM,VER
vents;v@;vent;NOM;77,34;5,84;0;5;0;2;1;NOM
venté;v@te;venté;ADJ;0,04;0,02;1;5;5;4;2;ADJ
venue;v°ny;venir;VER;2763,82;93,14;0;5;5;4;2;VER,ADJ,NOM
venue;v°ny;venu;ADJ;27,67;9,35;0;5;5;4;2;VER,ADJ,NOM
venue;v°ny;venue;NOM;9,6;8,34;1;5;5;4;2;VER,ADJ,NOM
venus;v°ny;venir;VER;2763,82;53,34;0;5;0;4;2;VER,ADJ,NOM
venus;v°ny;venu;ADJ;27,67;3,37;0;5;0;4;2;VER,ADJ,NOM
venus;v°ny;venu;NOM;2,88;2,88;0;5;0;4;2;VER,ADJ,NOM
verbe;vERb;verbe;NOM;2,02;1,66;1;5;5;4;1;NOM
verdi;vERdi;verdi;ADJ;0,02;0,02;1;5;5;5;2;ADJ,VER
verdi;vERdi;verdir;VER;0,21;0;0;5;5;5;2;ADJ,VER
verge;vERZ;verge;NOM;0,81;0,69;1;5;5;4;1;NOM
vergé;vERZe;vergé;ADJ;0,01;0;1;5;5;5;2;ADJ
verne;vERn;verne;NOM;0,14;0,14;1;5;5;4;1;NOM
verni;vERni;verni;ADJ;0,48;0,26;1;5;5;5;2;ADJ,VER
verni;vERni;vernir;VER;1,77;0,66;0;5;5;5;2;ADJ,VER
verra;vERa;voir;VER;4119,43;78,66;0;5;0;4;2;VER
verre;vER;verre;NOM;176,57;154,13;1;5;5;3;1;NOM
versa;vERsa;verser;VER;31,2;1,88;0;5;0;0;2;VER
verse;vERs;verse;NOM;1,44;1,42;1;5;5;4;1;NOM,VER
verse;vERs;verser;VER;31,2;7,5;0;5;5;4;1;NOM,VER
verso;vERso;verso;NOM;0,62;0,61;1;5;5;5;2;NOM
versé;vERse;verser;VER;31,2;7,5;0;5;5;5;2;VER,ADJ
versé;vERse;versé;ADJ;1,02;0,96;1;5;5;5;2;VER,ADJ
verte;vERt;vert;ADJ;52,59;14,24;0;5;0;0;1;ADJ
verts;vER;vert;ADJ;52,59;9,32;0;5;0;3;1;ADJ,NOM
verts;vER;vert;NOM;10,91;0,84;0;5;0;3;1;ADJ,NOM
vertu;vERty;vertu;NOM;17,75;13,49;1;5;5;5;2;NOM
verve;vERv;verve;NOM;0,4;0,4;1;5;5;4;1;NOM
vesce;vEs;vesce;NOM;0,01;0,01;1;5;4;3;1;NOM
vespa;vEspa;vespa;NOM;1,19;1,19;1;5;5;5;2;NOM
veste;vEst;veste;NOM;37,72;36;1;5;5;4;1;NOM
veufs;v9f;veuf;ADJ;8,39;0;0;5;0;3;1;ADJ,NOM
veufs;v9f;veuf;NOM;18,41;0,06;0;5;0;3;1;ADJ,NOM
veule;v2l;veule;ADJ;0,18;0,16;1;5;5;3;1;ADJ
veuve;v9v;veuf;ADJ;8,39;6,56;0;5;0;0;1;ADJ,NOM
veuve;v9v;veuf;NOM;18,41;15,64;0;5;0;0;1;ADJ,NOM
vexai;vEksE;vexer;VER;15,56;0;0;5;0;0;2;VER
vexer;vEkse;vexer;VER;15,56;4,3;1;5;4;5;2;VER
vexes;vEks;vexer;VER;15,56;0,34;0;5;0;0;1;VER
vexez;vEkse;vexer;VER;15,56;0,41;0;5;0;5;2;VER
vexée;vEkse;vexer;VER;15,56;2,34;0;5;0;5;2;VER,ADJ
vexée;vEkse;vexé;ADJ;0,67;0,3;0;5;0;5;2;VER,ADJ
vexés;vEkse;vexer;VER;15,56;0,36;0;5;0;5;2;VER,ADJ
vexés;vEkse;vexé;ADJ;0,67;0,12;0;5;0;5;2;VER,ADJ
vibra;vibRa;vibrer;VER;4,73;0;0;5;0;0;2;VER
vibre;vibR;vibrer;VER;4,73;1,79;0;5;0;0;1;VER
vibré;vibRe;vibrer;VER;4,73;0,04;0;5;0;5;2;VER
vices;vis;vice;NOM;12,29;4,52;0;5;0;3;1;NOM
vichy;viSi;vichy;NOM;0,69;0,69;1;5;5;4;2;NOM
vicié;visje;vicier;VER;0,22;0,22;0;5;5;5;2;VER,ADJ
vicié;visje;vicié;ADJ;0,23;0,23;1;5;5;5;2;VER,ADJ
vidai;vidE;vider;VER;30,68;0;0;5;0;0;2;VER
vidas;vida;vider;VER;30,68;0,1;0;5;0;0;2;VER
vider;vide;vider;VER;30,68;8,31;1;5;5;4;2;VER
vides;vid;vide;ADJ;60,33;11,8;0;5;0;3;1;ADJ,NOM,VER
vides;vid;vide;NOM;17,82;1,13;0;5;0;3;1;ADJ,NOM,VER
vides;vid;vider;VER;30,68;0,4;0;5;0;3;1;ADJ,NOM,VER
videz;vide;vider;VER;30,68;2,71;0;5;0;4;2;VER
vidée;vide;vider;VER;30,68;1,42;0;5;0;4;2;VER,ADJ
vidée;vide;vidé;ADJ;1,33;0,26;0;5;0;4;2;VER,ADJ
vidéo;video;vidéo;ADJ;23,61;23,61;1;5;5;5;3;ADJ,NOM
vidéo;video;vidéo;NOM;21,34;15,23;1;5;5;5;3;ADJ,NOM
vidés;vide;vider;VER;30,68;0,46;0;5;0;4;2;VER,ADJ
vidés;vide;vidé;ADJ;1,33;0,19;0;5;0;4;2;VER,ADJ
vieil;vjEj;vieil;ADJ;34,69;34,69;1;5;5;4;1;ADJ
viens;vj5;venir;VER;2763,82;944,81;0;5;0;0;1;VER
vient;vj5;venir;VER;2763,82;352,24;0;5;0;0;1;VER
vieux;vj2;vieux;ADJ;282,2;180,08;1;5;5;3;1;ADJ,NOM
vieux;vj2;vieux;NOM;145,73;124,54;1;5;5;3;1;ADJ,NOM
vigie;viZi;vigie;NOM;0,68;0,51;1;5;5;4;2;NOM
vigil;viZil;vigil;ADJ;0,34;0,04;1;5;5;5;2;ADJ
vigne;viN;vigne;NOM;6,87;4,97;1;5;5;3;1;NOM
viles;vil;vil;ADJ;6,07;0,22;0;5;0;3;1;ADJ
villa;villa;villa;NOM;16,61;15,3;1;5;5;4;2;NOM
ville;vil;ville;NOM;295,14;277,98;1;5;5;3;1;NOM
viner;vine;viner;VER;0,06;0,01;1;5;5;4;2;VER
vines;vin;viner;VER;0,06;0;0;5;0;0;1;VER
vinez;vine;viner;VER;0,06;0,01;0;5;0;4;2;VER
vingt;v5;vingt;ADJ:num;29,47;29,47;1;5;5;2;1;ADJ:num
viocs;vjOk;vioc;NOM;0,04;0,01;0;5;0;4;1;NOM
viola;vjola;violer;VER;39,43;1,49;0;5;0;0;2;VER
viole;vjOl;viole;NOM;0,57;0,28;1;5;5;4;1;NOM,VER
viole;vjOl;violer;VER;39,43;3;0;5;5;4;1;NOM,VER
viols;vjOl;viol;NOM;15,33;1,9;0;5;0;4;1;NOM
violé;vjole;violer;VER;39,43;9,36;0;5;0;5;2;VER
virai;viRE;virer;VER;86,3;0;0;5;0;0;2;VER
viral;viRal;viral;ADJ;1,19;0,35;1;5;5;5;2;ADJ
virer;viRe;virer;VER;86,3;25,74;1;5;5;4;2;VER
vires;viR;vire;NOM;0,38;0,04;0;5;0;3;1;NOM,VER
vires;viR;virer;VER;86,3;1,39;0;5;0;3;1;NOM,VER
virez;viRe;virer;VER;86,3;6,47;0;5;0;4;2;VER
viril;viRil;viril;ADJ;4,82;2,81;1;5;5;5;2;ADJ
virus;viRys;virus;NOM;23,98;23,98;1;5;5;5;2;NOM
virât;viRa;virer;VER;86,3;0;0;5;0;0;2;VER
virée;viRe;virer;VER;86,3;6,23;0;5;4;4;2;VER,NOM
virée;viRe;virée;NOM;4,13;3,42;1;5;4;4;2;VER,NOM
virés;viRe;virer;VER;86,3;3,21;0;5;0;4;2;VER
visai;vizE;viser;VER;38,03;0;0;5;0;0;2;VER
visas;viza;visa;NOM;7,39;1,25;0;5;0;4;2;NOM,VER
visas;viza;viser;VER;38,03;0;0;5;0;4;2;NOM,VER
viser;vize;viser;VER;38,03;5,87;1;5;5;4;2;VER
vises;viz;viser;VER;38,03;1,44;0;5;0;0;1;VER
visez;vize;viser;VER;38,03;5,69;0;5;0;4;2;VER
vison;viz§;vison;NOM;1,65;1,56;1;5;4;4;2;NOM
vissa;visa;visser;VER;2,9;0;0;5;0;0;2;VER
visse;vis;visser;VER;2,9;0,33;0;5;0;3;1;VER
vissé;vise;visser;VER;2,9;0,42;0;5;5;4;2;VER,ADJ
vissé;vise;vissé;ADJ;0,11;0,03;1;5;5;4;2;VER,ADJ
vista;vista;vista;NOM;0,86;0,86;1;5;4;4;2;NOM
visée;vize;viser;VER;38,03;0,4;0;5;5;4;2;VER,ADJ,NOM
visée;vize;visé;ADJ;2,05;0,14;0;5;5;4;2;VER,ADJ,NOM
visée;vize;visée;NOM;0,93;0,73;1;5;5;4;2;VER,ADJ,NOM
visés;vize;viser;VER;38,03;0,3;0;5;0;4;2;VER,ADJ,NOM
visés;vize;visé;ADJ;2,05;0,3;0;5;0;4;2;VER,ADJ,NOM
visés;vize;visé;NOM;0,02;0;0;5;0;4;2;VER,ADJ,NOM
vital;vital;vital;ADJ;12,24;4,17;1;5;5;5;2;ADJ
vitre;vitR;vitre;NOM;16,35;10,21;1;5;5;4;1;NOM,VER
vitre;vitR;vitrer;VER;0,18;0;0;5;5;4;1;NOM,VER
vitré;vitRe;vitrer;VER;0,18;0;0;5;5;5;2;VER,ADJ
vitré;vitRe;vitré;ADJ;0,57;0,06;1;5;5;5;2;VER,ADJ
vivat;viva;vivat;NOM;0,84;0,84;1;5;5;4;2;NOM
vives;viv;vif;ADJ;22,95;1,71;0;5;0;3;1;ADJ,NOM,VER
vives;viv;vive;NOM;0,66;0,01;0;5;0;3;1;ADJ,NOM,VER
vives;viv;vivre;VER;510,19;1,48;0;5;0;3;1;ADJ,NOM,VER
vivez;vive;vivre;VER;510,19;15,09;0;5;0;0;2;VER
vivra;vivRa;vivre;VER;510,19;7,86;0;5;0;0;2;VER
vivre;vivR;vivre;NOM;12,61;5,24;1;5;5;4;1;NOM,VER
vivre;vivR;vivre;VER;510,19;218,52;1;5;5;4;1;NOM,VER
vizir;viziR;vizir;NOM;0,15;0,15;1;5;3;5;2;NOM
vlouf;vluf;vlouf;ONO;0;0;1;5;3;3;1;ONO
vocal;vokal;vocal;ADJ;4,63;1,13;1;5;5;5;2;ADJ
vodka;vOdka;vodka;NOM;17,07;16,93;1;5;4;3;2;NOM
vodou;vodu;vodou;NOM;0,04;0,03;1;5;4;4;2;NOM
voeux;v2;voeu;NOM;28,58;17,86;0;5;0;2;1;NOM
vogua;voga;voguer;VER;2,69;0,14;0;5;0;0;2;VER
vogue;vOg;vogue;NOM;2,43;2,43;1;5;5;3;1;NOM,VER
vogue;vOg;voguer;VER;2,69;0,38;0;5;5;3;1;NOM,VER
vogué;voge;voguer;VER;2,69;0,02;0;5;0;3;2;VER
voici;vwasi;voici;PRE;277,59;277,59;1;5;4;4;2;PRE
voies;vwa;voie;NOM;56,06;9,05;0;5;0;3;1;NOM,VER
voies;vwa;voir;VER;4119,43;7,48;0;5;0;3;1;NOM,VER
voila;vwala;voiler;VER;39,78;35,54;0;5;0;5;2;VER
voile;vwal;voile;NOM;20,51;15,49;1;5;5;4;1;NOM,VER
voile;vwal;voiler;VER;39,78;2,05;0;5;5;4;1;NOM,VER
voilà;vwala;voilà;PRE;726,44;726,44;1;5;5;5;2;PRE
voilé;vwale;voiler;VER;39,78;0,3;0;5;5;5;2;VER,ADJ
voilé;vwale;voilé;ADJ;1,5;0,19;1;5;5;5;2;VER,ADJ
voire;vwaR;voire;ADV;7,42;7,42;1;5;5;4;1;ADV
volai;volE;voler;VER;238,82;0,14;0;5;0;4;2;VER
voler;vole;voler;VER;238,82;67,88;1;5;5;4;2;VER
voles;vOl;vole;NOM;2;0,06;0;5;0;3;1;NOM,VER
voles;vOl;voler;VER;238,82;4,82;0;5;0;3;1;NOM,VER
volet;volE;volet;NOM;5,93;2,21;1;5;5;4;2;NOM
volez;vole;voler;VER;238,82;3,59;0;5;0;4;2;VER
volte;vOlt;volte;NOM;0,67;0,67;1;5;5;4;1;NOM
volts;vOlt;volt;NOM;2;1,6;0;5;0;4;1;NOM
volve;vOlv;volve;NOM;0,01;0,01;1;5;5;4;1;NOM
volât;vola;voler;VER;238,82;0;0;5;0;0;2;VER
volée;vole;voler;VER;238,82;10,14;0;5;5;4;2;VER,ADJ,NOM
volée;vole;volé;ADJ;12,25;3,37;0;5;5;4;2;VER,ADJ,NOM
volée;vole;volée;NOM;1,87;1,68;1;5;5;4;2;VER,ADJ,NOM
volés;vole;voler;VER;238,82;4,93;0;5;0;4;2;VER,ADJ
volés;vole;volé;ADJ;12,25;2,97;0;5;0;4;2;VER,ADJ
vomie;vomi;vomir;VER;26,12;0,24;0;5;0;4;2;VER
vomir;vomiR;vomir;VER;26,12;13,75;1;5;5;5;2;VER
vomis;vomi;vomi;NOM;3,52;0,53;0;5;0;4;2;NOM,VER
vomis;vomi;vomir;VER;26,12;1,94;0;5;0;4;2;NOM,VER
vomit;vomi;vomir;VER;26,12;2,45;0;5;0;4;2;VER
voter;vote;voter;VER;29,61;7,96;1;5;5;4;2;VER
votes;vOt;vote;NOM;15,04;3,42;0;5;0;3;1;NOM,VER
votes;vOt;voter;VER;29,61;0,36;0;5;0;3;1;NOM,VER
votez;vote;voter;VER;29,61;3,66;0;5;0;4;2;VER
votif;votif;votif;ADJ;0,13;0,01;1;5;4;4;2;ADJ
votre;vOtR;votre;ADJ:pos;1894,09;1894,09;1;5;4;4;1;ADJ:pos,PRO:pos
votre;vOtR;votre;PRO:pos;0,32;0,32;1;5;4;4;1;ADJ:pos,PRO:pos
votée;vote;voter;VER;29,61;0,9;0;5;0;4;2;VER
votés;vote;voter;VER;29,61;0,01;0;5;0;4;2;VER
vouai;vwE;vouer;VER;6,88;0;0;5;0;0;1;VER
vouer;vwe;vouer;VER;6,88;0,42;1;5;4;3;1;VER
vouge;vuZ;vouge;NOM;0,01;0,01;1;5;4;3;1;NOM
voulu;vuly;vouloir;VER;5249,3;151,04;0;5;5;4;2;VER,ADJ
voulu;vuly;voulu;ADJ;4,42;3,75;1;5;5;4;2;VER,ADJ
vouée;vwe;vouer;VER;6,88;1,42;0;5;0;3;1;VER,ADJ
vouée;vwe;voué;ADJ;0,06;0;0;5;0;3;1;VER,ADJ
voués;vwe;vouer;VER;6,88;0,27;0;5;0;3;1;VER,ADJ
voués;vwe;voué;ADJ;0,06;0,01;0;5;0;3;1;VER,ADJ
voyer;vwaje;voyer;ADJ;0,01;0,01;1;5;5;5;2;ADJ,NOM
voyer;vwaje;voyer;NOM;0,16;0,16;1;5;5;5;2;ADJ,NOM
voyez;vwaje;voir;VER;4119,43;191,63;0;5;0;5;2;VER
voyou;vwaju;voyou;NOM;21,09;11,69;1;5;5;5;2;NOM
voûta;vuta;voûter;VER;0,18;0;0;5;0;0;2;VER
voûte;vut;voûte;NOM;2,21;1,71;1;5;5;3;1;NOM,VER
voûte;vut;voûter;VER;0,18;0,02;0;5;5;3;1;NOM,VER
voûté;vute;voûter;VER;0,18;0,01;0;5;5;4;2;VER,ADJ
voûté;vute;voûté;ADJ;0,41;0,35;1;5;5;4;2;VER,ADJ
vraie;vRE;vrai;ADJ;807,03;83,64;0;5;0;3;1;ADJ
vrais;vRE;vrai;ADJ;807,03;31,01;0;5;0;3;1;ADJ,NOM
vrais;vRE;vrai;NOM;37,58;2,98;0;5;0;3;1;ADJ,NOM
vroom;vRum;vroom;ONO;0,07;0,07;1;5;4;3;1;ONO
vroum;vRum;vroum;ONO;0,38;0,38;1;5;4;3;1;ONO
vulve;vylv;vulve;NOM;0,32;0,32;1;5;5;4;1;NOM
vécue;veky;vivre;VER;510,19;2,26;0;5;0;3;2;VER,ADJ
vécue;veky;vécu;ADJ;1,59;0,62;0;5;0;3;2;VER,ADJ
vécus;veky;vivre;VER;510,19;1,1;0;5;0;3;2;VER,ADJ,NOM
vécus;veky;vécu;ADJ;1,59;0,02;0;5;0;3;2;VER,ADJ,NOM
vécus;veky;vécu;NOM;0,73;0;0;5;0;3;2;VER,ADJ,NOM
vécut;veky;vivre;VER;510,19;1,43;0;5;0;3;2;VER
vécés;vese;vécés;NOM;0,01;0,01;1;5;4;4;2;NOM
vécût;veky;vivre;VER;510,19;0;0;5;0;3;2;VER
vélar;velaR;vélar;NOM;0,04;0,04;1;5;5;4;2;NOM
vélin;vel5;vélin;ADJ;0,02;0,02;1;5;5;4;2;ADJ,NOM
vélin;vel5;vélin;NOM;0;0;1;5;5;4;2;ADJ,NOM
vélos;velo;vélo;NOM;35,58;2,64;0;5;0;4;2;NOM
vélum;velOm;vélum;NOM;0,02;0,02;1;5;4;5;2;NOM
vénal;venal;vénal;ADJ;0,54;0,45;1;5;5;5;2;ADJ
vénus;venys;vénus;NOM;0,56;0,56;1;5;5;5;2;NOM
vérif;veRif;vérif;NOM;0,1;0,1;1;5;5;5;2;NOM
vérin;veR5;vérin;NOM;0,06;0,05;1;5;5;4;2;NOM
vêler;vele;vêler;VER;0,02;0,01;1;5;4;4;2;VER
vêpre;vEpR;vêpres;NOM;0;0;0;5;5;0;1;NOM
vêtez;vEte;vêtir;VER;7,67;0,01;0;5;0;0;2;VER
vêtir;vetiR;vêtir;VER;7,67;1,55;1;5;4;5;2;VER
vêtis;vEti;vêtir;VER;7,67;0;0;5;0;0;2;VER
vêtit;vEti;vêtir;VER;7,67;0;0;5;0;0;2;VER
vêtue;vety;vêtir;VER;7,67;1,23;0;5;0;4;2;VER,ADJ
vêtue;vety;vêtu;ADJ;1,86;0,71;0;5;0;4;2;VER,ADJ
vêtus;vety;vêtir;VER;7,67;0,83;0;5;0;4;2;VER,ADJ
vêtus;vety;vêtu;ADJ;1,86;0,11;0;5;0;4;2;VER,ADJ
vîmes;vim;voir;VER;4119,43;0,66;0;5;0;0;1;VER
vôtre;votR;vôtre;ADJ:pos;1,61;1,61;1;5;5;4;1;ADJ:pos,PRO:pos
vôtre;votR;vôtre;PRO:pos;33,05;33,05;1;5;5;4;1;ADJ:pos,PRO:pos
wagon;vag§;wagon;NOM;10,24;6,53;1;5;5;4;2;NOM
water;watER;water;NOM;2,49;1,03;1;5;5;5;2;NOM
watts;wat;watt;NOM;1,78;1,75;0;5;0;3;1;NOM
wharf;waRf;wharf;NOM;0,03;0,03;1;5;3;4;1;NOM
whigs;wig;whig;NOM;0,21;0,18;0;5;0;3;1;NOM
whist;wist;whist;NOM;0,19;0,19;1;5;5;4;1;NOM
wouah;wa;wouah;ONO;1,29;1,29;1;5;3;2;1;ONO
xiang;gzj@g;xiang;NOM;0,01;0,01;1;5;3;3;1;NOM
xième;iksjEm;xième;ADJ;0,28;0,28;1;5;3;4;2;ADJ
xénon;gzen§;xénon;NOM;0,34;0,34;1;5;5;5;2;NOM
xérès;kseREs;xérès;NOM;0,41;0,41;1;5;4;5;2;NOM
yacht;jOt;yacht;NOM;6,95;6,51;1;5;5;3;1;NOM
yacks;jak;yack;NOM;3,15;2,69;0;5;0;3;1;NOM
yalis;jali;yali;NOM;0;0;0;5;0;3;2;NOM
yards;jaR;yard;NOM;2,1;1,64;0;5;0;3;1;NOM
yeuse;j2z;yeuse;NOM;0,12;0,02;1;5;3;2;1;NOM
yogis;jogi;yogi;NOM;0,57;0,05;0;5;0;4;2;NOM
youpi;jupi;youpi;ONO;1,12;1,12;1;5;5;4;2;ONO
yoyos;jojo;yoyo;NOM;0,64;0,05;0;5;0;3;2;NOM
yuans;jyan;yuan;NOM;4,69;4,19;0;5;0;3;2;NOM
yucca;juka;yucca;NOM;0,31;0,24;1;5;3;3;2;NOM
yéyés;jeje;yéyé;NOM;0,41;0;0;5;0;3;2;NOM
zanzi;z@zi;zanzi;NOM;0,02;0,02;1;5;5;4;2;NOM
zappe;zap;zapper;VER;2,73;1,04;0;5;0;0;1;VER
zappé;zape;zapper;VER;2,73;0,64;0;5;0;4;2;VER
zarbi;zaRbi;zarbi;ADJ;0,7;0,63;1;5;4;4;2;ADJ
zazou;zazu;zazou;ADJ;0,06;0,04;1;5;3;3;2;ADJ,NOM
zazou;zazu;zazou;NOM;0,11;0,04;1;5;3;3;2;ADJ,NOM
zelle;zEl;zelle;NOM;0,71;0,71;1;5;3;3;1;NOM
zeste;zEst;zeste;NOM;0,7;0,69;1;5;5;4;1;NOM
zicmu;zikmy;zicmu;NOM;0,14;0,14;1;5;3;4;2;NOM
zigue;zig;zigue;NOM;0,34;0,3;1;5;4;3;1;NOM
zincs;z5g;zinc;NOM;2,12;0,16;0;5;0;3;1;NOM
zippa;zipa;zipper;VER;0,25;0;0;5;0;0;2;VER
zippé;zipe;zipper;VER;0,25;0,04;0;5;0;4;2;VER
zizis;zizi;zizi;NOM;2,89;0,2;0;5;0;4;2;NOM
zloty;zloti;zloty;NOM;1,29;0,01;1;5;2;2;2;NOM
zombi;z§bi;zombi;NOM;0,65;0,28;1;5;5;4;2;NOM
zonal;zonal;zonal;ADJ;0;0;1;5;5;5;2;ADJ
zonas;zona;zona;NOM;0,37;0,01;0;5;0;4;2;NOM
zoner;zone;zoner;VER;0,23;0,03;1;5;5;4;2;VER
zones;zon;zone;NOM;53,94;6,98;0;5;0;3;1;NOM
zoome;zum;zoomer;VER;1,49;0,58;0;5;0;3;1;VER
zooms;zum;zoom;NOM;2,4;0,12;0;5;0;3;1;NOM
zozos;zozo;zozo;NOM;0,88;0,18;0;5;0;4;2;NOM
zèbre;zEbR;zèbre;NOM;3,8;2,65;1;5;3;4;1;NOM,VER
zèbre;zEbR;zébrer;VER;0,2;0,03;0;5;3;4;1;NOM,VER
zèles;zEl;zèle;NOM;4,92;0;0;5;0;3;1;NOM
zébra;zebRa;zébrer;VER;0,2;0,16;0;5;0;0;2;VER
zébré;zebRe;zébrer;VER;0,2;0;0;5;5;5;2;VER,ADJ
zébré;zebRe;zébré;ADJ;0,04;0,03;1;5;5;5;2;VER,ADJ
zébus;zeby;zébu;NOM;0,06;0;0;5;0;4;2;NOM
zélée;zele;zélé;ADJ;1,19;0,11;0;5;0;4;2;ADJ
zélés;zele;zélé;ADJ;1,19;0,39;0;5;0;4;2;ADJ
zéros;zeRo;zéro;NOM;32,85;2,41;0;5;0;3;2;NOM
âcres;akR;âcre;ADJ;0,47;0,01;0;5;0;3;1;ADJ
âgées;aZe;âgé;ADJ;19,81;1,91;0;5;0;3;2;ADJ
ânier;anje;ânier;NOM;0;0;1;5;3;4;2;NOM
ânons;an§;ânon;NOM;0,17;0,01;0;5;0;3;2;NOM
âpres;apR;âpre;ADJ;1,6;0,27;0;5;0;3;1;ADJ
âtres;atR;âtre;NOM;0,1;0,01;0;5;0;3;1;NOM
çruti;sRyti;çruti;NOM;0;0;1;5;2;3;2;NOM
ébahi;ebai;ébahi;ADJ;0,27;0,13;1;5;5;4;3;ADJ,VER
ébahi;ebai;ébahir;VER;0,46;0,16;0;5;5;4;3;ADJ,VER
ébats;eba;ébat;NOM;0,41;0,41;0;5;0;0;2;NOM
éboué;ebwe;ébouer;VER;0;0;0;5;0;0;2;VER
ébène;ebEn;ébène;ADJ;0,11;0,11;1;5;3;4;2;ADJ,NOM
ébène;ebEn;ébène;NOM;0,51;0,51;1;5;3;4;2;ADJ,NOM
écale;ekal;écale;NOM;0,02;0;1;5;5;4;2;NOM
écart;ekaR;écart;NOM;14,71;14,36;1;5;5;4;2;NOM
échec;eSEk;échec;NOM;24,31;15,47;1;5;5;4;2;NOM
écher;eSe;écher;VER;0,01;0,01;1;5;5;3;2;VER
échos;eko;écho;NOM;6,65;0,82;0;5;0;3;2;NOM
échue;eSy;échoir;VER;0,86;0;0;5;0;0;2;VER
échut;eSy;échoir;VER;0,86;0,11;0;5;0;0;2;VER
échût;eSy;échoir;VER;0,86;0;0;5;0;0;2;VER
éclat;ekla;éclat;NOM;14,28;9,73;1;5;5;4;2;NOM
éclos;eklo;éclos;ADJ;1,03;0,63;1;5;5;4;2;ADJ
école;ekOl;école;NOM;206,88;197,04;1;5;5;4;2;NOM
écolo;ekolo;écolo;NOM;0,8;0,4;1;5;5;5;3;NOM
écopa;ekopa;écoper;VER;2,47;0,02;0;5;0;0;3;VER
écope;ekOp;écope;NOM;0,05;0,03;1;5;5;4;2;NOM,VER
écope;ekOp;écoper;VER;2,47;0,34;0;5;5;4;2;NOM,VER
écopé;ekope;écoper;VER;2,47;0,79;0;5;0;4;3;VER
écran;ekR@;écran;NOM;23,68;19,78;1;5;5;4;2;NOM
écria;ekRija;écrier;VER;1,75;0,35;0;5;0;0;3;VER
écrie;ekRi;écrier;VER;1,75;0,47;0;5;0;4;2;VER
écrin;ekR5;écrin;NOM;0,37;0,36;1;5;5;4;2;NOM
écris;ekRi;écrire;VER;305,92;38,24;0;5;0;4;2;VER
écrit;ekRi;écrire;VER;305,92;128,35;0;5;5;4;2;VER,ADJ,NOM
écrit;ekRi;écrit;ADJ;9,3;5,24;1;5;5;4;2;VER,ADJ,NOM
écrit;ekRi;écrit;NOM;10,67;8,14;1;5;5;4;2;VER,ADJ,NOM
écrié;ekRije;écrier;VER;1,75;0,36;0;5;0;5;3;VER
écrou;ekRu;écrou;NOM;0,72;0,34;1;5;5;4;2;NOM
écrue;ekRy;écru;ADJ;0,07;0,01;0;5;0;4;2;ADJ
éculé;ekyle;éculer;VER;0,23;0,13;0;5;5;4;3;VER,ADJ
éculé;ekyle;éculé;ADJ;0,19;0,14;1;5;5;4;3;VER,ADJ
écuma;ekyma;écumer;VER;0,94;0;0;5;0;0;3;VER
écume;ekym;écume;NOM;2,31;2,31;1;5;5;4;2;NOM,VER
écume;ekym;écumer;VER;0,94;0,14;0;5;5;4;2;NOM,VER
écumé;ekyme;écumer;VER;0,94;0,33;0;5;0;5;3;VER
édens;edEn;éden;NOM;0,42;0;0;5;0;4;2;NOM
édite;edit;éditer;VER;0,69;0,08;0;5;0;0;2;VER
édito;edito;édito;NOM;0,16;0,12;1;5;5;5;3;NOM
édits;edi;édit;NOM;0,35;0,04;0;5;0;3;2;NOM
édité;edite;éditer;VER;0,69;0,16;0;5;0;5;3;VER
éduen;edy5;éduen;ADJ;0;0;1;5;4;4;3;ADJ
égaie;egE;égayer;VER;1,39;0,02;0;5;0;0;2;VER
égala;egala;égaler;VER;4,96;0,02;0;5;0;0;3;VER
égale;egal;égal;ADJ;38,08;4,51;0;5;0;4;2;ADJ,VER
égale;egal;égaler;VER;4,96;2,27;0;5;0;4;2;ADJ,VER
égalé;egale;égaler;VER;4,96;0,33;0;5;0;5;3;VER
égara;egaRa;égarer;VER;10,55;0;0;5;0;0;3;VER
égard;egaR;égard;NOM;9,19;6,77;1;5;5;4;2;NOM
égare;egaR;égarer;VER;10,55;2,25;0;5;0;4;2;VER
égaré;egaRe;égarer;VER;10,55;3,27;0;5;5;5;3;VER,ADJ
égaré;egaRe;égaré;ADJ;3,43;1,51;1;5;5;5;3;VER,ADJ
égaux;ego;égal;ADJ;38,08;3,18;0;5;0;3;2;ADJ,NOM
égaux;ego;égal;NOM;5,65;2,26;0;5;0;3;2;ADJ,NOM
égaya;egEja;égayer;VER;1,39;0;0;5;0;0;3;VER
égaye;egEj;égayer;VER;1,39;0,07;0;5;0;0;2;VER
égayé;egEje;égayer;VER;1,39;0,06;0;5;0;0;3;VER
égide;eZid;égide;NOM;0,2;0,2;1;5;4;4;2;NOM
égout;egu;égout;NOM;7,01;3,23;1;5;5;3;2;NOM
élans;el@;élan;NOM;5,66;1,05;0;5;0;3;2;NOM
éleva;El°va;élever;VER;52,03;0,28;0;5;0;0;3;VER
élevé;El°ve;élever;VER;52,03;12,93;0;5;5;5;3;VER,ADJ
élevé;El°ve;élevé;ADJ;25,02;14,37;1;5;5;5;3;VER,ADJ
élias;elja;élier;VER;0,05;0,04;0;5;0;0;2;VER
élime;elim;élimer;VER;0,04;0;0;5;0;0;2;VER
élimé;elime;élimer;VER;0,04;0;0;5;5;5;3;VER,ADJ
élimé;elime;élimé;ADJ;0,04;0,01;1;5;5;5;3;VER,ADJ
élire;eliR;élire;VER;11,23;2,15;1;5;4;4;2;VER
élise;eliz;élire;VER;11,23;0,27;0;5;0;0;2;VER
élite;elit;élite;NOM;7,38;7,24;1;5;5;4;2;NOM
éloge;elOZ;éloge;NOM;2,62;1,31;1;5;5;3;2;NOM
éluda;elyda;éluder;VER;0,69;0;0;5;0;0;3;VER
élude;elyd;éluder;VER;0,69;0,07;0;5;0;0;2;VER
éludé;elyde;éluder;VER;0,69;0,07;0;5;0;4;3;VER
élues;ely;élu;ADJ;5,49;0,14;0;5;0;3;2;ADJ
élève;elEv;élever;VER;52,03;7,6;0;5;3;4;2;VER,NOM
élève;elEv;élève;NOM;36,84;15,83;1;5;3;4;2;VER,NOM
émail;emaj;émail;NOM;0,57;0,56;1;5;5;4;2;NOM
émane;eman;émaner;VER;2,77;1,31;0;5;0;0;2;VER
émané;emane;émaner;VER;2,77;0,04;0;5;0;5;3;VER
émaux;emo;émail;NOM;0,57;0,01;0;5;0;0;2;NOM
émeri;Em°Ri;émeri;NOM;0,16;0,16;1;5;5;5;3;NOM
émets;emE;émettre;VER;9,45;0,48;0;5;0;0;2;VER
émeus;em2;émeu;NOM;0,09;0;0;5;0;3;2;NOM,VER
émeus;em2;émouvoir;VER;9,46;0,14;0;5;0;3;2;NOM,VER
émeut;em2;émouvoir;VER;9,46;1,22;0;5;0;3;2;VER
émirs;emiR;émir;NOM;0,86;0,11;0;5;0;4;2;NOM
émise;emiz;émettre;VER;9,45;0,23;0;5;0;0;2;VER
émois;emwa;émoi;NOM;1,71;0,3;0;5;0;3;2;NOM
émues;emy;émouvoir;VER;9,46;0,01;0;5;0;3;2;VER,ADJ
émues;emy;ému;ADJ;4,89;0,14;0;5;0;3;2;VER,ADJ
émule;emyl;émule;NOM;0,24;0,17;1;5;5;4;2;NOM
épais;epE;épais;ADJ;10,19;6,08;1;5;5;3;2;ADJ,ADV
épais;epE;épais;ADV;0,08;0,08;1;5;5;3;2;ADJ,ADV
épand;ep@;épandre;VER;0,01;0;0;5;0;0;2;VER
épars;epaR;épars;ADJ;0,46;0,32;1;5;5;4;2;ADJ,NOM
épars;epaR;épars;NOM;0,01;0,01;1;5;5;4;2;ADJ,NOM
épart;epaR;épart;NOM;0,01;0,01;1;5;5;4;2;NOM
épata;epata;épater;VER;4,96;0;0;5;0;0;3;VER
épate;epat;épate;NOM;0,19;0,19;1;5;5;4;2;NOM,VER
épate;epat;épater;VER;4,96;1,49;0;5;5;4;2;NOM,VER
épaté;epate;épater;VER;4,96;0,43;0;5;5;5;3;VER,ADJ
épaté;epate;épaté;ADJ;0,02;0,02;1;5;5;5;3;VER,ADJ
épave;epav;épave;NOM;7,5;6,52;1;5;4;4;2;NOM
épela;ep°la;épeler;VER;3;0;0;5;0;0;3;VER
épelé;ep°le;épeler;VER;3;0,32;0;5;0;4;3;VER
épiai;epjE;épier;VER;4,93;0;0;5;0;0;2;VER
épice;epis;épice;NOM;3,06;1,46;1;5;5;4;2;NOM,VER
épice;epis;épicer;VER;1,04;0,02;0;5;5;4;2;NOM,VER
épicé;epise;épicer;VER;1,04;0,5;0;5;5;5;3;VER,ADJ
épicé;epise;épicé;ADJ;1,75;0,81;1;5;5;5;3;VER,ADJ
épier;epje;épier;VER;4,93;1,53;1;5;5;4;2;VER
épies;epi;épier;VER;4,93;0,03;0;5;0;3;2;VER
épieu;epj2;épieu;NOM;0,44;0,44;1;5;5;4;2;NOM
épiez;epje;épier;VER;4,93;0,08;0;5;0;4;2;VER
épile;epil;épiler;VER;2,04;0,18;0;5;0;0;2;VER
épilé;epile;épiler;VER;2,04;0,2;0;5;0;5;3;VER
épine;epin;épine;NOM;5,81;2,52;1;5;5;4;2;NOM
épiée;epje;épier;VER;4,93;0,37;0;5;0;4;2;VER
épiés;epje;épier;VER;4,93;0,05;0;5;0;4;2;VER
époux;epu;époux;NOM;65,34;19,57;1;5;5;3;2;NOM
époxy;epOksi;époxy;ADJ;0,04;0,04;1;5;5;6;3;ADJ
épris;epRi;éprendre;VER;2,95;1,56;0;5;4;4;2;VER,ADJ
épris;epRi;épris;ADJ;0,09;0,08;1;5;4;4;2;VER,ADJ
éprit;epRi;éprendre;VER;2,95;0,13;0;5;0;4;2;VER
épure;epyR;épure;NOM;0,28;0,14;1;5;5;4;2;NOM,VER
épure;epyR;épurer;VER;0,62;0,01;0;5;5;4;2;NOM,VER
épuré;epyRe;épurer;VER;0,62;0,05;0;5;0;5;3;VER
épées;epe;épée;NOM;32,81;3,48;0;5;0;3;2;NOM
équin;ekin;équin;ADJ;0,05;0;1;5;5;4;2;ADJ
érige;eRiZ;ériger;VER;1,91;0,1;0;5;0;0;2;VER
érigé;eRiZe;ériger;VER;1,91;0,45;0;5;0;4;3;VER
érode;eROd;éroder;VER;0,16;0,1;0;5;0;0;2;VER
érodé;eRode;éroder;VER;0,16;0,03;0;5;5;4;3;VER,ADJ
érodé;eRode;érodé;ADJ;0,03;0,01;1;5;5;4;3;VER,ADJ
étage;etaZ;étage;NOM;46,45;39,47;1;5;5;4;2;NOM,VER
étage;etaZ;étager;VER;0,73;0,6;0;5;5;4;2;NOM,VER
étagé;etaZe;étagé;ADJ;0;0;1;5;5;5;3;ADJ
étaie;etE;étayer;VER;0,72;0,04;0;5;0;3;2;VER
étain;et5;étain;NOM;1,19;1,08;1;5;5;3;2;NOM
étais;etE;étai;NOM;0,28;0,09;0;5;0;3;2;NOM,AUX,VER
étais;etE;être;AUX;8074,24;184,97;0;5;0;3;2;NOM,AUX,VER
étais;etE;être;VER;32236,5;649,35;0;5;0;3;2;NOM,AUX,VER
était;etE;être;AUX;8074,24;350,91;0;5;0;3;2;AUX,VER
était;etE;être;VER;32236,5;2356,65;0;5;0;3;2;AUX,VER
étala;etala;étaler;VER;6,36;0;0;5;0;0;3;VER
étale;etal;étale;ADJ;0,02;0,01;1;5;5;4;2;ADJ,NOM,VER
étale;etal;étale;NOM;0,14;0,14;1;5;5;4;2;ADJ,NOM,VER
étale;etal;étaler;VER;6,36;0,93;0;5;5;4;2;ADJ,NOM,VER
étals;etal;étal;NOM;0,56;0,23;0;5;0;4;2;NOM
étalé;etale;étaler;VER;6,36;0,94;0;5;0;5;3;VER
étamé;etame;étamer;VER;0;0;0;5;5;5;3;VER,ADJ
étamé;etame;étamé;ADJ;0;0;1;5;5;5;3;VER,ADJ
étang;et@;étang;NOM;7,1;6,57;1;5;5;3;2;NOM
étant;et@;être;AUX;8074,24;30,94;0;5;0;3;2;AUX,VER
étant;et@;être;VER;32236,5;3,21;0;5;0;3;2;AUX,VER
étape;etap;étape;NOM;15,77;12,44;1;5;4;4;2;NOM
états;eta;état;NOM;145,72;8,91;0;5;0;3;2;NOM
étaux;eto;étau;NOM;0,75;0,14;0;5;0;3;2;NOM
étaye;etej;étayer;VER;0,72;0,08;0;5;0;0;2;VER
étayé;eteje;étayer;VER;0,72;0,02;0;5;0;5;3;VER
étend;et@;étendre;VER;21,9;4,98;0;5;0;3;2;VER
éther;etER;éther;NOM;1,43;1,43;1;5;4;4;2;NOM
étier;etje;étier;NOM;0;0;1;5;4;4;2;NOM
étiez;etje;être;AUX;8074,24;23,15;0;5;0;4;2;AUX,VER
étiez;etje;être;VER;32236,5;114,69;0;5;0;4;2;AUX,VER
étira;etiRa;étirer;VER;3,28;0;0;5;0;0;3;VER
étire;etiR;étirer;VER;3,28;0,99;0;5;0;0;2;VER
étiré;etiRe;étirer;VER;3,28;0,29;0;5;0;5;3;VER
étole;etOl;étole;NOM;0,29;0,29;1;5;4;4;2;NOM
étron;etR§;étron;NOM;0,75;0,44;1;5;5;4;2;NOM
étude;etyd;étude;NOM;44,22;11,35;1;5;5;4;2;NOM
étuis;et8i;étui;NOM;2,54;0,17;0;5;0;3;2;NOM
étuve;etyv;étuve;NOM;0,43;0,43;1;5;5;4;2;NOM
étuvé;etyve;étuver;VER;0,01;0,01;0;5;0;5;3;VER
étêta;etEta;étêter;VER;0;0;0;5;0;0;3;VER
étêté;etEte;étêter;VER;0;0;0;5;0;0;3;VER
évada;evada;évader;VER;12,8;0,02;0;5;0;0;3;VER
évade;evad;évader;VER;12,8;1,35;0;5;0;0;2;VER
évadé;evade;évader;VER;12,8;3,79;0;5;5;4;3;VER,ADJ,NOM
évadé;evade;évadé;ADJ;1,33;0,71;1;5;5;4;3;VER,ADJ,NOM
évadé;evade;évadé;NOM;1,76;0,73;1;5;5;4;3;VER,ADJ,NOM
évase;evaz;évaser;VER;0,04;0,01;0;5;0;0;2;VER
évasé;evaze;évaser;VER;0,04;0;0;5;5;5;3;VER,ADJ
évasé;evaze;évasé;ADJ;0,03;0;1;5;5;5;3;VER,ADJ
éveil;evEj;éveil;NOM;1,65;1,64;1;5;5;4;2;NOM
évent;ev@;évent;NOM;0,15;0,11;1;5;5;3;2;NOM
évida;evida;évider;VER;0,25;0,01;0;5;0;0;3;VER
évide;evid;évider;VER;0,25;0,01;0;5;0;0;2;VER
évidé;evide;évider;VER;0,25;0,01;0;5;5;5;3;VER,ADJ
évidé;evide;évidé;ADJ;0,04;0,02;1;5;5;5;3;VER,ADJ
évier;evje;évier;NOM;3,87;3,81;1;5;4;3;2;NOM
évita;evita;éviter;VER;87,47;0,03;0;5;0;0;3;VER
évite;evit;éviter;VER;87,47;10,7;0;5;0;0;2;VER
évité;evite;éviter;VER;87,47;4,8;0;5;0;5;3;VER
êtres;EtR;être;NOM;100,69;21,91;0;5;0;3;1;NOM
îlots;ilo;îlot;NOM;1,2;0,78;0;5;0;3;2;NOM
ôtais;otE;ôter;VER;16,81;0,03;0;5;0;0;2;VER
ôtait;otE;ôter;VER;16,81;0,16;0;5;0;0;2;VER
ôtant;ot@;ôter;VER;16,81;0,43;0;5;0;3;2;VER
ôtent;ot;ôter;VER;16,81;0,29;0;5;0;2;1;VER
ôtera;ot°Ra;ôter;VER;16,81;0,26;0;5;0;0;3;VER
ôtiez;otje;ôter;VER;16,81;0,17;0;5;0;0;2;VER
ôtons;ot§;ôter;VER;16,81;0,02;0;5;0;0;2;VER
ôtées;ote;ôter;VER;16,81;0,16;0;5;0;3;2;VER,ADJ
ôtées;ote;ôté;ADJ;0,23;0,01;0;5;0;3;2;VER,ADJ
a jeun;aZ1;à jeun;ADV;1,45;0,18;0;6;0;3;2;ADV
ab ovo;abovo;ab ovo;ADV;0;0;1;6;4;4;3;ADV
abaque;abak;abaque;NOM;0;0;1;6;4;4;2;NOM
abatis;abati;abatis;NOM;0;0;1;6;5;5;3;NOM
abatte;abat;abattre;VER;43,47;0,58;0;6;0;0;2;VER
abattu;abaty;abattre;VER;43,47;11,48;0;6;6;5;3;VER,ADJ,NOM
abattu;abaty;abattu;ADJ;2,51;1,82;1;6;6;5;3;VER,ADJ,NOM
abattu;abaty;abattu;NOM;0,53;0,18;1;6;6;5;3;VER,ADJ,NOM
abbaye;abei;abbaye;NOM;3,94;3,66;1;6;5;4;3;NOM
abject;abZEkt;abject;ADJ;2,19;1,4;1;6;6;6;2;ADJ
abjure;abZyR;abjurer;VER;1,53;0,77;0;6;0;0;2;VER
abjuré;abZyRe;abjurer;VER;1,53;0;0;6;0;6;3;VER
aboies;abwa;aboyer;VER;7,43;0,42;0;6;0;4;2;VER
abolie;aboli;aboli;ADJ;0,08;0,06;0;6;0;5;3;ADJ,VER
abolie;aboli;abolir;VER;3,08;0,06;0;6;0;5;3;ADJ,VER
abolir;aboliR;abolir;VER;3,08;1,08;1;6;6;6;3;VER
abolis;aboli;aboli;ADJ;0,08;0;0;6;0;5;3;ADJ,VER
abolis;aboli;abolir;VER;3,08;0,14;0;6;0;5;3;ADJ,VER
abolit;aboli;abolir;VER;3,08;0,29;0;6;0;5;3;VER
abonda;ab§da;abonder;VER;1,13;0;0;6;0;0;3;VER
abonde;ab§d;abonder;VER;1,13;0,28;0;6;0;0;2;VER
abondé;ab§de;abonder;VER;1,13;0,01;0;6;0;5;3;VER
abonne;abOn;abonner;VER;1,1;0,18;0;6;0;0;2;VER
abonné;abone;abonner;VER;1,1;0,3;0;6;6;4;3;VER,ADJ,NOM
abonné;abone;abonné;ADJ;0,47;0,3;1;6;6;4;3;VER,ADJ,NOM
abonné;abone;abonné;NOM;0,87;0,3;1;6;6;4;3;VER,ADJ,NOM
aborda;abORda;aborder;VER;12,55;0,16;0;6;0;0;3;VER
aborde;abORd;aborder;VER;12,55;1,76;0;6;0;0;2;VER
abords;abOR;abord;NOM;2,22;1,33;0;6;0;4;2;NOM
abordé;abORde;aborder;VER;12,55;1,36;0;6;6;6;3;VER,ADJ
abordé;abORde;abordé;ADJ;0,15;0,03;1;6;6;6;3;VER,ADJ
aboule;abul;abouler;VER;1,8;1,43;0;6;0;0;2;VER
abouti;abuti;abouti;ADJ;0,11;0,04;1;6;6;5;3;ADJ,VER
abouti;abuti;aboutir;VER;5,34;1,24;0;6;6;5;3;ADJ,VER
aboyer;abwaje;aboyer;VER;7,43;2,39;1;6;6;6;3;VER
abrasé;abRaze;abraser;VER;0;0;0;6;0;0;3;VER
abrita;abRita;abriter;VER;7,92;0,02;0;6;0;0;3;VER
abrite;abRit;abriter;VER;7,92;2,09;0;6;0;0;2;VER
abrité;abRite;abriter;VER;7,92;0,35;0;6;6;6;3;VER,ADJ
abrité;abRite;abrité;ADJ;0,17;0,13;1;6;6;6;3;VER,ADJ
abrogé;abRoZe;abroger;VER;0,71;0,11;0;6;6;5;3;VER,ADJ
abrogé;abRoZe;abrogé;ADJ;0,01;0,01;1;6;6;5;3;VER,ADJ
abrupt;abRypt;abrupt;ADJ;1,36;0,54;1;6;6;6;2;ADJ,NOM
abrupt;abRypt;abrupt;NOM;0;0;1;6;6;6;2;ADJ,NOM
abruti;abRyti;abruti;ADJ;6,13;5,24;1;6;6;6;3;ADJ,NOM,VER
abruti;abRyti;abruti;NOM;25,64;19,13;1;6;6;6;3;ADJ,NOM,VER
abruti;abRyti;abrutir;VER;2,56;1,75;0;6;6;6;3;ADJ,NOM,VER
abrège;abREZ;abréger;VER;4,21;1,25;0;6;0;0;2;VER
abrégé;abReZe;abréger;VER;4,21;0,19;0;6;6;5;3;VER,ADJ,NOM
abrégé;abReZe;abrégé;ADJ;0,2;0,06;1;6;6;5;3;VER,ADJ,NOM
abrégé;abReZe;abrégé;NOM;0,12;0,11;1;6;6;5;3;VER,ADJ,NOM
absent;aps@;absent;ADJ;14,91;9,46;1;6;6;4;2;ADJ,NOM
absent;aps@;absent;NOM;1,96;0,82;1;6;6;4;2;ADJ,NOM
abside;apsid;abside;NOM;0;0;1;6;6;5;2;NOM
absolu;apsoly;absolu;ADJ;17,25;8,55;1;6;6;6;3;ADJ,NOM
absolu;apsoly;absolu;NOM;0,78;0,74;1;6;6;6;3;ADJ,NOM
absous;apsu;absoudre;VER;2,66;1,15;0;6;6;4;2;VER,ADJ
absous;apsu;absous;ADJ;0,02;0,02;1;6;6;4;2;VER,ADJ
absout;apsu;absoudre;VER;2,66;0,11;0;6;0;4;2;VER
abusai;abyzE;abuser;VER;20;0;0;6;0;0;3;VER
abuser;abyze;abuser;VER;20;5,87;1;6;6;5;3;VER
abuses;abyz;abuser;VER;20;0,5;0;6;0;0;2;VER
abusez;abyze;abuser;VER;20;1,93;0;6;0;5;3;VER
abusif;abyzif;abusif;ADJ;0,85;0,37;1;6;6;6;3;ADJ
abusée;abyze;abuser;VER;20;0,29;0;6;0;5;3;VER,ADJ
abusée;abyze;abusé;ADJ;0,2;0,03;0;6;0;5;3;VER,ADJ
abusés;abyze;abuser;VER;20;0,22;0;6;0;5;3;VER,ADJ
abusés;abyze;abusé;ADJ;0,2;0,04;0;6;0;5;3;VER,ADJ
abysse;abis;abysse;NOM;1,07;0,53;1;6;6;4;2;NOM
abêtir;abetiR;abêtir;VER;0,01;0,01;1;6;6;6;3;VER
abêtis;abeti;abêti;ADJ;0;0;0;6;0;5;3;ADJ,VER
abêtis;abeti;abêtir;VER;0,01;0;0;6;0;5;3;ADJ,VER
abêtit;abeti;abêtir;VER;0,01;0;0;6;0;5;3;VER
abîmai;abimE;abîmer;VER;15,83;0;0;6;0;0;3;VER
abîmer;abime;abîmer;VER;15,83;5,4;1;6;6;5;3;VER
abîmes;abim;abîme;NOM;6,01;0,98;0;6;0;4;2;NOM,VER
abîmes;abim;abîmer;VER;15,83;0,72;0;6;0;4;2;NOM,VER
abîmez;abime;abîmer;VER;15,83;0,3;0;6;0;5;3;VER
abîmée;abime;abîmer;VER;15,83;1,73;0;6;0;5;3;VER
abîmés;abime;abîmer;VER;15,83;0,61;0;6;0;5;3;VER
acabit;akabi;acabit;NOM;0,17;0,17;1;6;4;5;3;NOM
acacia;akasja;acacia;NOM;0,26;0,05;1;6;4;5;3;NOM
acajou;akaZu;acajou;ADJ;0,17;0,17;1;6;4;4;3;ADJ,NOM
acajou;akaZu;acajou;NOM;0,52;0,52;1;6;4;4;3;ADJ,NOM
accent;aks@;accent;NOM;14,56;12,98;1;6;6;4;2;NOM
accola;akola;accoler;VER;0,32;0;0;6;0;0;3;VER
accole;akOl;accoler;VER;0,32;0;0;6;0;0;2;VER
accolé;akole;accoler;VER;0,32;0,03;0;6;6;5;3;VER
accord;akOR;accord;NOM;766,2;761,77;1;6;6;4;2;NOM
accore;akOR;accore;ADJ;0;0;1;6;6;4;2;ADJ
accort;akOR;accort;ADJ;0,03;0,01;1;6;6;4;2;ADJ
accota;akota;accoter;VER;0;0;0;6;0;0;3;VER
accote;akOt;accoter;VER;0;0;0;6;0;0;2;VER
accoté;akote;accoter;VER;0;0;0;6;6;4;3;VER
accras;akRas;accra;NOM;0,1;0,1;0;6;0;0;2;NOM
accroc;akRo;accroc;NOM;1,9;1,67;1;6;6;4;2;NOM
accros;akRo;accro;ADJ;6,81;0,59;0;6;0;4;2;ADJ,NOM
accros;akRo;accro;NOM;2,56;0,9;0;6;0;4;2;ADJ,NOM
accrue;akRy;accroître;VER;3,51;0,1;0;6;6;4;2;VER,ADJ,NOM
accrue;akRy;accru;ADJ;0,57;0,29;0;6;6;4;2;VER,ADJ,NOM
accrue;akRy;accrue;NOM;0;0;1;6;6;4;2;VER,ADJ,NOM
accrus;akRy;accroître;VER;3,51;0,04;0;6;0;4;2;VER,ADJ
accrus;akRy;accru;ADJ;0,57;0,01;0;6;0;4;2;VER,ADJ
accrut;akRy;accroître;VER;3,51;0,02;0;6;0;4;2;VER
accrût;akRy;accroître;VER;3,51;0;0;6;0;4;2;VER
accula;akyla;acculer;VER;1,03;0;0;6;0;0;3;VER
accule;akyl;acculer;VER;1,03;0,29;0;6;0;0;2;VER
acculé;akyle;acculer;VER;1,03;0,43;0;6;6;5;3;VER,ADJ
acculé;akyle;acculé;ADJ;0,01;0,01;1;6;6;5;3;VER,ADJ
accusa;akyza;accuser;VER;52,72;0,18;0;6;0;0;3;VER
accuse;akyz;accuser;VER;52,72;13,28;0;6;0;0;2;VER
accusé;akyze;accuser;VER;52,72;11,73;0;6;6;5;3;VER,ADJ,NOM
accusé;akyze;accusé;ADJ;2,17;1,37;1;6;6;5;3;VER,ADJ,NOM
accusé;akyze;accusé;NOM;13,74;8,84;1;6;6;5;3;VER,ADJ,NOM
accède;aksEd;accéder;VER;8,58;0,95;0;6;0;0;2;VER
accéda;akseda;accéder;VER;8,58;0,03;0;6;0;0;3;VER
accédé;aksede;accéder;VER;8,58;0,68;0;6;0;5;3;VER
acerbe;asERb;acerbe;ADJ;0,16;0,13;1;6;6;5;2;ADJ
achats;aSa;achat;NOM;9,75;4,55;0;6;0;3;2;NOM
acheta;aS°ta;acheter;VER;290,7;0,37;0;6;0;0;3;VER
acheté;aS°te;acheter;VER;290,7;72,38;0;6;0;5;3;VER
acheva;aS°va;achever;VER;22,97;0,23;0;6;0;0;3;VER
achevé;aS°ve;achever;VER;22,97;2,7;0;6;6;4;3;VER,ADJ
achevé;aS°ve;achevé;ADJ;1,61;0,59;1;6;6;4;3;VER,ADJ
achète;aSEt;acheter;VER;290,7;39,82;0;6;0;4;2;VER
achève;aSEv;achever;VER;22,97;8,31;0;6;0;0;2;VER
acides;asid;acide;ADJ;2,5;0,64;0;6;0;4;2;ADJ,NOM
acides;asid;acide;NOM;9,46;1,02;0;6;0;4;2;ADJ,NOM
aciers;asje;acier;NOM;13,88;0,03;0;6;0;4;2;NOM
aconit;akonit;aconit;NOM;0,14;0,14;1;6;6;4;3;NOM
acquis;aki;acquis;ADJ;1,36;0,81;1;6;6;3;2;ADJ,NOM,VER
acquis;aki;acquis;NOM;0,29;0,29;1;6;6;3;2;ADJ,NOM,VER
acquis;aki;acquérir;VER;8,3;3,52;0;6;6;3;2;ADJ,NOM,VER
acquit;aki;acquit;NOM;0,29;0,29;1;6;6;3;2;NOM,VER
acquit;aki;acquérir;VER;8,3;0,05;0;6;6;3;2;NOM,VER
acquêt;akE;acquêt;NOM;0,14;0;1;6;5;3;2;NOM
acteur;akt9R;acteur;NOM;74,77;30,51;1;6;5;4;2;NOM
actifs;aktif;actif;ADJ;10,15;1,33;0;6;0;5;2;ADJ,NOM
actifs;aktif;actif;NOM;1,58;0,74;0;6;0;5;2;ADJ,NOM
actine;aktin;actine;NOM;0,01;0,01;1;6;6;5;2;NOM
action;aksj§;action;NOM;69,27;49,97;1;6;6;5;2;NOM
activa;aktiva;activer;VER;12,58;0;0;6;0;0;3;VER
active;aktiv;actif;ADJ;10,15;4,21;0;6;0;0;2;ADJ,VER
active;aktiv;activer;VER;12,58;2,98;0;6;0;0;2;ADJ,VER
activé;aktive;activer;VER;12,58;2,13;0;6;6;6;3;VER,ADJ
activé;aktive;activé;ADJ;2,57;0,94;1;6;6;6;3;VER,ADJ
actuel;akt8El;actuel;ADJ;14,86;4,69;1;6;6;6;2;ADJ
acuité;ak8ite;acuité;NOM;0,56;0,56;1;6;4;3;3;NOM
acumen;akymEn;acumen;NOM;0;0;1;6;4;5;3;NOM
acérée;aseRe;acéré;ADJ;0,81;0,11;0;6;0;4;3;ADJ
acérés;aseRe;acérer;VER;0,22;0,04;0;6;0;4;3;VER,ADJ
acérés;aseRe;acéré;ADJ;0,81;0,06;0;6;0;4;3;VER,ADJ
ad hoc;adOk;ad hoc;ADJ;0,11;0,11;1;6;4;4;2;ADJ
adages;adaZ;adage;NOM;0,62;0,01;0;6;0;4;2;NOM
adagio;adadZjo;adagio;ADV;0;0;1;6;5;4;3;ADV,NOM
adagio;adadZjo;adagio;NOM;0,13;0,13;1;6;5;4;3;ADV,NOM
adapta;adapta;adapter;VER;13,44;0,01;0;6;0;0;3;VER
adapte;adapt;adapter;VER;13,44;1,75;0;6;0;0;2;VER
adapté;adapte;adapter;VER;13,44;3,16;0;6;0;6;3;VER
adepte;adEpt;adepte;NOM;2,73;0,88;1;6;4;3;2;NOM
adhère;adER;adhérer;VER;2,67;0,73;0;6;0;0;2;VER
adhéra;adeRa;adhérer;VER;2,67;0,02;0;6;0;0;3;VER
adhéré;adeRe;adhérer;VER;2,67;0,32;0;6;0;5;3;VER
adieux;adj2;adieu;NOM;44,44;7,57;0;6;0;4;2;NOM
adjuge;adZyZ;adjuger;VER;1,64;0,05;0;6;0;0;2;VER
adjugé;adZyZe;adjuger;VER;1,64;1,5;0;6;0;5;3;VER
adjura;adZyRa;adjurer;VER;0,32;0;0;6;0;0;3;VER
adjure;adZyR;adjurer;VER;0,32;0,29;0;6;0;0;2;VER
adjuré;adZyRe;adjurer;VER;0,32;0,01;0;6;0;6;3;VER
admets;admE;admettre;VER;50,05;10,14;0;6;0;0;2;VER
admira;admiRa;admirer;VER;32,39;0,01;0;6;0;0;3;VER
admire;admiR;admirer;VER;32,39;13,85;0;6;0;0;2;VER
admiré;admiRe;admirer;VER;32,39;2;0;6;0;6;3;VER
admise;admiz;admettre;VER;50,05;1,75;0;6;0;0;2;VER,ADJ
admise;admiz;admis;ADJ;0,92;0,13;0;6;0;0;2;VER,ADJ
adonis;adonis;adonis;NOM;0,28;0,28;1;6;6;6;3;NOM
adonna;adona;adonner;VER;1,6;0;0;6;0;0;3;VER
adonne;adOn;adonner;VER;1,6;0,55;0;6;0;0;2;VER
adonné;adone;adonner;VER;1,6;0,04;0;6;0;5;3;VER
adopta;adOpta;adopter;VER;15,18;0,05;0;6;0;0;3;VER
adopte;adOpt;adopter;VER;15,18;1,28;0;6;0;0;2;VER
adopté;adOpte;adopter;VER;15,18;3,77;0;6;6;6;3;VER,ADJ,NOM
adopté;adOpte;adopté;ADJ;1,02;0,63;1;6;6;6;3;VER,ADJ,NOM
adopté;adOpte;adopté;NOM;0,09;0,03;1;6;6;6;3;VER,ADJ,NOM
adorai;adoRE;adorer;VER;193,67;0,03;0;6;0;0;3;VER
adorer;adoRe;adorer;VER;193,67;11,79;1;6;5;5;3;VER
adores;adOR;adorer;VER;193,67;4,37;0;6;0;0;2;VER
adorez;adoRe;adorer;VER;193,67;1,11;0;6;0;5;3;VER
adorne;adORn;adorner;VER;0,01;0,01;0;6;0;0;2;VER
adorné;adORne;adorner;VER;0,01;0;0;6;0;0;3;VER
adorée;adoRe;adorer;VER;193,67;2,27;0;6;0;5;3;VER
adorés;adoRe;adorer;VER;193,67;0,24;0;6;0;5;3;VER
adossa;adosa;adosser;VER;0,8;0;0;6;0;0;3;VER
adosse;ados;adosser;VER;0,8;0,28;0;6;0;0;2;VER
adossé;adose;adosser;VER;0,8;0,28;0;6;6;4;3;VER,ADJ
adossé;adose;adossé;ADJ;0,13;0,03;1;6;6;4;3;VER,ADJ
adouba;aduba;adouber;VER;0,04;0;0;6;0;0;3;VER
adoubé;adube;adouber;VER;0,04;0,03;0;6;0;5;3;VER
adouci;adusi;adouci;ADJ;0,03;0,02;1;6;6;5;3;ADJ,VER
adouci;adusi;adoucir;VER;3,27;0,44;0;6;6;5;3;ADJ,VER
adroit;adRwa;adroit;ADJ;1,87;1,13;1;6;6;5;2;ADJ
aduler;adyle;aduler;VER;0,52;0,06;1;6;5;5;3;VER
adulte;adylt;adulte;ADJ;10,37;8,02;1;6;6;5;2;ADJ,NOM
adulte;adylt;adulte;NOM;23,34;9,78;1;6;6;5;2;ADJ,NOM
adulée;adyle;aduler;VER;0,52;0,03;0;6;0;5;3;VER
adulés;adyle;aduler;VER;0,52;0,04;0;6;0;5;3;VER
advenu;adv°ny;advenir;VER;7,94;0,99;0;6;6;0;3;VER
advint;adv5;advenir;VER;7,94;1,2;0;6;0;0;2;VER
advînt;adv5;advenir;VER;7,94;0;0;6;0;0;2;VER
affadi;afadi;affadir;VER;0,01;0;0;6;0;0;3;VER
affala;afala;affaler;VER;1,01;0;0;6;0;0;3;VER
affale;afal;affaler;VER;1,01;0,1;0;6;0;0;2;VER
affalé;afale;affaler;VER;1,01;0,38;0;6;0;5;3;VER
affame;afam;affamer;VER;6,62;0,25;0;6;0;0;2;VER
affamé;afame;affamer;VER;6,62;2,99;0;6;6;4;3;VER,ADJ,NOM
affamé;afame;affamé;ADJ;5,67;2,43;1;6;6;4;3;VER,ADJ,NOM
affamé;afame;affamé;NOM;3,39;1,42;1;6;6;4;3;VER,ADJ,NOM
affect;afEkt;affect;NOM;0,26;0,26;1;6;6;5;2;NOM
affidé;afide;affidé;NOM;0,01;0,01;1;6;6;5;3;NOM
affile;afil;affiler;VER;0,04;0;0;6;0;0;2;VER
affilé;afile;affilé;ADJ;3,04;0,17;1;6;6;5;3;ADJ
affina;afina;affiner;VER;0,76;0;0;6;0;0;3;VER
affine;afin;affiner;VER;0,76;0,18;0;6;0;0;2;VER
affiné;afine;affiner;VER;0,76;0,06;0;6;6;5;3;VER,ADJ
affiné;afine;affiné;ADJ;0,12;0,12;1;6;6;5;3;VER,ADJ
affixé;afikse;affixé;ADJ;0;0;1;6;5;4;3;ADJ
afflua;aflya;affluer;VER;1,51;0;0;6;0;0;3;VER
afflue;afly;affluer;VER;1,51;0,39;0;6;0;4;2;VER
afflux;afly;afflux;NOM;0,25;0,25;1;6;6;4;2;NOM
afflué;aflye;affluer;VER;1,51;0,12;0;6;0;5;3;VER
affola;afola;affoler;VER;5,92;0;0;6;0;0;3;VER
affole;afOl;affoler;VER;5,92;1,63;0;6;0;0;2;VER
affolé;afole;affoler;VER;5,92;0,76;0;6;6;5;3;VER,ADJ
affolé;afole;affolé;ADJ;0,91;0,19;1;6;6;5;3;VER,ADJ
affres;afR;affre;NOM;1,23;1,23;0;6;0;0;1;NOM
affure;afyR;affurer;VER;0;0;0;6;0;0;2;VER
affuré;afyRe;affurer;VER;0;0;0;6;0;4;3;VER
affûta;afyta;affûter;VER;0,77;0;0;6;0;0;3;VER
affûte;afyt;affûter;VER;0,77;0,11;0;6;0;0;2;VER
affûts;afy;affût;NOM;1,42;0,06;0;6;0;3;2;NOM
affûté;afyte;affûter;VER;0,77;0,23;0;6;0;5;3;VER
afghan;afg@;afghan;ADJ;1,48;0,68;1;6;3;3;2;ADJ,NOM
afghan;afg@;afghan;NOM;1,12;0,23;1;6;3;3;2;ADJ,NOM
afin d;af5d;afin d;PRE;0,04;0,04;1;6;6;4;2;PRE
agacer;agase;agacer;VER;6,35;1,19;1;6;6;5;3;VER
agaces;agas;agacer;VER;6,35;0,46;0;6;0;4;2;VER
agacez;agase;agacer;VER;6,35;0,35;0;6;0;5;3;VER
agacée;agase;agacer;VER;6,35;0,28;0;6;0;5;3;VER
agacés;agase;agacer;VER;6,35;0,13;0;6;0;5;3;VER
agames;agam;agame;NOM;0,01;0,01;0;6;0;0;2;NOM
agapes;agap;agape;NOM;0,04;0,04;0;6;0;4;2;NOM
agates;agat;agate;NOM;0,01;0;0;6;0;4;2;NOM
agathe;agat;agathe;NOM;0;0;1;6;5;4;2;NOM
agaves;agav;agave;NOM;0,01;0,01;0;6;0;4;2;NOM
agence;aZ@s;agence;NOM;23,15;20,38;1;6;6;4;2;NOM,VER
agence;aZ@s;agencer;VER;0,48;0,25;0;6;6;4;2;NOM,VER
agencé;aZ@se;agencer;VER;0,48;0,16;0;6;0;5;3;VER
agenda;aZ5da;agenda;NOM;5,84;5,69;1;6;5;3;3;NOM
agente;aZ@t;agent;NOM;117,9;0,48;0;6;0;0;2;NOM
agents;aZ@;agent;NOM;117,9;25;0;6;0;3;2;NOM
agença;aZ@sa;agencer;VER;0,48;0;0;6;0;0;3;VER
agiles;aZil;agile;ADJ;2,17;0,47;0;6;0;4;2;ADJ
agirai;aZiRE;agir;VER;195,94;0,79;0;6;0;0;3;VER
agiras;aZiRa;agir;VER;195,94;0,1;0;6;0;0;3;VER
agirez;aZiRe;agir;VER;195,94;0,14;0;6;0;0;3;VER
agisse;aZis;agir;VER;195,94;2,8;0;6;0;0;2;VER
agitai;aZitE;agiter;VER;14,62;0;0;6;0;0;3;VER
agiter;aZite;agiter;VER;14,62;2,72;1;6;5;5;3;VER
agites;aZit;agiter;VER;14,62;0,84;0;6;0;0;2;VER
agitez;aZite;agiter;VER;14,62;0,76;0;6;0;5;3;VER
agitât;aZita;agiter;VER;14,62;0;0;6;0;0;3;VER
agitée;aZite;agiter;VER;14,62;1,09;0;6;0;5;3;VER,ADJ,NOM
agitée;aZite;agité;ADJ;5,37;1,76;0;6;0;5;3;VER,ADJ,NOM
agitée;aZite;agité;NOM;0,72;0,17;0;6;0;5;3;VER,ADJ,NOM
agités;aZite;agiter;VER;14,62;0,47;0;6;0;5;3;VER,ADJ,NOM
agités;aZite;agité;ADJ;5,37;0,51;0;6;0;5;3;VER,ADJ,NOM
agités;aZite;agité;NOM;0,72;0,36;0;6;0;5;3;VER,ADJ,NOM
agneau;aNo;agneau;NOM;16,13;13,01;1;6;5;3;2;NOM
agnela;aN2la;agneler;VER;0;0;0;6;0;0;3;VER
agonie;agoni;agonie;NOM;4,68;4,44;1;6;6;5;3;NOM,VER
agonie;agoni;agonir;VER;0,03;0,02;0;6;6;5;3;NOM,VER
agonir;agoniR;agonir;VER;0,03;0,01;1;6;6;6;3;VER
agonit;agoni;agonir;VER;0,03;0;0;6;0;5;3;VER
agouti;aguti;agouti;NOM;0,01;0,01;1;6;4;3;3;NOM
agrafa;agRafa;agrafer;VER;1,34;0;0;6;0;0;3;VER
agrafe;agRaf;agrafe;NOM;0,86;0,34;1;6;6;5;2;NOM,VER
agrafe;agRaf;agrafer;VER;1,34;0,16;0;6;6;5;2;NOM,VER
agrafé;agRafe;agrafer;VER;1,34;0,15;0;6;0;6;3;VER
agrume;agRym;agrume;NOM;0,41;0,01;1;6;4;4;2;NOM
agrège;agREZ;agréger;VER;0,46;0;0;6;0;0;2;VER
agréer;agRee;agréer;VER;1,09;0,45;1;6;5;5;3;VER
agrées;agRe;agréer;VER;1,09;0;0;6;0;0;2;VER
agréez;agRee;agréer;VER;1,09;0,14;0;6;0;5;3;VER
agrégé;agReZe;agréger;VER;0,46;0,34;0;6;6;5;3;VER,ADJ,NOM
agrégé;agReZe;agrégé;ADJ;0,34;0,34;1;6;6;5;3;VER,ADJ,NOM
agrégé;agReZe;agrégé;NOM;0,32;0,12;1;6;6;5;3;VER,ADJ,NOM
agréée;agRee;agréer;VER;1,09;0,02;0;6;0;5;3;VER,ADJ
agréée;agRee;agréé;ADJ;0,17;0,04;0;6;0;5;3;VER,ADJ
agréés;agRee;agréer;VER;1,09;0;0;6;0;5;3;VER,ADJ
agréés;agRee;agréé;ADJ;0,17;0;0;6;0;5;3;VER,ADJ
ahaner;aane;ahaner;VER;0,01;0;1;6;6;4;3;VER
ahurie;ayRi;ahuri;ADJ;0,39;0,04;0;6;0;4;3;ADJ,NOM
ahurie;ayRi;ahuri;NOM;0,41;0;0;6;0;4;3;ADJ,NOM
ahurir;ayRiR;ahurir;VER;0,34;0;1;6;6;5;3;VER
ahuris;ayRi;ahuri;ADJ;0,39;0,01;0;6;0;4;3;ADJ,NOM,VER
ahuris;ayRi;ahuri;NOM;0,41;0,04;0;6;0;4;3;ADJ,NOM,VER
ahuris;ayRi;ahurir;VER;0,34;0,01;0;6;0;4;3;ADJ,NOM,VER
ahurit;ayRi;ahurir;VER;0,34;0;0;6;0;4;3;VER
aicher;ESe;aicher;VER;0,1;0,1;1;6;3;3;2;VER
aidais;EdE;aider;VER;688,71;3,18;0;6;0;0;2;VER
aidait;EdE;aider;VER;688,71;3,47;0;6;0;0;2;VER
aidant;Ed@;aider;VER;688,71;1,7;0;6;0;0;2;VER
aident;Ed;aider;VER;688,71;6,75;0;6;0;2;1;VER
aidera;Ed°Ra;aider;VER;688,71;19,59;0;6;0;0;3;VER
aidiez;Edje;aider;VER;688,71;2,21;0;6;0;0;2;VER
aidons;Ed§;aider;VER;688,71;1,75;0;6;0;0;2;VER
aidées;Ede;aider;VER;688,71;0,62;0;6;0;0;2;VER
aigles;Egl;aigle;NOM;6,9;1,4;0;6;0;3;1;NOM
aiglon;Egl§;aiglon;NOM;0,47;0,42;1;6;5;4;2;NOM
aigres;EgR;aigre;ADJ;0,55;0,13;0;6;0;3;1;ADJ,NOM
aigres;EgR;aigre;NOM;0,31;0,1;0;6;0;3;1;ADJ,NOM
aigrie;egRi;aigri;ADJ;1,06;0,24;0;6;0;4;2;ADJ,NOM,VER
aigrie;egRi;aigri;NOM;0,4;0,02;0;6;0;4;2;ADJ,NOM,VER
aigrie;egRi;aigrir;VER;0,65;0,14;0;6;0;4;2;ADJ,NOM,VER
aigrir;egRiR;aigrir;VER;0,65;0,01;1;6;6;5;2;VER
aigris;egRi;aigri;ADJ;1,06;0,01;0;6;0;4;2;ADJ,NOM,VER
aigris;egRi;aigri;NOM;0,4;0,17;0;6;0;4;2;ADJ,NOM,VER
aigris;egRi;aigrir;VER;0,65;0;0;6;0;4;2;ADJ,NOM,VER
aigrit;egRi;aigrir;VER;0,65;0,1;0;6;0;4;2;VER
aiguës;egy;aigu;ADJ;5,08;0,27;0;6;0;3;2;ADJ
ailier;elje;ailier;NOM;1,4;1,35;1;6;4;4;2;NOM
ailler;aje;ailler;VER;0,2;0,01;1;6;6;3;2;VER
ailles;aj;aller;VER;9992,77;14,98;0;6;0;2;1;VER
aillée;aje;ailler;VER;0,2;0;0;6;0;3;2;VER
aillés;aje;ailler;VER;0,2;0;0;6;0;3;2;VER
ailées;ele;ailer;VER;0,21;0;0;6;0;3;2;VER,ADJ
ailées;ele;ailé;ADJ;1,19;0,07;0;6;0;3;2;VER,ADJ
aimais;EmE;aimer;VER;1655,07;58,07;0;6;0;0;2;VER
aimait;EmE;aimer;VER;1655,07;49,57;0;6;0;0;2;VER
aimant;Em@;aimant;ADJ;2,86;1,18;1;6;6;3;2;ADJ,NOM,VER
aimant;Em@;aimant;NOM;2,31;1,7;1;6;6;3;2;ADJ,NOM,VER
aimant;Em@;aimer;VER;1655,07;2,6;0;6;6;3;2;ADJ,NOM,VER
aiment;Em;aimer;VER;1655,07;48,46;0;6;0;2;1;VER
aimera;Em°Ra;aimer;VER;1655,07;8,1;0;6;0;0;3;VER
aimiez;Emje;aimer;VER;1655,07;6,92;0;6;0;0;2;VER
aimons;Em§;aimer;VER;1655,07;11,58;0;6;0;0;2;VER
aimées;eme;aimer;VER;1655,07;0,43;0;6;0;3;2;VER,ADJ
aimées;eme;aimé;ADJ;10,96;0,38;0;6;0;3;2;VER,ADJ
airain;ER5;airain;NOM;0,17;0,17;1;6;4;3;2;NOM
airbag;ERbag;airbag;NOM;1,11;0,44;1;6;5;5;2;NOM
airbus;ERbys;airbus;NOM;0,01;0,01;1;6;5;5;2;NOM
aisées;eze;aisé;ADJ;3,03;0,22;0;6;0;3;2;ADJ
aixois;Ekswa;aixois;ADJ;0;0;1;6;3;4;2;ADJ,NOM
aixois;Ekswa;aixois;NOM;0;0;1;6;3;4;2;ADJ,NOM
ajoncs;aZ§;ajonc;NOM;0;0;0;6;0;3;2;NOM
ajours;aZuR;ajour;NOM;0;0;0;6;0;0;2;NOM
ajouré;aZuRe;ajourer;VER;0;0;0;6;6;5;3;VER,ADJ
ajouré;aZuRe;ajouré;ADJ;0,02;0;1;6;6;5;3;VER,ADJ
ajouta;aZuta;ajouter;VER;38,88;0,39;0;6;0;0;3;VER
ajoute;aZut;ajoute;NOM;0,04;0,02;1;6;6;4;2;NOM,VER
ajoute;aZut;ajouter;VER;38,88;8,34;0;6;6;4;2;NOM,VER
ajouts;aZu;ajout;NOM;0,94;0,21;0;6;0;3;2;NOM
ajouté;aZute;ajouter;VER;38,88;4,42;0;6;6;5;3;VER,ADJ,NOM
ajouté;aZute;ajouté;ADJ;0,14;0,09;1;6;6;5;3;VER,ADJ,NOM
ajouté;aZute;ajouté;NOM;0,09;0,09;1;6;6;5;3;VER,ADJ,NOM
ajusta;aZysta;ajuster;VER;4,88;0,01;0;6;0;0;3;VER
ajuste;aZyst;ajuster;VER;4,88;1,68;0;6;0;0;2;VER
ajusté;aZyste;ajuster;VER;4,88;0,23;0;6;6;6;3;VER,ADJ
ajusté;aZyste;ajusté;ADJ;0,42;0,28;1;6;6;6;3;VER,ADJ
alaire;alER;alaire;ADJ;0,14;0,14;1;6;5;4;2;ADJ
alaise;alEz;alaise;NOM;0,02;0,02;1;6;5;4;2;NOM
alarma;alaRma;alarmer;VER;2,45;0,14;0;6;0;0;3;VER
alarme;alaRm;alarme;NOM;19,29;16,71;1;6;6;5;2;NOM,VER
alarme;alaRm;alarmer;VER;2,45;0,24;0;6;6;5;2;NOM,VER
alarmé;alaRme;alarmer;VER;2,45;0,14;0;6;0;6;3;VER
albugo;albygo;albugo;NOM;0;0;1;6;5;5;3;NOM
albums;albOm;album;NOM;11,29;1,93;0;6;0;5;2;NOM
albène;albEn;albène;NOM;0;0;1;6;4;5;2;NOM
alcade;alkad;alcade;NOM;0,3;0,3;1;6;5;5;2;NOM
alcali;alkali;alcali;NOM;0,11;0,08;1;6;6;6;3;NOM
alcool;alkOl;alcool;NOM;41,3;40,29;1;6;6;4;2;NOM
alcyon;alsj§;alcyon;NOM;0,13;0,13;1;6;4;4;2;NOM
alcées;alse;alcée;NOM;0;0;0;6;0;0;2;NOM
alcôve;alkov;alcôve;NOM;0,84;0,79;1;6;4;5;2;NOM
alenti;al@ti;alentir;VER;0;0;0;6;0;0;3;VER
alerta;alERta;alerter;VER;6,4;0,04;0;6;0;0;3;VER
alerte;alERt;alerte;ADJ;8,12;8,05;1;6;6;5;2;ADJ,ADV,NOM,ONO,VER
alerte;alERt;alerte;ADV;0,01;0,01;1;6;6;5;2;ADJ,ADV,NOM,ONO,VER
alerte;alERt;alerte;NOM;13,45;12,66;1;6;6;5;2;ADJ,ADV,NOM,ONO,VER
alerte;alERt;alerte;ONO;5,41;5,41;1;6;6;5;2;ADJ,ADV,NOM,ONO,VER
alerte;alERt;alerter;VER;6,4;1,24;0;6;6;5;2;ADJ,ADV,NOM,ONO,VER
alerté;alERte;alerter;VER;6,4;0,9;0;6;6;6;3;VER,ADJ
alerté;alERte;alerté;ADJ;0,06;0,03;1;6;6;6;3;VER,ADJ
alevin;al°v5;alevin;NOM;0,02;0,01;1;6;4;4;3;NOM
alexie;alEksi;alexie;NOM;0,01;0,01;1;6;6;6;3;NOM
alezan;al°z@;alezan;ADJ;0,04;0,01;1;6;4;4;3;ADJ,NOM
alezan;al°z@;alezan;NOM;0,12;0,11;1;6;4;4;3;ADJ,NOM
algues;alg;algue;NOM;2,66;2,36;0;6;0;3;1;NOM
alibis;alibi;alibi;NOM;11,13;0,85;0;6;0;4;3;NOM
aligna;aliNa;aligner;VER;7,8;0;0;6;0;0;3;VER
aligne;aliN;aligner;VER;7,8;1,48;0;6;0;0;2;VER
aligné;aliNe;aligner;VER;7,8;0,47;0;6;6;5;3;VER,ADJ
aligné;aliNe;aligné;ADJ;0,43;0,02;1;6;6;5;3;VER,ADJ
aligot;aligo;aligot;NOM;0,03;0,03;1;6;6;5;3;NOM
alinéa;alinea;alinéa;NOM;0,75;0,73;1;6;4;4;4;NOM
alises;aliz;alise;NOM;0,05;0,04;0;6;0;4;2;NOM
alitai;alitE;aliter;VER;0,9;0;0;6;0;0;3;VER
aliter;alite;aliter;VER;0,9;0,02;1;6;6;5;3;VER
alitée;alite;aliter;VER;0,9;0,32;0;6;0;5;3;VER
alizés;alize;alizé;ADJ;0;0;0;6;0;5;3;ADJ,NOM
alizés;alize;alizé;NOM;0,33;0,22;0;6;0;5;3;ADJ,NOM
aliène;aljEn;aliéner;VER;0,49;0,19;0;6;0;0;2;VER
aliéna;aljena;aliéner;VER;0,49;0;0;6;0;0;3;VER
aliéné;aljene;aliéner;VER;0,49;0,12;0;6;6;6;3;VER,ADJ,NOM
aliéné;aljene;aliéné;ADJ;0,11;0,09;1;6;6;6;3;VER,ADJ,NOM
aliéné;aljene;aliéné;NOM;2,28;0,54;1;6;6;6;3;VER,ADJ,NOM
alkali;alkali;alkali;NOM;0,06;0,06;1;6;3;6;3;NOM
allais;alE;aller;VER;9992,77;108,69;0;6;0;0;2;VER
allait;alE;aller;VER;9992,77;132,04;0;6;0;0;2;VER
allant;al@;allant;ADJ;0,86;0,76;1;6;5;3;2;ADJ,NOM,VER
allant;al@;allant;NOM;0,41;0,41;1;6;5;3;2;ADJ,NOM,VER
allant;al@;aller;VER;9992,77;8,11;0;6;5;3;2;ADJ,NOM,VER
allers;ale;aller;NOM;17,78;0,56;0;6;0;3;2;NOM
allier;alje;aller;VER;9992,77;0,01;0;6;5;4;2;VER,NOM
allier;alje;allier;NOM;0,03;0,03;1;6;5;4;2;VER,NOM
allier;alje;allier;VER;4,62;1,14;1;6;5;4;2;VER,NOM
alliez;alje;aller;VER;9992,77;16,49;0;6;0;4;2;VER
allium;aljOm;allium;NOM;0,02;0,02;1;6;5;4;2;NOM
alliât;alja;allier;VER;4,62;0;0;6;0;0;2;VER
alliée;alje;allier;VER;4,62;0,21;0;6;0;4;2;VER,ADJ,NOM
alliée;alje;allié;ADJ;2,66;0,16;0;6;0;4;2;VER,ADJ,NOM
alliée;alje;allié;NOM;11,64;1,47;0;6;0;4;2;VER,ADJ,NOM
alliés;alje;allier;VER;4,62;0,44;0;6;0;4;2;VER,ADJ,NOM
alliés;alje;allié;ADJ;2,66;1,47;0;6;0;4;2;VER,ADJ,NOM
alliés;alje;allié;NOM;11,64;7,59;0;6;0;4;2;VER,ADJ,NOM
allocs;alok;alloc;NOM;0,59;0,41;0;6;0;0;2;NOM
allons;al§;aller;VER;9992,77;500,21;0;6;0;3;2;VER
alloua;alwa;allouer;VER;0,57;0;0;6;0;4;2;VER
alloue;alu;allouer;VER;0,57;0,04;0;6;0;0;2;VER
alloué;alwe;allouer;VER;0,57;0,21;0;6;0;4;2;VER
alluma;alyma;allumer;VER;54,8;0,33;0;6;0;0;3;VER
allume;alym;allumer;VER;54,8;19,22;0;6;0;0;2;VER
allumé;alyme;allumer;VER;54,8;6,76;0;6;6;5;3;VER,ADJ,NOM
allumé;alyme;allumé;ADJ;5,76;1,3;1;6;6;5;3;VER,ADJ,NOM
allumé;alyme;allumé;NOM;1,28;0,67;1;6;6;5;3;VER,ADJ,NOM
allure;alyR;allure;NOM;10,57;10;1;6;6;4;2;NOM
alluré;alyRe;alluré;ADJ;0;0;1;6;6;5;3;ADJ
allège;alEZ;alléger;VER;3,65;0,36;0;6;0;0;2;VER
allèle;alEl;allèle;ADJ;0,01;0,01;1;6;5;4;2;ADJ,NOM
allèle;alEl;allèle;NOM;0,04;0,04;1;6;5;4;2;ADJ,NOM
allées;ale;aller;VER;9992,77;3,15;0;6;0;3;2;VER,NOM
allées;ale;allée;NOM;12,17;2,28;0;6;0;3;2;VER,NOM
allégé;aleZe;alléger;VER;3,65;1,16;0;6;0;5;3;VER
almées;alme;almée;NOM;0;0;0;6;0;4;2;NOM
aloses;aloz;alose;NOM;0,04;0;0;6;0;4;2;NOM
aloyau;alwajo;aloyau;NOM;0,27;0,27;1;6;4;5;3;NOM
alpaga;alpaga;alpaga;NOM;0,12;0,12;1;6;6;6;3;NOM
alpage;alpaZ;alpage;NOM;0,01;0;1;6;6;5;2;NOM
alpine;alpin;alpin;ADJ;1,19;0,43;0;6;0;0;2;ADJ
alpins;alp5;alpin;ADJ;1,19;0,58;0;6;0;4;2;ADJ
altier;altje;altier;ADJ;0,56;0,14;1;6;5;5;2;ADJ
altère;altER;altérer;VER;2,62;0,51;0;6;0;5;2;VER
altéra;alteRa;altérer;VER;2,62;0;0;6;0;0;3;VER
altéré;alteRe;altérer;VER;2,62;0,69;0;6;6;6;3;VER,ADJ
altéré;alteRe;altéré;ADJ;0,43;0,22;1;6;6;6;3;VER,ADJ
aludes;alyd;alude;NOM;0,14;0,14;0;6;0;0;2;NOM
alunir;alyniR;alunir;VER;0,43;0,25;1;6;6;6;3;VER
alysse;alis;alysse;NOM;0,03;0,03;1;6;3;4;2;NOM
aléser;aleze;aléser;VER;0;0;1;6;4;4;3;VER
amadou;amadu;amadou;NOM;0,01;0,01;1;6;6;5;3;NOM
amande;am@d;amande;NOM;2,19;1,07;1;6;6;4;2;NOM
amante;am@t;amante;NOM;1,55;1,04;1;6;6;4;2;NOM
amants;am@;amant;NOM;35,03;11,75;0;6;0;3;2;NOM
amarra;amaRa;amarrer;VER;1,44;0,08;0;6;0;0;3;VER
amarre;amaR;amarre;NOM;1,66;0,58;1;6;6;4;2;NOM,VER
amarre;amaR;amarrer;VER;1,44;0,2;0;6;6;4;2;NOM,VER
amarré;amaRe;amarrer;VER;1,44;0,49;0;6;0;5;3;VER
amassa;amasa;amasser;VER;3,46;0,02;0;6;0;0;3;VER
amasse;amas;amasser;VER;3,46;0,71;0;6;0;0;2;VER
amassé;amase;amasser;VER;3,46;0,91;0;6;0;4;3;VER
ambigu;@bigy;ambigu;ADJ;2,58;1,77;1;6;6;5;3;ADJ
ambler;@ble;ambler;VER;0,05;0,05;1;6;6;4;2;VER
ambras;@bRa;ambrer;VER;0,04;0;0;6;0;0;2;VER
ambrer;@bRe;ambrer;VER;0,04;0,01;1;6;6;4;2;VER
ambrée;@bRe;ambrer;VER;0,04;0;0;6;0;4;2;VER,ADJ
ambrée;@bRe;ambré;ADJ;0,19;0,17;0;6;0;4;2;VER,ADJ
ambrés;@bRe;ambrer;VER;0,04;0,01;0;6;0;4;2;VER,ADJ
ambrés;@bRe;ambré;ADJ;0,19;0,01;0;6;0;4;2;VER,ADJ
amenai;am°nE;amener;VER;190,32;0,02;0;6;0;0;3;VER
amende;am@d;amende;NOM;9,37;8,38;1;6;6;4;2;NOM,VER
amende;am@d;amender;VER;1,49;0,18;0;6;6;4;2;NOM,VER
amendé;am@de;amender;VER;1,49;0,05;0;6;0;5;3;VER
amener;am°ne;amener;VER;190,32;35,6;1;6;5;4;3;VER
amenez;am°ne;amener;VER;190,32;21,53;0;6;0;4;3;VER
amenât;am°na;amener;VER;190,32;0;0;6;0;0;3;VER
amenée;am°ne;amener;VER;190,32;7,87;0;6;5;4;3;VER,NOM
amenée;am°ne;amenée;NOM;0,02;0,02;1;6;5;4;3;VER,NOM
amenés;am°ne;amener;VER;190,32;4,71;0;6;0;4;3;VER
amerlo;amERlo;amerlo;NOM;0,1;0;1;6;6;6;3;NOM
amerri;amERi;amerrir;VER;0,13;0,04;0;6;0;0;3;VER
ameuta;am2ta;ameuter;VER;1,48;0;0;6;0;0;3;VER
ameute;am2t;ameuter;VER;1,48;0,3;0;6;0;0;2;VER
ameuté;am2te;ameuter;VER;1,48;0,25;0;6;0;4;3;VER
amibes;amib;amibe;NOM;0,4;0,13;0;6;0;4;2;NOM
amical;amikal;amical;ADJ;9,88;4,26;1;6;6;6;3;ADJ
amidon;amid§;amidon;NOM;0,49;0,49;1;6;6;5;3;NOM
amigos;amigo;amigo;NOM;6,91;2,15;0;6;0;4;3;NOM
aminci;am5si;aminci;ADJ;0,1;0,1;1;6;6;5;3;ADJ,VER
aminci;am5si;amincir;VER;0,25;0,01;0;6;6;5;3;ADJ,VER
aminés;amine;aminé;ADJ;0,36;0,31;0;6;0;5;3;ADJ
amiral;amiRal;amiral;ADJ;4,04;4,02;1;6;6;5;3;ADJ,NOM
amiral;amiRal;amiral;NOM;6;5,6;1;6;6;5;3;ADJ,NOM
amitié;amitje;amitié;NOM;36,69;32,39;1;6;6;4;3;NOM
amnios;amnjos;amnios;NOM;0,04;0,04;1;6;6;6;2;NOM
amoche;amOS;amocher;VER;3,8;0,07;0;6;0;0;2;VER
amoché;amoSe;amocher;VER;3,8;2;0;6;0;4;3;VER
amolli;amoli;amollir;VER;0,17;0,11;0;6;0;0;3;VER
amoral;amoRal;amoral;ADJ;0,68;0,61;1;6;6;6;3;ADJ
amorce;amORs;amorce;NOM;1,76;1,19;1;6;6;5;2;NOM,VER
amorce;amORs;amorcer;VER;2,06;0,36;0;6;6;5;2;NOM,VER
amorcé;amORse;amorcer;VER;2,06;0,2;0;6;0;6;3;VER
amorti;amORti;amorti;ADJ;0,2;0,03;1;6;6;6;3;ADJ,NOM,VER
amorti;amORti;amorti;NOM;0,06;0,05;1;6;6;6;3;ADJ,NOM,VER
amorti;amORti;amortir;VER;1,69;0,51;0;6;6;6;3;ADJ,NOM,VER
amorça;amORsa;amorcer;VER;2,06;0,02;0;6;0;0;3;VER
amours;amuR;amour;NOM;458,27;7,81;0;6;0;4;2;NOM
amphis;@fi;amphi;NOM;0,29;0;0;6;0;3;2;NOM
amphés;@fe;amphé;NOM;0,36;0,36;0;6;0;0;2;NOM
amples;@pl;ample;ADJ;1,3;0,48;0;6;0;3;1;ADJ
amplis;@pli;ampli;NOM;0,98;0,24;0;6;0;4;2;NOM
amputa;@pyta;amputer;VER;3,62;0,01;0;6;0;0;3;VER
ampute;@pyt;amputer;VER;3,62;0,71;0;6;0;0;2;VER
amputé;@pyte;amputer;VER;3,62;0,81;0;6;6;5;3;VER,ADJ,NOM
amputé;@pyte;amputé;ADJ;1,28;0,19;1;6;6;5;3;VER,ADJ,NOM
amputé;@pyte;amputé;NOM;0,27;0,17;1;6;6;5;3;VER,ADJ,NOM
ampère;@pER;ampère;NOM;0,26;0,01;1;6;6;4;2;NOM
amures;amyR;amure;NOM;0,01;0,01;0;6;0;4;2;NOM
amusai;amyzE;amuser;VER;141,41;0,01;0;6;0;0;3;VER
amuser;amyze;amuser;VER;141,41;43,77;1;6;6;5;3;VER
amuses;amyz;amuser;VER;141,41;7,11;0;6;0;0;2;VER
amusez;amyze;amuser;VER;141,41;14,84;0;6;0;5;3;VER
amusât;amyza;amuser;VER;141,41;0,01;0;6;0;0;3;VER
amusée;amyze;amuser;VER;141,41;3,92;0;6;0;5;3;VER
amusés;amyze;amuser;VER;141,41;4,41;0;6;0;5;3;VER
amènes;amEn;amener;VER;190,32;5,79;0;6;0;4;2;VER,ADJ
amènes;amEn;amène;ADJ;0,95;0,14;0;6;0;4;2;VER,ADJ
amères;amER;amer;ADJ;11,94;1,22;0;6;0;4;2;ADJ
anales;anal;anal;ADJ;2,18;0,23;0;6;0;4;2;ADJ
ananas;anana;ananas;NOM;2,02;2,02;1;6;4;4;3;NOM
ancien;@sj5;ancien;ADJ;73,16;32,41;1;6;6;4;2;ADJ,NOM
ancien;@sj5;ancien;NOM;25,42;7,81;1;6;6;4;2;ADJ,NOM
ancrer;@kRe;ancrer;VER;1,79;0,26;1;6;6;4;2;VER
ancres;@kR;ancre;NOM;4,75;0,11;0;6;0;3;1;NOM,VER
ancres;@kR;ancrer;VER;1,79;0,01;0;6;0;3;1;NOM,VER
ancrez;@kRe;ancrer;VER;1,79;0,02;0;6;0;4;2;VER
ancrée;@kRe;ancrer;VER;1,79;0,42;0;6;0;4;2;VER,ADJ
ancrée;@kRe;ancré;ADJ;0,4;0,11;0;6;0;4;2;VER,ADJ
ancrés;@kRe;ancrer;VER;1,79;0,09;0;6;0;4;2;VER,ADJ
ancrés;@kRe;ancré;ADJ;0,4;0,14;0;6;0;4;2;VER,ADJ
andain;@d5;andain;NOM;0;0;1;6;5;3;2;NOM
andine;@din;andin;ADJ;0,01;0,01;0;6;0;0;2;ADJ
angine;@Zin;angine;NOM;1,39;1,2;1;6;5;3;2;NOM
angler;@gle;angler;VER;0,21;0,01;1;6;6;4;2;VER
angles;@gl;angle;NOM;13,29;1,73;0;6;0;3;1;NOM
angora;@goRa;angora;ADJ;0,04;0,04;1;6;6;4;3;ADJ,NOM
angora;@goRa;angora;NOM;0,29;0,29;1;6;6;4;3;ADJ,NOM
anguis;@gi;anguis;NOM;0;0;1;6;6;3;2;NOM
anhèle;anEl;anhéler;VER;0;0;0;6;0;0;2;VER
animai;animE;animer;VER;6,28;0,34;0;6;0;0;3;VER
animal;animal;animal;ADJ;6,33;3,34;1;6;6;6;3;ADJ,NOM
animal;animal;animal;NOM;80,5;36,89;1;6;6;6;3;ADJ,NOM
animas;anima;animer;VER;6,28;0,03;0;6;0;0;3;VER
animer;anime;animer;VER;6,28;0,94;1;6;5;5;3;VER
animes;anim;animer;VER;6,28;0,07;0;6;0;0;2;VER
animus;animys;animus;NOM;0,02;0,02;1;6;5;5;3;NOM
animât;anima;animer;VER;6,28;0;0;6;0;0;3;VER
animée;anime;animer;VER;6,28;0,37;0;6;0;5;3;VER,ADJ
animée;anime;animé;ADJ;6,21;0,35;0;6;0;5;3;VER,ADJ
animés;anime;animer;VER;6,28;0,3;0;6;0;5;3;VER,ADJ
animés;anime;animé;ADJ;6,21;2,66;0;6;0;5;3;VER,ADJ
anisée;anize;aniser;VER;0,11;0,01;0;6;0;5;3;VER
anneau;ano;anneau;NOM;21,61;17,59;1;6;5;3;2;NOM
annelé;an°le;anneler;VER;0;0;0;6;6;4;3;VER,ADJ
annelé;an°le;annelé;ADJ;0;0;1;6;6;4;3;VER,ADJ
annexa;anEksa;annexer;VER;0,9;0;0;6;0;0;3;VER
annexe;anEks;annexe;ADJ;1,17;0,71;1;6;6;5;2;ADJ,NOM,VER
annexe;anEks;annexe;NOM;1,36;1,27;1;6;6;5;2;ADJ,NOM,VER
annexe;anEks;annexer;VER;0,9;0,18;0;6;6;5;2;ADJ,NOM,VER
annexé;anEkse;annexer;VER;0,9;0,14;0;6;6;6;3;VER
annote;anOt;annoter;VER;0,12;0,02;0;6;0;0;2;VER
annoté;anote;annoter;VER;0,12;0,02;0;6;0;5;3;VER
annuel;an8El;annuel;ADJ;5,78;3,28;1;6;6;5;2;ADJ
annula;anyla;annuler;VER;42,11;0;0;6;0;0;3;VER
annule;anyl;annuler;VER;42,11;7,34;0;6;0;0;2;VER
annulé;anyle;annuler;VER;42,11;10,94;0;6;6;5;3;VER,ADJ
annulé;anyle;annulé;ADJ;1,75;1,18;1;6;6;5;3;VER,ADJ
années;ane;année;NOM;316,25;186,61;0;6;0;3;2;NOM
anobli;anobli;anobli;ADJ;0,02;0,01;1;6;6;6;3;ADJ,VER
anobli;anobli;anoblir;VER;0,47;0,08;0;6;6;6;3;ADJ,VER
anodin;anod5;anodin;ADJ;1,03;0,38;1;6;6;4;3;ADJ
anorak;anoRak;anorak;NOM;0,49;0,25;1;6;5;5;3;NOM
anoxie;anOksi;anoxie;NOM;0,09;0,09;1;6;4;4;3;NOM
ansées;@se;ansé;ADJ;0,02;0,01;0;6;0;0;2;ADJ
antres;@tR;antre;NOM;2,96;0,01;0;6;0;3;1;NOM
anuité;an8ite;anuiter;VER;0;0;0;6;0;0;3;VER
anémie;anemi;anémie;NOM;1,31;1,31;1;6;6;5;3;NOM,VER
anémie;anemi;anémier;VER;0,04;0,02;0;6;6;5;3;NOM,VER
anémié;anemje;anémier;VER;0,04;0,01;0;6;6;5;3;VER,ADJ
anémié;anemje;anémié;ADJ;0,02;0;1;6;6;5;3;VER,ADJ
aoûtat;auta;aoûtat;NOM;0,08;0,08;1;6;5;3;3;NOM
apache;apaS;apache;ADJ;0,6;0,4;1;6;4;4;2;ADJ,NOM
apache;apaS;apache;NOM;0,11;0,09;1;6;4;4;2;ADJ,NOM
apaisa;apEza;apaiser;VER;8,52;0,12;0;6;0;0;3;VER
apaise;apEz;apaiser;VER;8,52;2,01;0;6;0;0;2;VER
apaisé;apeze;apaiser;VER;8,52;1,08;0;6;0;4;3;VER
aparté;apaRte;aparté;NOM;0,24;0,2;1;6;6;6;3;NOM
aperçu;apERsy;apercevoir;VER;34,56;8,28;0;6;5;6;3;VER,NOM
aperçu;apERsy;aperçu;NOM;2,04;2,02;1;6;5;6;3;VER,NOM
apeura;ap9Ra;apeurer;VER;0,36;0;0;6;0;0;3;VER
apeure;ap9R;apeurer;VER;0,36;0,01;0;6;0;0;2;VER
apeuré;ap9Re;apeurer;VER;0,36;0,21;0;6;6;3;3;VER,ADJ
apeuré;ap9Re;apeuré;ADJ;1,31;0,69;1;6;6;3;3;VER,ADJ
aphone;afOn;aphone;ADJ;0,27;0,25;1;6;6;4;2;ADJ
aphtes;aft;aphte;NOM;0,05;0,05;0;6;0;0;1;NOM
aplani;aplani;aplanir;VER;0,61;0,05;0;6;0;0;3;VER
aplati;aplati;aplati;ADJ;0,3;0,09;1;6;6;6;3;ADJ,VER
aplati;aplati;aplatir;VER;1,91;0,32;0;6;6;6;3;ADJ,VER
aplats;apla;aplat;NOM;0,01;0,01;0;6;0;4;2;NOM
aplomb;apl§;aplomb;NOM;1,61;1,61;1;6;4;4;2;NOM
apogée;apoZe;apogée;NOM;1,4;1,4;1;6;4;4;3;NOM
appart;apaRt;appart;NOM;18,07;17,48;1;6;6;5;2;NOM
apparu;apaRy;apparaître;VER;43,78;6,43;0;6;0;0;3;VER
appeau;apo;appeau;NOM;0,08;0,06;1;6;5;3;2;NOM
appela;ap°la;appeler;VER;1165,48;1,67;0;6;0;0;3;VER
appels;apEl;appel;NOM;100,18;19,3;0;6;0;4;2;NOM
appelé;ap°le;appeler;VER;1165,48;144,29;0;6;6;5;3;VER,NOM
appelé;ap°le;appelé;NOM;3,39;3,08;1;6;6;5;3;VER,NOM
appert;apER;appert;VER;0;0;1;6;5;4;2;VER
apport;apOR;apport;NOM;1,8;1,63;1;6;6;4;2;NOM
apposa;apoza;apposer;VER;0,95;0,01;0;6;0;0;3;VER
appose;apoz;apposer;VER;0,95;0,4;0;6;0;0;2;VER
apposé;apoze;apposer;VER;0,95;0,04;0;6;0;5;3;VER
appris;apRi;apprendre;VER;348,47;120,98;0;6;6;4;2;VER,ADJ
appris;apRi;appris;ADJ;0,84;0,69;1;6;6;4;2;VER,ADJ
apprit;apRi;apprendre;VER;348,47;1,48;0;6;0;4;2;VER
apprêt;apRE;apprêt;NOM;0,14;0,11;1;6;6;4;2;NOM
apprît;apRi;apprendre;VER;348,47;0,01;0;6;0;4;2;VER
appuie;ap8i;appuyer;VER;40,95;14,57;0;6;0;4;2;VER
appuis;ap8i;appui;NOM;8,81;0,98;0;6;0;4;2;NOM
appuya;ap8ija;appuyer;VER;40,95;0,12;0;6;0;0;3;VER
appuyé;ap8ije;appuyer;VER;40,95;4;0;6;6;5;3;VER,ADJ
appuyé;ap8ije;appuyé;ADJ;0,6;0,27;1;6;6;5;3;VER,ADJ
appâte;apat;appâter;VER;1,59;0,14;0;6;0;0;2;VER
appâts;apa;appât;NOM;6,74;0,77;0;6;0;3;2;NOM
appâté;apate;appâter;VER;1,59;0,31;0;6;0;5;3;VER
aprème;apREm;aprèm;NOM;0,22;0;0;6;0;5;2;NOM
aptère;aptER;aptère;ADJ;0;0;1;6;4;4;2;ADJ
apurer;apyRe;apurer;VER;0,01;0,01;1;6;3;3;3;VER
apurés;apyRe;apurer;VER;0,01;0;0;6;0;3;3;VER
apâlis;apali;apâlir;VER;0;0;0;6;0;0;3;VER
apéros;apeRo;apéro;NOM;0,78;0,17;0;6;0;5;3;NOM
apôtre;apotR;apôtre;NOM;2,89;1,36;1;6;3;5;2;NOM
aqueux;ak2;aqueux;ADJ;0,09;0,02;1;6;5;3;2;ADJ
arabes;aRab;arabe;ADJ;9,66;3,37;0;6;0;4;2;ADJ,NOM
arabes;aRab;arabe;NOM;13,62;6,91;0;6;0;4;2;ADJ,NOM
arable;aRabl;arable;ADJ;0,18;0,04;1;6;5;5;2;ADJ
araire;aRER;araire;NOM;0,01;0,01;1;6;5;4;2;NOM
aralia;aRalja;aralia;NOM;0;0;1;6;5;5;3;NOM
aramon;aRam§;aramon;NOM;0;0;1;6;5;5;3;NOM
araser;aRaze;araser;VER;0,1;0,1;1;6;4;4;3;VER
arasée;aRaze;araser;VER;0,1;0;0;6;0;4;3;VER
arbois;aRbwa;arbois;NOM;0;0;1;6;5;4;2;NOM
arbora;aRboRa;arborer;VER;0,53;0,01;0;6;0;0;3;VER
arbore;aRbOR;arborer;VER;0,53;0,1;0;6;0;0;2;VER
arboré;aRboRe;arborer;VER;0,53;0,01;0;6;0;6;3;VER
arbres;aRbR;arbre;NOM;81,69;32,4;0;6;0;4;1;NOM
arcade;aRkad;arcade;NOM;1,25;0,91;1;6;6;5;2;NOM
arcane;aRkan;arcane;NOM;0,09;0,05;1;6;6;5;2;NOM
arcans;aRk@;arcan;NOM;0,02;0,02;0;6;0;4;2;NOM
arceau;aRso;arceau;NOM;0,17;0,14;1;6;4;4;2;NOM
archer;aRSe;archer;NOM;3,77;2,24;1;6;6;4;2;NOM
arches;aRS;arche;NOM;3,19;0,36;0;6;0;3;1;NOM
archet;aRSE;archet;NOM;0,47;0,46;1;6;6;4;2;NOM
archie;aRSi;archi-e;NOM;0,01;0,01;0;6;0;4;2;NOM
ardais;aRdE;arder;VER;0,51;0;0;6;0;0;2;VER
ardait;aRdE;arder;VER;0,51;0;0;6;0;0;2;VER
ardant;aRd@;arder;VER;0,51;0,01;0;6;0;4;2;VER
ardent;aRd@;ardent;ADJ;8,43;4,16;1;6;6;4;2;ADJ,NOM
ardent;aRd@;ardent;NOM;0,32;0,31;1;6;6;4;2;ADJ,NOM
ardeur;aRd9R;ardeur;NOM;7,08;5,6;1;6;5;4;2;NOM
ardito;aRdito;ardito;ADV;0;0;1;6;5;5;3;ADV
ardues;aRdy;ardu;ADJ;1,42;0,06;0;6;0;4;2;ADJ
argans;aRg@;argan;NOM;0;0;0;6;0;0;2;NOM
argent;aRZ@;argent;ADJ;9,41;9,41;1;6;6;4;2;ADJ,NOM
argent;aRZ@;argent;NOM;515,1;515,04;1;6;6;4;2;ADJ,NOM
argile;aRZil;argile;NOM;4,26;4,25;1;6;6;5;2;NOM
argots;aRgo;argot;NOM;1,06;0;0;6;0;4;2;NOM
arguer;aRge;arguer;VER;0,27;0,05;1;6;5;4;2;VER
arides;aRid;aride;ADJ;1,3;0,14;0;6;0;4;2;ADJ
ariens;aRj5;arien;ADJ;0,72;0;0;6;0;4;2;ADJ,NOM
ariens;aRj5;arien;NOM;0,04;0,04;0;6;0;4;2;ADJ,NOM
arioso;aRjozo;arioso;NOM;0;0;1;6;4;4;3;NOM
aristo;aRisto;aristo;ADJ;0,08;0,05;1;6;6;6;3;ADJ,NOM
aristo;aRisto;aristo;NOM;0,4;0,28;1;6;6;6;3;ADJ,NOM
arkose;aRkoz;arkose;NOM;0;0;1;6;3;4;2;NOM
armada;aRmada;armada;NOM;1,05;1,04;1;6;6;6;3;NOM
armait;aRmE;armer;VER;29,77;0,16;0;6;0;0;2;VER
armant;aRm@;armer;VER;29,77;0,01;0;6;0;0;2;VER
arment;aRm;armer;VER;29,77;0,17;0;6;0;3;1;VER
armons;aRm§;armer;VER;29,77;0,14;0;6;0;4;2;VER
armure;aRmyR;armure;NOM;5,46;5;1;6;6;5;2;NOM
armées;aRme;armer;VER;29,77;0,75;0;6;0;4;2;VER,ADJ,NOM
armées;aRme;armé;ADJ;26,53;4,18;0;6;0;4;2;VER,ADJ,NOM
armées;aRme;armée;NOM;101,07;7,1;0;6;0;4;2;VER,ADJ,NOM
arnica;aRnika;arnica;NOM;0,02;0,02;1;6;4;4;3;NOM
aronde;aR§d;aronde;NOM;0;0;1;6;4;4;2;NOM
arpent;aRp@;arpent;NOM;0,56;0,17;1;6;6;4;2;NOM
arpion;aRpj§;arpion;NOM;0,03;0;1;6;4;4;2;NOM
arpège;aRpEZ;arpège;NOM;0,2;0,03;1;6;5;5;2;NOM
arpète;aRpEt;arpète;NOM;0;0;1;6;5;5;2;NOM
arpégé;aRpeZe;arpéger;VER;0,14;0,14;0;6;0;0;3;VER
arquer;aRke;arquer;VER;0,34;0,31;1;6;6;4;2;VER
arquée;aRke;arquer;VER;0,34;0,01;0;6;0;4;2;VER,ADJ
arquée;aRke;arqué;ADJ;0,14;0;0;6;0;4;2;VER,ADJ
arqués;aRke;arquer;VER;0,34;0,01;0;6;0;4;2;VER,ADJ
arqués;aRke;arqué;ADJ;0,14;0,01;0;6;0;4;2;VER,ADJ
arrhes;aR;arrhe;NOM;0,3;0,3;0;6;0;2;1;NOM
arrima;aRima;arrimer;VER;0,97;0;0;6;0;0;3;VER
arrime;aRim;arrimer;VER;0,97;0,05;0;6;0;0;2;VER
arrimé;aRime;arrimer;VER;0,97;0,16;0;6;0;5;3;VER
arriva;aRiva;arriver;VER;1252,42;5,75;0;6;0;0;3;VER
arrive;aRiv;arriver;VER;1252,42;525,1;0;6;0;0;2;VER
arrivé;aRive;arriver;VER;1252,42;203,06;0;6;6;5;3;VER,ADJ,NOM
arrivé;aRive;arrivé;ADJ;59,24;52,22;1;6;6;5;3;VER,ADJ,NOM
arrivé;aRive;arrivé;NOM;2,52;2;1;6;6;5;3;VER,ADJ,NOM
arroge;aROZ;arroger;VER;0,39;0,22;0;6;0;0;2;VER
arrogé;aRoZe;arroger;VER;0,39;0,02;0;6;0;4;3;VER
arrosa;aRoza;arroser;VER;14,07;0;0;6;0;0;3;VER
arrose;aRoz;arroser;VER;14,07;3,34;0;6;0;0;2;VER
arrosé;aRoze;arroser;VER;14,07;1,7;0;6;6;5;3;VER,ADJ
arrosé;aRoze;arrosé;ADJ;0,84;0,56;1;6;6;5;3;VER,ADJ
arrêta;aREta;arrêter;VER;993,79;1,68;0;6;0;0;3;VER
arrête;aREt;arrêter;VER;993,79;456,59;0;6;0;4;2;VER
arrêts;aRE;arrêt;NOM;50,88;4,08;0;6;0;3;2;NOM
arrêté;aRete;arrêter;VER;993,79;77,28;0;6;6;5;3;VER,ADJ,NOM
arrêté;aRete;arrêté;ADJ;4,74;2,73;1;6;6;5;3;VER,ADJ,NOM
arrêté;aRete;arrêté;NOM;2,71;2,22;1;6;6;5;3;VER,ADJ,NOM
artère;aRtER;artère;NOM;5,13;3,13;1;6;4;4;2;NOM
aryens;aRj5;aryen;ADJ;1,84;0,5;0;6;0;4;2;ADJ,NOM
aryens;aRj5;aryen;NOM;0,09;0,07;0;6;0;4;2;ADJ,NOM
arzels;aRzEl;arzel;NOM;0;0;0;6;0;0;2;NOM
arçons;aRs§;arçon;NOM;0,02;0,01;0;6;0;4;2;NOM
arènes;aREn;arène;NOM;2,5;0,25;0;6;0;4;2;NOM
aréole;aReOl;aréole;NOM;0,04;0,04;1;6;5;4;3;NOM
arétin;aRet5;arétin;NOM;0;0;1;6;4;5;3;NOM
arêtes;aREt;arête;NOM;1,6;0,9;0;6;0;4;2;NOM
arômes;aRom;arôme;NOM;1,43;0,32;0;6;0;4;2;NOM
ascite;asit;ascite;NOM;0,04;0,04;1;6;4;4;2;NOM
ascèse;asEz;ascèse;NOM;0;0;1;6;5;4;2;NOM
ascète;asEt;ascète;NOM;0,06;0,02;1;6;5;4;2;NOM
asexué;aseks8e;asexué;ADJ;0,33;0,13;1;6;6;4;3;ADJ
ashram;aSRam;ashram;NOM;0,16;0,16;1;6;4;3;2;NOM
asiate;azjat;asiate;ADJ;0,01;0,01;1;6;6;5;2;ADJ,NOM
asiate;azjat;asiate;NOM;0,01;0,01;1;6;6;5;2;ADJ,NOM
asiles;azil;asile;NOM;26,56;1,04;0;6;0;4;2;NOM
aspect;aspE;aspect;NOM;12,78;9,88;1;6;5;4;2;NOM
aspics;aspik;aspic;NOM;0,54;0,02;0;6;0;5;2;NOM
aspira;aspiRa;aspirer;VER;12,07;0,03;0;6;0;0;3;VER
aspire;aspiR;aspirer;VER;12,07;4,24;0;6;0;0;2;VER
aspiré;aspiRe;aspirer;VER;12,07;2;0;6;6;6;3;VER,ADJ
aspiré;aspiRe;aspiré;ADJ;0,13;0,04;1;6;6;6;3;VER,ADJ
assagi;asaZi;assagi;ADJ;0,06;0,06;1;6;6;5;3;ADJ,VER
assagi;asaZi;assagir;VER;0,42;0,14;0;6;6;5;3;ADJ,VER
assaut;aso;assaut;NOM;12,12;11,23;1;6;5;3;2;NOM
asseau;aso;asseau;NOM;0,03;0,03;1;6;5;3;2;NOM
assena;asena;assener;VER;0,11;0;0;6;0;0;3;VER
assené;asene;assener;VER;0,11;0;0;6;0;5;3;VER
asseye;asEj;asseoir;VER;322,71;0,61;0;6;0;0;2;VER
assidu;asidy;assidu;ADJ;0,68;0,5;1;6;6;5;3;ADJ
assied;asje;asseoir;VER;322,71;4,74;0;6;0;4;2;VER
assise;asiz;asseoir;VER;322,71;15,99;0;6;6;4;2;VER,ADJ,NOM
assise;asiz;assis;ADJ;20,89;3,47;0;6;6;4;2;VER,ADJ,NOM
assise;asiz;assise;NOM;3,88;2,01;1;6;6;4;2;VER,ADJ,NOM
assoie;aswa;asseoir;VER;322,71;1,14;0;6;0;0;2;VER
assois;aswa;asseoir;VER;322,71;4,94;0;6;0;0;2;VER
assoit;aswa;asseoir;VER;322,71;3,31;0;6;0;0;2;VER
assoté;asote;assoter;VER;0;0;0;6;0;0;3;VER
assuma;asyma;assumer;VER;12,83;0,03;0;6;0;0;3;VER
assume;asym;assumer;VER;12,83;4,17;0;6;0;0;2;VER
assumé;asyme;assumer;VER;12,83;0,53;0;6;0;4;3;VER
assura;asyRa;assurer;VER;107,71;0,22;0;6;0;0;3;VER
assure;asyR;assurer;VER;107,71;43,77;0;6;0;0;2;VER
assuré;asyRe;assurer;VER;107,71;8,4;0;6;6;5;3;VER,ADJ,NOM
assuré;asyRe;assuré;ADJ;3,45;1,56;1;6;6;5;3;VER,ADJ,NOM
assuré;asyRe;assuré;NOM;0,8;0,39;1;6;6;5;3;VER,ADJ,NOM
assyro;asiRo;assyro;ADV;0;0;1;6;6;5;3;ADV
assène;asEn;assener;VER;0,11;0,03;0;6;0;0;2;VER
asséna;asena;asséner;VER;0,14;0,01;0;6;0;0;3;VER
asséné;asene;asséner;VER;0,14;0,05;0;6;0;5;3;VER
asters;astER;aster;NOM;0,42;0;0;6;0;5;2;NOM
asthme;asm;asthme;NOM;3,14;3,13;1;6;6;3;1;NOM
astral;astRal;astral;ADJ;2,02;0,78;1;6;6;6;2;ADJ
astres;astR;astre;NOM;3,13;1,24;0;6;0;4;1;NOM
astuce;astys;astuce;NOM;3,36;2,74;1;6;6;5;2;NOM
atabeg;atab°g;atabeg;NOM;0;0;1;6;4;5;3;NOM
ataman;atam@;ataman;NOM;0,1;0,1;1;6;4;4;3;NOM
ataxie;ataksi;ataxie;NOM;0,01;0,01;1;6;4;5;3;NOM
athées;ate;athée;ADJ;1,39;0,24;0;6;0;3;2;ADJ,NOM
athées;ate;athée;NOM;1,77;0,27;0;6;0;3;2;ADJ,NOM
atolls;atOl;atoll;NOM;0,15;0,03;0;6;0;4;2;NOM
atomes;atom;atome;NOM;2,85;1,55;0;6;0;4;2;NOM
atonal;atonal;atonal;ADJ;0,03;0,01;1;6;5;5;3;ADJ
atones;aton;atone;ADJ;0,02;0;0;6;0;4;2;ADJ
atonie;atoni;atonie;NOM;0,01;0,01;1;6;5;5;3;NOM
atours;atuR;atour;NOM;1,09;0,95;0;6;0;4;2;NOM
atouts;atu;atout;NOM;5,74;2,08;0;6;0;3;2;NOM
atrium;atRijOm;atrium;NOM;0,3;0,3;1;6;4;5;3;NOM
atroce;atROs;atroce;ADJ;10,94;8,41;1;6;6;5;2;ADJ
attela;at°la;atteler;VER;2,12;0,02;0;6;0;0;3;VER
attelé;at°le;atteler;VER;2,12;0,15;0;6;0;5;3;VER
attend;at@;attendre;VER;1351,46;173,86;0;6;0;0;2;VER
attifa;atifa;attifer;VER;0,3;0;0;6;0;0;3;VER
attife;atif;attifer;VER;0,3;0;0;6;0;4;2;VER
attifé;atife;attifer;VER;0,3;0,25;0;6;0;5;3;VER
attige;atiZ;attiger;VER;0;0;0;6;0;0;2;VER
attira;atiRa;attirer;VER;54,91;0,33;0;6;0;0;3;VER
attire;atiR;attirer;VER;54,91;13,43;0;6;0;0;2;VER
attiré;atiRe;attirer;VER;54,91;8,15;0;6;0;5;3;VER
attisa;atiza;attiser;VER;1,88;0,01;0;6;0;0;3;VER
attise;atiz;attiser;VER;1,88;0,55;0;6;0;0;2;VER
attisé;atize;attiser;VER;1,88;0,29;0;6;0;5;3;VER
aubade;obad;aubade;NOM;0,01;0,01;1;6;6;3;2;NOM
aubain;ob5;aubain;NOM;0;0;1;6;6;3;2;NOM
aubier;obje;aubier;NOM;0;0;1;6;4;3;2;NOM
aubour;obuR;aubour;NOM;0;0;1;6;4;3;2;NOM
auburn;ob9Rn;auburn;ADJ;0,23;0,23;1;6;5;3;2;ADJ
aubère;obER;aubère;ADJ;0;0;1;6;4;4;2;ADJ,NOM
aubère;obER;aubère;NOM;0;0;1;6;4;4;2;ADJ,NOM
aucune;okyn;aucune;ADJ:ind;207;207;1;6;6;4;2;ADJ:ind,PRO:ind
aucune;okyn;aucune;PRO:ind;20,73;20,73;1;6;6;4;2;ADJ:ind,PRO:ind
aucuns;ok1;aucuns;ADJ:ind;1,22;1,22;1;6;6;3;2;ADJ:ind
audace;odas;audace;NOM;5,12;5,1;1;6;6;4;2;NOM
audits;odit;audit;NOM;0,54;0,06;0;6;0;4;2;NOM
augure;ogyR;augure;NOM;3,21;2,13;1;6;6;4;2;NOM,VER
augure;ogyR;augurer;VER;0,81;0,44;0;6;6;4;2;NOM,VER
aulnes;on;aulne;NOM;0,04;0;0;6;0;2;1;NOM
aumône;omon;aumône;NOM;3,57;3,09;1;6;6;4;2;NOM
auprès;opRE;auprès;ADV;0,2;0,2;1;6;4;4;2;ADV,PRE
auprès;opRE;auprès;PRE;29,95;29,95;1;6;4;4;2;ADV,PRE
auquel;okEl;auquel;PRO:int;9,97;0,29;1;6;3;4;2;PRO:int,PRO:rel
auquel;okEl;auquel;PRO:rel;9,97;9,68;1;6;3;4;2;PRO:int,PRO:rel
aurais;oRE;avoir;AUX;18559,22;354,36;0;6;0;3;2;AUX,VER
aurais;oRE;avoir;VER;13572,4;74,56;0;6;0;3;2;AUX,VER
aurait;oRE;avoir;AUX;18559,22;282,17;0;6;0;3;2;AUX,VER
aurait;oRE;avoir;VER;13572,4;64,61;0;6;0;3;2;AUX,VER
aureus;oReys;aureus;NOM;0,03;0,03;1;6;4;4;3;NOM
auriez;oRje;avoir;AUX;18559,22;46,75;0;6;0;0;2;AUX,VER
auriez;oRje;avoir;VER;13572,4;20,82;0;6;0;0;2;AUX,VER
aurige;oRiZ;aurige;NOM;0;0;1;6;5;4;2;NOM
aurone;oROn;aurone;NOM;0;0;1;6;5;4;2;NOM
aurons;oR§;avoir;AUX;18559,22;4,22;0;6;0;0;2;AUX,VER
aurons;oR§;avoir;VER;13572,4;23,03;0;6;0;0;2;AUX,VER
auront;oR§;avoir;AUX;18559,22;7,46;0;6;0;0;2;AUX,VER
auront;oR§;avoir;VER;13572,4;22,01;0;6;0;0;2;AUX,VER
aurore;oROR;aurore;NOM;3,68;3,01;1;6;6;4;2;NOM
austro;ostRo;austro;ADV;0,02;0,02;1;6;6;5;2;ADV
autant;ot@;autant;ADV;152,16;152,16;1;6;6;3;2;ADV
autels;otEl;autel;NOM;8,27;0,66;0;6;0;4;2;NOM
auteur;ot9R;auteur;NOM;23,52;17,62;1;6;5;3;2;NOM
autour;otuR;autour;ADV;87,02;87,02;1;6;5;3;2;ADV,NOM
autour;otuR;autour;NOM;0,42;0,27;1;6;5;3;2;ADV,NOM
autres;otR;autre;ADJ;786,09;117,61;0;6;6;3;1;ADJ,NOM,ADJ:num,ADV,PRO:ind
autres;otR;autre;NOM;7,48;1,23;0;6;6;3;1;ADJ,NOM,ADJ:num,ADV,PRO:ind
autres;otR;autres;ADJ:num;0,17;0,17;1;6;6;3;1;ADJ,NOM,ADJ:num,ADV,PRO:ind
autres;otR;autres;ADV;0,02;0,02;1;6;6;3;1;ADJ,NOM,ADJ:num,ADV,PRO:ind
autres;otR;autres;PRO:ind;249,7;249,7;1;6;6;3;1;ADJ,NOM,ADJ:num,ADV,PRO:ind
autrui;otR8i;autrui;PRO:ind;6,56;6,56;1;6;6;4;2;PRO:ind
auvent;ov@;auvent;NOM;0,46;0,31;1;6;5;3;2;NOM
avachi;avaSi;avachi;ADJ;0,24;0,04;1;6;6;5;3;ADJ,VER
avachi;avaSi;avachir;VER;0,33;0,23;0;6;6;5;3;ADJ,VER
avalai;avalE;avaler;VER;35,89;0;0;6;0;0;3;VER
avaler;avale;avaler;VER;35,89;11,95;1;6;6;5;3;VER
avales;aval;avaler;VER;35,89;1,11;0;6;0;4;2;VER
avalez;avale;avaler;VER;35,89;1,73;0;6;0;5;3;VER
avalât;avala;avaler;VER;35,89;0;0;6;0;0;3;VER
avalée;avale;avaler;VER;35,89;0,71;0;6;0;5;3;VER
avalés;avale;avaler;VER;35,89;0,74;0;6;0;5;3;VER
avance;av@s;avance;NOM;69,25;65,68;1;6;6;4;2;NOM,VER
avance;av@s;avancer;VER;95,62;30,92;0;6;6;4;2;NOM,VER
avancé;av@se;avancer;VER;95,62;6,08;0;6;6;5;3;VER,ADJ
avancé;av@se;avancé;ADJ;6,71;2,75;1;6;6;5;3;VER,ADJ
avanie;avani;avanie;NOM;0,04;0,04;1;6;5;5;3;NOM
avants;av@;avant;NOM;8,05;0,11;0;6;0;3;2;NOM
avança;av@sa;avancer;VER;95,62;0,48;0;6;0;0;3;VER
avares;avaR;avare;ADJ;2,69;0,43;0;6;0;4;2;ADJ,NOM
avares;avaR;avare;NOM;0,64;0,13;0;6;0;4;2;ADJ,NOM
avarie;avaRi;avarie;NOM;1,19;0,25;1;6;6;5;3;NOM
avarié;avaRje;avarier;VER;0,23;0,03;0;6;6;5;3;VER,ADJ
avarié;avaRje;avarié;ADJ;0,92;0,2;1;6;6;5;3;VER,ADJ
avaros;avaRo;avaro;NOM;0;0;0;6;0;5;3;NOM
avatar;avataR;avatar;NOM;2,55;2,41;1;6;4;4;3;NOM
avenir;av°niR;avenir;NOM;72,61;72,47;1;6;5;5;3;NOM,VER
avenir;av°niR;avenir;VER;0,17;0,17;1;6;5;5;3;NOM,VER
avenue;av°ny;avenue;ADJ;5,58;5,58;1;6;6;5;3;ADJ,NOM
avenue;av°ny;avenue;NOM;8,7;8,19;1;6;6;5;3;ADJ,NOM
avenus;av°ny;avenu;ADJ;0,07;0,03;0;6;0;5;3;ADJ
averse;avERs;averse;NOM;1,77;1,15;1;6;6;5;2;NOM
averti;avERti;averti;ADJ;1,1;0,64;1;6;6;6;3;ADJ,VER
averti;avERti;avertir;VER;30,8;6,26;0;6;6;6;3;ADJ,VER
aveuli;av2li;aveulir;VER;0;0;0;6;0;0;3;VER
avides;avid;avide;ADJ;3,52;1,57;0;6;0;4;2;ADJ
avilie;avili;avilir;VER;0,69;0,2;0;6;0;0;3;VER
avilir;aviliR;avilir;VER;0,69;0,27;1;6;6;6;3;VER
avilis;avili;avilir;VER;0,69;0,04;0;6;0;0;3;VER
avilit;avili;avilir;VER;0,69;0,09;0;6;0;0;3;VER
avinée;avine;aviné;ADJ;0,05;0,01;0;6;0;4;3;ADJ
avinés;avine;aviner;VER;0,01;0,01;0;6;0;4;3;VER,ADJ
avinés;avine;aviné;ADJ;0,05;0,03;0;6;0;4;3;VER,ADJ
avions;avj§;avion;NOM;128,35;22,81;0;6;0;4;2;NOM,AUX,VER
avions;avj§;avoir;AUX;18559,22;16,42;0;6;0;4;2;NOM,AUX,VER
avions;avj§;avoir;VER;13572,4;23,85;0;6;0;4;2;NOM,AUX,VER
aviron;aviR§;aviron;NOM;1,73;1,35;1;6;4;4;3;NOM
avisai;avizE;aviser;VER;9,77;0,01;0;6;0;0;3;VER
aviser;avize;aviser;VER;9,77;0,65;1;6;5;5;3;VER
avises;aviz;aviser;VER;9,77;0,32;0;6;0;0;2;VER
avisez;avize;aviser;VER;9,77;0,89;0;6;0;5;3;VER
avisos;avizo;aviso;NOM;0,02;0;0;6;0;5;3;NOM
avisât;aviza;aviser;VER;9,77;0,27;0;6;0;0;3;VER
avisée;avize;aviser;VER;9,77;0,23;0;6;0;5;3;VER,ADJ
avisée;avize;avisé;ADJ;1,76;0,32;0;6;0;5;3;VER,ADJ
avisés;avize;aviser;VER;9,77;0,27;0;6;0;5;3;VER,ADJ
avisés;avize;avisé;ADJ;1,76;0,56;0;6;0;5;3;VER,ADJ
aviver;avive;aviver;VER;0,19;0,03;1;6;5;4;3;VER
avivât;aviva;aviver;VER;0,19;0;0;6;0;0;3;VER
avivée;avive;aviver;VER;0,19;0;0;6;0;4;3;VER
avivés;avive;aviver;VER;0,19;0;0;6;0;4;3;VER
avocat;avoka;avocat;NOM;112,69;89,28;1;6;6;5;3;NOM
avoine;avwan;avoine;NOM;1,54;1,52;1;6;6;5;2;NOM
avoirs;avwaR;avoir;NOM;3,13;0,41;0;6;0;5;2;NOM
avorta;avORta;avorter;VER;5,43;0,01;0;6;0;0;3;VER
avorte;avORt;avorter;VER;5,43;0,61;0;6;0;0;2;VER
avorté;avORte;avorter;VER;5,43;1,01;0;6;6;6;3;VER,ADJ
avorté;avORte;avorté;ADJ;0,4;0,12;1;6;6;6;3;VER,ADJ
avouai;avwE;avouer;VER;61,56;0;0;6;0;0;2;VER
avouas;avwa;avouer;VER;61,56;0;0;6;0;0;2;VER
avouer;avwe;avouer;VER;61,56;18,28;1;6;5;4;2;VER
avoues;avu;avouer;VER;61,56;1,23;0;6;0;0;2;VER
avouez;avue;avouer;VER;61,56;4,07;0;6;0;0;3;VER
avouât;avwa;avouer;VER;61,56;0;0;6;0;0;2;VER
avouée;avwe;avouer;VER;61,56;0,02;0;6;0;4;2;VER,ADJ
avouée;avwe;avoué;ADJ;0,24;0,1;0;6;0;4;2;VER,ADJ
avoués;avwe;avouer;VER;61,56;0,02;0;6;0;4;2;VER,ADJ,NOM
avoués;avwe;avoué;ADJ;0,24;0,01;0;6;0;4;2;VER,ADJ,NOM
avoués;avwe;avoué;NOM;0,47;0,01;0;6;0;4;2;VER,ADJ,NOM
avoyer;avwaje;avoyer;VER;0;0;1;6;4;5;3;VER
avérai;aveRE;avérer;VER;9,26;0;0;6;0;0;3;VER
avérer;aveRe;avérer;VER;9,26;0,88;1;6;5;4;3;VER
avérât;aveRa;avérer;VER;9,26;0;0;6;0;0;3;VER
avérée;aveRe;avérer;VER;9,26;0,37;0;6;0;4;3;VER,ADJ
avérée;aveRe;avéré;ADJ;0,4;0,06;0;6;0;4;3;VER,ADJ
avérés;aveRe;avérer;VER;9,26;0,19;0;6;0;4;3;VER,ADJ
avérés;aveRe;avéré;ADJ;0,4;0,16;0;6;0;4;3;VER,ADJ
axiale;aksjal;axial;ADJ;0,06;0,04;0;6;0;5;2;ADJ
axiome;aksjom;axiome;NOM;0,11;0,1;1;6;6;6;2;NOM
axonge;aks§Z;axonge;NOM;0;0;1;6;4;4;2;NOM
azalée;azale;azalée;NOM;0,13;0,05;1;6;3;4;3;NOM
azimut;azimyt;azimut;NOM;0,78;0,26;1;6;6;6;3;NOM
azurée;azyRe;azurer;VER;0;0;0;6;0;5;3;VER,ADJ
azurée;azyRe;azuré;ADJ;0,14;0,01;0;6;0;5;3;VER,ADJ
azurés;azyRe;azuré;ADJ;0,14;0;0;6;0;5;3;ADJ
azygos;azigOs;azygos;ADJ;0,01;0,01;1;6;4;4;3;ADJ
azéris;azeRi;azéri;ADJ;0,27;0;0;6;0;3;3;ADJ
aérage;aeRaZ;aérage;NOM;0,06;0,06;1;6;5;5;3;NOM
aérait;aeRE;aérer;VER;2,65;0,01;0;6;0;0;3;VER
aérien;aeRj5;aérien;ADJ;13,71;4,84;1;6;4;4;3;ADJ,NOM
aérien;aeRj5;aérien;NOM;0,05;0,04;1;6;4;4;3;ADJ,NOM
aérons;aeR§;aérer;VER;2,65;0,01;0;6;0;0;3;VER
aérées;aeRe;aéré;ADJ;0,5;0;0;6;0;4;3;ADJ
aînées;ene;aîné;ADJ;6,27;0,04;0;6;0;3;2;ADJ,NOM
aînées;ene;aîné;NOM;8,92;0,05;0;6;0;3;2;ADJ,NOM
aîtres;EtR;aître;NOM;0;0;0;6;0;3;1;NOM
aïeule;aj9l;aïeul;NOM;3,13;0,14;0;6;0;4;2;NOM
aïeuls;aj9l;aïeul;NOM;3,13;0,14;0;6;0;4;2;NOM
aïkido;ajkido;aïkido;NOM;0,02;0,02;1;6;3;3;3;NOM
babils;babil;babil;NOM;0,07;0;0;6;0;5;2;NOM
babine;babin;babine;NOM;0,33;0;1;6;5;5;2;NOM
bachot;baSo;bachot;NOM;0,29;0,29;1;6;6;4;2;NOM
badant;bad@;bader;VER;0,4;0;0;6;0;0;2;VER
badaud;bado;badaud;ADJ;0,17;0,01;1;6;6;4;2;ADJ,NOM
badaud;bado;badaud;NOM;0,54;0,05;1;6;6;4;2;ADJ,NOM
badges;badZ;badge;NOM;7,14;1,12;0;6;0;4;1;NOM
badgés;badZe;badgé;ADJ;0;0;0;6;0;0;2;ADJ
badina;badina;badiner;VER;0,59;0;0;6;0;0;3;VER
badine;badin;badin;ADJ;0,48;0,15;0;6;6;5;2;ADJ,NOM,VER
badine;badin;badine;NOM;0,01;0,01;1;6;6;5;2;ADJ,NOM,VER
badine;badin;badiner;VER;0,59;0,22;0;6;6;5;2;ADJ,NOM,VER
badins;bad5;badin;ADJ;0,48;0;0;6;0;4;2;ADJ
badiné;badine;badiner;VER;0,59;0,02;0;6;0;6;3;VER
badois;badwa;badois;ADJ;0;0;1;6;4;4;2;ADJ,NOM
badois;badwa;badois;NOM;0;0;1;6;4;4;2;ADJ,NOM
baffer;bafe;baffer;VER;0,62;0,49;1;6;6;4;2;VER
baffes;baf;baffe;NOM;2,93;1,52;0;6;0;3;1;NOM
baffle;bafl;baffle;NOM;0,06;0;1;6;5;4;1;NOM
baffés;bafe;baffer;VER;0,62;0;0;6;0;4;2;VER
bafoue;bafu;bafouer;VER;3,54;0,71;0;6;0;0;2;VER
bafoué;bafwe;bafouer;VER;3,54;0,52;0;6;6;4;2;VER,ADJ
bafoué;bafwe;bafoué;ADJ;0,32;0,13;1;6;6;4;2;VER,ADJ
bagage;bagaZ;bagage;NOM;29,69;3,21;1;6;6;5;2;NOM
bagnes;baN;bagne;NOM;2,5;0,01;0;6;0;3;1;NOM
bagote;bagOt;bagoter;VER;0;0;0;6;0;0;2;VER
bagout;bagu;bagout;NOM;0,25;0,25;1;6;6;4;2;NOM
baguer;bage;baguer;VER;0,23;0,02;1;6;6;4;2;VER
bagues;bag;bague;NOM;30,32;4,19;0;6;0;3;1;NOM
baguée;bage;baguer;VER;0,23;0;0;6;0;4;2;VER,ADJ
baguée;bage;bagué;ADJ;0,01;0;0;6;0;4;2;VER,ADJ
bagués;bage;baguer;VER;0,23;0;0;6;0;4;2;VER,ADJ
bagués;bage;bagué;ADJ;0,01;0,01;0;6;0;4;2;VER,ADJ
bahute;bayt;bahuter;VER;0;0;0;6;0;0;2;VER
bahuts;bay;bahut;NOM;1,59;0,09;0;6;0;3;2;NOM
baigna;bENa;baigner;VER;26,42;0;0;6;0;0;2;VER
baigne;bEN;baigner;VER;26,42;7,87;0;6;0;3;1;VER
baigné;beNe;baigner;VER;26,42;1,42;0;6;0;3;2;VER
bailes;bel;baile;NOM;0,05;0;0;6;0;3;1;NOM
baille;baj;baille;NOM;0,27;0,25;1;6;6;3;1;NOM,VER
baille;baj;bailler;VER;1,02;0,47;0;6;6;3;1;NOM,VER
bailli;baji;bailli;NOM;0,01;0,01;1;6;6;4;2;NOM
baillé;baje;bailler;VER;1,02;0,14;0;6;0;4;2;VER
baisai;bEzE;baiser;VER;112,82;0,1;0;6;0;0;2;VER
baiser;beze;baiser;NOM;52,17;40,92;1;6;6;4;2;NOM,VER
baiser;beze;baiser;VER;112,82;42,25;1;6;6;4;2;NOM,VER
baises;bEz;baise;NOM;7,66;0,59;0;6;0;3;1;NOM,VER
baises;bEz;baiser;VER;112,82;7,66;0;6;0;3;1;NOM,VER
baisez;bEze;baiser;VER;112,82;1,77;0;6;0;0;2;VER
baissa;bEsa;baisser;VER;63,69;0,27;0;6;0;0;2;VER
baisse;bEs;baisse;NOM;12,37;11,55;1;6;6;3;1;NOM,VER
baisse;bEs;baisser;VER;63,69;20,1;0;6;6;3;1;NOM,VER
baissé;bese;baisser;VER;63,69;5,7;0;6;0;4;2;VER
baisée;beze;baiser;VER;112,82;4,7;0;6;0;4;2;VER
baisés;beze;baiser;VER;112,82;2,33;0;6;0;4;2;VER
bajoue;baZu;bajoue;NOM;0,49;0,3;1;6;5;3;2;NOM
balada;balada;balader;VER;24,3;0;0;6;0;0;3;VER
balade;balad;balade;NOM;7,71;6,58;1;6;6;5;2;NOM,VER
balade;balad;balader;VER;24,3;5,03;0;6;6;5;2;NOM,VER
baladé;balade;balader;VER;24,3;0,62;0;6;0;6;3;VER
balaie;balE;balayer;VER;12,17;1,99;0;6;0;4;2;VER
balais;balE;balai;NOM;10,91;2,68;0;6;6;4;2;NOM,ADJ
balais;balE;balais;ADJ;0,25;0,25;1;6;6;4;2;NOM,ADJ
balaya;balEja;balayer;VER;12,17;0,16;0;6;0;0;3;VER
balaye;balEj;balayer;VER;12,17;1,03;0;6;0;0;2;VER
balayé;baleje;balayer;VER;12,17;1,84;0;6;0;5;3;VER
balboa;balboa;balboa;NOM;0,02;0,02;1;6;5;5;3;NOM
balcon;balk§;balcon;NOM;10,53;9,9;1;6;6;5;2;NOM
balise;baliz;balise;NOM;2,82;2,31;1;6;6;5;2;NOM,VER
balise;baliz;baliser;VER;0,65;0,16;0;6;6;5;2;NOM,VER
balisé;balize;baliser;VER;0,65;0,06;0;6;0;6;3;VER
baller;bale;baller;VER;0,12;0,02;1;6;6;4;2;VER
balles;bal;balle;NOM;122,07;44,75;0;6;0;3;1;NOM
ballet;balE;ballet;NOM;8,66;7,8;1;6;6;4;2;NOM
ballon;bal§;ballon;NOM;32,92;27,27;1;6;6;4;2;NOM
ballot;balo;ballot;ADJ;0,44;0,43;1;6;6;4;2;ADJ,NOM
ballot;balo;ballot;NOM;1,01;0,81;1;6;6;4;2;ADJ,NOM
baltes;balt;balte;ADJ;0,52;0,47;0;6;0;4;1;ADJ,NOM
baltes;balt;balte;NOM;0;0;0;6;0;4;1;ADJ,NOM
baluba;balyba;baluba;NOM;0;0;1;6;5;5;3;NOM
balèze;balEz;balèze;ADJ;1,3;1,12;1;6;4;5;2;ADJ,NOM
balèze;balEz;balèze;NOM;0,69;0,61;1;6;4;5;2;ADJ,NOM
bambin;b@b5;bambin;NOM;1,35;0,87;1;6;6;4;2;NOM
bambou;b@bu;bambou;NOM;1,73;1,32;1;6;6;4;2;NOM
banale;banal;banal;ADJ;8,66;2,75;0;6;0;5;2;ADJ
banals;banal;banal;ADJ;8,66;0,25;0;6;0;5;2;ADJ
banana;banana;bananer;VER;1,04;0,81;0;6;0;0;3;VER
banane;banan;banane;NOM;11,14;6,09;1;6;6;5;2;NOM
banaux;bano;banal;ADJ;8,66;0;0;6;0;0;2;ADJ
bancal;b@kal;bancal;ADJ;0,53;0,29;1;6;6;4;2;ADJ
banche;b@S;bancher;VER;0,01;0,01;0;6;0;0;1;VER
bancos;b@ko;banco;NOM;0,04;0,01;0;6;0;4;2;NOM
bandai;b@dE;bander;VER;14,5;0;0;6;0;0;2;VER
bander;b@de;bander;VER;14,5;5,34;1;6;6;4;2;VER
bandes;b@d;bande;NOM;78,36;9,26;0;6;0;3;1;NOM,VER
bandes;b@d;bander;VER;14,5;1,98;0;6;0;3;1;NOM,VER
bandez;b@de;bander;VER;14,5;0,82;0;6;0;4;2;VER
bandit;b@di;bandit;NOM;19,7;8,26;1;6;6;4;2;NOM
bandée;b@de;bander;VER;14,5;0,01;0;6;0;4;2;VER,ADJ
bandée;b@de;bandé;ADJ;1,4;0,33;0;6;0;4;2;VER,ADJ
bandés;b@de;bander;VER;14,5;0,08;0;6;0;4;2;VER,ADJ
bandés;b@de;bandé;ADJ;1,4;1,03;0;6;0;4;2;VER,ADJ
banian;banj@;banian;NOM;0,05;0,04;1;6;4;5;2;NOM
banjos;b@dZo;banjo;NOM;3,13;0,06;0;6;0;4;2;NOM
banner;bane;banner;VER;0,86;0,46;1;6;6;4;2;VER
bannes;ban;banne;NOM;0;0;0;6;0;0;1;NOM
bannie;bani;banni;ADJ;0,52;0,04;0;6;0;4;2;ADJ,NOM,VER
bannie;bani;banni;NOM;0,51;0,04;0;6;0;4;2;ADJ,NOM,VER
bannie;bani;bannir;VER;7,03;0,85;0;6;0;4;2;ADJ,NOM,VER
bannir;baniR;bannir;VER;7,03;1,62;1;6;6;5;2;VER
bannis;bani;banni;ADJ;0,52;0,2;0;6;0;4;2;ADJ,NOM,VER
bannis;bani;banni;NOM;0,51;0,16;0;6;0;4;2;ADJ,NOM,VER
bannis;bani;bannir;VER;7,03;0,93;0;6;0;4;2;ADJ,NOM,VER
bannit;bani;bannir;VER;7,03;0,05;0;6;0;4;2;VER
banqua;b@ka;banquer;VER;0,07;0;0;6;0;0;2;VER
banque;b@k;banque;NOM;79,35;70,79;1;6;6;3;1;NOM
banqué;b@ke;banquer;VER;0,07;0,04;0;6;0;4;2;VER
bantou;b@tu;bantou;ADJ;0,14;0,12;1;6;5;4;2;ADJ,NOM
bantou;b@tu;bantou;NOM;0,14;0,14;1;6;5;4;2;ADJ,NOM
banyan;banjan;banyan;NOM;0,07;0,07;1;6;5;5;2;NOM
baobab;baobab;baobab;NOM;0,58;0,18;1;6;4;3;3;NOM
baquet;bakE;baquet;NOM;0,48;0,46;1;6;3;4;2;NOM
baraka;baRaka;baraka;NOM;0,18;0,18;1;6;5;6;3;NOM
barber;baRbe;barber;VER;0,78;0,06;1;6;6;5;2;VER
barbes;baRb;barbe;NOM;24,15;0,75;0;6;0;4;1;NOM,VER
barbes;baRb;barber;VER;0,78;0,01;0;6;0;4;1;NOM,VER
barbet;baRbE;barbet;NOM;0;0;1;6;6;5;2;NOM
barbon;baRb§;barbon;NOM;0,03;0,02;1;6;6;5;2;NOM
barbot;baRbo;barbot;NOM;0;0;1;6;6;5;2;NOM
barbue;baRby;barbu;ADJ;1,46;0,08;0;6;6;5;2;ADJ,NOM
barbue;baRby;barbue;NOM;0,01;0,01;1;6;6;5;2;ADJ,NOM
barbus;baRby;barbu;ADJ;1,46;0,12;0;6;0;5;2;ADJ,NOM
barbus;baRby;barbu;NOM;1,7;0,34;0;6;0;5;2;ADJ,NOM
barbés;baRbe;barber;VER;0,78;0,1;0;6;0;5;2;VER
bardas;baRda;barda;NOM;1,62;0,16;0;6;0;5;2;NOM
barder;baRde;barder;VER;2,58;1,84;1;6;6;5;2;VER
bardes;baRd;barde;NOM;0,18;0;0;6;0;4;1;NOM
bardot;baRdo;bardot;NOM;0,27;0,27;1;6;6;5;2;NOM
bardée;baRde;barder;VER;2,58;0,01;0;6;0;5;2;VER
bardés;baRde;barder;VER;2,58;0,14;0;6;0;5;2;VER
barges;baRZ;barge;ADJ;1,7;0,1;0;6;0;4;1;ADJ,NOM
barges;baRZ;barge;NOM;1;0,28;0;6;0;4;1;ADJ,NOM
barils;baRil;baril;NOM;2,71;0,9;0;6;0;5;2;NOM
barine;baRin;barine;NOM;0,22;0,22;1;6;5;5;2;NOM
barjes;baRZ;barje;ADJ;0;0;0;6;0;4;1;ADJ
barjos;baRZo;barjo;ADJ;1,02;0,07;0;6;0;5;2;ADJ,NOM
barjos;baRZo;barjo;NOM;1,01;0,28;0;6;0;5;2;ADJ,NOM
barjot;baRZo;barjot;ADJ;0,84;0,63;1;6;6;5;2;ADJ,NOM
barjot;baRZo;barjot;NOM;0,32;0,16;1;6;6;5;2;ADJ,NOM
barman;baRman;barman;NOM;7,91;7,53;1;6;6;5;2;NOM
barmen;baRmEn;barman;NOM;7,91;0,24;0;6;0;0;2;NOM
barnum;baRnOm;barnum;NOM;0,03;0,03;1;6;4;4;2;NOM
barolo;baRolo;barolo;NOM;0,05;0,05;1;6;5;5;3;NOM
barons;baR§;baron;NOM;20,82;0,56;0;6;0;4;2;NOM
baroud;baRud;baroud;NOM;0,04;0,04;1;6;6;5;2;NOM
barouf;baRuf;barouf;NOM;0,28;0,28;1;6;6;5;2;NOM
barque;baRk;barque;NOM;10,4;9,52;1;6;6;4;1;NOM
barrai;baRE;barrer;VER;26,71;0;0;6;0;4;2;VER
barrer;baRe;barrer;VER;26,71;4,58;1;6;6;4;2;VER
barres;baR;barre;NOM;18,78;3,19;0;6;0;3;1;NOM,VER
barres;baR;barrer;VER;26,71;0,79;0;6;0;3;1;NOM,VER
barrez;baRe;barrer;VER;26,71;4,38;0;6;0;4;2;VER
barris;baRi;barrir;VER;0,1;0,07;0;6;0;4;2;VER
barrit;baRi;barrir;VER;0,1;0;0;6;0;4;2;VER
barrée;baRe;barrer;VER;26,71;1,88;0;6;0;4;2;VER,ADJ
barrée;baRe;barré;ADJ;3,36;0,23;0;6;0;4;2;VER,ADJ
barrés;baRe;barrer;VER;26,71;0,47;0;6;0;4;2;VER,ADJ
barrés;baRe;barré;ADJ;3,36;0,69;0;6;0;4;2;VER,ADJ
baryon;baRj§;baryon;NOM;0,01;0,01;1;6;5;5;2;NOM
baryte;baRit;baryte;NOM;0;0;1;6;6;5;2;NOM
baryté;baRite;baryté;ADJ;0,01;0,01;1;6;6;6;3;ADJ
baryum;baRjOm;baryum;NOM;0,06;0,06;1;6;5;5;2;NOM
barzoï;baRzOj;barzoï;NOM;0,07;0,07;1;6;4;4;2;NOM
barème;baREm;barème;NOM;0,31;0,17;1;6;4;5;2;NOM
basait;bazE;baser;VER;15,61;0,04;0;6;0;0;2;VER
basane;bazan;basane;NOM;0,01;0;1;6;6;5;2;NOM
basant;baz@;baser;VER;15,61;1,47;0;6;0;0;2;VER
basané;bazane;basaner;VER;0,07;0,04;0;6;6;6;3;VER,ADJ
basané;bazane;basané;ADJ;0,44;0,32;1;6;6;6;3;VER,ADJ
basent;baz;baser;VER;15,61;0,23;0;6;0;3;1;VER
basera;baz°Ra;baser;VER;15,61;0,01;0;6;0;0;3;VER
basket;baskEt;basket;NOM;16,48;10,91;1;6;6;6;2;NOM
basons;baz§;baser;VER;15,61;0,02;0;6;0;0;2;VER
basque;bask;basque;ADJ;8,73;7,51;1;6;6;4;1;ADJ,NOM
basque;bask;basque;NOM;4,12;0,6;1;6;6;4;1;ADJ,NOM
bassas;basa;bassa;NOM;0;0;0;6;0;4;2;NOM
basses;bas;bas;ADJ;85,56;2,15;0;6;0;3;1;ADJ,NOM
basses;bas;basse;NOM;2,89;0,53;0;6;0;3;1;ADJ,NOM
basset;basE;basset;NOM;0,7;0,53;1;6;6;4;2;NOM
bassin;bas5;bassin;NOM;5,03;4,51;1;6;6;4;2;NOM
basson;bas§;basson;NOM;0,07;0,07;1;6;5;4;2;NOM
baster;baste;baster;VER;0,1;0,01;1;6;6;5;2;VER
baston;bast§;baston;NOM;1,51;1,43;1;6;6;5;2;NOM
bastos;bastOs;bastos;NOM;0,42;0,42;1;6;6;5;2;NOM
basées;baze;baser;VER;15,61;1,14;0;6;0;4;2;VER,ADJ
basées;baze;basé;ADJ;0,67;0,05;0;6;0;4;2;VER,ADJ
batave;batav;batave;ADJ;0,01;0,01;1;6;5;5;2;ADJ
bateau;bato;bateau;NOM;124,82;106,55;1;6;6;4;2;NOM
battes;bat;batte;NOM;6,87;0,48;0;6;0;3;1;NOM,VER
battes;bat;battre;VER;200,35;0,65;0;6;0;3;1;NOM,VER
battez;bate;battre;VER;200,35;7,69;0;6;0;4;2;VER
battis;bati;battre;VER;200,35;0,14;0;6;0;4;2;VER
battit;bati;battre;VER;200,35;0,36;0;6;0;4;2;VER
battra;batRa;battre;VER;200,35;2,74;0;6;0;0;2;VER
battre;batR;battre;VER;200,35;75,92;1;6;5;4;1;VER
battue;baty;battre;VER;200,35;5,87;0;6;6;4;2;VER,ADJ,NOM
battue;baty;battu;ADJ;4,45;0,68;0;6;6;4;2;VER,ADJ,NOM
battue;baty;battue;NOM;1,55;1,25;1;6;6;4;2;VER,ADJ,NOM
battus;baty;battre;VER;200,35;6,89;0;6;0;4;2;VER,ADJ,NOM
battus;baty;battu;ADJ;4,45;0,78;0;6;0;4;2;VER,ADJ,NOM
battus;baty;battu;NOM;0,44;0,04;0;6;0;4;2;VER,ADJ,NOM
battît;bati;battre;VER;200,35;0;0;6;0;4;2;VER
baudet;bodE;baudet;NOM;0,13;0,11;1;6;6;4;2;NOM
bauges;boZ;bauge;NOM;0,14;0;0;6;0;3;1;NOM
baumes;bom;baume;NOM;1,94;0,16;0;6;0;3;1;NOM
bavais;bavE;baver;VER;9,79;0,06;0;6;0;0;2;VER
bavait;bavE;baver;VER;9,79;0,39;0;6;0;0;2;VER
bavant;bav@;baver;VER;9,79;0,14;0;6;0;0;2;VER
bavard;bavaR;bavard;ADJ;4,85;2,39;1;6;6;5;2;ADJ,NOM
bavard;bavaR;bavard;NOM;1,81;1,04;1;6;6;5;2;ADJ,NOM
bavent;bav;baver;VER;9,79;0,74;0;6;0;3;1;VER
baveur;bav9R;baveur;ADJ;0,05;0,05;1;6;6;4;2;ADJ,NOM
baveur;bav9R;baveur;NOM;0,16;0,03;1;6;6;4;2;ADJ,NOM
baveux;bav2;baveux;ADJ;1,33;1,02;1;6;6;4;2;ADJ,NOM
baveux;bav2;baveux;NOM;0,22;0,22;1;6;6;4;2;ADJ,NOM
bavoir;bavwaR;bavoir;NOM;0,26;0,22;1;6;5;4;2;NOM
bavons;bav§;baver;VER;9,79;0,16;0;6;0;0;2;VER
bavure;bavyR;bavure;NOM;1,65;1,28;1;6;4;4;2;NOM
bayant;baj@;bayer;VER;0,05;0;0;6;0;4;2;VER
bayard;bajaR;bayard;NOM;0;0;1;6;5;5;2;NOM
bayons;baj§;bayer;VER;0,05;0,01;0;6;0;4;2;VER
bayous;baju;bayou;NOM;0,81;0,05;0;6;0;4;2;NOM
bazard;bazaR;bazard;NOM;0,2;0,2;1;6;6;5;2;NOM
bazars;bazaR;bazar;NOM;8,36;0,17;0;6;0;5;2;NOM
beagle;big9l;beagle;NOM;0,15;0,08;1;6;4;4;2;NOM
beaufs;bof;beauf;NOM;1,07;0,11;0;6;0;3;1;NOM
beauté;bote;beauté;NOM;72,56;68,57;1;6;5;4;2;NOM
becqué;beke;becquer;VER;0,04;0,03;0;6;0;4;2;VER
becter;bEkte;becter;VER;0,17;0,02;1;6;5;5;2;VER
bectés;bEkte;becter;VER;0,17;0;0;6;0;5;2;VER
bedeau;b2do;bedeau;NOM;0,25;0,25;1;6;4;4;2;NOM
bedons;b2d§;bedon;NOM;0,04;0;0;6;0;4;2;NOM
beeper;bip9R;beeper;NOM;0,34;0,34;1;6;4;4;2;NOM
beiges;bEZ;beige;ADJ;1,03;0,01;0;6;0;3;1;ADJ,NOM
beiges;bEZ;beige;NOM;0,27;0,03;0;6;0;3;1;ADJ,NOM
beigne;bEN;beigne;NOM;0,58;0,48;1;6;6;3;1;NOM
belges;bElZ;belge;ADJ;3,03;0,21;0;6;0;4;1;ADJ,NOM
belges;bElZ;belge;NOM;2;0,68;0;6;0;4;1;ADJ,NOM
belles;bEl;beau;ADJ;671,86;49,35;0;6;0;3;1;ADJ,NOM
belles;bEl;beau;NOM;50,85;4,76;0;6;0;3;1;ADJ,NOM
bellot;bElo;bellot;ADJ;0,01;0,01;1;6;5;4;2;ADJ
belons;b°l§;belon;NOM;0;0;0;6;0;4;2;NOM
belote;b°lOt;belote;NOM;0,26;0,26;1;6;6;4;2;NOM
beluga;belyga;beluga;ADJ;0,04;0,04;1;6;4;4;3;ADJ,NOM
beluga;belyga;beluga;NOM;0,04;0,04;1;6;4;4;3;ADJ,NOM
bennes;bEn;benne;NOM;2,38;0,27;0;6;0;3;1;NOM
benoît;b°nwa;benoît;ADJ;0,9;0,9;1;6;6;5;2;ADJ
benêts;b°nE;benêt;ADJ;0,12;0;0;6;0;4;2;ADJ,NOM
benêts;b°nE;benêt;NOM;1,3;0,1;0;6;0;4;2;ADJ,NOM
bercer;bERse;bercer;VER;4,46;1,17;1;6;6;5;2;VER
berces;bERs;berce;NOM;0,01;0;0;6;0;4;1;NOM,VER
berces;bERs;bercer;VER;4,46;0,16;0;6;0;4;1;NOM,VER
bercez;bERse;bercer;VER;4,46;0,3;0;6;0;5;2;VER
bercée;bERse;bercer;VER;4,46;0,08;0;6;0;5;2;VER
bercés;bERse;bercer;VER;4,46;0,19;0;6;0;5;2;VER
berger;bERZe;berger;NOM;11,84;8,33;1;6;6;5;2;NOM
berges;bERZ;berge;NOM;2,77;0,98;0;6;0;4;1;NOM
berlin;bERl5;berlin;NOM;0;0;1;6;6;5;2;NOM
berlue;bERly;berlue;NOM;0,3;0,3;1;6;6;5;2;NOM
bermes;bERm;berme;NOM;0,04;0,01;0;6;0;4;1;NOM
berner;bERne;berner;VER;3,56;2,04;1;6;6;5;2;VER
bernez;bERne;berner;VER;3,56;0,01;0;6;0;5;2;VER
bernée;bERne;berner;VER;3,56;0,28;0;6;0;5;2;VER
bernés;bERne;berner;VER;3,56;0,53;0;6;0;5;2;VER
bertha;bERta;bertha;NOM;0;0;1;6;6;5;2;NOM
berthe;bERt;berthe;NOM;0;0;1;6;6;4;1;NOM
besace;b°zas;besace;NOM;0,13;0,13;1;6;5;5;2;NOM
besant;b°z@;besant;NOM;0,04;0,01;1;6;5;4;2;NOM
besoin;b°zw5;besoin;NOM;771,24;758,04;1;6;5;4;2;NOM
besson;bes§;besson;NOM;0,01;0,01;1;6;4;4;2;NOM
bettes;bEt;bette;NOM;1,6;0,05;0;6;0;3;1;NOM
beuark;b2aRk;beuark;ONO;0,01;0,01;1;6;4;3;2;ONO
beugla;b2gla;beugler;VER;0,75;0;0;6;0;0;2;VER
beugle;b2gl;beugler;VER;0,75;0,21;0;6;0;0;1;VER
beuglé;b2gle;beugler;VER;0,75;0,16;0;6;0;5;2;VER
beurra;b9Ra;beurrer;VER;0,92;0;0;6;0;0;2;VER
beurre;b9R;beurre;ADJ;1,2;1,2;1;6;6;3;1;ADJ,NOM,VER
beurre;b9R;beurre;NOM;15,14;15,12;1;6;6;3;1;ADJ,NOM,VER
beurre;b9R;beurrer;VER;0,92;0,07;0;6;6;3;1;ADJ,NOM,VER
beurré;b9Re;beurrer;VER;0,92;0,3;0;6;6;4;2;VER,ADJ,NOM
beurré;b9Re;beurré;ADJ;0,88;0,43;1;6;6;4;2;VER,ADJ,NOM
beurré;b9Re;beurré;NOM;0,06;0,04;1;6;6;4;2;VER,ADJ,NOM
biaise;bjEz;biais;ADJ;0,04;0;0;6;0;0;1;ADJ,VER
biaise;bjEz;biaiser;VER;0,05;0;0;6;0;0;1;ADJ,VER
biaisé;bjeze;biaiser;VER;0,05;0,01;0;6;6;4;2;VER,ADJ
biaisé;bjeze;biaisé;ADJ;0,03;0,02;1;6;6;4;2;VER,ADJ
bibard;bibaR;bibard;NOM;0;0;1;6;4;4;2;NOM
bibine;bibin;bibine;NOM;0,73;0,71;1;6;5;5;2;NOM
bibite;bibit;bibite;NOM;0;0;1;6;5;5;2;NOM
bibles;bibl;bible;NOM;17,79;0,76;0;6;0;4;1;NOM
biceps;bisEps;biceps;NOM;1,62;1,62;1;6;5;5;2;NOM
bicher;biSe;bicher;VER;0,27;0,02;1;6;6;4;2;VER
biches;biS;biche;NOM;5,8;0,51;0;6;0;3;1;NOM,VER
biches;biS;bicher;VER;0,27;0,02;0;6;0;3;1;NOM,VER
bichez;biSe;bicher;VER;0,27;0,01;0;6;0;4;2;VER
bichon;biS§;bichon;NOM;0,46;0,46;1;6;6;4;2;NOM
biclou;biklu;biclou;NOM;0,01;0;1;6;4;4;2;NOM
bicots;biko;bicot;NOM;0,11;0;0;6;0;4;2;NOM
bidets;bidE;bidet;NOM;0,69;0;0;6;0;4;2;NOM
bidons;bid§;bidon;NOM;8,02;2,66;0;6;0;4;2;NOM
bidule;bidyl;bidule;NOM;1,1;0,94;1;6;4;4;2;NOM
bielle;bjEl;bielle;NOM;1,86;1,7;1;6;4;4;1;NOM
biface;bifas;biface;NOM;0;0;1;6;4;4;2;NOM
biffer;bife;biffer;VER;0,11;0,07;1;6;6;4;2;VER
biffin;bif5;biffin;NOM;0,05;0,03;1;6;5;4;2;NOM
bifide;bifid;bifide;ADJ;0,01;0,01;1;6;4;4;2;ADJ
bifton;bift§;bifton;NOM;0,64;0,16;1;6;5;5;2;NOM
bigame;bigam;bigame;ADJ;0,23;0,23;1;6;6;5;2;ADJ,NOM
bigame;bigam;bigame;NOM;0,06;0,06;1;6;6;5;2;ADJ,NOM
bigler;bigle;bigler;VER;0;0;1;6;6;5;2;VER
bigles;bigl;bigle;ADJ;0;0;0;6;0;4;1;ADJ,NOM
bigles;bigl;bigle;NOM;0;0;0;6;0;4;1;ADJ,NOM
biglez;bigle;bigler;VER;0;0;0;6;0;5;2;VER
biglée;bigle;bigler;VER;0;0;0;6;0;5;2;VER
biglés;bigle;bigler;VER;0;0;0;6;0;5;2;VER
bignon;biN§;bignon;NOM;0;0;1;6;6;4;2;NOM
bigote;bigOt;bigot;ADJ;0,2;0;0;6;0;0;2;ADJ,NOM
bigote;bigOt;bigot;NOM;0,5;0,34;0;6;0;0;2;ADJ,NOM
bigots;bigo;bigot;ADJ;0,2;0,03;0;6;0;4;2;ADJ,NOM
bigots;bigo;bigot;NOM;0,5;0,06;0;6;0;4;2;ADJ,NOM
bijoux;biZu;bijoux;NOM;20,64;20,64;1;6;6;4;2;NOM
bikini;bikini;bikini;NOM;2,98;2,34;1;6;3;4;3;NOM
bilais;bilE;biler;VER;2,95;0,01;0;6;0;0;2;VER
bilait;bilE;biler;VER;2,95;0;0;6;0;0;2;VER
bilans;bil@;bilan;NOM;6,13;0,5;0;6;0;4;2;NOM
bileux;bil2;bileux;ADJ;0,01;0,01;1;6;5;4;2;ADJ
biller;bije;biller;VER;0,07;0,04;1;6;6;4;2;VER
billes;bij;bille;NOM;5,21;2,7;0;6;0;3;1;NOM
billet;bijE;billet;NOM;83,87;41,47;1;6;6;4;2;NOM
billon;bij§;billon;NOM;0;0;1;6;6;4;2;NOM
billot;bijo;billot;NOM;0,69;0,68;1;6;6;4;2;NOM
binait;binE;biner;VER;0,33;0;0;6;0;0;2;VER
binant;bin@;biner;VER;0,33;0;0;6;0;0;2;VER
biniou;binju;biniou;NOM;0,29;0,29;1;6;4;4;2;NOM
bintje;bintS;bintje;NOM;0;0;1;6;4;4;1;NOM
binôme;binom;binôme;NOM;0,27;0,2;1;6;4;5;2;NOM
bipais;bipE;biper;VER;4,07;0,01;0;6;0;0;2;VER
biplan;bipl@;biplan;ADJ;0;0;1;6;6;5;2;ADJ,NOM
biplan;bipl@;biplan;NOM;0,32;0,32;1;6;6;5;2;ADJ,NOM
bipède;bipEd;bipède;ADJ;0,56;0,45;1;6;4;4;2;ADJ,NOM
bipède;bipEd;bipède;NOM;0,78;0,58;1;6;4;4;2;ADJ,NOM
biques;bik;bique;NOM;0,94;0,38;0;6;0;3;1;NOM
biquet;bikE;biquet;NOM;0,54;0,54;1;6;6;4;2;NOM
birbes;biRb;birbe;NOM;0,02;0,02;0;6;0;4;1;NOM
biribi;biRibi;biribi;NOM;0;0;1;6;4;4;3;NOM
birman;biRm@;birman;ADJ;0,36;0,16;1;6;4;4;2;ADJ,NOM
birman;biRm@;birman;NOM;0,29;0,03;1;6;4;4;2;ADJ,NOM
biseau;bizo;biseau;NOM;0,02;0,02;1;6;6;4;2;NOM
bisets;bizE;biset;NOM;0;0;0;6;0;0;2;NOM
bishop;biSOp;bishop;NOM;0,02;0,02;1;6;4;5;2;NOM
bisons;biz§;bison;NOM;2,65;1,16;0;6;0;4;2;NOM
bisous;bizu;bisou;NOM;18,4;4,4;0;6;0;4;2;NOM
bisque;bisk;bisque;NOM;0,41;0,41;1;6;6;4;1;NOM,VER
bisque;bisk;bisquer;VER;0,17;0,16;0;6;6;4;1;NOM,VER
bissac;bisak;bissac;NOM;0,01;0,01;1;6;5;4;2;NOM
bissel;bisEl;bissel;NOM;0,02;0,02;1;6;6;5;2;NOM
bisser;bise;bisser;VER;0,03;0,01;1;6;6;4;2;VER
bistre;bistR;bistre;ADJ;0;0;1;6;6;5;1;ADJ,NOM
bistre;bistR;bistre;NOM;0;0;1;6;6;5;1;ADJ,NOM
bistro;bistRo;bistro;NOM;0,63;0,6;1;6;6;6;2;NOM
bistré;bistRe;bistrer;VER;0;0;0;6;6;0;2;VER
bitent;bit;biter;VER;0,02;0;0;6;0;3;1;VER
bitter;bitER;bitter;NOM;0,16;0,14;1;6;6;4;2;NOM,VER
bitter;bitER;bitter;VER;0,23;0,23;1;6;6;4;2;NOM,VER
bittes;bit;bitte;NOM;0,72;0,03;0;6;0;3;1;NOM
bitume;bitym;bitume;NOM;1,12;0,99;1;6;6;5;2;NOM
bitumé;bityme;bitumer;VER;0,01;0;0;6;0;0;3;VER
biture;bityR;biture;NOM;0,12;0,09;1;6;6;5;2;NOM
bituré;bityRe;biturer;VER;0,19;0,16;0;6;0;6;3;VER
bizuth;bizy;bizuth;NOM;0,02;0,02;1;6;6;4;2;NOM
bizuts;bizy;bizut;NOM;2,3;0,25;0;6;0;4;2;NOM
bizuté;bizyte;bizuter;VER;0,14;0,04;0;6;0;6;3;VER
bières;bjER;bière;NOM;81,67;13,12;0;6;0;4;1;NOM
blabla;blabla;blabla;NOM;0,81;0,81;1;6;6;6;2;NOM
blacks;blak;black;ADJ;2,67;0,22;0;6;0;4;1;ADJ,NOM
blacks;blak;black;NOM;4,07;2,13;0;6;0;4;1;ADJ,NOM
blagua;blaga;blaguer;VER;9,41;0;0;6;0;0;2;VER
blague;blag;blague;NOM;72,63;60,33;1;6;6;4;1;NOM,VER
blague;blag;blaguer;VER;9,41;3,39;0;6;6;4;1;NOM,VER
blagué;blage;blaguer;VER;9,41;0,28;0;6;0;5;2;VER
blaire;blER;blairer;VER;1,39;0,09;0;6;0;4;1;VER
blairs;blER;blair;NOM;0,06;0,01;0;6;0;4;1;NOM
blairé;bleRe;blairer;VER;1,39;0;0;6;0;4;2;VER
blaise;blEz;blaiser;VER;0;0;0;6;0;0;1;VER
blancs;bl@;blanc;ADJ;118,74;17,46;0;6;0;3;1;ADJ,NOM
blancs;bl@;blanc;NOM;46,88;19,31;0;6;0;3;1;ADJ,NOM
blaser;blaze;blaser;VER;0,31;0,01;1;6;6;5;2;VER
blases;blaz;blase;NOM;0,12;0;0;6;0;4;1;NOM
blason;blaz§;blason;NOM;0,33;0,29;1;6;6;5;2;NOM
blasée;blaze;blaser;VER;0,31;0,04;0;6;0;5;2;VER,ADJ
blasée;blaze;blasé;ADJ;1;0,08;0;6;0;5;2;VER,ADJ
blasés;blaze;blaser;VER;0,31;0,07;0;6;0;5;2;VER,ADJ
blasés;blaze;blasé;ADJ;1;0,25;0;6;0;5;2;VER,ADJ
blatte;blat;blatte;NOM;0,86;0,41;1;6;5;4;1;NOM
blazer;blazER;blazer;NOM;0,36;0,32;1;6;6;5;2;NOM
blazes;blaz;blaze;NOM;0,53;0,05;0;6;0;4;1;NOM
blessa;blEsa;blesser;VER;103,74;0,3;0;6;0;0;2;VER
blesse;blEs;blesser;VER;103,74;9,22;0;6;0;0;1;VER
blessé;blese;blesser;VER;103,74;49,12;0;6;6;5;2;VER,ADJ,NOM
blessé;blese;blessé;ADJ;18,77;12,55;1;6;6;5;2;VER,ADJ,NOM
blessé;blese;blessé;NOM;21,88;9;1;6;6;5;2;VER,ADJ,NOM
blette;blEt;blet;ADJ;0,04;0,02;0;6;6;0;1;ADJ
bleues;bl2;bleu;ADJ;70,61;4,77;0;6;0;3;1;ADJ
bleuet;bl2E;bleuet;NOM;1,98;1,02;1;6;6;4;2;NOM
bleuie;bl2i;bleui;ADJ;0;0;0;6;0;4;2;ADJ,VER
bleuie;bl2i;bleuir;VER;0,16;0;0;6;0;4;2;ADJ,VER
bleuir;bl2iR;bleuir;VER;0,16;0;1;6;6;5;2;VER
bleuis;bl9i;bleui;ADJ;0;0;0;6;0;0;2;ADJ,VER
bleuis;bl9i;bleuir;VER;0,16;0;0;6;0;0;2;ADJ,VER
bleuit;bl9i;bleuir;VER;0,16;0,03;0;6;0;0;2;VER
bleuté;bl2te;bleuter;VER;0,02;0;0;6;6;4;2;VER,ADJ
bleuté;bl2te;bleuté;ADJ;0,46;0,07;1;6;6;4;2;VER,ADJ
bleuît;bl9i;bleuir;VER;0,16;0;0;6;0;0;2;VER
bliaut;blijo;bliaut;NOM;0;0;1;6;4;4;2;NOM
blinde;bl5d;blinde;NOM;0,12;0,1;1;6;6;4;1;NOM,VER
blinde;bl5d;blinder;VER;2,37;0,01;0;6;6;4;1;NOM,VER
blindé;bl5de;blinder;VER;2,37;1,03;0;6;6;5;2;VER,ADJ,NOM
blindé;bl5de;blindé;ADJ;3,95;1,44;1;6;6;5;2;VER,ADJ,NOM
blindé;bl5de;blindé;NOM;1,37;0,27;1;6;6;5;2;VER,ADJ,NOM
blinis;blinis;blini;NOM;0,93;0,91;0;6;0;0;2;NOM
blocks;blOk;block;NOM;1,06;0,36;0;6;0;4;1;NOM
blocus;blokys;blocus;NOM;1,43;1,43;1;6;5;5;2;NOM
blonde;bl§d;blond;ADJ;21,45;8,45;0;6;0;0;1;ADJ,NOM
blonde;bl§d;blond;NOM;22,65;14,06;0;6;0;0;1;ADJ,NOM
blondi;bl§di;blondir;VER;0,82;0,36;0;6;0;0;2;VER
blonds;bl§;blond;ADJ;21,45;3,45;0;6;0;3;1;ADJ,NOM
blonds;bl§;blond;NOM;22,65;0,44;0;6;0;3;1;ADJ,NOM
bloqua;bloka;bloquer;VER;38,62;0,02;0;6;0;0;2;VER
bloque;blOk;bloquer;VER;38,62;5,92;0;6;0;4;1;VER
bloqué;bloke;bloquer;VER;38,62;11,55;0;6;6;5;2;VER,ADJ
bloqué;bloke;bloqué;ADJ;2,73;1,47;1;6;6;5;2;VER,ADJ
blotti;bloti;blotti;ADJ;0,38;0,11;1;6;6;5;2;ADJ,VER
blotti;bloti;blottir;VER;1,7;0,22;0;6;6;5;2;ADJ,VER
blouse;bluz;blouse;NOM;5,68;5,29;1;6;6;4;1;NOM,VER
blouse;bluz;blouser;VER;0,53;0,01;0;6;6;4;1;NOM,VER
blousé;bluze;blouser;VER;0,53;0,13;0;6;0;5;2;VER
bluets;blyE;bluet;NOM;0;0;0;6;0;0;2;NOM
bluffa;bl9fa;bluffer;VER;6,3;0;0;6;0;0;2;VER
bluffe;bl9f;bluffer;VER;6,3;2,03;0;6;0;4;1;VER
bluffs;bl9f;bluff;NOM;3,02;0,02;0;6;0;4;1;NOM
bluffé;bl9fe;bluffer;VER;6,3;0,42;0;6;0;5;2;VER
bluter;blyte;bluter;VER;0;0;1;6;5;5;2;VER
blâmer;blame;blâmer;VER;9,38;4,37;1;6;6;5;2;VER
blâmes;blam;blâme;NOM;2,04;0,19;0;6;0;4;1;NOM,VER
blâmes;blam;blâmer;VER;9,38;0,19;0;6;0;4;1;NOM,VER
blâmez;blame;blâmer;VER;9,38;0,42;0;6;0;5;2;VER
blâmée;blame;blâmer;VER;9,38;0,05;0;6;0;5;2;VER
blâmés;blame;blâmer;VER;9,38;0,03;0;6;0;5;2;VER
blèche;blES;blèche;ADJ;0;0;1;6;4;4;1;ADJ
blêmes;blEm;blême;ADJ;1,48;0,31;0;6;0;4;1;ADJ
blêmir;blemiR;blêmir;VER;0,42;0,14;1;6;6;4;2;VER
blêmis;blEmi;blêmir;VER;0,42;0;0;6;0;0;2;VER
blêmit;blEmi;blêmir;VER;0,42;0,28;0;6;0;0;2;VER
bobard;bobaR;bobard;NOM;3,13;1;1;6;4;4;2;NOM
bobine;bobin;bobine;NOM;3,63;1,69;1;6;6;5;2;NOM,VER
bobine;bobin;bobiner;VER;0,01;0,01;0;6;6;5;2;NOM,VER
bobino;bobino;bobino;NOM;0;0;1;6;6;6;3;NOM
bocage;bokaZ;bocage;NOM;0,14;0,14;1;6;6;5;2;NOM
bocard;bokaR;bocard;NOM;0;0;1;6;5;5;2;NOM
bocaux;boko;bocal;NOM;3,83;1,1;0;6;0;0;2;NOM
boches;bOS;boche;ADJ;0,94;0,16;0;6;0;3;1;ADJ,NOM
boches;bOS;boche;NOM;8,63;6,38;0;6;0;3;1;ADJ,NOM
bocson;bOks§;bocson;NOM;0;0;1;6;4;5;2;NOM
bodega;bod°ga;bodega;NOM;0,65;0,63;1;6;4;5;3;NOM
boeufs;b2;boeuf;NOM;10,39;1,81;0;6;0;2;1;NOM
boggie;bogi;boggie;NOM;0,02;0,02;1;6;4;4;2;NOM
boghei;bogEj;boghei;NOM;0,02;0,02;1;6;4;4;2;NOM
boguer;boge;boguer;VER;0,16;0,01;1;6;6;4;2;VER
bogues;bOg;bogue;NOM;0,17;0,05;0;6;0;3;1;NOM
boguet;bOgE;boguet;NOM;0;0;1;6;6;4;2;NOM
bohème;boEm;bohème;ADJ;0,23;0,22;1;6;4;3;2;ADJ,NOM
bohème;boEm;bohème;NOM;2,17;2,01;1;6;4;3;2;ADJ,NOM
bohême;boEm;bohême;NOM;0;0;1;6;4;3;2;NOM
boirai;bwaRE;boire;VER;339,05;3,13;0;6;0;0;2;VER
boiras;bwaRa;boire;VER;339,05;1,14;0;6;0;0;2;VER
boirez;bwaRe;boire;VER;339,05;0,84;0;6;0;0;2;VER
boisée;bwaze;boiser;VER;0,06;0,01;0;6;0;5;2;VER,ADJ
boisée;bwaze;boisé;ADJ;0,46;0,17;0;6;0;5;2;VER,ADJ
boisés;bwaze;boiser;VER;0,06;0,01;0;6;0;5;2;VER,ADJ
boisés;bwaze;boisé;ADJ;0,46;0,02;0;6;0;5;2;VER,ADJ
boiter;bwate;boiter;VER;15,43;0,36;1;6;6;5;2;VER
boites;bwat;boiter;VER;15,43;1,63;0;6;0;4;1;VER
boitez;bwate;boiter;VER;15,43;0,1;0;6;0;5;2;VER
boives;bwav;boire;VER;339,05;0,71;0;6;0;0;1;VER
bolcho;bOlSo;bolcho;NOM;0,04;0,04;1;6;6;5;2;NOM
bolduc;bOldyk;bolduc;NOM;0;0;1;6;5;5;2;NOM
bolets;bolE;bolet;NOM;0;0;0;6;0;4;2;NOM
bolide;bolid;bolide;NOM;0,49;0,38;1;6;5;5;2;NOM
bolées;bole;bolée;NOM;0,01;0;0;6;0;4;2;NOM
boléro;boleRo;boléro;NOM;0,56;0,56;1;6;5;5;3;NOM
bombas;b§ba;bomber;VER;1,34;0;0;6;0;0;2;VER
bomber;b§be;bomber;VER;1,34;0,34;1;6;6;4;2;VER
bombes;b§b;bombe;NOM;64,39;15,7;0;6;0;3;1;NOM,VER
bombes;b§b;bomber;VER;1,34;0,04;0;6;0;3;1;NOM,VER
bombez;b§be;bomber;VER;1,34;0,08;0;6;0;4;2;VER
bombyx;b§biks;bombyx;NOM;0,12;0,12;1;6;5;5;2;NOM
bombée;b§be;bomber;VER;1,34;0,02;0;6;0;4;2;VER,ADJ
bombée;b§be;bombé;ADJ;0,3;0,03;0;6;0;4;2;VER,ADJ
bombés;b§be;bomber;VER;1,34;0;0;6;0;4;2;VER,ADJ
bombés;b§be;bombé;ADJ;0,3;0;0;6;0;4;2;VER,ADJ
bonace;bonas;bonace;NOM;0;0;1;6;5;5;2;NOM
bonard;bonaR;bonard;ADJ;0,01;0,01;1;6;5;5;2;ADJ
bonbon;b§b§;bonbon;NOM;23,45;6,89;1;6;6;4;2;NOM
bonder;b§de;bonder;VER;1,84;0,09;1;6;6;4;2;VER
bondes;b§d;bonde;NOM;0,24;0,01;0;6;0;3;1;NOM
bondir;b§diR;bondir;VER;5,1;2,11;1;6;6;5;2;VER
bondis;b§di;bondir;VER;5,1;0,34;0;6;0;0;2;VER
bondit;b§di;bondir;VER;5,1;0,81;0;6;0;0;2;VER
bondée;b§de;bonder;VER;1,84;0,33;0;6;0;4;2;VER,ADJ
bondée;b§de;bondé;ADJ;0,88;0,17;0;6;0;4;2;VER,ADJ
bondés;b§de;bonder;VER;1,84;0,17;0;6;0;4;2;VER,ADJ
bondés;b§de;bondé;ADJ;0,88;0,12;0;6;0;4;2;VER,ADJ
bondît;b§di;bondir;VER;5,1;0;0;6;0;0;2;VER
bongos;b§go;bongo;NOM;0,21;0,12;0;6;0;3;2;NOM
bonnes;bOn;bon;ADJ;1554,44;71,25;0;6;0;3;1;ADJ,NOM
bonnes;bOn;bonne;NOM;59,44;6,26;0;6;0;3;1;ADJ,NOM
bonnet;bonE;bonnet;NOM;8,37;6,62;1;6;6;4;2;NOM
bonnie;boni;bonnir;VER;6,67;6,66;0;6;0;4;2;VER
bonnir;boniR;bonnir;VER;6,67;0;1;6;6;5;2;VER
bonnis;boni;bonnir;VER;6,67;0;0;6;0;4;2;VER
bonnit;boni;bonnir;VER;6,67;0;0;6;0;4;2;VER
bonsaï;b§zaj;bonsaï;NOM;0,23;0,22;1;6;5;4;2;NOM
bontés;b§te;bonté;NOM;17,88;0,56;0;6;0;3;2;NOM
bonzaï;b§zaj;bonzaï;NOM;0,14;0,14;1;6;5;4;2;NOM
bonzes;b§z;bonze;NOM;0,91;0,03;0;6;0;3;1;NOM
boomer;bum9R;boomer;NOM;2,19;2,19;1;6;6;4;2;NOM
bordai;bORdE;border;VER;3,78;0;0;6;0;0;2;VER
bordel;bORdEl;bordel;NOM;98,77;97,84;1;6;6;6;2;NOM
border;bORde;border;VER;3,78;0,95;1;6;6;5;2;VER
bordes;bORd;border;NOM;0,02;0,02;0;6;0;0;1;NOM,VER
bordes;bORd;border;VER;3,78;0,04;0;6;0;0;1;NOM,VER
bordez;bORde;border;VER;3,78;0,2;0;6;0;5;2;VER
bordée;bORde;border;VER;3,78;0,29;0;6;6;5;2;VER,ADJ,NOM
bordée;bORde;bordée;ADJ;0,01;0,01;1;6;6;5;2;VER,ADJ,NOM
bordée;bORde;bordée;NOM;0,39;0,38;1;6;6;5;2;VER,ADJ,NOM
bordés;bORde;border;VER;3,78;0,01;0;6;0;5;2;VER,ADJ,NOM
bordés;bORde;bordé;ADJ;0,16;0,01;0;6;0;5;2;VER,ADJ,NOM
bordés;bORde;bordé;NOM;0,01;0,01;0;6;0;5;2;VER,ADJ,NOM
borgne;bORN;borgne;ADJ;1,8;1,67;1;6;6;4;1;ADJ,NOM
borgne;bORN;borgne;NOM;1,12;0,99;1;6;6;4;1;ADJ,NOM
bornai;bORnE;borner;VER;2,19;0;0;6;0;0;2;VER
borner;bORne;borner;VER;2,19;0,29;1;6;6;5;2;VER
bornes;bORn;borne;NOM;8,35;6,66;0;6;0;4;1;NOM,VER
bornes;bORn;borner;VER;2,19;0,04;0;6;0;4;1;NOM,VER
bornez;bORne;borner;VER;2,19;0,01;0;6;0;5;2;VER
bornât;bORna;borner;VER;2,19;0;0;6;0;0;2;VER
bornée;bORne;borner;VER;2,19;0,18;0;6;0;5;2;VER,ADJ
bornée;bORne;borné;ADJ;3,13;0,48;0;6;0;5;2;VER,ADJ
bornés;bORne;borner;VER;2,19;0,33;0;6;0;5;2;VER,ADJ
bornés;bORne;borné;ADJ;3,13;0,58;0;6;0;5;2;VER,ADJ
bortch;bORtS;bortch;NOM;0,02;0,02;1;6;5;4;1;NOM
boréal;boReal;boréal;ADJ;0,57;0,11;1;6;5;4;3;ADJ
bosser;bose;bosser;VER;76,28;26,82;1;6;6;4;2;VER
bosses;bOs;bosse;NOM;7,24;1,17;0;6;0;3;1;NOM,VER
bosses;bOs;bosser;VER;76,28;6,95;0;6;0;3;1;NOM,VER
bossez;bose;bosser;VER;76,28;1,97;0;6;0;4;2;VER
bosson;bos§;bosson;NOM;0,02;0;1;6;6;4;2;NOM
bossue;bosy;bossu;ADJ;1,97;0,35;0;6;0;4;2;ADJ,VER
bossue;bosy;bossuer;VER;0;0;0;6;0;4;2;ADJ,VER
bossus;bosy;bossu;ADJ;1,97;0,02;0;6;0;4;2;ADJ,NOM
bossus;bosy;bossu;NOM;4,74;0,55;0;6;0;4;2;ADJ,NOM
bossué;bos8e;bossuer;VER;0;0;0;6;6;4;2;VER,ADJ
bossué;bos8e;bossué;ADJ;0;0;1;6;6;4;2;VER,ADJ
boston;bOstOn;boston;NOM;0,44;0,44;1;6;6;5;2;NOM
bottai;botE;botter;VER;15,54;0;0;6;0;0;2;VER
botter;bote;botter;VER;15,54;7,63;1;6;6;4;2;VER
bottes;bOt;botte;NOM;32,19;25,81;0;6;0;3;1;NOM,VER
bottes;bOt;botter;VER;15,54;0,37;0;6;0;3;1;NOM,VER
bottez;bote;botter;VER;15,54;0,17;0;6;0;4;2;VER
bottin;bot5;bottin;NOM;1,05;1,05;1;6;6;4;2;NOM
bottée;bote;botter;VER;15,54;0;0;6;0;4;2;VER,ADJ
bottée;bote;botté;ADJ;0,32;0,1;0;6;0;4;2;VER,ADJ
bottés;bote;botter;VER;15,54;0;0;6;0;4;2;VER,ADJ,NOM
bottés;bote;botté;ADJ;0,32;0,01;0;6;0;4;2;VER,ADJ,NOM
bottés;bote;botté;NOM;0,02;0;0;6;0;4;2;VER,ADJ,NOM
boubou;bubu;boubou;NOM;0,11;0,11;1;6;6;3;2;NOM
boucan;buk@;boucan;NOM;3,22;3,22;1;6;6;4;2;NOM
boucha;buSa;boucher;VER;16,23;0;0;6;0;0;2;VER
bouche;buS;bouche;NOM;90,03;87,75;1;6;6;3;1;NOM,VER
bouche;buS;boucher;VER;16,23;3,32;0;6;6;3;1;NOM,VER
bouché;buSe;boucher;VER;16,23;3,21;0;6;6;4;2;VER,ADJ
bouché;buSe;bouché;ADJ;2,38;1,22;1;6;6;4;2;VER,ADJ
boucla;bukla;boucler;VER;24,61;0;0;6;0;0;2;VER
boucle;bukl;boucle;NOM;18,86;8,62;1;6;6;4;1;NOM,VER
boucle;bukl;boucler;VER;24,61;6,29;0;6;6;4;1;NOM,VER
bouclé;bukle;boucler;VER;24,61;2,88;0;6;6;5;2;VER,ADJ
bouclé;bukle;bouclé;ADJ;2,38;0,95;1;6;6;5;2;VER,ADJ
bouder;bude;bouder;VER;5,11;0,95;1;6;6;4;2;VER
boudes;bud;bouder;VER;5,11;1,03;0;6;0;0;1;VER
boudez;bude;bouder;VER;5,11;0,22;0;6;0;4;2;VER
boudin;bud5;boudin;NOM;2,85;2,49;1;6;6;4;2;NOM
boudée;bude;bouder;VER;5,11;0,01;0;6;0;4;2;VER
boudés;bude;bouder;VER;5,11;0;0;6;0;4;2;VER
boueur;bw9R;boueur;NOM;0;0;1;6;6;3;1;NOM
boueux;bw2;boueux;ADJ;1,38;0,89;1;6;6;3;1;ADJ,NOM
boueux;bw2;boueux;NOM;0,36;0,36;1;6;6;3;1;ADJ,NOM
bouffe;buf;bouffe;ADJ;3,31;3,3;1;6;6;3;1;ADJ,NOM,VER
bouffe;buf;bouffe;NOM;14,51;14,4;1;6;6;3;1;ADJ,NOM,VER
bouffe;buf;bouffer;VER;42,72;8,96;0;6;6;3;1;ADJ,NOM,VER
bouffi;bufi;bouffi;ADJ;1,16;0,66;1;6;6;4;2;ADJ,VER
bouffi;bufi;bouffir;VER;0,7;0,59;0;6;6;4;2;ADJ,VER
bouffé;bufe;bouffer;VER;42,72;6,28;0;6;0;4;2;VER
bougea;buZa;bouger;VER;211,9;0,04;0;6;0;0;2;VER
bouger;buZe;bouger;VER;211,9;44,32;1;6;6;4;2;VER
bouges;buZ;bouge;NOM;34,79;0,77;0;6;0;3;1;NOM,VER
bouges;buZ;bouger;VER;211,9;9,04;0;6;0;3;1;NOM,VER
bougez;buZe;bouger;VER;211,9;44,09;0;6;0;4;2;VER
bougie;buZi;bougie;NOM;18,32;7,4;1;6;6;4;2;NOM
bougne;buN;bougner;VER;0;0;0;6;0;0;1;VER
bougon;bug§;bougon;ADJ;0,17;0,13;1;6;6;4;2;ADJ
bougre;bugR;bougre;NOM;4,75;4,19;1;6;6;4;1;NOM,ONO
bougre;bugR;bougre;ONO;0,01;0,01;1;6;6;4;1;NOM,ONO
bougée;buZe;bouger;VER;211,9;0,2;0;6;0;4;2;VER
boukha;buka;boukha;NOM;0,14;0,14;1;6;4;4;2;NOM
bouler;bule;bouler;VER;1;0,45;1;6;6;4;2;VER
boules;bul;boule;NOM;30,68;11,4;0;6;0;3;1;NOM,VER
boules;bul;bouler;VER;1;0,16;0;6;0;3;1;NOM,VER
boulet;bulE;boulet;NOM;2,95;1,99;1;6;6;4;2;NOM
boulle;bul;boulle;NOM;0,01;0,01;1;6;5;3;1;NOM
boulon;bul§;boulon;NOM;2,72;1,06;1;6;6;4;2;NOM
boulot;bulo;boulot;ADJ;8,21;7,96;1;6;6;4;2;ADJ,NOM
boulot;bulo;boulot;NOM;202,97;198,68;1;6;6;4;2;ADJ,NOM
boulus;buly;boulu;ADJ;0;0;0;6;0;4;2;ADJ
boulés;bule;bouler;VER;1;0;0;6;0;4;2;VER
bourbe;buRb;bourbe;NOM;0,04;0,04;1;6;6;4;1;NOM
bourde;buRd;bourde;NOM;1,54;1,1;1;6;6;4;1;NOM
bourge;buRZ;bourge;ADJ;0,13;0,13;1;6;6;4;1;ADJ,NOM
bourge;buRZ;bourge;NOM;1,22;0,9;1;6;6;4;1;ADJ,NOM
bourgs;buR;bourg;NOM;1,6;0,12;0;6;0;3;1;NOM
bourra;buRa;bourrer;VER;22,11;0;0;6;0;0;2;VER
bourre;buR;bourre;NOM;4,37;4,24;1;6;6;3;1;NOM,VER
bourre;buR;bourrer;VER;22,11;2,04;0;6;6;3;1;NOM,VER
bourru;buRy;bourru;ADJ;0,34;0,28;1;6;6;4;2;ADJ
bourré;buRe;bourrer;VER;22,11;11,14;0;6;6;4;2;VER,ADJ
bourré;buRe;bourré;ADJ;5,89;4,34;1;6;6;4;2;VER,ADJ
bourse;buRs;bourse;NOM;19,66;17,48;1;6;6;4;1;NOM
bouses;buz;bouse;NOM;1,93;0,22;0;6;0;3;1;NOM
bousin;buz5;bousin;NOM;0;0;1;6;6;4;2;NOM
bouter;bute;bouter;VER;0,47;0,16;1;6;6;4;2;VER
bouton;but§;bouton;NOM;32,44;21,29;1;6;6;4;2;NOM
boutre;butR;boutre;NOM;0;0;1;6;5;4;1;NOM
boutée;bute;bouter;VER;0,47;0;0;6;0;4;2;VER
boutés;bute;bouter;VER;0,47;0,14;0;6;0;4;2;VER
bouvet;buvE;bouvet;NOM;0;0;1;6;5;4;2;NOM
bouées;bwe;bouée;NOM;2,04;0,73;0;6;0;3;1;NOM
bovidé;bovide;bovidé;NOM;0,01;0,01;1;6;5;4;3;NOM
bovine;bovin;bovin;ADJ;0,28;0,1;0;6;0;0;2;ADJ
bovins;bov5;bovin;ADJ;0,28;0,06;0;6;0;4;2;ADJ,NOM
bovins;bov5;bovin;NOM;0,23;0,17;0;6;0;4;2;ADJ,NOM
boxais;bOksE;boxer;VER;5,78;0,29;0;6;0;0;2;VER
boxait;bOksE;boxer;VER;5,78;0,08;0;6;0;0;2;VER
boxant;bOks@;boxer;VER;5,78;0,05;0;6;0;0;2;VER
boxent;bOks;boxer;VER;5,78;0,01;0;6;0;4;1;VER
boxers;bOks9R;boxer;NOM;0,75;0,13;0;6;0;6;2;NOM
boxeur;bOks9R;boxeur;NOM;8,71;6,32;1;6;5;6;2;NOM
boxons;bOks§;boxer;VER;5,78;0,01;0;6;0;5;2;VER,NOM
boxons;bOks§;boxon;NOM;0,62;0,02;0;6;0;5;2;VER,NOM
boyard;bwajaR;boyard;NOM;3,96;1,72;1;6;5;5;2;NOM
boyaux;bwajo;boyau;NOM;2,86;2,67;0;6;0;5;2;NOM
boîtes;bwat;boîte;NOM;88,81;14,23;0;6;0;4;1;NOM
brader;bRade;brader;VER;0,98;0,48;1;6;6;5;2;VER
bradée;bRade;brader;VER;0,98;0,03;0;6;0;5;2;VER
braies;bRE;braie;NOM;0,03;0,03;0;6;0;3;1;NOM
braire;bRER;braire;VER;0,37;0,34;1;6;5;4;1;VER
braise;bREz;braise;NOM;2,04;1,12;1;6;6;4;1;NOM,VER
braise;bREz;braiser;VER;0,08;0;0;6;6;4;1;NOM,VER
braisé;bReze;braiser;VER;0,08;0,03;0;6;6;5;2;VER,ADJ
braisé;bReze;braisé;ADJ;0,42;0,28;1;6;6;5;2;VER,ADJ
bramer;bRame;bramer;VER;0,12;0,01;1;6;6;5;2;VER
brames;bRam;brame;NOM;0,01;0;0;6;0;4;1;NOM,VER
brames;bRam;bramer;VER;0,12;0,1;0;6;0;4;1;NOM,VER
brande;bR@d;brand;NOM;0,02;0;0;6;0;0;1;NOM
brandi;bR@di;brandir;VER;5,4;1,08;0;6;0;5;2;VER
brandy;bR@di;brandy;NOM;3,1;3,1;1;6;6;5;2;NOM
branla;bR@la;branler;VER;12,72;0;0;6;0;0;2;VER
branle;bR@l;branle;NOM;0,68;0,67;1;6;6;4;1;NOM,VER
branle;bR@l;branler;VER;12,72;5,07;0;6;6;4;1;NOM,VER
branlé;bR@le;branler;VER;12,72;0,41;0;6;0;5;2;VER
braqua;bRaka;braquer;VER;15,68;0,01;0;6;0;0;2;VER
braque;bRak;braque;ADJ;0,06;0,06;1;6;6;4;1;ADJ,NOM,VER
braque;bRak;braque;NOM;0,09;0,06;1;6;6;4;1;ADJ,NOM,VER
braque;bRak;braquer;VER;15,68;1,94;0;6;6;4;1;ADJ,NOM,VER
braqué;bRake;braquer;VER;15,68;4,79;0;6;0;5;2;VER
braser;bRaze;braser;VER;0;0;1;6;6;5;2;VER
brasse;bRas;brasse;NOM;0,67;0,37;1;6;6;4;1;NOM,VER
brasse;bRas;brasser;VER;1,03;0,27;0;6;6;4;1;NOM,VER
brassé;bRase;brasser;VER;1,03;0,2;0;6;0;5;2;VER
braver;bRave;braver;VER;3,2;1,48;1;6;6;5;2;VER
braves;bRav;brave;ADJ;30,93;6,39;0;6;0;4;1;ADJ,NOM,VER
braves;bRav;brave;NOM;6,49;2,02;0;6;0;4;1;ADJ,NOM,VER
braves;bRav;braver;VER;3,2;0,11;0;6;0;4;1;ADJ,NOM,VER
bravez;bRave;braver;VER;3,2;0,03;0;6;0;5;2;VER
bravos;bRavo;bravo;NOM;8,93;0,73;0;6;0;5;2;NOM
bravée;bRave;braver;VER;3,2;0;0;6;0;5;2;VER
brayes;bREj;brayer;VER;0,01;0;0;6;0;4;1;VER
breaks;bREk;break;NOM;7,18;0,27;0;6;0;4;1;NOM
brebis;bR°bi;brebis;NOM;7,02;7,02;1;6;4;4;2;NOM
bredin;bR°d5;bredin;NOM;0;0;1;6;5;5;2;NOM
bregma;bREgma;bregma;NOM;0,01;0,01;1;6;4;4;2;NOM
brelan;bR2l@;brelan;NOM;1,29;1,28;1;6;5;5;2;NOM
breton;bR°t§;breton;ADJ;0,71;0,17;1;6;6;5;2;ADJ,NOM
breton;bR°t§;breton;NOM;0,35;0,14;1;6;6;5;2;ADJ,NOM
brette;bREt;brette;NOM;0,01;0,01;1;6;6;4;1;NOM
breuil;bR9j;breuil;NOM;0;0;1;6;5;4;1;NOM
brevet;bR2vE;brevet;NOM;3,1;1,83;1;6;6;5;2;NOM
briard;bRijaR;briard;ADJ;0,03;0,03;1;6;4;6;2;ADJ,NOM
briard;bRijaR;briard;NOM;0,01;0,01;1;6;4;6;2;ADJ,NOM
bribes;bRib;bribe;NOM;0,88;0,85;0;6;0;4;1;NOM
bricks;bRik;brick;NOM;1,51;0,21;0;6;0;4;1;NOM
brider;bRide;brider;VER;0,92;0,28;1;6;6;5;2;VER
brides;bRid;bride;NOM;1,79;0,16;0;6;0;4;1;NOM,VER
brides;bRid;brider;VER;0,92;0,01;0;6;0;4;1;NOM,VER
bridez;bRide;brider;VER;0,92;0,01;0;6;0;5;2;VER
bridge;bRidZ;bridge;NOM;4,33;4,31;1;6;6;5;1;NOM
bridon;bRid§;bridon;NOM;0;0;1;6;5;5;2;NOM
bridée;bRide;brider;VER;0,92;0,01;0;6;0;5;2;VER,ADJ
bridée;bRide;bridé;ADJ;1,45;0,14;0;6;0;5;2;VER,ADJ
bridés;bRide;brider;VER;0,92;0,09;0;6;0;5;2;VER,ADJ
bridés;bRide;bridé;ADJ;1,45;0,57;0;6;0;5;2;VER,ADJ
briefe;bRif;briefer;VER;2,04;0,17;0;6;0;0;1;VER
briefé;bRife;briefer;VER;2,04;0,49;0;6;0;5;2;VER
brifez;bRife;brifer;VER;0;0;0;6;0;5;2;VER
briffe;bRif;briffer;VER;0,12;0,1;0;6;0;0;1;VER
brigue;bRig;briguer;VER;0,81;0,2;0;6;6;0;1;VER
brigué;bRige;briguer;VER;0,81;0,16;0;6;0;5;2;VER
brilla;bRija;briller;VER;28,91;0,02;0;6;0;0;2;VER
brille;bRij;briller;VER;28,91;13,73;0;6;0;0;1;VER
brillé;bRije;briller;VER;28,91;0,8;0;6;0;5;2;VER
brimer;bRime;brimer;VER;0,66;0,14;1;6;5;5;2;VER
brimée;bRime;brimer;VER;0,66;0,01;0;6;0;5;2;VER
brimés;bRime;brimer;VER;0,66;0;0;6;0;5;2;VER
brions;bRi§;brion;NOM;0,03;0,03;0;6;0;0;2;NOM
brique;bRik;brique;ADJ;0,37;0,37;1;6;6;4;1;ADJ,NOM,VER
brique;bRik;brique;NOM;13,56;4,02;1;6;6;4;1;ADJ,NOM,VER
brique;bRik;briquer;VER;0,69;0,06;0;6;6;4;1;ADJ,NOM,VER
briqué;bRike;briquer;VER;0,69;0,16;0;6;0;5;2;VER
brisai;bRizE;briser;VER;55,2;0;0;6;0;0;2;VER
briser;bRize;briser;VER;55,2;14,99;1;6;6;5;2;VER
brises;bRiz;brise;NOM;5,63;0,03;0;6;0;4;1;NOM,VER
brises;bRiz;briser;VER;55,2;0,99;0;6;0;4;1;NOM,VER
brisez;bRize;briser;VER;55,2;2,29;0;6;0;5;2;VER
brisis;bRizi;brisis;NOM;0,05;0,05;1;6;5;5;2;NOM
brisât;bRiza;briser;VER;55,2;0;0;6;0;0;2;VER
brisée;bRize;briser;VER;55,2;2,3;0;6;6;5;2;VER,ADJ,NOM
brisée;bRize;brisé;ADJ;10,09;2,42;0;6;6;5;2;VER,ADJ,NOM
brisée;bRize;brisée;NOM;0,2;0,09;1;6;6;5;2;VER,ADJ,NOM
brisés;bRize;briser;VER;55,2;1,24;0;6;0;5;2;VER,ADJ
brisés;bRize;brisé;ADJ;10,09;1,46;0;6;0;5;2;VER,ADJ
broche;bROS;broche;NOM;4,57;3,88;1;6;6;4;1;NOM,VER
broche;bROS;brocher;VER;0,05;0,03;0;6;6;4;1;NOM,VER
broché;bRoSe;brocher;VER;0,05;0,02;0;6;6;5;2;VER,ADJ,NOM
broché;bRoSe;broché;ADJ;0,01;0;1;6;6;5;2;VER,ADJ,NOM
broché;bRoSe;broché;NOM;0,01;0,01;1;6;6;5;2;VER,ADJ,NOM
broder;bRode;broder;VER;3,52;1,01;1;6;6;4;2;VER
brodes;bROd;broder;VER;3,52;0,15;0;6;0;0;1;VER
brodez;bRode;broder;VER;3,52;0,05;0;6;0;4;2;VER
brodée;bRode;broder;VER;3,52;0,06;0;6;0;4;2;VER,ADJ
brodée;bRode;brodé;ADJ;0,57;0,01;0;6;0;4;2;VER,ADJ
brodés;bRode;broder;VER;3,52;0,17;0;6;0;4;2;VER,ADJ
brodés;bRode;brodé;ADJ;0,57;0,14;0;6;0;4;2;VER,ADJ
broies;bRwa;broyer;VER;4,08;0,16;0;6;0;0;1;VER
broker;bRok9R;broker;NOM;0,02;0,02;1;6;4;5;2;NOM
bronze;bR§z;bronze;ADJ;0,54;0,54;1;6;6;4;1;ADJ,NOM,VER
bronze;bR§z;bronze;NOM;3,37;3,15;1;6;6;4;1;ADJ,NOM,VER
bronze;bR§z;bronzer;VER;5,1;0,84;0;6;6;4;1;ADJ,NOM,VER
bronzé;bR§ze;bronzer;VER;5,1;0,97;0;6;6;5;2;VER,ADJ
bronzé;bR§ze;bronzé;ADJ;2,72;1,65;1;6;6;5;2;VER,ADJ
brooks;bRuk;brook;NOM;0,12;0,1;0;6;0;4;1;NOM
broque;bROk;broque;NOM;0;0;1;6;6;4;1;NOM
brossa;bRosa;brosser;VER;7,65;0;0;6;0;0;2;VER
brosse;bROs;brosse;NOM;8,43;7,29;1;6;6;4;1;NOM,VER
brosse;bROs;brosser;VER;7,65;1,77;0;6;6;4;1;NOM,VER
brossé;bRose;brosser;VER;7,65;1,23;0;6;0;5;2;VER
brouet;bRuE;brouet;NOM;0,06;0,04;1;6;6;4;2;NOM
brouis;bRui;brouir;VER;0;0;0;6;0;0;2;VER
brouit;bRui;brouir;VER;0;0;0;6;0;0;2;VER
brouta;bRuta;brouter;VER;1,65;0;0;6;0;0;2;VER
broute;bRut;brouter;VER;1,65;0,36;0;6;0;0;1;VER
brouté;bRute;brouter;VER;1,65;0,24;0;6;0;5;2;VER
broyer;bRwaje;broyer;VER;4,08;1,61;1;6;6;6;2;VER
broyez;bRwaje;broyer;VER;4,08;0,23;0;6;0;6;2;VER
broyée;bRwaje;broyer;VER;4,08;0,08;0;6;0;6;2;VER,ADJ
broyée;bRwaje;broyé;ADJ;0,75;0,16;0;6;0;6;2;VER,ADJ
broyés;bRwaje;broyer;VER;4,08;0,27;0;6;0;6;2;VER,ADJ
broyés;bRwaje;broyé;ADJ;0,75;0,05;0;6;0;6;2;VER,ADJ
bruant;bRy@;bruant;NOM;0;0;1;6;4;4;2;NOM
bruges;bRyZ;bruges;NOM;0;0;1;6;6;4;1;NOM
bruine;bR8in;bruine;NOM;0,06;0,06;1;6;6;5;1;NOM,VER
bruine;bR8in;bruiner;VER;0,14;0,14;0;6;6;5;1;NOM,VER
bruire;bR8iR;bruire;VER;0,48;0,23;1;6;5;5;1;VER
bruita;bR8ita;bruiter;VER;0,01;0,01;0;6;0;0;2;VER
bruits;bR8i;bruit;NOM;94,13;15,18;0;6;0;4;1;NOM
brumes;bRym;brume;NOM;5,07;0,91;0;6;0;4;1;NOM
brunch;bR9nS;brunch;NOM;1,63;1,53;1;6;5;4;1;NOM
brunes;bRyn;brun;ADJ;13,16;0,57;0;6;0;4;1;ADJ,NOM
brunes;bRyn;brune;NOM;5,2;0,76;0;6;0;4;1;ADJ,NOM
brunet;bRynE;brunet;ADJ;0,04;0;1;6;6;5;2;ADJ
brunie;bRyni;bruni;ADJ;0,01;0;0;6;0;5;2;ADJ,VER
brunie;bRyni;brunir;VER;0,19;0,01;0;6;0;5;2;ADJ,VER
brunir;bRyniR;brunir;VER;0,19;0,16;1;6;6;6;2;VER
brunis;bRyni;bruni;ADJ;0,01;0;0;6;0;5;2;ADJ,VER
brunis;bRyni;brunir;VER;0,19;0;0;6;0;5;2;ADJ,VER
brunit;bRyni;brunir;VER;0,19;0;0;6;0;5;2;VER
brutal;bRytal;brutal;ADJ;9,82;5,29;1;6;6;6;2;ADJ
brutes;bRyt;brut;ADJ;3,86;0,17;0;6;0;4;1;ADJ,NOM
brutes;bRyt;brute;NOM;14,03;5;0;6;0;4;1;ADJ,NOM
brèche;bRES;brèche;NOM;3,83;3,54;1;6;6;4;1;NOM
brèmes;bREm;brème;NOM;0,05;0;0;6;0;4;1;NOM
brèves;bREv;bref;ADJ;15,63;0,52;0;6;0;4;1;ADJ,NOM
brèves;bREv;brève;NOM;0,14;0,03;0;6;0;4;1;ADJ,NOM
brésil;bRezil;brésil;NOM;0,1;0,1;1;6;6;6;2;NOM
brêles;bREl;brêler;VER;0,02;0,02;0;6;0;0;1;VER
brûlai;bRylE;brûler;VER;110,28;0,01;0;6;0;0;2;VER
brûler;bRyle;brûler;VER;110,28;23,14;1;6;6;5;2;VER
brûles;bRyl;brûler;VER;110,28;1,57;0;6;0;0;1;VER
brûlez;bRyle;brûler;VER;110,28;4,89;0;6;0;5;2;VER
brûlis;bRyli;brûlis;NOM;0,11;0,11;1;6;5;5;2;NOM
brûlot;bRylo;brûlot;NOM;0,14;0,01;1;6;6;5;2;NOM
brûlât;bRyla;brûler;VER;110,28;0;0;6;0;0;2;VER
brûlée;bRyle;brûler;VER;110,28;3,57;0;6;0;5;2;VER,ADJ,NOM
brûlée;bRyle;brûlé;ADJ;8,34;3,29;0;6;0;5;2;VER,ADJ,NOM
brûlée;bRyle;brûlé;NOM;2,35;0,16;0;6;0;5;2;VER,ADJ,NOM
brûlés;bRyle;brûler;VER;110,28;2,33;0;6;0;5;2;VER,ADJ,NOM
brûlés;bRyle;brûlé;ADJ;8,34;1,39;0;6;0;5;2;VER,ADJ,NOM
brûlés;bRyle;brûlé;NOM;2,35;0,83;0;6;0;5;2;VER,ADJ,NOM
bubons;byb§;bubon;NOM;0,22;0,2;0;6;0;4;2;NOM
buccal;bykal;buccal;ADJ;0,54;0,16;1;6;5;4;2;ADJ
buccin;byks5;buccin;NOM;0;0;1;6;6;5;2;NOM
buddha;byda;buddha;NOM;0,4;0,4;1;6;4;4;2;NOM
budget;bydZE;budget;NOM;11,21;10,54;1;6;5;5;2;NOM
buffet;byfE;buffet;NOM;6,93;6,63;1;6;5;4;2;NOM
buffle;byfl;buffle;NOM;1,79;1,16;1;6;6;4;1;NOM
bugler;bygle;bugler;VER;0,07;0,07;1;6;6;5;2;VER
bugles;bygl;bugle;NOM;0,07;0,01;0;6;0;4;1;NOM
bugnes;byN;bugne;NOM;0,01;0;0;6;0;3;1;NOM
buires;b8iR;buire;NOM;0;0;0;6;0;0;1;NOM
bulbes;bylb;bulbe;NOM;0,47;0,16;0;6;0;4;1;NOM
bulbul;bylbyl;bulbul;NOM;0;0;1;6;5;5;2;NOM
buller;byle;buller;VER;0,35;0,12;1;6;6;4;2;VER
bulles;byl;bulle;NOM;8,11;5,12;0;6;0;3;1;NOM,VER
bulles;byl;buller;VER;0,35;0,02;0;6;0;3;1;NOM,VER
bullez;byle;buller;VER;0,35;0,01;0;6;0;4;2;VER
bulots;bylo;bulot;NOM;0,01;0;0;6;0;4;2;NOM
bumper;b9mp9R;bumper;NOM;0,14;0,14;1;6;3;3;2;NOM
bunker;bunkER;bunker;NOM;4,51;3,89;1;6;4;3;2;NOM
bunsen;b1zEn;bunsen;NOM;0;0;1;6;4;3;2;NOM
bureau;byRo;bureau;NOM;167,13;156,68;1;6;6;4;2;NOM
burent;byR;boire;VER;339,05;0,02;0;6;0;3;1;VER
burger;b9Rg9R;burger;NOM;2,31;1,33;1;6;5;5;2;NOM
burina;byRina;buriner;VER;0,11;0,1;0;6;0;0;3;VER
burins;byR5;burin;NOM;0,59;0,02;0;6;0;4;2;NOM
buriné;byRine;buriner;VER;0,11;0;0;6;6;4;3;VER,ADJ
buriné;byRine;buriné;ADJ;0,02;0,01;1;6;6;4;3;VER,ADJ
burnes;byRn;burne;NOM;1,42;1,33;0;6;0;4;1;NOM
burons;byR§;buron;NOM;0;0;0;6;0;0;2;NOM
busard;byzaR;busard;NOM;0,06;0,02;1;6;4;4;2;NOM
busqué;byske;busquer;VER;0;0;0;6;6;4;2;VER,ADJ
busqué;byske;busqué;ADJ;0;0;1;6;6;4;2;VER,ADJ
bustes;byst;buste;NOM;2,44;0,42;0;6;0;4;1;NOM
butais;bytE;buter;VER;31,86;0,02;0;6;0;0;2;VER
butait;bytE;buter;VER;31,86;0,2;0;6;0;0;2;VER
butane;bytan;butane;NOM;0,13;0,13;1;6;5;5;2;NOM
butant;byt@;buter;VER;31,86;0,06;0;6;0;0;2;VER
butent;byt;buter;VER;31,86;0,44;0;6;0;3;1;VER
butera;byt°Ra;buter;VER;31,86;0,16;0;6;0;0;3;VER
buteur;byt9R;buteur;NOM;0,39;0,39;1;6;5;4;2;NOM
butine;bytin;butiner;VER;0,49;0,17;0;6;0;0;2;VER
butins;byt5;butin;NOM;6,35;0,08;0;6;0;4;2;NOM
butiné;bytine;butiner;VER;0,49;0,01;0;6;0;6;3;VER
butoir;bytwaR;butoir;NOM;0,33;0,31;1;6;5;4;2;NOM
butons;byt§;buter;VER;31,86;0,14;0;6;0;0;2;VER
butors;bytOR;butor;NOM;0,28;0,01;0;6;0;4;2;NOM
butter;byte;butter;VER;1,17;0,69;1;6;6;4;2;VER
buttes;byt;butte;NOM;1,48;0,32;0;6;0;3;1;NOM,VER
buttes;byt;butter;VER;1,17;0,01;0;6;0;3;1;NOM,VER
buttés;byte;butter;VER;1,17;0;0;6;0;4;2;VER
butées;byte;buter;VER;31,86;0,01;0;6;0;4;2;VER,ADJ
butées;byte;buté;ADJ;1,28;0;0;6;0;4;2;VER,ADJ
buvais;byvE;boire;VER;339,05;4,1;0;6;0;0;2;VER
buvait;byvE;boire;VER;339,05;7,06;0;6;0;0;2;VER
buvant;byv@;boire;VER;339,05;2,58;0;6;5;4;2;VER,NOM
buvant;byv@;buvant;NOM;0,01;0,01;1;6;5;4;2;VER,NOM
buvard;byvaR;buvard;ADJ;0,02;0,02;1;6;6;5;2;ADJ,NOM
buvard;byvaR;buvard;NOM;0,12;0,1;1;6;6;5;2;ADJ,NOM
buveur;byv9R;buveur;NOM;2,22;1,67;1;6;5;4;2;NOM
buviez;byvje;boire;VER;339,05;0,72;0;6;0;0;2;VER
buvons;byv§;boire;VER;339,05;13,69;0;6;0;0;2;VER
bâbord;babOR;bâbord;NOM;1,97;1,97;1;6;3;4;2;NOM
bâcher;baSe;bâcher;VER;0,04;0,01;1;6;6;4;2;VER
bâches;baS;bâche;NOM;2,4;0,1;0;6;0;3;1;NOM
bâchée;baSe;bâcher;VER;0,04;0;0;6;0;4;2;VER,ADJ
bâchée;baSe;bâché;ADJ;0,02;0;0;6;0;4;2;VER,ADJ
bâchés;baSe;bâché;ADJ;0,02;0,01;0;6;0;4;2;ADJ
bâclai;baklE;bâcler;VER;1,39;0;0;6;0;0;2;VER
bâcler;bakle;bâcler;VER;1,39;0,12;1;6;6;5;2;VER
bâcles;bakl;bâcler;VER;1,39;0,02;0;6;0;0;1;VER
bâclez;bakle;bâcler;VER;1,39;0,01;0;6;0;5;2;VER
bâclée;bakle;bâcler;VER;1,39;0,2;0;6;0;5;2;VER
bâclés;bakle;bâcler;VER;1,39;0,01;0;6;0;5;2;VER
bâfrer;bafRe;bâfrer;VER;0,72;0,26;1;6;6;5;2;VER
bâfres;bafR;bâfrer;VER;0,72;0,17;0;6;0;0;1;VER
bâfrez;bafRe;bâfrer;VER;0,72;0,01;0;6;0;5;2;VER
bâilla;baja;bâiller;VER;1,87;0,01;0;6;0;0;2;VER
bâille;baj;bâiller;VER;1,87;0,62;0;6;0;3;1;VER
bâillé;baje;bâiller;VER;1,87;0,02;0;6;0;4;2;VER
bâtard;bataR;bâtard;ADJ;2,69;1,91;1;6;6;5;2;ADJ,NOM
bâtard;bataR;bâtard;NOM;13,66;9,89;1;6;6;5;2;ADJ,NOM
bâties;bati;bâti;ADJ;1,02;0,04;0;6;0;4;2;ADJ,VER
bâties;bati;bâtir;VER;18,65;0,3;0;6;0;4;2;ADJ,VER
bâtira;batiRa;bâtir;VER;18,65;0,18;0;6;0;0;3;VER
bâtons;bat§;bâter;VER;0,16;0;0;6;0;4;2;VER,NOM
bâtons;bat§;bâton;NOM;18,11;4,71;0;6;0;4;2;VER,NOM
bègues;bEg;bègue;ADJ;0,13;0,01;0;6;0;3;1;ADJ,NOM
bègues;bEg;bègue;NOM;0,24;0,04;0;6;0;3;1;ADJ,NOM
béance;be@s;béance;NOM;0,16;0,16;1;6;5;4;2;NOM
béante;be@t;béant;ADJ;1,21;0,44;0;6;0;0;2;ADJ
béants;be@;béant;ADJ;1,21;0,22;0;6;0;3;2;ADJ
béates;beat;béat;ADJ;0,26;0;0;6;0;0;2;ADJ
bébête;bebEt;bébête;ADJ;0,32;0,25;1;6;4;4;2;ADJ
bécane;bekan;bécane;NOM;1,77;1,46;1;6;5;5;2;NOM
bécard;bekaR;bécard;NOM;0;0;1;6;6;5;2;NOM
bécher;beSe;bécher;NOM;0,01;0,01;1;6;5;4;2;NOM
bécote;bekOt;bécoter;VER;1,05;0,21;0;6;0;0;2;VER
bécots;beko;bécot;NOM;0,42;0,01;0;6;0;4;2;NOM
bécoté;bekOte;bécoter;VER;1,05;0,13;0;6;0;0;3;VER
bédane;bedan;bédane;NOM;0;0;1;6;4;4;2;NOM
bégaie;begE;bégayer;VER;2,61;0,59;0;6;0;0;2;VER
bégaya;begeja;bégayer;VER;2,61;0,01;0;6;0;0;3;VER
bégaye;begej;bégayer;VER;2,61;0,41;0;6;0;0;2;VER
bégayé;begeje;bégayer;VER;2,61;0,27;0;6;0;6;3;VER
béguin;beg5;béguin;NOM;3,11;3,09;1;6;6;4;2;NOM
béhème;beEm;béhème;NOM;0,2;0,2;1;6;4;3;2;NOM
bélier;belje;bélier;NOM;1,51;1,32;1;6;5;4;2;NOM
béluga;belyga;béluga;NOM;0,02;0,02;1;6;4;4;3;NOM
bémols;bemOl;bémol;NOM;0,88;0;0;6;0;3;2;NOM
bénard;benaR;bénard;ADJ;0;0;1;6;4;4;2;ADJ,NOM
bénard;benaR;bénard;NOM;0;0;1;6;4;4;2;ADJ,NOM
bénefs;benEf;bénef;NOM;0,71;0,28;0;6;0;4;2;NOM
bénies;beni;bénir;VER;48,77;0,72;0;6;0;4;2;VER
bénins;ben5;bénin;ADJ;1,56;0,03;0;6;0;4;2;ADJ
bénira;beniRa;bénir;VER;48,77;0,66;0;6;0;0;3;VER
bénite;benit;bénit;ADJ;2,81;2,08;0;6;0;0;2;ADJ
bénits;beni;bénit;ADJ;2,81;0;0;6;0;4;2;ADJ
bérets;beRE;béret;NOM;1,5;0,31;0;6;0;4;2;NOM
béryls;beRil;béryl;NOM;0,02;0;0;6;0;5;2;NOM
bétail;betaj;bétail;NOM;9,71;9,69;1;6;6;5;2;NOM
bétons;bet§;béton;NOM;6,41;0;0;6;0;4;2;NOM
bévues;bevy;bévue;NOM;0,36;0,08;0;6;0;3;2;NOM
bêcher;beSe;bêcher;VER;0,55;0,36;1;6;6;4;2;VER
bêches;bES;bêche;NOM;0,46;0,04;0;6;0;3;1;NOM
bêlait;bElE;bêler;VER;0,23;0;0;6;0;0;2;VER
bêlant;bEl@;bêlant;ADJ;0,16;0,02;1;6;4;4;2;ADJ,VER
bêlant;bEl@;bêler;VER;0,23;0,03;0;6;4;4;2;ADJ,VER
bêlent;bEl;bêler;VER;0,23;0;0;6;0;3;1;VER
bêtise;betiz;bêtise;NOM;39,31;14,29;1;6;6;5;2;NOM
bûcher;bySe;bûcher;NOM;3,82;3,43;1;6;6;4;2;NOM,VER
bûcher;bySe;bûcher;VER;0,3;0,08;1;6;6;4;2;NOM,VER
bûches;byS;bûche;NOM;2,91;0,82;0;6;0;3;1;NOM,VER
bûches;byS;bûcher;VER;0,3;0,04;0;6;0;3;1;NOM,VER
bûchez;bySe;bûcher;VER;0,3;0,02;0;6;0;4;2;VER
cabale;kabal;cabale;NOM;0,73;0,73;1;6;6;5;2;NOM
cabana;kabana;cabaner;VER;0,02;0,02;0;6;0;0;3;VER
cabane;kaban;cabane;NOM;15,36;14,34;1;6;6;5;2;NOM
cabans;kab@;caban;NOM;0,14;0;0;6;0;4;2;NOM
cabine;kabin;cabine;NOM;20;17,65;1;6;6;5;2;NOM
cabote;kabOt;caboter;VER;0,02;0,01;0;6;0;0;2;VER
cabots;kabo;cabot;NOM;1,52;0,07;0;6;0;4;2;NOM
caboté;kabote;caboter;VER;0,02;0;0;6;0;6;3;VER
cabrer;kabRe;cabrer;VER;0,34;0,01;1;6;6;5;2;VER
cabris;kabRi;cabri;NOM;0,08;0,01;0;6;0;5;2;NOM
cabrée;kabRe;cabrer;VER;0,34;0,01;0;6;0;5;2;VER
cabrés;kabRe;cabrer;VER;0,34;0;0;6;0;5;2;VER
cacaos;kakao;cacao;NOM;1,3;0,01;0;6;0;5;3;NOM
cachai;kaSE;cacher;VER;204,13;0,16;0;6;0;4;2;VER
cacher;kaSe;cacher;VER;204,13;61,06;1;6;6;4;2;VER
caches;kaS;cache;NOM;4,33;0,46;0;6;0;3;1;NOM,VER
caches;kaS;cacher;VER;204,13;12,67;0;6;0;3;1;NOM,VER
cachet;kaSE;cachet;NOM;16,46;6,97;1;6;6;4;2;NOM
cachez;kaSe;cacher;VER;204,13;10,65;0;6;0;4;2;VER
cachot;kaSo;cachot;NOM;3,67;3,01;1;6;6;4;2;NOM
cachou;kaSu;cachou;ADJ;0;0;1;6;6;4;2;ADJ,NOM
cachou;kaSu;cachou;NOM;0,23;0,17;1;6;6;4;2;ADJ,NOM
cachât;kaSa;cacher;VER;204,13;0;0;6;0;4;2;VER
cachée;kaSe;cacher;VER;204,13;8,17;0;6;0;4;2;VER,ADJ
cachée;kaSe;caché;ADJ;10,47;3,28;0;6;0;4;2;VER,ADJ
cachés;kaSe;cacher;VER;204,13;4,29;0;6;0;4;2;VER,ADJ
cachés;kaSe;caché;ADJ;10,47;1,57;0;6;0;4;2;VER,ADJ
cactus;kaktys;cactus;NOM;2,86;2,86;1;6;5;4;2;NOM
caddie;kadi;caddie;NOM;1,5;1,35;1;6;5;4;2;NOM
cadeau;kado;cadeau;NOM;125,79;98,09;1;6;5;4;2;NOM
cadets;kadE;cadet;ADJ;4,64;0,57;0;6;0;4;2;ADJ,NOM
cadets;kadE;cadet;NOM;7,39;2,44;0;6;0;4;2;ADJ,NOM
cadmié;kadmje;cadmier;VER;0;0;0;6;0;0;2;VER
cadors;kadOR;cador;NOM;0,45;0,03;0;6;0;4;2;NOM
cadran;kadR@;cadran;NOM;1,58;1,42;1;6;6;5;2;NOM
cadrer;kadRe;cadrer;VER;1,55;0,64;1;6;6;5;2;VER
cadres;kadR;cadre;NOM;13,53;2,56;0;6;0;4;1;NOM,VER
cadres;kadR;cadrer;VER;1,55;0,03;0;6;0;4;1;NOM,VER
cadrez;kadRe;cadrer;VER;1,55;0,03;0;6;0;5;2;VER
cadrée;kadRe;cadrer;VER;1,55;0,01;0;6;0;5;2;VER
caducs;kadyk;caduc;ADJ;0,24;0,1;0;6;0;5;2;ADJ
caecum;sekOm;caecum;NOM;0,01;0,01;1;6;4;5;2;NOM
cafard;kafaR;cafard;ADJ;0,51;0,29;1;6;6;5;2;ADJ,NOM
cafard;kafaR;cafard;NOM;9,87;5,77;1;6;6;5;2;ADJ,NOM
cafeté;kaf°te;cafeter;VER;0,27;0,02;0;6;0;0;3;VER
caftan;kaft@;caftan;NOM;0,15;0,15;1;6;6;5;2;NOM
cafter;kafte;cafter;VER;1,05;0,32;1;6;6;5;2;VER
caftes;kaft;cafter;VER;1,05;0,14;0;6;0;0;1;VER
caftés;kafte;cafter;VER;1,05;0,01;0;6;0;5;2;VER
cagade;kagad;cagade;NOM;0;0;1;6;4;4;2;NOM
cageot;kaZo;cageot;NOM;1,21;0,64;1;6;5;4;2;NOM
cagibi;kaZibi;cagibi;NOM;0,85;0,85;1;6;4;4;3;NOM
cagnas;kaNa;cagna;NOM;0,01;0;0;6;0;4;2;NOM
cagote;kagOt;cagot;NOM;0;0;0;6;0;0;2;NOM
cagots;kago;cagot;NOM;0;0;0;6;0;4;2;NOM
caguer;kage;caguer;VER;0,01;0,01;1;6;4;4;2;VER
cahier;kaje;cahier;NOM;6,98;5,04;1;6;5;4;2;NOM
cahors;kaOR;cahors;NOM;0;0;1;6;5;4;2;NOM
cahota;kaota;cahoter;VER;0,06;0;0;6;0;0;3;VER
cahote;kaOt;cahoter;VER;0,06;0,01;0;6;0;0;2;VER
cahots;kao;cahot;NOM;0,08;0,07;0;6;0;3;2;NOM
cahoté;kaote;cahoter;VER;0,06;0;0;6;0;5;3;VER
cahute;kayt;cahute;NOM;0,17;0,17;1;6;4;3;2;NOM
cailla;kaja;cailler;VER;1,46;0;0;6;0;0;2;VER
caille;kaj;caille;NOM;2,34;1,81;1;6;6;3;1;NOM,VER
caille;kaj;cailler;VER;1,46;1,08;0;6;6;3;1;NOM,VER
caillé;kaje;cailler;VER;1,46;0,01;0;6;6;4;2;VER,ADJ,NOM
caillé;kaje;caillé;ADJ;0,21;0,21;1;6;6;4;2;VER,ADJ,NOM
caillé;kaje;caillé;NOM;0;0;1;6;6;4;2;VER,ADJ,NOM
cairns;kERn;cairn;NOM;0,08;0,05;0;6;0;4;1;NOM
caisse;kEs;caisse;NOM;38,03;29,46;1;6;6;3;1;NOM
cajola;kaZola;cajoler;VER;1,36;0;0;6;0;0;3;VER
cajole;kaZOl;cajoler;VER;1,36;0,59;0;6;0;0;2;VER
cajolé;kaZole;cajoler;VER;1,36;0,01;0;6;0;6;3;VER
cajous;kaZu;cajou;NOM;0,18;0,01;0;6;0;4;2;NOM
cajuns;kaZ1;cajun;ADJ;0,47;0,01;0;6;0;4;2;ADJ,NOM
cajuns;kaZ1;cajun;NOM;0,28;0,1;0;6;0;4;2;ADJ,NOM
calade;kalad;calade;NOM;0;0;1;6;5;5;2;NOM
calais;kalE;caler;VER;4,19;0,01;0;6;0;0;2;VER
calait;kalE;caler;VER;4,19;0,01;0;6;0;0;2;VER
calame;kalam;calame;NOM;0,14;0,14;1;6;6;5;2;NOM
calant;kal@;caler;VER;4,19;0,02;0;6;0;0;2;VER
calbar;kalbaR;calbar;NOM;0,02;0,02;1;6;5;5;2;NOM
calcer;kalse;calcer;VER;0;0;1;6;5;5;2;VER
calcif;kalsif;calcif;NOM;0,1;0,08;1;6;6;6;2;NOM
calcul;kalkyl;calcul;NOM;11,47;5,95;1;6;6;6;2;NOM
calent;kal;caler;VER;4,19;0,16;0;6;0;3;1;VER
calfat;kalfa;calfat;NOM;0;0;1;6;6;5;2;NOM
calice;kalis;calice;NOM;1,42;1,2;1;6;6;5;2;NOM
calife;kalif;calife;NOM;3,51;3,5;1;6;6;5;2;NOM
caller;kale;caller;VER;0,66;0;1;6;6;4;2;VER
calles;kal;caller;VER;0,66;0,03;0;6;0;3;1;VER
calmai;kalmE;calmer;VER;168,54;0,01;0;6;0;0;2;VER
calmar;kalmaR;calmar;NOM;1,1;0,7;1;6;6;5;2;NOM
calmas;kalma;calmer;VER;168,54;0,01;0;6;0;0;2;VER
calmer;kalme;calmer;VER;168,54;22,89;1;6;6;5;2;VER
calmes;kalm;calme;ADJ;66,57;7,79;0;6;0;4;1;ADJ,NOM,VER
calmes;kalm;calme;NOM;105,2;0,12;0;6;0;4;1;ADJ,NOM,VER
calmes;kalm;calmer;VER;168,54;3,19;0;6;0;4;1;ADJ,NOM,VER
calmez;kalme;calmer;VER;168,54;34,63;0;6;0;5;2;VER
calmir;kalmiR;calmir;VER;0;0;1;6;5;5;2;VER
calmos;kalmOs;calmos;ONO;1,69;1,69;1;6;5;5;2;ONO
calmât;kalma;calmer;VER;168,54;0;0;6;0;0;2;VER
calmée;kalme;calmer;VER;168,54;1,48;0;6;0;5;2;VER
calmés;kalme;calmer;VER;168,54;0,35;0;6;0;5;2;VER
calots;kalo;calot;NOM;0,23;0,11;0;6;0;4;2;NOM
calque;kalk;calque;NOM;0,07;0,04;1;6;6;4;1;NOM,VER
calque;kalk;calquer;VER;0,36;0,23;0;6;6;4;1;NOM,VER
calqué;kalke;calquer;VER;0,36;0,08;0;6;0;5;2;VER
calter;kalte;calter;VER;0,47;0,02;1;6;4;4;2;VER
caltez;kalte;calter;VER;0,47;0,43;0;6;0;4;2;VER
caltés;kalte;calter;VER;0,47;0;0;6;0;4;2;VER
calvas;kalva;calva;NOM;0,03;0;0;6;0;5;2;NOM
calées;kale;caler;VER;4,19;0;0;6;0;4;2;VER,ADJ
calées;kale;calé;ADJ;0,58;0;0;6;0;4;2;VER,ADJ
camail;kamaj;camail;NOM;0;0;1;6;5;5;2;NOM
camard;kamaR;camard;ADJ;0,01;0,01;1;6;6;5;2;ADJ
camaro;kamaRo;camaro;NOM;0,38;0,38;1;6;6;6;3;NOM
camber;k@be;camber;VER;0,09;0,09;1;6;5;4;2;VER
cambra;k@bRa;cambrer;VER;1,35;0,01;0;6;0;0;2;VER
cambre;k@bR;cambrer;VER;1,35;0,34;0;6;0;0;1;VER
cambré;k@bRe;cambrer;VER;1,35;0;0;6;6;5;2;VER,ADJ
cambré;k@bRe;cambré;ADJ;0,32;0,19;1;6;6;5;2;VER,ADJ
cament;kam;camer;VER;3,35;0,08;0;6;0;3;1;VER
camera;kam°Ra;camer;VER;3,35;1,55;0;6;0;0;3;VER
camion;kamj§;camion;NOM;59,46;50,06;1;6;6;5;2;NOM
camper;k@pe;camper;VER;6,16;3,02;1;6;6;4;2;VER
campes;k@p;camper;VER;6,16;0,16;0;6;0;0;1;VER
campez;k@pe;camper;VER;6,16;0,08;0;6;0;4;2;VER
campos;k@po;campo;NOM;0,58;0,11;0;6;0;4;2;NOM
campus;k@pys;campus;NOM;6,04;6,04;1;6;5;4;2;NOM
campée;k@pe;camper;VER;6,16;0;0;6;0;4;2;VER,ADJ
campée;k@pe;campé;ADJ;0;0;0;6;0;4;2;VER,ADJ
campés;k@pe;camper;VER;6,16;0,01;0;6;0;4;2;VER
camuse;kamyz;camus;ADJ;0,14;0,14;0;6;0;0;2;ADJ
camées;kame;camé;ADJ;0,84;0,04;0;6;0;4;2;ADJ,NOM
camées;kame;camée;NOM;0,58;0,11;0;6;0;4;2;ADJ,NOM
caméra;kameRa;caméra;NOM;56,18;41,64;1;6;6;6;3;NOM
canada;kanada;canada;NOM;0,03;0,03;1;6;6;6;3;NOM
canado;kanado;canado;ADV;0,02;0,02;1;6;6;6;3;ADV
canapé;kanape;canapé;NOM;18,58;17,66;1;6;6;6;3;NOM
canard;kanaR;canard;NOM;23,85;15,46;1;6;6;5;2;NOM
canari;kanaRi;canari;ADJ;0,17;0,17;1;6;6;6;3;ADJ,NOM
canari;kanaRi;canari;NOM;2,72;1,51;1;6;6;6;3;ADJ,NOM
canaux;kano;canal;NOM;17,11;2,9;0;6;0;4;2;NOM
cancan;k@k@;cancan;NOM;1,29;0,51;1;6;6;4;2;NOM
cancel;k@sEl;cancel;NOM;0,27;0,27;1;6;6;5;2;NOM
cancer;k@sER;cancer;NOM;23,15;22,34;1;6;6;5;2;NOM
canche;k@S;canche;NOM;0,01;0,01;1;6;5;3;1;NOM
cancre;k@kR;cancre;NOM;0,97;0,77;1;6;6;4;1;NOM
candie;k@di;candir;VER;0;0;0;6;0;4;2;VER
candis;k@di;candi;ADJ;0,24;0;0;6;0;4;2;ADJ
cangue;k@g;cangue;NOM;0;0;1;6;4;3;1;NOM
canifs;kanif;canif;NOM;0,95;0,04;0;6;0;5;2;NOM
canine;kanin;canine;ADJ;0,54;0,41;1;6;6;5;2;ADJ,NOM
canine;kanin;canine;NOM;0,47;0,23;1;6;6;5;2;ADJ,NOM
canins;kan5;canin;ADJ;0,76;0,2;0;6;0;4;2;ADJ
cannas;kana;canna;NOM;0,1;0;0;6;0;4;2;NOM
canner;kane;canner;VER;0,31;0,28;1;6;6;4;2;VER
cannes;kan;canne;NOM;10,91;0,71;0;6;0;3;1;NOM
cannée;kane;canner;VER;0,31;0;0;6;0;4;2;VER,ADJ
cannée;kane;canné;ADJ;0;0;0;6;0;4;2;VER,ADJ
canons;kan§;caner;VER;0,09;0;0;6;0;4;2;VER,ADJ,NOM
canons;kan§;canon;ADJ;11,03;3,25;0;6;0;4;2;VER,ADJ,NOM
canons;kan§;canon;NOM;22,22;7,34;0;6;0;4;2;VER,ADJ,NOM
canope;kanOp;canope;NOM;0,09;0,07;1;6;5;4;2;NOM
canote;kanOt;canoter;VER;0,01;0;0;6;0;0;2;VER
canots;kano;canot;NOM;4,58;1,27;0;6;0;4;2;NOM
canoté;kanote;canoter;VER;0,01;0;0;6;0;6;3;VER
canoës;kanoe;canoë;NOM;1,95;0,22;0;6;0;5;3;NOM
cantal;k@tal;cantal;NOM;0;0;1;6;6;5;2;NOM
canter;k@t9R;canter;NOM;0,02;0,02;1;6;5;4;2;NOM
canton;k@t§;canton;NOM;0,36;0,34;1;6;6;4;2;NOM
cantre;k@tR;cantre;NOM;0;0;1;6;5;4;1;NOM
canule;kanyl;canule;NOM;0,23;0,23;1;6;6;5;2;NOM
canuts;kany;canut;NOM;0,01;0,01;0;6;0;4;2;NOM
canyon;kanjOn;canyon;NOM;4,45;4,18;1;6;4;4;2;NOM
caouas;kawa;caoua;NOM;0,07;0;0;6;0;4;2;NOM
capelé;kap°le;capeler;VER;0;0;0;6;0;0;3;VER
capons;kap§;capon;ADJ;0,14;0,01;0;6;0;4;2;ADJ
capota;kapota;capoter;VER;0,9;0;0;6;0;0;3;VER
capote;kapOt;capote;NOM;7,59;4,67;1;6;6;5;2;NOM,VER
capote;kapOt;capoter;VER;0,9;0,18;0;6;6;5;2;NOM,VER
capots;kapo;capot;NOM;3,17;0,03;0;6;0;4;2;NOM
capoté;kapote;capoter;VER;0,9;0,15;0;6;0;5;3;VER
capter;kapte;capter;VER;9,89;1,95;1;6;6;5;2;VER
captez;kapte;capter;VER;9,89;0,62;0;6;0;5;2;VER
captif;kaptif;captif;ADJ;1,11;0,63;1;6;6;6;2;ADJ,NOM
captif;kaptif;captif;NOM;1,19;0,16;1;6;6;6;2;ADJ,NOM
captée;kapte;capter;VER;9,89;0,22;0;6;0;5;2;VER
captés;kapte;capter;VER;9,89;0,2;0;6;0;5;2;VER
caques;kak;caque;NOM;0,12;0;0;6;0;3;1;NOM
caquet;kakE;caquet;NOM;0,46;0,45;1;6;6;4;2;NOM
carabe;kaRab;carabe;NOM;0,01;0;1;6;6;5;2;NOM
caraco;kaRako;caraco;NOM;0,28;0,14;1;6;6;6;3;NOM
carafe;kaRaf;carafe;NOM;1,04;1,02;1;6;6;5;2;NOM
carats;kaRa;carat;NOM;1,46;1,33;0;6;0;4;2;NOM
carcan;kaRk@;carcan;NOM;0,29;0,28;1;6;6;5;2;NOM
cardan;kaRd@;cardan;NOM;0,23;0,21;1;6;6;5;2;NOM
carder;kaRde;carder;VER;0,08;0,07;1;6;6;5;2;VER
cardes;kaRd;carde;NOM;0,01;0;0;6;0;4;1;NOM
cardia;kaRdja;cardia;NOM;0,01;0,01;1;6;6;6;2;NOM
cardon;kaRd§;cardon;NOM;0,06;0,06;1;6;5;5;2;NOM
cardée;kaRde;carder;VER;0,08;0;0;6;0;5;2;VER
cardés;kaRde;carder;VER;0,08;0;0;6;0;5;2;VER,NOM
cardés;kaRde;cardé;NOM;0;0;0;6;0;5;2;VER,NOM
cargos;kaRgo;cargo;NOM;5,17;0,99;0;6;0;5;2;NOM
cargua;kaRga;carguer;VER;0,03;0;0;6;0;0;2;VER
carien;kaRj5;carien;ADJ;0,5;0,5;1;6;6;5;2;ADJ
carier;kaRje;carier;VER;0,12;0,01;1;6;6;5;2;VER
caries;kaRi;carie;NOM;0,89;0,51;0;6;0;4;2;NOM
cariée;kaRje;carier;VER;0,12;0,01;0;6;0;5;2;VER,ADJ
cariée;kaRje;carié;ADJ;0,4;0,27;0;6;0;5;2;VER,ADJ
carlin;kaRl5;carlin;NOM;0,96;0,86;1;6;6;5;2;NOM
carmel;kaRmEl;carmel;NOM;0,28;0,28;1;6;6;5;2;NOM
carmer;kaRme;carmer;VER;0,01;0;1;6;6;5;2;VER
carmes;kaRm;carme;NOM;0,14;0,14;0;6;0;4;1;NOM
carmin;kaRm5;carmin;ADJ;0,14;0,14;1;6;6;5;2;ADJ,NOM
carmin;kaRm5;carmin;NOM;0,26;0,26;1;6;6;5;2;ADJ,NOM
carmée;kaRme;carmer;VER;0,01;0;0;6;0;5;2;VER
carnes;kaRn;carne;NOM;1,21;0,12;0;6;0;4;1;NOM
carnet;kaRnE;carnet;NOM;13,23;11,06;1;6;6;5;2;NOM
carnée;kaRne;carné;ADJ;0,02;0;0;6;0;5;2;ADJ
carnés;kaRne;carné;ADJ;0,02;0,01;0;6;0;5;2;ADJ
carole;kaROl;carole;NOM;0;0;1;6;6;5;2;NOM
carpes;kaRp;carpe;NOM;2,87;0,45;0;6;0;4;1;NOM
carrer;kaRe;carrer;VER;1,13;0,32;1;6;6;4;2;VER
carres;kaR;carre;NOM;0,04;0,02;0;6;0;3;1;NOM,VER
carres;kaR;carrer;VER;1,13;0,03;0;6;0;3;1;NOM,VER
carron;kaR§;carron;NOM;0,01;0,01;1;6;6;4;2;NOM
carrée;kaRe;carrer;VER;1,13;0,09;0;6;6;4;2;VER,ADJ,NOM
carrée;kaRe;carré;ADJ;4,92;0,84;0;6;6;4;2;VER,ADJ,NOM
carrée;kaRe;carrée;NOM;0,02;0,02;1;6;6;4;2;VER,ADJ,NOM
carrés;kaRe;carrer;VER;1,13;0,09;0;6;0;4;2;VER,ADJ,NOM
carrés;kaRe;carré;ADJ;4,92;1,36;0;6;0;4;2;VER,ADJ,NOM
carrés;kaRe;carré;NOM;3,85;0,37;0;6;0;4;2;VER,ADJ,NOM
cartel;kaRtEl;cartel;NOM;2,04;1,75;1;6;6;6;2;NOM
carter;kaRtER;carter;NOM;1,14;1,12;1;6;6;6;2;NOM,VER
carter;kaRte;carter;VER;0,32;0,3;1;6;6;5;2;NOM,VER
cartes;kaRt;carte;NOM;144,96;48,84;0;6;0;4;1;NOM
carton;kaRt§;carton;NOM;16,01;10,92;1;6;6;5;2;NOM
carène;kaREn;carène;NOM;0,11;0,11;1;6;4;5;2;NOM,VER
carène;kaREn;caréner;VER;0,01;0;0;6;4;5;2;NOM,VER
caréné;kaRene;caréné;ADJ;0;0;1;6;6;6;3;ADJ
carême;kaREm;carême;NOM;0,25;0,25;1;6;6;5;2;NOM
casait;kazE;caser;VER;4,76;0,01;0;6;0;0;2;VER
casant;kaz@;caser;VER;4,76;0;0;6;0;0;2;VER
casbah;kasba;casbah;NOM;1,76;1,76;1;6;4;5;2;NOM
casent;kaz;caser;VER;4,76;0,02;0;6;0;3;1;VER
casher;kaSER;casher;ADJ;0,53;0,53;1;6;5;5;2;ADJ
casier;kazje;casier;NOM;17,81;15,82;1;6;5;4;2;NOM
casino;kazino;casino;NOM;12,75;10,89;1;6;5;6;3;NOM
casoar;kazoaR;casoar;NOM;0,14;0,13;1;6;4;4;3;NOM
casque;kask;casque;NOM;15,42;12,11;1;6;6;4;1;NOM,VER
casque;kask;casquer;VER;1,92;0,27;0;6;6;4;1;NOM,VER
casqué;kaske;casquer;VER;1,92;0,11;0;6;6;5;2;VER,ADJ
casqué;kaske;casqué;ADJ;0,12;0,06;1;6;6;5;2;VER,ADJ
cassai;kasE;casser;VER;160,61;0;0;6;0;0;2;VER
casser;kase;casser;VER;160,61;36,24;1;6;6;4;2;VER
casses;kas;casse;NOM;13,62;1,2;0;6;0;3;1;NOM,VER
casses;kas;casser;VER;160,61;7,47;0;6;0;3;1;NOM,VER
cassez;kase;casser;VER;160,61;7,91;0;6;0;4;2;VER
cassis;kasi;cassis;NOM;0,67;0,67;1;6;6;4;2;NOM
cassée;kase;casser;VER;160,61;9,3;0;6;0;4;2;VER,ADJ
cassée;kase;cassé;ADJ;22,07;6,61;0;6;0;4;2;VER,ADJ
cassés;kase;casser;VER;160,61;1,23;0;6;0;4;2;VER,ADJ
cassés;kase;cassé;ADJ;22,07;2,14;0;6;0;4;2;VER,ADJ
castel;kastEl;castel;NOM;0,14;0,14;1;6;6;6;2;NOM
castes;kast;caste;NOM;0,73;0,23;0;6;0;4;1;NOM
castor;kastOR;castor;NOM;2,86;2,4;1;6;5;5;2;NOM
castré;kastRe;castrer;VER;1,58;0,97;0;6;0;6;2;VER
casuel;kaz8El;casuel;ADJ;0;0;1;6;5;5;2;ADJ,NOM
casuel;kaz8El;casuel;NOM;0;0;1;6;5;5;2;ADJ,NOM
casées;kaze;caser;VER;4,76;0,01;0;6;0;4;2;VER
catché;katSe;catcher;VER;0,5;0,17;0;6;0;5;2;VER
catgut;katg9t;catgut;NOM;0,05;0,05;1;6;4;4;2;NOM
cathos;kato;catho;NOM;1,19;0,18;0;6;0;4;2;NOM
catins;kat5;catin;NOM;2,83;0,63;0;6;0;4;2;NOM
cation;katj§;cation;NOM;0,01;0,01;1;6;5;4;2;NOM
caudal;kodal;caudal;ADJ;0,06;0,04;1;6;5;5;2;ADJ
cauris;koRis;cauri;NOM;0;0;0;6;0;0;2;NOM
causai;kozE;causer;VER;63,66;0,01;0;6;0;0;2;VER
causal;kozal;causal;ADJ;0,01;0,01;1;6;6;5;2;ADJ
causer;koze;causer;VER;63,66;15,47;1;6;6;4;2;VER
causes;koz;cause;NOM;218,6;5,08;0;6;0;3;1;NOM,VER
causes;koz;causer;VER;63,66;2,63;0;6;0;3;1;NOM,VER
causez;koze;causer;VER;63,66;1,24;0;6;0;4;2;VER
causse;kos;causse;NOM;0;0;1;6;6;3;1;NOM
causée;koze;causer;VER;63,66;2,11;0;6;0;4;2;VER
causés;koze;causer;VER;63,66;1,47;0;6;0;4;2;VER
cavale;kaval;cavale;NOM;4;3,87;1;6;6;5;2;NOM,VER
cavale;kaval;cavaler;VER;2,12;0,55;0;6;6;5;2;NOM,VER
cavalé;kavale;cavaler;VER;2,12;0,23;0;6;0;6;3;VER
caveau;kavo;caveau;NOM;2,27;1,99;1;6;5;4;2;NOM
caviar;kavjaR;caviar;NOM;6,29;6,29;1;6;6;4;2;NOM
cavité;kavite;cavité;NOM;1,89;1,26;1;6;6;6;3;NOM
cavées;kave;cavée;NOM;0;0;0;6;0;4;2;NOM
caïman;kaim@;caïman;NOM;1,02;0,9;1;6;4;4;3;NOM
caïque;kaik;caïque;NOM;0;0;1;6;4;4;2;NOM
ceinte;s5t;ceindre;VER;0,56;0,1;0;6;0;0;1;VER
ceints;s5;ceindre;VER;0,56;0,11;0;6;0;2;1;VER
celait;selE;celer;VER;0,68;0;0;6;0;0;2;VER
celles;sEl;celles;PRO:dem;34,73;34,73;1;6;6;3;1;PRO:dem
celtes;sElt;celte;ADJ;0,44;0,13;0;6;0;4;1;ADJ,NOM
celtes;sElt;celte;NOM;0,01;0;0;6;0;4;1;ADJ,NOM
cendre;s@dR;cendre;NOM;17,18;3,24;1;6;6;4;1;NOM
cendré;s@dRe;cendrer;VER;0;0;0;6;6;5;2;VER,ADJ
cendré;s@dRe;cendré;ADJ;0,12;0,03;1;6;6;5;2;VER,ADJ
censée;s@se;censé;ADJ;62,52;13,51;0;6;0;4;2;ADJ
censés;s@se;censé;ADJ;62,52;9,18;0;6;0;4;2;ADJ
centon;s@t§;centon;NOM;0,32;0,32;1;6;5;4;2;NOM
centre;s@tR;centre;NOM;57;53,46;1;6;6;4;1;NOM,VER
centre;s@tR;centrer;VER;1,38;0,47;0;6;6;4;1;NOM,VER
centré;s@tRe;centrer;VER;1,38;0,3;0;6;6;5;2;VER,ADJ
centré;s@tRe;centré;ADJ;0,26;0,2;1;6;6;5;2;VER,ADJ
cercle;sERkl;cercle;NOM;21,77;17,77;1;6;6;5;1;NOM,VER
cercle;sERkl;cercler;VER;0,22;0,04;0;6;6;5;1;NOM,VER
cerclé;sERkle;cercler;VER;0,22;0,02;0;6;0;6;2;VER
cerise;s°Riz;cerise;ADJ;0,57;0,57;1;6;6;5;2;ADJ,NOM
cerise;s°Riz;cerise;NOM;5,26;2,75;1;6;6;5;2;ADJ,NOM
cerner;sERne;cerner;VER;7,74;1,73;1;6;6;5;2;VER
cernes;sERn;cerne;NOM;1,3;1,18;0;6;0;4;1;NOM
cernez;sERne;cerner;VER;7,74;0,38;0;6;0;5;2;VER
cernée;sERne;cerner;VER;7,74;1,14;0;6;0;5;2;VER,ADJ
cernée;sERne;cerné;ADJ;0,34;0;0;6;0;5;2;VER,ADJ
cernés;sERne;cerner;VER;7,74;1,39;0;6;0;5;2;VER,ADJ
cernés;sERne;cerné;ADJ;0,34;0,21;0;6;0;5;2;VER,ADJ
cerque;sERk;cerque;NOM;0,14;0,14;1;6;4;4;1;NOM
certes;sERt;certes;ADV;14,88;14,88;1;6;5;4;1;ADV
certif;sERtif;certif;NOM;0,14;0,03;1;6;6;6;2;NOM
cessai;sEsE;cesser;VER;68,11;0,28;0;6;0;0;2;VER
cesser;sese;cesser;VER;68,11;13,2;1;6;6;4;2;VER
cesses;sEs;cesse;NOM;28,88;0,03;0;6;0;3;1;NOM,VER
cesses;sEs;cesser;VER;68,11;0,91;0;6;0;3;1;NOM,VER
cessez;sEse;cesser;VER;68,11;15,24;0;6;0;0;2;VER
cessât;sEsa;cesser;VER;68,11;0;0;6;0;0;2;VER
cessée;sEse;cesser;VER;68,11;0,02;0;6;0;0;2;VER
chabot;Sabo;chabot;NOM;0,14;0,14;1;6;6;4;2;NOM
chacal;Sakal;chacal;NOM;3,02;1,16;1;6;5;4;2;NOM
chacun;Sak1;chacun;PRO:ind;93,61;93,61;1;6;6;4;2;PRO:ind
chahut;Say;chahut;NOM;1,28;1,27;1;6;6;3;2;NOM
chaire;SER;chaire;NOM;1,46;1,46;1;6;6;3;1;NOM
chairs;SER;chair;NOM;37,07;1,07;0;6;0;3;1;NOM
chaise;SEz;chaise;NOM;40,02;32,7;1;6;6;3;1;NOM
chalet;SalE;chalet;NOM;4,38;3,92;1;6;6;4;2;NOM
chalon;Sal§;chalon;NOM;0,14;0,14;1;6;6;4;2;NOM
chalut;Saly;chalut;NOM;0,04;0,04;1;6;6;4;2;NOM
chaman;Saman;chaman;NOM;1,03;0,97;1;6;6;5;2;NOM
champ';S@p;champ;NOM;57,22;0,04;0;6;0;0;1;NOM
champi;S@pi;champi;ADJ;0;0;1;6;6;4;2;ADJ,NOM
champi;S@pi;champi;NOM;0,02;0;1;6;6;4;2;ADJ,NOM
champs;S@;champ;NOM;57,22;19,14;0;6;0;2;1;NOM
chance;S@s;chance;NOM;360,6;334,02;1;6;6;3;1;NOM
chanci;S@si;chanci;NOM;0;0;1;6;6;4;2;NOM,VER
chanci;S@si;chancir;VER;0;0;0;6;6;4;2;NOM,VER
change;S@Z;change;NOM;14,45;14,06;1;6;6;3;1;NOM,VER
change;S@Z;changer;VER;411,99;67,83;0;6;6;3;1;NOM,VER
changé;S@Ze;changer;VER;411,99;117,83;0;6;6;4;2;VER,ADJ
changé;S@Ze;changé;ADJ;2,1;1,79;1;6;6;4;2;VER,ADJ
chanta;S@ta;chanter;VER;166,34;0,43;0;6;0;0;2;VER
chante;S@t;chanter;VER;166,34;56,16;0;6;0;0;1;VER
chants;S@;chant;NOM;25,9;8,26;0;6;0;2;1;NOM
chanté;S@te;chanter;VER;166,34;7,81;0;6;0;4;2;VER
chapes;Sap;chape;NOM;0,1;0;0;6;0;3;1;NOM
chapka;Sapka;chapka;NOM;0,23;0,23;1;6;5;4;2;NOM
chapon;Sap§;chapon;NOM;1,16;0,58;1;6;5;4;2;NOM
chappe;Sap;chappe;NOM;0;0;1;6;5;3;1;NOM
chapés;Sape;chapé;ADJ;0;0;0;6;0;0;2;ADJ
chaque;Sak;chaque;ADJ:ind;246,29;246,29;1;6;4;3;1;ADJ:ind
charca;SaRka;charca;NOM;0;0;1;6;6;5;2;NOM
charge;SaRZ;charge;NOM;32,86;24,98;1;6;6;4;1;NOM,VER
charge;SaRZ;charger;VER;93,02;28,43;0;6;6;4;1;NOM,VER
chargé;SaRZe;charger;VER;93,02;23,18;0;6;6;5;2;VER,ADJ
chargé;SaRZe;chargé;ADJ;9,61;5,72;1;6;6;5;2;VER,ADJ
charia;SaRja;charia;NOM;0,01;0,01;1;6;6;5;2;NOM
charma;SaRma;charmer;VER;5,69;0;0;6;0;0;2;VER
charme;SaRm;charme;NOM;22,92;19,7;1;6;6;4;1;NOM,VER
charme;SaRm;charmer;VER;5,69;0,73;0;6;6;4;1;NOM,VER
charmé;SaRme;charmer;VER;5,69;1,11;0;6;6;5;2;VER,ADJ
charmé;SaRme;charmé;ADJ;0,73;0,39;1;6;6;5;2;VER,ADJ
charnu;SaRny;charnu;ADJ;0,76;0,06;1;6;6;5;2;ADJ
charre;SaR;charre;NOM;0,18;0,18;1;6;6;3;1;NOM
charte;SaRt;charte;NOM;1,07;1,04;1;6;6;4;1;NOM
chassa;Sasa;chasser;VER;54,93;0,47;0;6;0;0;2;VER
chasse;Sas;chasse;NOM;47,99;46,8;1;6;6;3;1;NOM,VER
chasse;Sas;chasser;VER;54,93;10,77;0;6;6;3;1;NOM,VER
chassé;Sase;chasser;VER;54,93;6,62;0;6;6;4;2;VER,ADJ,NOM
chassé;Sase;chassé;ADJ;0,71;0,4;1;6;6;4;2;VER,ADJ,NOM
chassé;Sase;chassé;NOM;0,35;0,3;1;6;6;4;2;VER,ADJ,NOM
chaste;Sast;chaste;ADJ;2,22;1,5;1;6;6;4;1;ADJ
chaton;Sat§;chaton;NOM;4,41;3,32;1;6;6;4;2;NOM
chatte;Sat;chat;NOM;93;16,54;0;6;0;0;1;NOM
chaude;Sod;chaud;ADJ;84,16;22,48;0;6;0;0;1;ADJ,NOM
chaude;Sod;chaud;NOM;13,84;1,29;0;6;0;0;1;ADJ,NOM
chauds;So;chaud;ADJ;84,16;6,59;0;6;0;2;1;ADJ,NOM
chauds;So;chaud;NOM;13,84;0,32;0;6;0;2;1;ADJ,NOM
chaule;Sol;chauler;VER;0;0;0;6;0;0;1;VER
chaulé;Sole;chauler;VER;0;0;0;6;0;3;2;VER
chaume;Som;chaume;NOM;0,36;0,36;1;6;6;3;1;NOM
chaumé;Some;chaumer;VER;0;0;0;6;0;4;2;VER
chauve;Sov;chauve;ADJ;5,92;5,25;1;6;6;3;1;ADJ,NOM
chauve;Sov;chauve;NOM;5,2;4,48;1;6;6;3;1;ADJ,NOM
chaîne;SEn;chaîne;NOM;38,8;28,4;1;6;6;3;1;NOM
chaîné;SEne;chaîner;VER;0;0;0;6;0;0;2;VER
cheikh;SEk;cheikh;NOM;0,32;0,32;1;6;6;3;1;NOM
cheiks;SEk;cheik;NOM;0,48;0,04;0;6;0;3;1;NOM
chelem;SelEm;chelem;NOM;0,31;0,31;1;6;4;3;2;NOM
chemin;S°m5;chemin;NOM;125,18;114,34;1;6;6;4;2;NOM
chenal;S°nal;chenal;NOM;0,24;0,2;1;6;6;5;2;NOM
chenet;S°nE;chenet;NOM;0,06;0,01;1;6;5;4;2;NOM
chenil;S°nil;chenil;NOM;1,4;1,3;1;6;6;5;2;NOM
chenue;S°ny;chenu;ADJ;0,26;0,01;0;6;0;4;2;ADJ
chenus;S°ny;chenu;ADJ;0,26;0;0;6;0;4;2;ADJ
cherry;SeRi;cherry;NOM;0,13;0,13;1;6;6;4;2;NOM
cherté;SERte;cherté;NOM;0;0;1;6;5;4;2;NOM
chevai;S°vE;chever;VER;0,45;0,45;0;6;0;4;2;VER
cheval;S°val;cheval;NOM;129,12;85,42;1;6;6;5;2;NOM
chevet;S°vE;chevet;NOM;3,27;3,27;1;6;6;4;2;NOM
cheveu;S°v2;cheveu;NOM;121,27;5,11;1;6;6;4;2;NOM
chevir;S2viR;chevir;VER;0,27;0,27;1;6;6;2;2;VER
chiadé;Sjade;chiader;VER;0,14;0,06;0;6;0;4;2;VER
chiais;SjE;chier;VER;67,53;1,3;0;6;0;0;1;VER
chiait;SjE;chier;VER;67,53;0,12;0;6;0;0;1;VER
chiala;Sjala;chialer;VER;7,25;0;0;6;0;0;2;VER
chiale;Sjal;chialer;VER;7,25;1,28;0;6;0;0;1;VER
chialé;Sjale;chialer;VER;7,25;0,35;0;6;0;5;2;VER
chiant;Sj@;chiant;ADJ;11,89;8,46;1;6;6;3;1;ADJ,VER
chiant;Sj@;chier;VER;67,53;1,14;0;6;6;3;1;ADJ,VER
chiard;SjaR;chiard;NOM;0,68;0,47;1;6;5;4;1;NOM
chibre;SibR;chibre;NOM;0,25;0,25;1;6;5;4;1;NOM
chicas;Sika;chica;NOM;0,71;0,03;0;6;0;4;2;NOM
chiche;SiS;chiche;ADJ;3,62;1,5;1;6;6;3;1;ADJ,ONO
chiche;SiS;chiche;ONO;0,75;0,75;1;6;6;3;1;ADJ,ONO
chichi;SiSi;chichi;NOM;1,46;0,55;1;6;6;4;2;NOM
chicon;Sik§;chicon;NOM;0,05;0,05;1;6;6;4;2;NOM
chicot;Siko;chicot;NOM;0,22;0,14;1;6;6;4;2;NOM
chiens;Sj5;chien;NOM;223,53;50,76;0;6;6;3;1;NOM,ADJ
chiens;Sj5;chiens;ADJ;0,01;0,01;1;6;6;3;1;NOM,ADJ
chient;Si;chier;VER;67,53;0,89;0;6;0;0;1;VER
chiera;SiRa;chier;VER;67,53;0,15;0;6;0;0;2;VER
chieur;Sj9R;chieur;NOM;2,3;0,96;1;6;5;3;1;NOM
chiffe;Sif;chiffe;NOM;0,89;0,81;1;6;6;3;1;NOM
chiles;Sil;chile;NOM;0,03;0,03;0;6;0;3;1;NOM
chilis;Silis;chili;NOM;2,21;0,04;0;6;0;0;2;NOM
chilom;SilOm;chilom;NOM;0,1;0,1;1;6;5;4;2;NOM
chimie;Simi;chimie;NOM;5,29;5,28;1;6;6;4;2;NOM
chiner;Sine;chiner;VER;0,81;0,04;1;6;6;4;2;VER
chintz;Sints;chintz;NOM;0,09;0,09;1;6;5;5;1;NOM
chinée;Sine;chiner;VER;0,81;0;0;6;0;4;2;VER,ADJ
chinée;Sine;chiné;ADJ;0,03;0;0;6;0;4;2;VER,ADJ
chinés;Sine;chiné;ADJ;0,03;0;0;6;0;4;2;ADJ
chiots;Sjo;chiot;NOM;5,67;1,7;0;6;0;3;1;NOM
chiper;Sipe;chiper;VER;2,34;0,89;1;6;6;4;2;VER
chipez;Sipe;chiper;VER;2,34;0,02;0;6;0;4;2;VER
chipie;Sipi;chipie;NOM;0,76;0,58;1;6;5;4;2;NOM
chipée;Sipe;chiper;VER;2,34;0,18;0;6;0;4;2;VER
chipés;Sipe;chiper;VER;2,34;0,03;0;6;0;4;2;VER
chique;Sik;chique;NOM;0,4;0,24;1;6;6;3;1;NOM,VER
chique;Sik;chiquer;VER;0,5;0,14;0;6;6;3;1;NOM,VER
chiqué;Sike;chiquer;VER;0,5;0,01;0;6;6;4;2;VER,NOM
chiqué;Sike;chiqué;NOM;0,58;0,58;1;6;6;4;2;VER,NOM
chisel;SizEl;chisel;NOM;0,01;0,01;1;6;5;4;2;NOM
chiton;Sit§;chiton;NOM;0;0;1;6;5;4;2;NOM
chiure;SjyR;chiure;NOM;0,56;0,42;1;6;4;3;1;NOM
chiées;Sje;chier;VER;67,53;0,01;0;6;0;3;1;VER,NOM
chiées;Sje;chiée;NOM;0,22;0;0;6;0;3;1;VER,NOM
chlass;Slas;chlass;ADJ;0,03;0,03;1;6;5;4;1;ADJ
chleuh;Sl2;chleuh;ADJ;0,06;0,01;1;6;4;3;1;ADJ,NOM
chleuh;Sl2;chleuh;NOM;0,22;0,04;1;6;4;3;1;ADJ,NOM
chlore;klOR;chlore;NOM;0,79;0,79;1;6;6;4;1;NOM
chloré;kloRe;chlorer;VER;0,03;0,01;0;6;6;5;2;VER,ADJ
chloré;kloRe;chloré;ADJ;0,06;0,01;1;6;6;5;2;VER,ADJ
chnord;knOR;chnord;NOM;0;0;1;6;5;3;1;NOM
chnouf;Snuf;chnouf;NOM;0,02;0,02;1;6;5;3;1;NOM
choeur;k9R;choeur;NOM;7;6,39;1;6;4;3;1;NOM
choisi;Swazi;choisi;ADJ;9,22;3,26;1;6;6;5;2;ADJ,VER
choisi;Swazi;choisir;VER;170,48;58,19;0;6;6;5;2;ADJ,VER
choper;Sope;choper;VER;17,69;6,06;1;6;6;4;2;VER
chopes;SOp;chope;NOM;0,69;0,28;0;6;0;3;1;NOM,VER
chopes;SOp;choper;VER;17,69;0,58;0;6;0;3;1;NOM,VER
chopez;Sope;choper;VER;17,69;1,27;0;6;0;4;2;VER
choppe;SOp;chopper;VER;1,9;0,34;0;6;0;3;1;VER
choppé;Sope;chopper;VER;1,9;0,47;0;6;0;4;2;VER
chopée;Sope;choper;VER;17,69;0,34;0;6;0;4;2;VER
chopés;Sope;choper;VER;17,69;0,1;0;6;0;4;2;VER
choqua;Soka;choquer;VER;13,56;0,01;0;6;0;0;2;VER
choque;SOk;choquer;VER;13,56;4,01;0;6;0;3;1;VER
choqué;Soke;choquer;VER;13,56;3,44;0;6;6;4;2;VER,ADJ
choqué;Soke;choqué;ADJ;2,65;1,32;1;6;6;4;2;VER,ADJ
choral;koRal;choral;ADJ;0,26;0,14;1;6;6;5;2;ADJ,NOM
choral;koRal;choral;NOM;0,01;0,01;1;6;6;5;2;ADJ,NOM
chorba;SORba;chorba;NOM;0;0;1;6;5;4;2;NOM
chorus;koRys;chorus;NOM;0,15;0,15;1;6;5;5;2;NOM
chorée;koRe;chorée;NOM;0,04;0,04;1;6;6;4;2;NOM
choser;Soze;choser;VER;0;0;1;6;6;4;2;VER
choses;Soz;chose;NOM;1773,62;451,83;0;6;6;3;1;NOM,VER
choses;Soz;choses;VER;0,03;0,03;1;6;6;3;1;NOM,VER
chotts;SOt;chott;NOM;0;0;0;6;0;0;1;NOM
chouan;Sw@;chouan;NOM;0,14;0,01;1;6;6;3;1;NOM
chouia;Suja;chouia;NOM;0,32;0,32;1;6;6;3;2;NOM
choura;SuRa;chourer;VER;3,96;3,29;0;6;0;0;2;VER
choure;SuR;chourer;VER;3,96;0,03;0;6;0;0;1;VER
chouré;SuRe;chourer;VER;3,96;0,41;0;6;0;4;2;VER
choute;Sut;chou;NOM;29,86;0,16;0;6;0;3;1;NOM
chouya;Suja;chouya;NOM;0,04;0,04;1;6;5;3;2;NOM
chouïa;Suja;chouïa;ADV;0,03;0,03;1;6;5;3;2;ADV,NOM
chouïa;Suja;chouïa;NOM;0,25;0,25;1;6;5;3;2;ADV,NOM
choyer;Swaje;choyer;VER;0,4;0,11;1;6;5;4;2;VER
choyez;Swaje;choyer;VER;0,4;0,12;0;6;0;4;2;VER
choyée;Swaje;choyer;VER;0,4;0,05;0;6;0;4;2;VER,ADJ
choyée;Swaje;choyé;ADJ;0,17;0,02;0;6;0;4;2;VER,ADJ
choyés;Swaje;choyer;VER;0,4;0;0;6;0;4;2;VER,ADJ
choyés;Swaje;choyé;ADJ;0,17;0,01;0;6;0;4;2;VER,ADJ
christ;kRist;christ;NOM;1,65;1,54;1;6;6;5;1;NOM
chrome;kRom;chrome;NOM;0,82;0,75;1;6;6;4;1;NOM,VER
chrome;kRom;chromer;VER;0,36;0,03;0;6;6;4;1;NOM,VER
chromo;kRomo;chromo;NOM;0,21;0,19;1;6;6;5;2;NOM
chromé;kRome;chromer;VER;0,36;0,17;0;6;0;0;2;VER
chrono;kRono;chrono;NOM;2,67;2,42;1;6;6;5;2;NOM
chrême;kREm;chrême;NOM;0;0;1;6;4;4;1;NOM
chtibe;Stib;chtibe;NOM;0;0;1;6;5;4;1;NOM
chtimi;Stimi;chtimi;ADJ;0;0;1;6;5;4;2;ADJ,NOM
chtimi;Stimi;chtimi;NOM;0;0;1;6;5;4;2;ADJ,NOM
chuter;Syte;chuter;VER;5,5;0,99;1;6;6;4;2;VER
chutes;Syt;chute;NOM;25,15;4,14;0;6;0;3;1;NOM,VER
chutes;Syt;chuter;VER;5,5;0,01;0;6;0;3;1;NOM,VER
chutée;Syte;chuter;VER;5,5;0,04;0;6;0;4;2;VER
chypre;SipR;chypre;NOM;0;0;1;6;6;4;1;NOM
châles;Sal;châle;NOM;2,23;0,15;0;6;0;3;1;NOM
châlit;Sali;châlit;NOM;0;0;1;6;5;4;2;NOM
châsse;Sas;châsse;NOM;0,29;0,29;1;6;6;3;1;NOM
châtel;SatEl;châtel;ADJ;0;0;1;6;6;5;2;ADJ
châtie;Sati;châtier;VER;3,25;0,54;0;6;0;0;2;VER
châtié;Sasje;châtier;VER;3,25;0,47;0;6;0;0;2;VER
châtre;SatR;châtrer;VER;0,94;0,01;0;6;0;0;1;VER
châtré;SatRe;châtrer;VER;0,94;0,1;0;6;6;5;2;VER,ADJ
châtré;SatRe;châtré;ADJ;0,21;0,18;1;6;6;5;2;VER,ADJ
chèche;SES;chèche;NOM;0,01;0,01;1;6;4;3;1;NOM
chèque;SEk;chèque;NOM;32,03;23,86;1;6;6;3;1;NOM
chères;SER;cher;ADJ;205,75;5,63;0;6;0;3;1;ADJ,NOM
chères;SER;cher;NOM;26,65;0,27;0;6;0;3;1;ADJ,NOM
chèvre;SEvR;chèvre;NOM;14,08;8,26;1;6;6;4;1;NOM
chérie;SeRi;chéri;ADJ;78,54;49,2;0;6;0;4;2;ADJ,NOM,VER
chérie;SeRi;chéri;NOM;171,98;98,95;0;6;0;4;2;ADJ,NOM,VER
chérie;SeRi;chérir;VER;22,66;11,4;0;6;0;4;2;ADJ,NOM,VER
chérif;SeRif;chérif;NOM;0,2;0,2;1;6;6;5;2;NOM
chérir;SeRiR;chérir;VER;22,66;1,49;1;6;6;5;2;VER
chéris;SeRi;chéri;ADJ;78,54;0,71;0;6;0;4;2;ADJ,NOM,VER
chéris;SeRi;chéri;NOM;171,98;2,41;0;6;0;4;2;ADJ,NOM,VER
chéris;SeRi;chérir;VER;22,66;0,67;0;6;0;4;2;ADJ,NOM,VER
chérit;SeRi;chérir;VER;22,66;0,56;0;6;0;4;2;VER
chérot;SeRo;chérot;ADJ;0,02;0,02;1;6;5;4;2;ADJ
chétif;Setif;chétif;ADJ;0,91;0,43;1;6;6;5;2;ADJ
chênes;SEn;chêne;NOM;5,17;0,93;0;6;0;3;1;NOM
chômer;Some;chômer;VER;1,05;0,37;1;6;6;4;2;VER
chômez;Some;chômer;VER;1,05;0,12;0;6;0;4;2;VER
chômée;Some;chômé;ADJ;0,02;0,01;0;6;0;4;2;ADJ
chômés;Some;chômé;ADJ;0,02;0;0;6;0;4;2;ADJ
cibler;sible;cibler;VER;1,9;0,76;1;6;6;5;2;VER
cibles;sibl;cible;NOM;33,55;4,86;0;6;0;4;1;NOM
ciblez;sible;cibler;VER;1,9;0,12;0;6;0;5;2;VER
ciblée;sible;cibler;VER;1,9;0,15;0;6;0;5;2;VER
ciblés;sible;cibler;VER;1,9;0,25;0;6;0;5;2;VER
cicero;siseRo;cicero;NOM;0,68;0,68;1;6;4;6;3;NOM
cierge;sjERZ;cierge;NOM;3,5;2,02;1;6;4;5;1;NOM
cigale;sigal;cigale;NOM;3;1,43;1;6;6;5;2;NOM
cigare;sigaR;cigare;NOM;17,15;10,63;1;6;6;5;2;NOM
cigler;sigle;cigler;VER;0;0;1;6;4;5;2;VER
ciglés;sigle;cigler;VER;0;0;0;6;0;5;2;VER
ciguës;sigy;ciguë;NOM;0,2;0;0;6;0;4;2;NOM
cilice;silis;cilice;NOM;0,16;0,16;1;6;5;5;2;NOM
ciller;sije;ciller;VER;0,28;0,04;1;6;6;4;2;VER
ciment;sim@;ciment;NOM;5,75;5,6;1;6;6;4;2;NOM
cimier;simje;cimier;NOM;0,18;0,17;1;6;4;5;2;NOM
cingla;s5gla;cingler;VER;18,93;0,02;0;6;0;0;2;VER
cingle;s5gl;cingler;VER;18,93;0,26;0;6;0;0;1;VER
cinglé;s5gle;cingler;VER;18,93;12,44;0;6;6;5;2;VER,ADJ,NOM
cinglé;s5gle;cinglé;ADJ;6,87;4,28;1;6;6;5;2;VER,ADJ,NOM
cinglé;s5gle;cinglé;NOM;12,37;7,03;1;6;6;5;2;VER,ADJ,NOM
cintra;s5tRa;cintrer;VER;0,07;0;0;6;0;0;2;VER
cintre;s5tR;cintre;NOM;0,85;0,57;1;6;6;4;1;NOM
cintré;s5tRe;cintrer;VER;0,07;0,05;0;6;6;5;2;VER,ADJ
cintré;s5tRe;cintré;ADJ;0,07;0,03;1;6;6;5;2;VER,ADJ
cinéma;sinema;cinéma;NOM;63,49;62,23;1;6;6;6;3;NOM
cipaye;sipaj;cipaye;NOM;0,01;0,01;1;6;5;5;2;NOM
cippes;sip;cippe;NOM;0;0;0;6;0;0;1;NOM
cirage;siRaZ;cirage;NOM;2,08;2,08;1;6;4;5;2;NOM
cirais;siRE;cirer;VER;6,42;0,02;0;6;0;0;2;VER
cirait;siRE;cirer;VER;6,42;0,04;0;6;0;0;2;VER
cirant;siR@;cirer;VER;6,42;0,02;0;6;0;0;2;VER
cirent;siR;cirer;VER;6,42;0,25;0;6;0;3;1;VER
cireur;siR9R;cireur;NOM;0,45;0,36;1;6;6;4;2;NOM
cireux;siR2;cireux;ADJ;0,15;0,06;1;6;6;4;2;ADJ
cirons;siR§;cirer;VER;6,42;0;0;6;0;4;2;VER,NOM
cirons;siR§;ciron;NOM;0;0;0;6;0;4;2;VER,NOM
cirque;siRk;cirque;NOM;23,25;22,95;1;6;4;4;1;NOM
cirrus;siRys;cirrus;NOM;0,04;0,04;1;6;5;5;2;NOM
cirses;siRs;cirse;NOM;0;0;0;6;0;0;1;NOM
cirées;siRe;cirer;VER;6,42;1,28;0;6;0;4;2;VER
ciseau;sizo;ciseau;NOM;8,72;0,86;1;6;5;4;2;NOM
ciselé;siz°le;ciseler;VER;0,23;0,02;0;6;6;6;3;VER,ADJ
ciselé;siz°le;ciselé;ADJ;0,07;0,02;1;6;6;6;3;VER,ADJ
cistes;sist;ciste;NOM;0,02;0,01;0;6;0;4;1;NOM
cisèle;sizEl;ciseler;VER;0,23;0,01;0;6;0;0;2;VER
citais;sitE;citer;VER;17,51;0,19;0;6;0;0;2;VER
citait;sitE;citer;VER;17,51;0,15;0;6;0;0;2;VER
citant;sit@;citer;VER;17,51;0,46;0;6;0;0;2;VER
citent;sit;citer;VER;17,51;0,1;0;6;0;3;1;VER
citera;sit°Ra;citer;VER;17,51;0,11;0;6;0;0;3;VER
citiez;sitje;citer;VER;17,51;0,04;0;6;0;0;2;VER
citons;sit§;citer;VER;17,51;0,2;0;6;0;0;2;VER
citron;sitR§;citron;ADJ;1,14;1,14;1;6;6;5;2;ADJ,NOM
citron;sitR§;citron;NOM;10,92;8,1;1;6;6;5;2;ADJ,NOM
citrus;sitRys;citrus;NOM;0,17;0,17;1;6;5;5;2;NOM
citées;site;citer;VER;17,51;0,03;0;6;0;4;2;VER,ADJ
citées;site;cité;ADJ;0,91;0,03;0;6;0;4;2;VER,ADJ
civets;sivE;civet;NOM;0,88;0,1;0;6;0;4;2;NOM
civile;sivil;civil;ADJ;20,46;9,76;0;6;0;5;2;ADJ,NOM
civile;sivil;civil;NOM;14,23;0,55;0;6;0;5;2;ADJ,NOM
civils;sivil;civil;ADJ;20,46;3,37;0;6;0;5;2;ADJ,NOM
civils;sivil;civil;NOM;14,23;8;0;6;0;5;2;ADJ,NOM
claies;klE;claie;NOM;0,01;0;0;6;0;3;1;NOM
claire;klER;clair;ADJ;122,69;21,21;0;6;6;4;1;ADJ,NOM
claire;klER;claire;NOM;6,8;6,66;1;6;6;4;1;ADJ,NOM
clairs;klER;clair;ADJ;122,69;5,89;0;6;0;4;1;ADJ,NOM
clairs;klER;clair;NOM;12,79;0,18;0;6;0;4;1;ADJ,NOM
clamai;klamE;clamer;VER;2,61;0;0;6;0;0;2;VER
clamer;klame;clamer;VER;2,61;0,71;1;6;6;5;2;VER
clamez;klame;clamer;VER;2,61;0,14;0;6;0;5;2;VER
clampe;kl@p;clamper;VER;0,41;0,09;0;6;0;4;1;VER
clamps;kl@p;clamp;NOM;1,09;0,12;0;6;0;4;1;NOM
clampé;kl@pe;clamper;VER;0,41;0,17;0;6;0;5;2;VER
clamse;klams;clamser;VER;0,97;0,26;0;6;0;0;1;VER
clamsé;klamse;clamser;VER;0,97;0,37;0;6;0;5;2;VER
clamée;klame;clamer;VER;2,61;0,14;0;6;0;5;2;VER
clamés;klame;clamer;VER;2,61;0;0;6;0;5;2;VER
clandé;kl@de;clandé;NOM;0,19;0,04;1;6;6;5;2;NOM
claper;klape;claper;VER;0;0;1;6;6;5;2;VER
clapes;klap;claper;VER;0;0;0;6;0;4;1;VER
clapet;klapE;clapet;NOM;1,15;0,98;1;6;6;5;2;NOM
clapir;klapiR;clapir;VER;0;0;1;6;6;5;2;VER
clapit;klapi;clapir;VER;0;0;0;6;0;0;2;VER
clapot;klapo;clapot;NOM;0,16;0,16;1;6;6;5;2;NOM
clappe;klap;clapper;VER;0,03;0;0;6;0;4;1;VER
claqua;klaka;claquer;VER;15,13;0;0;6;0;0;2;VER
claque;klak;claque;NOM;6,88;5,19;1;6;6;4;1;NOM,VER
claque;klak;claquer;VER;15,13;4,33;0;6;6;4;1;NOM,VER
claqué;klake;claquer;VER;15,13;2,56;0;6;0;5;2;VER
clarté;klaRte;clarté;NOM;4,62;4,48;1;6;5;5;2;NOM
classa;klasa;classer;VER;12,11;0,02;0;6;0;0;2;VER
classe;klas;classe;NOM;78,99;70,46;1;6;6;4;1;NOM,VER
classe;klas;classer;VER;12,11;3,77;0;6;6;4;1;NOM,VER
classé;klase;classer;VER;12,11;2,28;0;6;6;5;2;VER,ADJ
classé;klase;classé;ADJ;4,75;1,14;1;6;6;5;2;VER,ADJ
claude;klod;claude;NOM;0,01;0,01;1;6;6;4;1;NOM
clause;kloz;clause;NOM;3,47;2,94;1;6;6;4;1;NOM
clayon;klEj§;clayon;NOM;0;0;1;6;6;5;2;NOM
clercs;klER;clerc;NOM;0,82;0,09;0;6;0;4;1;NOM
clergé;klERZe;clergé;NOM;2,08;2,07;1;6;6;6;2;NOM
cliché;kliSe;clicher;VER;0,6;0,46;0;6;6;5;2;VER,ADJ,NOM
cliché;kliSe;cliché;ADJ;1,2;0,87;1;6;6;5;2;VER,ADJ,NOM
cliché;kliSe;cliché;NOM;7,59;3,69;1;6;6;5;2;VER,ADJ,NOM
client;klij@;client;NOM;112,12;53,63;1;6;6;5;2;NOM
cligna;kliNa;cligner;VER;2,8;0,02;0;6;0;0;2;VER
cligne;kliN;cligner;VER;2,8;0,95;0;6;0;0;1;VER
cligné;kliNe;cligner;VER;2,8;0,38;0;6;0;5;2;VER
climat;klima;climat;NOM;7,21;6,64;1;6;6;5;2;NOM
climax;klimaks;climax;NOM;0,18;0,18;1;6;6;6;2;NOM
clique;klik;clique;NOM;2,78;2,41;1;6;6;4;1;NOM
cliqué;klike;cliquer;VER;0,68;0,1;0;6;0;5;2;VER
cliver;klive;cliver;VER;0,01;0,01;1;6;5;5;2;VER
clivés;klive;clivé;ADJ;0,03;0,03;0;6;0;5;2;ADJ
cloche;klOS;cloche;ADJ;3,36;2,07;1;6;6;4;1;ADJ,NOM,VER
cloche;klOS;cloche;NOM;19,72;9,01;1;6;6;4;1;ADJ,NOM,VER
cloche;klOS;clocher;VER;8,93;7,42;0;6;6;4;1;ADJ,NOM,VER
cloché;kloSe;clocher;VER;8,93;0,03;0;6;0;5;2;VER
clodos;klodo;clodo;NOM;4,12;0,76;0;6;0;5;2;NOM
cloner;klOne;cloner;VER;1,31;0,63;1;6;6;5;2;VER
clones;klon;clone;NOM;3,49;1,01;0;6;0;4;1;NOM
clonés;klone;cloner;VER;1,31;0,09;0;6;0;0;2;VER
cloper;klOpe;cloper;VER;0,07;0,03;1;6;6;5;2;VER
clopes;klOp;clope;NOM;11,94;4,08;0;6;0;4;1;NOM,VER
clopes;klOp;cloper;VER;0,07;0,03;0;6;0;4;1;NOM,VER
cloque;klOk;cloque;NOM;1,43;1,14;1;6;6;4;1;NOM,VER
cloque;klOk;cloquer;VER;0;0;0;6;6;4;1;NOM,VER
cloqué;kloke;cloquer;VER;0;0;0;6;6;4;2;VER,ADJ
cloqué;kloke;cloqué;ADJ;0;0;1;6;6;4;2;VER,ADJ
closes;kloz;clore;VER;7,75;0,13;0;6;0;4;1;VER,ADJ
closes;kloz;clos;ADJ;4,62;1,9;0;6;0;4;1;VER,ADJ
clouai;kluE;clouer;VER;7,52;0;0;6;0;0;2;VER
clouer;klue;clouer;VER;7,52;1,4;1;6;6;4;2;VER
clouez;klue;clouer;VER;7,52;0,22;0;6;0;4;2;VER
clouté;klute;clouter;VER;0,06;0;0;6;6;5;2;VER,ADJ
clouté;klute;clouté;ADJ;0,8;0,29;1;6;6;5;2;VER,ADJ
clouée;klue;clouer;VER;7,52;0,53;0;6;0;4;2;VER,ADJ
clouée;klue;cloué;ADJ;0,31;0,03;0;6;0;4;2;VER,ADJ
cloués;klue;clouer;VER;7,52;0,49;0;6;0;4;2;VER,ADJ,NOM
cloués;klue;cloué;ADJ;0,31;0,12;0;6;0;4;2;VER,ADJ,NOM
cloués;klue;cloué;NOM;0,11;0,11;0;6;0;4;2;VER,ADJ,NOM
clowns;klun;clown;NOM;0,06;0;0;6;0;4;1;NOM
cluses;klyz;cluse;NOM;0;0;0;6;0;4;1;NOM
coache;kotS;coacher;VER;0,23;0,01;0;6;6;4;1;VER
coachs;kotS;coach;NOM;7,37;0,04;0;6;0;4;1;NOM
coaché;kotSe;coacher;VER;0,23;0,12;0;6;0;5;2;VER
coasse;koas;coasser;VER;0,13;0,1;0;6;0;0;2;VER
cobalt;kobalt;cobalt;NOM;0,55;0,55;1;6;5;5;2;NOM
cobaye;kobaj;cobaye;NOM;4,27;3,02;1;6;5;5;2;NOM
cobras;kobRa;cobra;NOM;4,24;0,28;0;6;0;4;2;NOM
cocard;kokaR;cocard;NOM;0,19;0,16;1;6;6;5;2;NOM
coccyx;kOksis;coccyx;NOM;0,69;0,69;1;6;5;5;2;NOM
cocher;koSe;cocher;NOM;2,5;2,1;1;6;6;4;2;NOM,VER
cocher;koSe;cocher;VER;2,15;1,32;1;6;6;4;2;NOM,VER
coches;kOS;coche;NOM;1,23;0;0;6;0;3;1;NOM,VER
coches;kOS;cocher;VER;2,15;0,04;0;6;0;3;1;NOM,VER
cochez;koSe;cocher;VER;2,15;0,12;0;6;0;4;2;VER
cochon;koS§;cochon;ADJ;7,76;2,86;1;6;6;4;2;ADJ,NOM
cochon;koS§;cochon;NOM;31,18;21,67;1;6;6;4;2;ADJ,NOM
cochât;koSa;cocher;VER;2,15;0;0;6;0;0;2;VER
cochée;koSe;cocher;VER;2,15;0,01;0;6;0;4;2;VER
cochés;koSe;cocher;VER;2,15;0,01;0;6;0;4;2;VER
cocker;kokER;cocker;NOM;0,47;0,47;1;6;5;5;2;NOM
cocole;kokOl;cocoler;VER;0;0;0;6;0;0;2;VER
cocons;kok§;cocon;NOM;1,65;0,58;0;6;0;4;2;NOM
cocoon;kokun;cocoon;NOM;0,09;0,09;1;6;5;4;2;NOM
cocues;koky;cocu;ADJ;3,03;0;0;6;0;4;2;ADJ
codage;kodaZ;codage;NOM;0,3;0,3;1;6;5;5;2;NOM
codait;kodE;coder;VER;2,19;0;0;6;0;0;2;VER
codeur;kod9R;codeur;NOM;0,04;0,04;1;6;5;4;2;NOM
codées;kode;coder;VER;2,19;0,35;0;6;0;4;2;VER,ADJ
codées;kode;codé;ADJ;2,26;0,15;0;6;0;4;2;VER,ADJ
coeurs;k9R;coeur;NOM;239,97;15;0;6;0;3;1;NOM
coffin;kof5;coffin;NOM;0,33;0,33;1;6;6;4;2;NOM
coffio;kOfjo;coffio;NOM;0,01;0,01;1;6;6;4;2;NOM
coffre;kOfR;coffre;NOM;39,35;35,97;1;6;6;4;1;NOM,VER
coffre;kOfR;coffrer;VER;7,75;1,31;0;6;6;4;1;NOM,VER
coffré;kofRe;coffrer;VER;7,75;1,39;0;6;0;5;2;VER
cogite;koZit;cogiter;VER;0,7;0,12;0;6;0;0;2;VER
cogito;koZito;cogito;NOM;0,01;0,01;1;6;6;6;3;NOM
cogité;koZite;cogiter;VER;0,7;0,12;0;6;0;6;3;VER
cognac;koNak;cognac;NOM;12,07;11,69;1;6;6;5;2;NOM
cognai;koNE;cogner;VER;27,01;0,01;0;6;0;0;2;VER
cogner;koNe;cogner;VER;27,01;7,73;1;6;6;4;2;VER
cognes;kON;cogne;NOM;0,92;0,12;0;6;0;3;1;NOM,VER
cognes;kON;cogner;VER;27,01;0,85;0;6;0;3;1;NOM,VER
cognez;koNe;cogner;VER;27,01;0,42;0;6;0;4;2;VER
cognée;koNe;cogner;VER;27,01;1,18;0;6;5;4;2;VER,NOM
cognée;koNe;cognée;NOM;0,25;0,25;1;6;5;4;2;VER,NOM
cognés;koNe;cogner;VER;27,01;0,01;0;6;0;4;2;VER
cohues;koy;cohue;NOM;0,89;0,01;0;6;0;3;2;NOM
coiffa;kwafa;coiffer;VER;8,38;0,01;0;6;0;0;2;VER
coiffe;kwaf;coiffe;NOM;0,64;0,62;1;6;6;4;1;NOM,VER
coiffe;kwaf;coiffer;VER;8,38;1,81;0;6;6;4;1;NOM,VER
coiffé;kwafe;coiffer;VER;8,38;0,63;0;6;6;5;2;VER,ADJ
coiffé;kwafe;coiffé;ADJ;1;0,51;1;6;6;5;2;VER,ADJ
coince;kw5s;coincer;VER;56,95;4,26;0;6;0;0;1;VER
coincé;kw5se;coincer;VER;56,95;23,27;0;6;6;5;2;VER,ADJ
coincé;kw5se;coincé;ADJ;6,35;3,03;1;6;6;5;2;VER,ADJ
coings;kw5;coing;NOM;2,13;1,46;0;6;0;3;1;NOM
coinça;kw5sa;coincer;VER;56,95;0,01;0;6;0;0;2;VER
coites;kwat;coi;ADJ;0,5;0;0;6;0;0;1;ADJ
colite;kolit;colite;NOM;0,27;0,25;1;6;5;5;2;NOM
collai;kolE;coller;VER;51,31;0;0;6;0;4;2;VER
collas;kola;coller;VER;51,31;0;0;6;0;4;2;VER
coller;kole;coller;VER;51,31;10,33;1;6;6;4;2;VER
colles;kOl;colle;NOM;8,11;0,16;0;6;0;3;1;NOM,VER
colles;kOl;coller;VER;51,31;1,56;0;6;0;3;1;NOM,VER
collet;kolE;collet;NOM;1,11;1,08;1;6;6;4;2;NOM
colley;kolE;colley;NOM;0,28;0,27;1;6;6;4;2;NOM
collez;kole;coller;VER;51,31;1,68;0;6;0;4;2;VER
collée;kole;coller;VER;51,31;2,39;0;6;0;4;2;VER
collés;kole;coller;VER;51,31;2,21;0;6;0;4;2;VER
colons;kol§;colon;NOM;2,79;1,58;0;6;0;4;2;NOM
colora;koloRa;colorer;VER;1,1;0;0;6;0;0;3;VER
colore;kolOR;colorer;VER;1,1;0,13;0;6;0;0;2;VER
coloré;koloRe;colorer;VER;1,1;0,16;0;6;6;6;3;VER,ADJ
coloré;koloRe;coloré;ADJ;2,32;0,78;1;6;6;6;3;VER,ADJ
coltin;kOlt5;coltin;NOM;0;0;1;6;6;5;2;NOM
colzas;kOlza;colza;NOM;0,05;0;0;6;0;4;2;NOM
colère;kolER;colère;NOM;68,9;67,91;1;6;4;5;2;NOM
comacs;komak;comac;ADJ;0,16;0,01;0;6;0;5;2;ADJ
combat;k§ba;combat;NOM;64,83;57,31;1;6;6;4;2;NOM,VER
combat;k§ba;combattre;VER;42,89;3,25;0;6;6;4;2;NOM,VER
combes;k§b;combe;NOM;0,07;0;0;6;0;3;1;NOM
combis;k§bi;combi;NOM;0,69;0,02;0;6;0;4;2;NOM
combla;k§bla;combler;VER;9,37;0,03;0;6;0;0;2;VER
comble;k§bl;comble;ADJ;1,12;1,08;1;6;6;4;1;ADJ,NOM,VER
comble;k§bl;comble;NOM;8,56;7,86;1;6;6;4;1;ADJ,NOM,VER
comble;k§bl;combler;VER;9,37;1,51;0;6;6;4;1;ADJ,NOM,VER
comblé;k§ble;combler;VER;9,37;2;0;6;6;5;2;VER,ADJ
comblé;k§ble;comblé;ADJ;1,06;0,58;1;6;6;5;2;VER,ADJ
comice;komis;comice;NOM;0;0;1;6;6;5;2;NOM
comics;komik;comics;NOM;0,69;0,69;1;6;6;5;2;NOM
comite;kOmit;comite;NOM;0,05;0,05;1;6;6;5;2;NOM
comité;komite;comité;NOM;18,72;18,34;1;6;6;6;3;NOM
commet;komE;commettre;VER;47,45;3,12;0;6;0;0;2;VER
commis;komi;commettre;VER;47,45;27,91;0;6;6;4;2;VER,NOM
commis;komi;commis;NOM;2,99;2,99;1;6;6;4;2;VER,NOM
commit;komi;commettre;VER;47,45;0,2;0;6;0;4;2;VER
commun;kom1;commun;ADJ;25,08;12,55;1;6;6;4;2;ADJ,NOM
commun;kom1;commun;NOM;13,98;13,84;1;6;6;4;2;ADJ,NOM
commué;kOm8e;commuer;VER;0,47;0,02;0;6;0;0;2;VER
commît;komi;commettre;VER;47,45;0;0;6;0;4;2;VER
compas;k§pa;compas;NOM;1,5;1,5;1;6;6;4;2;NOM
compil;k§pil;compil;NOM;0,19;0,19;1;6;6;5;2;NOM
complu;k§ply;complu;ADJ;0;0;1;6;6;5;2;ADJ
compta;k§ta;compter;VER;227,78;0,95;0;6;0;0;2;VER
compte;k§t;compte;NOM;160,95;138,88;1;6;6;3;1;NOM,VER
compte;k§t;compter;VER;227,78;96,47;0;6;6;3;1;NOM,VER
compté;k§te;compter;VER;227,78;10,34;0;6;0;4;2;VER
comput;k§pyt;comput;NOM;0;0;1;6;6;5;2;NOM
comtal;k§tal;comtal;ADJ;0;0;1;6;5;5;2;ADJ
comtes;k§t;comte;NOM;27,36;0,74;0;6;0;3;1;NOM
comtés;k§te;comté;NOM;11,64;0,68;0;6;0;4;2;NOM
comète;komEt;comète;NOM;2,28;1,96;1;6;4;5;2;NOM
conard;konaR;conard;ADJ;0,04;0,04;1;6;5;5;2;ADJ,NOM
conard;konaR;conard;NOM;0,19;0,16;1;6;5;5;2;ADJ,NOM
concis;k§si;concis;ADJ;1,42;0,77;1;6;6;4;2;ADJ
conclu;k§kly;conclure;VER;27,26;11,88;0;6;0;0;2;VER
condom;k§dOm;condom;NOM;0,18;0,18;1;6;6;5;2;NOM
condor;k§dOR;condor;NOM;1,33;1,3;1;6;6;5;2;NOM
condos;k§do;condo;NOM;1,01;0,4;0;6;0;4;2;NOM
condés;k§de;condé;NOM;0,1;0,05;0;6;0;4;2;NOM
confia;k§fja;confier;VER;41,5;0,51;0;6;0;0;2;VER
confie;k§fi;confier;VER;41,5;8,29;0;6;0;4;2;VER
confit;k§fi;confire;VER;0,3;0,13;0;6;6;4;2;VER,ADJ,NOM
confit;k§fi;confit;ADJ;0,71;0,25;1;6;6;4;2;VER,ADJ,NOM
confit;k§fi;confit;NOM;0,17;0,16;1;6;6;4;2;VER,ADJ,NOM
confié;k§fje;confier;VER;41,5;10,71;0;6;0;5;2;VER
confus;k§fy;confus;ADJ;11,02;7,48;1;6;6;4;2;ADJ
congas;k§ga;conga;NOM;0,2;0,06;0;6;0;4;2;NOM
congre;k§gR;congre;NOM;0,44;0,01;1;6;6;4;1;NOM
congés;k§Ze;congé;NOM;20,74;2,58;0;6;0;4;2;NOM
connes;kOn;con;ADJ;55,33;0,57;0;6;0;0;1;ADJ,NOM
connes;kOn;con;NOM;122,62;0,71;0;6;0;0;1;ADJ,NOM
connue;kony;connaître;VER;961,03;13,32;0;6;0;4;2;VER,ADJ
connue;kony;connu;ADJ;15,01;3,3;0;6;0;4;2;VER,ADJ
connus;kony;connaître;VER;961,03;9,39;0;6;0;4;2;VER,ADJ
connus;kony;connu;ADJ;15,01;2,52;0;6;0;4;2;VER,ADJ
connut;kony;connaître;VER;961,03;0,84;0;6;0;4;2;VER
connût;kony;connaître;VER;961,03;0;0;6;0;4;2;VER
conque;k§k;conque;NOM;0,48;0,44;1;6;6;3;1;NOM
consos;k§so;conso;NOM;0,19;0,06;0;6;0;4;2;NOM
consul;k§syl;consul;NOM;3,95;3,56;1;6;6;5;2;NOM
contai;k§tE;conter;VER;3,76;0;0;6;0;0;2;VER
conter;k§te;conter;VER;3,76;1,32;1;6;6;4;2;VER
contes;k§t;conte;NOM;13,3;4,46;0;6;0;3;1;NOM,VER
contes;k§t;conter;VER;3,76;0,1;0;6;0;3;1;NOM,VER
contez;k§te;conter;VER;3,76;0,38;0;6;0;4;2;VER
contra;k§tRa;contra;NOM;0,2;0,12;1;6;6;5;2;NOM,VER
contra;k§tRa;contrer;VER;19,15;0,12;0;6;6;5;2;NOM,VER
contre;k§tR;contre;NOM;5,43;5,35;1;6;6;4;1;NOM,PRE,VER
contre;k§tR;contre;PRE;313,71;313,71;1;6;6;4;1;NOM,PRE,VER
contre;k§tR;contrer;VER;19,15;16,68;0;6;6;4;1;NOM,PRE,VER
contré;k§tRe;contrer;VER;19,15;0,27;0;6;0;5;2;VER
contât;k§ta;conter;VER;3,76;0;0;6;0;0;2;VER
contée;k§te;conter;VER;3,76;0,18;0;6;0;4;2;VER
contés;k§te;conter;VER;3,76;0,01;0;6;0;4;2;VER
convia;k§vja;convier;VER;2,62;0,02;0;6;0;0;2;VER
convie;k§vi;convier;VER;2,62;0,37;0;6;0;0;2;VER
convié;k§vje;convier;VER;2,62;0,6;0;6;6;4;2;VER,ADJ
convié;k§vje;convié;ADJ;0,04;0,02;1;6;6;4;2;VER,ADJ
convoi;k§vwa;convoi;NOM;9,39;7,86;1;6;6;5;2;NOM
conçue;k§sy;concevoir;VER;18,75;2,5;0;6;0;4;2;VER,ADJ
conçue;k§sy;conçu;ADJ;0,9;0,17;0;6;0;4;2;VER,ADJ
conçus;k§sy;concevoir;VER;18,75;0,86;0;6;0;4;2;VER,ADJ
conçus;k§sy;conçu;ADJ;0,9;0,31;0;6;0;4;2;VER,ADJ
conçut;k§sy;concevoir;VER;18,75;0,22;0;6;0;4;2;VER
cookie;kuki;cookie;NOM;8,22;3,08;1;6;4;4;2;NOM
coolie;kuli;coolie;NOM;0,16;0,13;1;6;6;4;2;NOM
coolos;kulos;coolos;ADJ;0,04;0,04;1;6;5;4;2;ADJ
coopté;kOOpte;coopter;VER;0,16;0,14;0;6;0;0;3;VER
copain;kop5;copain;NOM;158,62;61,14;1;6;5;4;2;NOM
copeau;kopo;copeau;NOM;0,67;0,1;1;6;5;4;2;NOM
copiai;kopjE;copier;VER;8,07;0;0;6;0;0;2;VER
copier;kopje;copier;VER;8,07;2,96;1;6;6;5;2;VER
copies;kopi;copie;NOM;25,7;8,82;0;6;0;4;2;NOM,VER
copies;kopi;copier;VER;8,07;0,1;0;6;0;4;2;NOM,VER
copiez;kopje;copier;VER;8,07;0,34;0;6;0;5;2;VER
copine;kopin;copain;NOM;158,62;56,28;0;6;0;0;2;NOM
copiné;kopine;copiner;VER;0,13;0,02;0;6;0;6;3;VER
copiée;kopje;copier;VER;8,07;0,29;0;6;0;5;2;VER
copiés;kopje;copier;VER;8,07;0,2;0;6;0;5;2;VER
coptes;kOpt;copte;NOM;0,02;0;0;6;0;4;1;NOM
copula;kopyla;copuler;VER;1,19;0,01;0;6;0;0;3;VER
copule;kopyl;copule;NOM;0,14;0,14;1;6;6;5;2;NOM
copulé;kopyle;copuler;VER;1,19;0,15;0;6;0;6;3;VER
coques;kOk;coque;NOM;5;0,4;0;6;0;3;1;NOM
coquet;kokE;coquet;ADJ;1,57;0,77;1;6;6;4;2;ADJ
coquin;kok5;coquin;ADJ;3,92;2;1;6;6;4;2;ADJ,NOM
coquin;kok5;coquin;NOM;7,55;4,96;1;6;6;4;2;ADJ,NOM
corail;koRaj;corail;ADJ;0,51;0,51;1;6;5;5;2;ADJ,NOM
corail;koRaj;corail;NOM;1,43;1,04;1;6;5;5;2;ADJ,NOM
coraux;koRo;corail;NOM;1,43;0,39;0;6;0;0;2;NOM
corbin;kORb5;corbin;NOM;0,14;0,14;1;6;6;5;2;NOM
corder;kORde;corder;VER;0,31;0,16;1;6;6;5;2;VER
cordes;kORd;corde;NOM;38,57;9,68;0;6;0;4;1;NOM,VER
cordes;kORd;corder;VER;0,31;0,01;0;6;0;4;1;NOM,VER
cordon;kORd§;cordon;NOM;5,21;4,42;1;6;6;5;2;NOM
cordée;kORde;cordée;ADJ;0,01;0,01;1;6;6;5;2;ADJ,NOM
cordée;kORde;cordée;NOM;0,02;0,02;1;6;6;5;2;ADJ,NOM
cordés;kORde;cordé;ADJ;0,01;0,01;0;6;0;5;2;ADJ
cornac;kORnak;cornac;NOM;0,03;0,03;1;6;6;6;2;NOM
cornas;kORna;corner;VER;0,26;0;0;6;0;0;2;VER
corner;koRnER;corner;NOM;0,3;0,16;1;6;6;5;2;NOM,VER
corner;koRne;corner;VER;0,26;0,17;1;6;6;5;2;NOM,VER
cornes;kORn;corne;NOM;7,79;5,16;0;6;0;4;1;NOM,VER
cornes;kORn;corner;VER;0,26;0,01;0;6;0;4;1;NOM,VER
cornet;kORnE;cornet;NOM;1,85;1,46;1;6;6;5;2;NOM
cornue;kORny;cornu;ADJ;0,42;0,1;0;6;6;5;2;ADJ,NOM
cornue;kORny;cornue;NOM;0,01;0,01;1;6;6;5;2;ADJ,NOM
cornus;kORny;cornu;ADJ;0,42;0,15;0;6;0;5;2;ADJ
cornée;kORne;corner;VER;0,26;0,01;0;6;6;5;2;VER,ADJ,NOM
cornée;kORne;corné;ADJ;0,12;0,01;0;6;6;5;2;VER,ADJ,NOM
cornée;kORne;cornée;NOM;0,85;0,78;1;6;6;5;2;VER,ADJ,NOM
cornés;kORne;corner;VER;0,26;0,01;0;6;0;5;2;VER,ADJ
cornés;kORne;corné;ADJ;0,12;0;0;6;0;5;2;VER,ADJ
corona;koRona;corona;NOM;0,5;0,5;1;6;6;6;3;NOM
corons;koR§;coron;NOM;0,01;0;0;6;0;4;2;NOM
corozo;koRozo;corozo;NOM;0;0;1;6;5;6;3;NOM
corpus;kORpys;corpus;NOM;0,38;0,38;1;6;6;6;2;NOM
corral;koRal;corral;NOM;0,9;0,87;1;6;5;5;2;NOM
corser;kORse;corser;VER;1,81;0,29;1;6;6;5;2;VER
corses;kORs;corse;ADJ;3,37;1,21;0;6;0;4;1;ADJ,NOM
corses;kORs;corse;NOM;0,79;0,65;0;6;0;4;1;ADJ,NOM
corset;kORsE;corset;NOM;2,04;1,51;1;6;6;5;2;NOM
corsos;kORso;corso;NOM;0,48;0;0;6;0;5;2;NOM
corsée;kORse;corser;VER;1,81;0,14;0;6;0;5;2;VER,ADJ
corsée;kORse;corsé;ADJ;0,49;0,03;0;6;0;5;2;VER,ADJ
corsés;kORse;corser;VER;1,81;0,02;0;6;0;5;2;VER,ADJ
corsés;kORse;corsé;ADJ;0,49;0,23;0;6;0;5;2;VER,ADJ
cortes;kORt;corte;NOM;0,01;0,01;0;6;0;0;1;NOM
cortex;kORtEks;cortex;NOM;8,68;8,68;1;6;6;6;2;NOM
corton;kORt§;corton;NOM;0,03;0,03;1;6;5;5;2;NOM
cortès;kORtEz;cortès;NOM;0,02;0,02;1;6;6;6;2;NOM
corvée;kORve;corvée;NOM;6,32;4,05;1;6;6;5;2;NOM
coryza;koRiza;coryza;NOM;0;0;1;6;5;5;3;NOM
coréen;koRe5;coréen;ADJ;2,95;1,67;1;6;5;5;3;ADJ,NOM
coréen;koRe5;coréen;NOM;1,79;0,6;1;6;5;5;3;ADJ,NOM
cosmos;kOsmos;cosmos;NOM;2,34;2,34;1;6;6;6;2;NOM
cosses;kOs;cosse;NOM;0,62;0,28;0;6;0;3;1;NOM
cossue;kosy;cossu;ADJ;0,08;0,02;0;6;0;4;2;ADJ
cossus;kosy;cossu;ADJ;0,08;0;0;6;6;4;2;ADJ,NOM
cossus;kosy;cossus;NOM;0;0;1;6;6;4;2;ADJ,NOM
costal;kOstal;costal;ADJ;0,13;0,07;1;6;6;6;2;ADJ
costar;kOstaR;costar;NOM;0,03;0,03;1;6;6;6;2;NOM
cotait;kotE;coter;VER;9,13;0,01;0;6;0;0;2;VER
coteau;koto;coteau;NOM;0,41;0,19;1;6;5;4;2;NOM
cotent;kOt;coter;VER;9,13;0,02;0;6;0;3;1;VER
coties;koti;cotir;VER;0;0;0;6;0;0;2;VER
cotisa;kotiza;cotiser;VER;0,88;0;0;6;0;0;3;VER
cotise;kotiz;cotiser;VER;0,88;0,21;0;6;0;0;2;VER
cotisé;kotize;cotiser;VER;0,88;0,15;0;6;0;6;3;VER
cotons;kot§;coton;NOM;10,09;0,03;0;6;0;4;2;NOM
cotres;kOtR;cotre;NOM;0,03;0;0;6;0;4;1;NOM
cottes;kOt;cotte;NOM;0,32;0,02;0;6;0;3;1;NOM
cotées;kote;coter;VER;9,13;0,13;0;6;0;4;2;VER,ADJ
cotées;kote;coté;ADJ;7,56;0,03;0;6;0;4;2;VER,ADJ
couacs;kwak;couac;NOM;0,14;0,03;0;6;0;4;1;NOM
couard;kwaR;couard;ADJ;0,09;0,08;1;6;6;4;1;ADJ,NOM
couard;kwaR;couard;NOM;0,25;0,2;1;6;6;4;1;ADJ,NOM
coucha;kuSa;coucher;VER;181,96;0,41;0;6;0;0;2;VER
couche;kuS;couche;NOM;19,95;10,89;1;6;6;3;1;NOM,VER
couche;kuS;coucher;VER;181,96;29,5;0;6;6;3;1;NOM,VER
couché;kuSe;coucher;VER;181,96;35,71;0;6;6;4;2;VER,ADJ,NOM
couché;kuSe;couché;ADJ;5,71;2,75;1;6;6;4;2;VER,ADJ,NOM
couché;kuSe;couché;NOM;4,6;4,6;1;6;6;4;2;VER,ADJ,NOM
coucou;kuku;coucou;NOM;13,16;12,71;1;6;5;4;2;NOM
coudes;kud;coude;NOM;10,19;4,84;0;6;0;3;1;NOM
coudra;kudRa;coudre;VER;8,88;0,1;0;6;0;0;2;VER
coudre;kudR;coudre;VER;8,88;4,83;1;6;6;4;1;VER
coudée;kude;couder;VER;0,02;0;0;6;6;4;2;VER,ADJ,NOM
coudée;kude;coudé;ADJ;0,06;0;0;6;6;4;2;VER,ADJ,NOM
coudée;kude;coudée;NOM;0,07;0,01;1;6;6;4;2;VER,ADJ,NOM
couina;kwina;couiner;VER;1,13;0;0;6;0;0;2;VER
couine;kwin;couiner;VER;1,13;0,43;0;6;0;0;1;VER
couiné;kwine;couiner;VER;1,13;0,15;0;6;0;5;2;VER
coulai;kulE;couler;VER;47,56;0;0;6;0;0;2;VER
couler;kule;couler;VER;47,56;14,93;1;6;6;4;2;VER
coules;kul;couler;VER;47,56;0,68;0;6;0;3;1;VER
coulez;kule;couler;VER;47,56;0,75;0;6;0;4;2;VER
coulis;kuli;coulis;ADJ;0;0;1;6;6;4;2;ADJ,NOM
coulis;kuli;coulis;NOM;0,58;0,58;1;6;6;4;2;ADJ,NOM
coulpe;kulp;coulpe;NOM;0,04;0,04;1;6;5;4;1;NOM
coulât;kula;couler;VER;47,56;0;0;6;0;0;2;VER
coulée;kule;couler;VER;47,56;0,18;0;6;6;4;2;VER,ADJ,NOM
coulée;kule;coulé;ADJ;0,5;0,01;0;6;6;4;2;VER,ADJ,NOM
coulée;kule;coulée;NOM;0,62;0,53;1;6;6;4;2;VER,ADJ,NOM
coulés;kule;couler;VER;47,56;0,12;0;6;0;4;2;VER,ADJ,NOM
coulés;kule;coulé;ADJ;0,5;0,12;0;6;0;4;2;VER,ADJ,NOM
coulés;kule;coulé;NOM;0,42;0,05;0;6;0;4;2;VER,ADJ,NOM
coupai;kupE;couper;VER;155,82;0,01;0;6;0;0;2;VER
couper;kupe;couper;VER;155,82;41,45;1;6;6;4;2;VER
coupes;kup;coupe;NOM;33,02;3,86;0;6;0;3;1;NOM,VER
coupes;kup;couper;VER;155,82;3,87;0;6;0;3;1;NOM,VER
coupez;kupe;couper;VER;155,82;19,53;0;6;0;4;2;VER
couple;kupl;couple;NOM;49,62;41,13;1;6;6;4;1;NOM,VER
couple;kupl;coupler;VER;0,42;0,16;0;6;6;4;1;NOM,VER
couplé;kuple;coupler;VER;0,42;0,07;0;6;6;5;2;VER,NOM
couplé;kuple;couplé;NOM;0;0;1;6;6;5;2;VER,NOM
coupon;kup§;coupon;NOM;1,69;0,51;1;6;6;4;2;NOM
coupée;kupe;couper;VER;155,82;8,14;0;6;6;4;2;VER,ADJ,NOM
coupée;kupe;coupé;ADJ;6,72;1,8;0;6;6;4;2;VER,ADJ,NOM
coupée;kupe;coupée;NOM;0,85;0,81;1;6;6;4;2;VER,ADJ,NOM
coupés;kupe;couper;VER;155,82;3,85;0;6;0;4;2;VER,ADJ,NOM
coupés;kupe;coupé;ADJ;6,72;0,94;0;6;0;4;2;VER,ADJ,NOM
coupés;kupe;coupé;NOM;1,33;0,11;0;6;0;4;2;VER,ADJ,NOM
courba;kuRba;courber;VER;2,84;0;0;6;0;0;2;VER
courbe;kuRb;courbe;ADJ;0,66;0,53;1;6;6;4;1;ADJ,NOM,VER
courbe;kuRb;courbe;NOM;3;1,72;1;6;6;4;1;ADJ,NOM,VER
courbe;kuRb;courber;VER;2,84;0,62;0;6;6;4;1;ADJ,NOM,VER
courbé;kuRbe;courber;VER;2,84;0,49;0;6;6;5;2;VER,ADJ
courbé;kuRbe;courbé;ADJ;0,66;0,59;1;6;6;5;2;VER,ADJ
coures;kuR;courir;VER;146,5;0,29;0;6;0;3;1;VER
courez;kuRe;courir;VER;146,5;11,99;0;6;0;0;2;VER
courge;kuRZ;courge;NOM;2,46;1,38;1;6;6;4;1;NOM
courir;kuRiR;courir;VER;146,5;47,19;1;6;5;4;2;VER
courra;kuRa;courir;VER;146,5;0,9;0;6;0;0;2;VER
courre;kuR;courre;VER;0,75;0,75;1;6;6;3;1;VER
course;kuRs;course;NOM;72,48;40,45;1;6;6;4;1;NOM,VER
course;kuRs;courser;VER;1,3;0,69;0;6;6;4;1;NOM,VER
coursé;kuRse;courser;VER;1,3;0,09;0;6;0;5;2;VER
courte;kuRt;court;ADJ;41,15;14,07;0;6;0;0;1;ADJ,VER
courte;kuRt;courter;VER;0,37;0,37;0;6;0;0;1;ADJ,VER
courts;kuR;court;ADJ;41,15;6,03;0;6;0;3;1;ADJ,NOM
courts;kuR;court;NOM;8,39;0,81;0;6;0;3;1;ADJ,NOM
courue;kuRy;courir;VER;146,5;0,11;0;6;0;4;2;VER,ADJ
courue;kuRy;couru;ADJ;0,67;0,02;0;6;0;4;2;VER,ADJ
courus;kuRy;courir;VER;146,5;0,23;0;6;0;4;2;VER,ADJ
courus;kuRy;couru;ADJ;0,67;0,02;0;6;0;4;2;VER,ADJ
courut;kuRy;courir;VER;146,5;1,65;0;6;0;4;2;VER
courût;kuRy;courir;VER;146,5;0;0;6;0;4;2;VER
cousez;kuze;coudre;VER;8,88;0,17;0;6;0;0;2;VER
cousin;kuz5;cousin;NOM;73,87;37,31;1;6;6;4;2;NOM
cousit;kuzi;coudre;VER;8,88;0;0;6;0;0;2;VER
cousue;kuzy;coudre;VER;8,88;0,58;0;6;0;4;2;VER,ADJ
cousue;kuzy;cousu;ADJ;1,86;1,5;0;6;0;4;2;VER,ADJ
cousus;kuzy;coudre;VER;8,88;0,43;0;6;0;4;2;VER,ADJ
cousus;kuzy;cousu;ADJ;1,86;0,02;0;6;0;4;2;VER,ADJ
coutil;kuti;coutil;NOM;0;0;1;6;5;4;2;NOM
couver;kuve;couver;VER;3,59;0,75;1;6;6;4;2;VER
couves;kuv;couver;VER;3,59;0,23;0;6;0;0;1;VER
couvet;kuvE;couvet;NOM;0;0;1;6;6;4;2;NOM
couvez;kuve;couver;VER;3,59;0,09;0;6;0;4;2;VER
couvis;kuvi;couvi;ADJ;0;0;0;6;0;0;2;ADJ
couvre;kuvR;couvrir;VER;88,29;23,58;0;6;0;0;1;VER
couvée;kuve;couver;VER;3,59;0,04;0;6;5;4;2;VER,NOM
couvée;kuve;couvée;NOM;0,2;0,19;1;6;5;4;2;VER,NOM
couvés;kuve;couver;VER;3,59;0,01;0;6;0;4;2;VER
coyote;kojOt;coyote;NOM;4,01;2,5;1;6;3;3;2;NOM
coûter;kute;coûter;VER;83,15;12,59;1;6;6;4;2;VER
coûtes;kut;coûter;VER;83,15;0,44;0;6;0;0;1;VER
coûtez;kute;coûter;VER;83,15;0,2;0;6;0;4;2;VER
coûtât;kuta;coûter;VER;83,15;0;0;6;0;0;2;VER
coûtée;kute;coûter;VER;83,15;0,01;0;6;0;4;2;VER
coûtés;kute;coûter;VER;83,15;0,12;0;6;0;4;2;VER
crabes;kRab;crabe;NOM;8,14;3,24;0;6;0;4;1;NOM
cracha;kRaSa;cracher;VER;27,93;0,16;0;6;0;5;2;VER
crache;kRaS;cracher;VER;27,93;10,28;0;6;0;4;1;VER
craché;kRaSe;cracher;VER;27,93;4,26;0;6;6;5;2;VER,ADJ
craché;kRaSe;craché;ADJ;3,24;3,04;1;6;6;5;2;VER,ADJ
cracks;kRak;crack;NOM;7,77;0,47;0;6;0;4;1;NOM
cracra;kRakRa;cracra;ADJ;0,04;0,04;1;6;5;5;2;ADJ
crades;kRad;crade;ADJ;1,31;0,12;0;6;0;4;1;ADJ
crados;kRado;crado;ADJ;0,23;0,06;0;6;0;5;2;ADJ
craies;kRE;craie;NOM;5,8;0,14;0;6;0;3;1;NOM
crains;kR5;craindre;VER;117,44;40,76;0;6;0;3;1;VER
craint;kR5;craindre;VER;117,44;23,43;0;6;0;3;1;VER
cramer;kRame;cramer;VER;4,59;1,47;1;6;5;5;2;VER
cramez;kRame;cramer;VER;4,59;0,16;0;6;0;5;2;VER
crampe;kR@p;crampe;NOM;5,18;2,62;1;6;6;4;1;NOM
cramée;kRame;cramer;VER;4,59;0,06;0;6;0;5;2;VER
cramés;kRame;cramer;VER;4,59;0,14;0;6;0;5;2;VER
cranté;kR@te;cranter;VER;0,08;0,01;0;6;0;4;2;VER
craqua;kRaka;craquer;VER;21,23;0,01;0;6;0;0;2;VER
craque;kRak;craque;NOM;0,55;0,16;1;6;6;4;1;NOM,VER
craque;kRak;craquer;VER;21,23;4,4;0;6;6;4;1;NOM,VER
craqué;kRake;craquer;VER;21,23;4,39;0;6;0;5;2;VER
crashe;kRaS;crasher;VER;1,52;0,13;0;6;6;4;1;VER
crashé;kRaSe;crasher;VER;1,52;0,97;0;6;0;5;2;VER
crasse;kRas;crasse;NOM;3,29;3,16;1;6;6;4;1;NOM
crawlé;kRole;crawlé;ADJ;0;0;1;6;6;5;2;ADJ
crayon;kREj§;crayon;NOM;10,97;8,08;1;6;6;5;2;NOM
creeks;kRik;creek;NOM;0,78;0,01;0;6;0;4;1;NOM
creton;kR2t§;creton;NOM;0,01;0,01;1;6;4;4;2;NOM
creusa;kR2za;creuser;VER;25,11;0,26;0;6;0;0;2;VER
creuse;kR2z;creuser;VER;25,11;3,67;0;6;0;0;1;VER,ADJ
creuse;kR2z;creux;ADJ;5,9;1,61;0;6;0;0;1;VER,ADJ
creusé;kR2ze;creuser;VER;25,11;3,35;0;6;0;5;2;VER
crever;kR°ve;crever;VER;64,95;25,27;1;6;6;5;2;VER
crevez;kR°ve;crever;VER;64,95;0,74;0;6;0;5;2;VER
crevât;kR°va;crever;VER;64,95;0;0;6;0;0;2;VER
crevée;kR°ve;crever;VER;64,95;5,1;0;6;0;5;2;VER
crevés;kR°ve;crever;VER;64,95;1,84;0;6;0;5;2;VER
criais;kRijE;crier;VER;116,94;1,89;0;6;0;0;2;VER
criait;kRijE;crier;VER;116,94;6,37;0;6;0;0;2;VER
criant;kRij@;criant;ADJ;0,38;0,19;1;6;5;5;2;ADJ,VER
criant;kRij@;crier;VER;116,94;3,82;0;6;5;5;2;ADJ,VER
criard;kRijaR;criard;ADJ;0,95;0,17;1;6;5;5;2;ADJ
cribla;kRibla;cribler;VER;1,86;0,01;0;6;0;0;2;VER
crible;kRibl;crible;NOM;0,92;0,91;1;6;6;5;1;NOM,VER
crible;kRibl;cribler;VER;1,86;0,25;0;6;6;5;1;NOM,VER
criblé;kRible;cribler;VER;1,86;0,92;0;6;0;6;2;VER
cricri;kRikRi;cricri;NOM;0,28;0,28;1;6;5;6;2;NOM
crient;kRi;crier;VER;116,94;5,35;0;6;0;3;1;VER
criera;kRiRa;crier;VER;116,94;0,75;0;6;0;0;2;VER
crieur;kRij9R;crieur;NOM;0,34;0,27;1;6;5;5;2;NOM
crimes;kRim;crime;NOM;104,07;22,3;0;6;0;4;1;NOM
crions;kRij§;crier;VER;116,94;0,79;0;6;0;0;2;VER
crique;kRik;crique;NOM;1,1;1,06;1;6;6;4;1;NOM
crises;kRiz;crise;NOM;50,15;6,64;0;6;0;4;1;NOM
crispa;kRispa;crisper;VER;2,05;0;0;6;0;0;2;VER
crispe;kRisp;crisper;VER;2,05;0,39;0;6;0;0;1;VER
crispé;kRispe;crisper;VER;2,05;0,53;0;6;0;6;2;VER
crissa;kRisa;crisser;VER;1,46;0;0;6;0;0;2;VER
crisse;kRis;crisser;VER;1,46;1,29;0;6;0;4;1;VER
crissé;kRise;crisser;VER;1,46;0,02;0;6;0;5;2;VER
cristi;kRisti;cristi;ONO;0,15;0,15;1;6;6;6;2;ONO
criées;kRije;crier;VER;116,94;0;0;6;0;5;2;VER,NOM
criées;kRije;criée;NOM;0,05;0;0;6;0;5;2;VER,NOM
croate;kRoat;croate;ADJ;0,93;0,51;1;6;5;5;2;ADJ,NOM
croate;kRoat;croate;NOM;0,58;0,17;1;6;5;5;2;ADJ,NOM
crocha;kRoSa;crocher;VER;0,01;0;0;6;0;0;2;VER
croche;kROS;croche;NOM;0,26;0,07;1;6;6;4;1;NOM
crochu;kRoSy;crochu;ADJ;0,83;0,33;1;6;6;5;2;ADJ
croché;kRoSe;crocher;VER;0,01;0,01;0;6;0;5;2;VER
crocos;kRoko;croco;NOM;1,51;0,76;0;6;0;5;2;NOM
crocus;kRokys;crocus;NOM;0,04;0,04;1;6;5;5;2;NOM
croies;kRwa;croire;VER;1711,99;3,1;0;6;0;4;1;VER
croira;kRwaRa;croire;VER;1711,99;8,27;0;6;0;0;2;VER
croire;kRwaR;croire;VER;1711,99;193,37;1;6;5;5;1;VER
croisa;kRwaza;croiser;VER;28,84;0,05;0;6;0;0;2;VER
croise;kRwaz;croiser;VER;28,84;6,65;0;6;0;0;1;VER
croisé;kRwaze;croiser;VER;28,84;6,38;0;6;6;6;2;VER,ADJ,NOM
croisé;kRwaze;croisé;ADJ;4,62;0,39;1;6;6;6;2;VER,ADJ,NOM
croisé;kRwaze;croisé;NOM;0,59;0,38;1;6;6;6;2;VER,ADJ,NOM
croqua;kRoka;croquer;VER;5,23;0;0;6;0;0;2;VER
croque;kROk;croquer;VER;5,23;1;0;6;0;0;1;VER
croqué;kRoke;croquer;VER;5,23;0,34;0;6;0;5;2;VER
crosne;kROn;crosne;NOM;0;0;1;6;5;4;1;NOM
crosse;kROs;crosse;NOM;2,27;1,96;1;6;6;4;1;NOM
crossé;kRose;crossé;ADJ;0;0;1;6;6;4;2;ADJ
croton;kRot§;croton;NOM;0,28;0,28;1;6;5;5;2;NOM
crotte;kROt;crotte;NOM;6,52;3,46;1;6;6;4;1;NOM
crotté;kRote;crotter;VER;0,47;0,03;0;6;6;5;2;VER,ADJ
crotté;kRote;crotté;ADJ;0,23;0,18;1;6;6;5;2;VER,ADJ
croula;kRula;crouler;VER;2,37;0;0;6;0;0;2;VER
croule;kRul;croule;NOM;0,02;0,02;1;6;6;4;1;NOM,VER
croule;kRul;crouler;VER;2,37;1,16;0;6;6;4;1;NOM,VER
croulé;kRule;crouler;VER;2,37;0,02;0;6;0;5;2;VER
croupe;kRup;croupe;NOM;0,96;0,64;1;6;6;4;1;NOM
croupi;kRupi;croupi;ADJ;0,03;0,01;1;6;6;5;2;ADJ,VER
croupi;kRupi;croupir;VER;1,74;0,1;0;6;6;5;2;ADJ,VER
croyez;kRwaje;croire;VER;1711,99;152,54;0;6;0;0;2;VER
croûte;kRut;croûte;NOM;5,81;5,07;1;6;6;4;1;NOM,VER
croûte;kRut;croûter;VER;0,3;0,18;0;6;6;4;1;NOM,VER
croûté;kRute;croûter;VER;0,3;0,03;0;6;0;5;2;VER
cruche;kRyS;cruche;ADJ;0,32;0,28;1;6;6;4;1;ADJ,NOM
cruche;kRyS;cruche;NOM;3,04;2,92;1;6;6;4;1;ADJ,NOM
cruels;kRyEl;cruel;ADJ;28,98;2,56;0;6;0;5;2;ADJ
crusse;kRys;croire;VER;1711,99;0;0;6;0;0;1;VER
crypte;kRipt;crypte;NOM;2,91;2,82;1;6;6;5;1;NOM,VER
crypte;kRipt;crypter;VER;1,56;0,01;0;6;6;5;1;NOM,VER
crypto;kRipto;crypto;NOM;0,04;0,04;1;6;6;6;2;NOM
crypté;kRipte;crypter;VER;1,56;0,98;0;6;0;6;2;VER
crâner;kRane;crâner;VER;1,37;0,4;1;6;6;5;2;VER
crânes;kRan;crâne;ADJ;1,43;0,24;0;6;0;4;1;ADJ,NOM,VER
crânes;kRan;crâne;NOM;28,6;1,72;0;6;0;4;1;ADJ,NOM,VER
crânes;kRan;crâner;VER;1,37;0,14;0;6;0;4;1;ADJ,NOM,VER
crânez;kRane;crâner;VER;1,37;0,01;0;6;0;5;2;VER
crèche;kRES;crèche;NOM;3,91;3,46;1;6;4;4;1;NOM,VER
crèche;kRES;crécher;VER;1,48;0,66;0;6;4;4;1;NOM,VER
crèmes;kREm;crème;NOM;20,61;0,9;0;6;0;4;1;NOM
crèves;kREv;crever;VER;64,95;1,98;0;6;0;4;1;VER,NOM
crèves;kREv;crève;NOM;5,79;0,04;0;6;0;4;1;VER,NOM
créais;kReE;créer;VER;85,17;0,23;0;6;0;0;2;VER
créait;kReE;créer;VER;85,17;0,82;0;6;0;0;2;VER
créant;kRe@;créer;VER;85,17;1,83;0;6;0;0;2;VER
crédit;kRedi;crédit;NOM;28,21;25,82;1;6;6;5;2;NOM
crédié;kRedje;crédié;ADV;0,04;0,04;1;6;6;5;2;ADV
créent;kRe;créer;VER;85,17;1,68;0;6;0;3;1;VER
créera;kReRa;créer;VER;85,17;0,5;0;6;0;0;2;VER
créiez;kReje;créer;VER;85,17;0,04;0;6;0;0;2;VER
crémer;kReme;crémer;VER;0,01;0,01;1;6;6;5;2;VER
crémés;kReme;crémer;VER;0,01;0;0;6;0;5;2;VER
crénom;kRen§;crénom;ONO;0,58;0,58;1;6;5;5;2;ONO
créole;kReOl;créole;ADJ;0,58;0,57;1;6;6;5;2;ADJ,NOM
créole;kReOl;créole;NOM;0,66;0,51;1;6;6;5;2;ADJ,NOM
créons;kRe§;créer;VER;85,17;0,98;0;6;0;0;2;VER
crépie;kRepi;crépir;VER;0,17;0;0;6;0;5;2;VER
crépir;kRepiR;crépir;VER;0,17;0;1;6;6;6;2;VER
crépis;kRepi;crépi;NOM;0,14;0,14;0;6;0;5;2;NOM,VER
crépis;kRepi;crépir;VER;0,17;0;0;6;0;5;2;NOM,VER
crépon;kRep§;crépon;NOM;0,07;0,06;1;6;5;5;2;NOM
crépue;kRepy;crépu;ADJ;0,77;0,2;0;6;0;5;2;ADJ
crépus;kRepy;crépu;ADJ;0,77;0,33;0;6;0;5;2;ADJ
crésol;kRezOl;crésol;NOM;0,01;0,01;1;6;5;5;2;NOM
crésus;kRezys;crésus;NOM;0,01;0,01;1;6;5;5;2;NOM
crésyl;kRezil;crésyl;NOM;0,01;0,01;1;6;6;5;2;NOM
crétin;kRet5;crétin;ADJ;13,72;11,98;1;6;6;5;2;ADJ,NOM
crétin;kRet5;crétin;NOM;33,54;25,61;1;6;6;5;2;ADJ,NOM
créées;kRee;créer;VER;85,17;0,81;0;6;0;4;2;VER
crêper;kRepe;crêper;VER;0,27;0,06;1;6;6;5;2;VER
crêpes;kREp;crêpe;NOM;8,44;5,16;0;6;0;4;1;NOM,VER
crêpes;kREp;crêper;VER;0,27;0,01;0;6;0;4;1;NOM,VER
crêpée;kRepe;crêper;VER;0,27;0;0;6;0;5;2;VER,ADJ
crêpée;kRepe;crêpé;ADJ;0,03;0,01;0;6;0;5;2;VER,ADJ
crêpés;kRepe;crêper;VER;0,27;0,01;0;6;0;5;2;VER,ADJ
crêpés;kRepe;crêpé;ADJ;0,03;0,02;0;6;0;5;2;VER,ADJ
crêtes;kREt;crête;NOM;4,23;0,71;0;6;0;4;1;NOM
crêtée;kREte;crêter;VER;0;0;0;6;0;0;2;VER,ADJ
crêtée;kREte;crêté;ADJ;0;0;0;6;0;0;2;VER,ADJ
crêtés;kREte;crêter;VER;0;0;0;6;0;0;2;VER,ADJ
crêtés;kREte;crêté;ADJ;0;0;0;6;0;0;2;VER,ADJ
crûmes;kRym;croire;VER;1711,99;0;0;6;0;0;1;VER
cubage;kybaZ;cubage;NOM;0,14;0,14;1;6;5;4;2;NOM
cubain;kyb5;cubain;ADJ;3,28;1,37;1;6;5;4;2;ADJ,NOM
cubain;kyb5;cubain;NOM;2,69;0,95;1;6;5;4;2;ADJ,NOM
cubait;kybE;cuber;VER;0,32;0;0;6;0;0;2;VER
cuesta;kwEsta;cuesta;NOM;0,39;0,39;1;6;4;4;2;NOM
cuevas;kuevas;cueva;NOM;0,23;0;0;6;0;0;3;NOM
cuirai;k8iRE;cuire;VER;21,65;0,01;0;6;0;0;2;VER
cuiras;k8iRa;cuire;VER;21,65;0,01;0;6;0;0;2;VER
cuirez;k8iRe;cuire;VER;21,65;0;0;6;0;0;2;VER
cuises;k8iz;cuire;VER;21,65;0,01;0;6;0;0;1;VER
cuisez;k8ize;cuire;VER;21,65;0,15;0;6;0;0;2;VER
cuisit;k8izi;cuire;VER;21,65;0;0;6;0;0;2;VER
cuisse;k8is;cuisse;NOM;12,73;4,38;1;6;6;4;1;NOM
cuiter;k8ite;cuiter;VER;0,2;0,12;1;6;6;5;2;VER
cuites;k8it;cuit;ADJ;8,39;1,02;0;6;0;4;1;ADJ,NOM
cuites;k8it;cuite;NOM;1,64;0,23;0;6;0;4;1;ADJ,NOM
cuivra;k8ivRa;cuivrer;VER;0,28;0;0;6;0;0;2;VER
cuivre;k8ivR;cuivre;NOM;5,64;4,74;1;6;6;5;1;NOM
cuivré;k8ivRe;cuivrer;VER;0,28;0;0;6;6;6;2;VER,ADJ
cuivré;k8ivRe;cuivré;ADJ;0,07;0,01;1;6;6;6;2;VER,ADJ
culons;kyl§;culer;VER;0,24;0;0;6;0;0;2;VER
culots;kylo;culot;NOM;9,73;0,49;0;6;0;4;2;NOM
cultes;kylt;culte;NOM;5,37;0,63;0;6;0;4;1;NOM
cumule;kymyl;cumuler;VER;0,65;0,26;0;6;0;5;2;VER
cumulé;kymyle;cumuler;VER;0,65;0,09;0;6;0;6;3;VER
cupide;kypid;cupide;ADJ;1,47;1,02;1;6;6;5;2;ADJ
cupule;kypyl;cupule;NOM;0,01;0,01;1;6;4;4;2;NOM
curage;kyRaZ;curage;NOM;0;0;1;6;5;5;2;NOM
curait;kyRE;curer;VER;2,25;0,02;0;6;0;0;2;VER
curant;kyR@t;curer;VER;2,25;0,01;0;6;0;0;2;VER
curare;kyRaR;curare;NOM;0,22;0,22;1;6;6;5;2;NOM
curial;kyRjal;curial;ADJ;0;0;1;6;5;5;2;ADJ
cursif;kyRsif;cursif;ADJ;0,05;0,02;1;6;6;6;2;ADJ
cursus;kyRsys;cursus;NOM;0,54;0,54;1;6;5;5;2;NOM
curées;kyRe;curée;NOM;0,06;0;0;6;0;4;2;NOM
custom;k9stOm;custom;NOM;0,01;0,01;1;6;6;3;2;NOM
cutané;kytane;cutané;ADJ;0,41;0,05;1;6;4;4;3;ADJ
cutter;kytER;cutter;NOM;2,41;2,36;1;6;4;5;2;NOM
cuvait;kyvE;cuver;VER;1,1;0,03;0;6;0;0;2;VER
cuvant;kyv@;cuver;VER;1,1;0,01;0;6;0;0;2;VER
cuveau;kyvo;cuveau;NOM;0;0;1;6;5;4;2;NOM
cuvent;kyv;cuver;VER;1,1;0;0;6;0;3;1;VER
cuvera;kyv°Ra;cuver;VER;1,1;0,01;0;6;0;0;3;VER
cuvier;kyvje;cuvier;NOM;0;0;1;6;4;4;2;NOM
cuvées;kyve;cuvée;NOM;0,57;0,02;0;6;0;4;2;NOM
cycles;sikl;cycle;NOM;8,2;2,5;0;6;0;4;1;NOM
cygnes;siN;cygne;NOM;7,26;1,99;0;6;0;3;1;NOM
cynips;sinips;cynips;NOM;0,01;0,01;1;6;5;5;2;NOM
cyprin;sipR5;cyprin;NOM;0;0;1;6;6;5;2;NOM
cyprès;sipRE;cyprès;NOM;0,52;0,52;1;6;5;5;2;NOM
cyrard;siRaR;cyrard;NOM;0;0;1;6;4;5;2;NOM
câbler;kable;câbler;VER;0,47;0,12;1;6;6;5;2;VER
câbles;kabl;câble;NOM;17,04;3,67;0;6;0;4;1;NOM
câblez;kable;câbler;VER;0,47;0,02;0;6;0;5;2;VER
câblée;kable;câbler;VER;0,47;0,03;0;6;0;5;2;VER,ADJ
câblée;kable;câblé;ADJ;0,25;0,07;0;6;0;5;2;VER,ADJ
câblés;kable;câbler;VER;0,47;0,04;0;6;0;5;2;VER
câlina;kalina;câliner;VER;0,81;0,14;0;6;0;0;3;VER
câline;kalin;câlin;ADJ;1,31;0,58;0;6;0;0;2;ADJ,NOM,VER
câline;kalin;câlin;NOM;6,38;0,05;0;6;0;0;2;ADJ,NOM,VER
câline;kalin;câliner;VER;0,81;0,14;0;6;0;0;2;ADJ,NOM,VER
câlins;kal5;câlin;ADJ;1,31;0,35;0;6;0;4;2;ADJ,NOM
câlins;kal5;câlin;NOM;6,38;2,22;0;6;0;4;2;ADJ,NOM
câliné;kaline;câliner;VER;0,81;0,04;0;6;0;6;3;VER
câpres;kapR;câpre;NOM;0,31;0,2;0;6;0;4;1;NOM
cèdent;sEd;céder;VER;24,21;0,55;0;6;0;0;1;VER
cèdres;sEdR;cèdre;NOM;0,7;0,23;0;6;0;3;1;NOM
cécité;sesite;cécité;NOM;1,12;1,12;1;6;5;4;3;NOM
cédais;sedE;céder;VER;24,21;0,12;0;6;0;0;2;VER
cédait;sedE;céder;VER;24,21;0,18;0;6;0;0;2;VER
cédant;sed@;cédant;NOM;0,01;0,01;1;6;4;4;2;NOM,VER
cédant;sed@;céder;VER;24,21;0,5;0;6;4;4;2;NOM,VER
cédera;sed°Ra;céder;VER;24,21;0,58;0;6;0;0;3;VER
cédiez;sedje;céder;VER;24,21;0,06;0;6;0;0;2;VER
cédons;sed§;céder;VER;24,21;0,69;0;6;0;0;2;VER
cédrat;sedRa;cédrat;NOM;0,01;0,01;1;6;6;5;2;NOM
cédule;sedyl;cédule;NOM;0,01;0,01;1;6;6;5;2;NOM
cédées;sede;céder;VER;24,21;0,25;0;6;0;4;2;VER
céleri;sEl°Ri;céleri;NOM;1,62;1,43;1;6;5;5;3;NOM
cépage;sepaZ;cépage;NOM;0,04;0,04;1;6;4;5;2;NOM
cépées;sepe;cépée;NOM;0;0;0;6;0;4;2;NOM
céruse;seRyz;céruse;NOM;0;0;1;6;6;5;2;NOM
cérusé;seRyze;cérusé;ADJ;0;0;1;6;6;6;3;ADJ
césars;sezaR;césar;NOM;0,59;0,58;0;6;0;5;2;NOM
césium;sezjOm;césium;NOM;0,2;0,2;1;6;4;4;2;NOM
césure;sezyR;césure;NOM;0,14;0,14;1;6;4;4;2;NOM
cétacé;setase;cétacé;NOM;0,19;0,03;1;6;4;4;3;NOM
cétone;setOn;cétone;NOM;0,01;0,01;1;6;5;4;2;NOM
côtelé;kot°le;côtelé;ADJ;0,17;0,16;1;6;6;6;3;ADJ
côtier;kotje;côtier;ADJ;1,08;0,09;1;6;4;4;2;ADJ
côtoie;kotwa;côtoyer;VER;2,42;0,44;0;6;0;0;2;VER
côtoya;kotwaja;côtoyer;VER;2,42;0;0;6;0;0;3;VER
côtoyé;kotwaje;côtoyer;VER;2,42;0,36;0;6;0;4;3;VER
dacron;dakR§;dacron;NOM;0,02;0,02;1;6;4;4;2;NOM
dadais;dadE;dadais;NOM;0,34;0,34;1;6;5;4;2;NOM
dagues;dag;dague;NOM;2,46;0,27;0;6;0;3;1;NOM
daguet;dagE;daguet;NOM;0;0;1;6;6;4;2;NOM
dahlia;dalja;dahlia;NOM;0,02;0;1;6;4;4;2;NOM
daigna;dENa;daigner;VER;4,41;0;0;6;0;0;2;VER
daigne;dEN;daigner;VER;4,41;1,09;0;6;0;0;1;VER
daigné;deNe;daigner;VER;4,41;0,89;0;6;0;3;2;VER
daller;dale;daller;VER;1,62;0,43;1;6;6;4;2;VER
dalles;dal;dalle;NOM;13;0,65;0;6;0;3;1;NOM
dallée;dale;daller;VER;1,62;0;0;6;0;4;2;VER
dallés;dale;daller;VER;1,62;0;0;6;0;4;2;VER
damage;damaZ;damage;NOM;0,1;0,1;1;6;5;5;2;NOM
dament;dam;damer;VER;11,6;0;0;6;0;3;1;VER
damier;damje;damier;NOM;0,47;0,42;1;6;4;4;2;NOM
damned;damnEd;damned;ONO;0,26;0,26;1;6;6;4;2;ONO
damner;dane;damner;VER;4,46;0,61;1;6;6;4;2;VER
damnez;dane;damner;VER;4,46;0,02;0;6;0;4;2;VER
damnée;dane;damner;VER;4,46;0,81;0;6;0;4;2;VER,ADJ,NOM
damnée;dane;damné;ADJ;2,82;1,87;0;6;0;4;2;VER,ADJ,NOM
damnée;dane;damné;NOM;2,57;0,04;0;6;0;4;2;VER,ADJ,NOM
damnés;dane;damner;VER;4,46;0,5;0;6;0;4;2;VER,ADJ,NOM
damnés;dane;damné;ADJ;2,82;0,23;0;6;0;4;2;VER,ADJ,NOM
damnés;dane;damné;NOM;2,57;1,33;0;6;0;4;2;VER,ADJ,NOM
damées;dame;damer;VER;11,6;0;0;6;0;4;2;VER
dandys;d@di;dandy;NOM;2,87;0,26;0;6;0;4;2;NOM
danger;d@Ze;danger;NOM;80,61;76,73;1;6;6;4;2;NOM
danois;danwa;danois;ADJ;3,37;2,77;1;6;5;4;2;ADJ,NOM
danois;danwa;danois;NOM;2,1;2,02;1;6;5;4;2;ADJ,NOM
dansai;d@sE;danser;VER;137,36;0;0;6;0;0;2;VER
danser;d@se;danser;VER;137,36;70,06;1;6;6;4;2;VER
danses;d@s;danse;NOM;51,23;4,31;0;6;0;3;1;NOM,VER
danses;d@s;danser;VER;137,36;6,81;0;6;0;3;1;NOM,VER
dansez;d@se;danser;VER;137,36;6,41;0;6;0;4;2;VER
dansée;d@se;danser;VER;137,36;0,05;0;6;0;4;2;VER
daphné;dafne;daphné;NOM;0,13;0,13;1;6;3;3;2;NOM
darder;daRde;darder;VER;0,16;0,1;1;6;5;5;2;VER
dardée;daRde;darder;VER;0,16;0;0;6;0;5;2;VER
dardés;daRde;darder;VER;0,16;0;0;6;0;5;2;VER
darons;daR§;daron;NOM;0,04;0,02;0;6;0;4;2;NOM
darses;daRs;darse;NOM;0;0;0;6;0;4;1;NOM
dasein;daz5;dasein;NOM;0;0;1;6;3;3;2;NOM
datage;dataZ;datage;NOM;0,01;0,01;1;6;5;5;2;NOM
datait;datE;dater;VER;16,69;0,34;0;6;0;0;2;VER
datant;dat@;dater;VER;16,69;1,01;0;6;0;0;2;VER
datcha;datSa;datcha;NOM;1,74;1,74;1;6;4;4;2;NOM
datent;dat;dater;VER;16,69;2,35;0;6;0;3;1;VER
dateur;dat9R;dateur;ADJ;0,01;0,01;1;6;5;4;2;ADJ,NOM
dateur;dat9R;dateur;NOM;0,01;0,01;1;6;5;4;2;ADJ,NOM
dattes;dat;datte;NOM;0,95;0,71;0;6;0;3;1;NOM
datura;datyRa;datura;NOM;0,02;0,02;1;6;4;4;3;NOM
datées;date;dater;VER;16,69;0,09;0;6;0;4;2;VER
dauber;dobe;dauber;VER;0,02;0,01;1;6;6;4;2;VER
daubes;dob;daube;NOM;0,99;0,01;0;6;0;3;1;NOM
davier;davje;davier;NOM;0,02;0,02;1;6;4;4;2;NOM
dealer;dil9R;dealer;NOM;12,65;8,43;1;6;5;4;2;NOM,VER
dealer;dil9R;dealer;VER;5,27;2,56;1;6;5;4;2;NOM,VER
deales;dil;dealer;VER;5,27;0,38;0;6;0;3;1;VER
dealez;dile;dealer;VER;5,27;0,03;0;6;0;0;2;VER
debout;d°bu;debout;ADV;91,81;91,81;1;6;4;4;2;ADV
dedans;d°d@;dedans;ADV;76,55;76,55;1;6;3;3;2;ADV,NOM
dedans;d°d@;dedans;NOM;3,73;3,73;1;6;3;3;2;ADV,NOM
degrés;d°gRe;degré;NOM;21,3;13,37;0;6;0;3;2;NOM
dehors;d2OR;dehors;ADV;180,79;180,79;1;6;3;3;2;ADV,NOM,ONO
dehors;d2OR;dehors;NOM;17,57;17,57;1;6;3;3;2;ADV,NOM,ONO
dehors;d2OR;dehors;ONO;30,23;30,23;1;6;3;3;2;ADV,NOM,ONO
deltas;dElta;delta;NOM;6,59;0,09;0;6;0;5;2;NOM
demain;d°m5;demain;ADJ;0,14;0,14;1;6;5;4;2;ADJ,ADV,NOM
demain;d°m5;demain;ADV;425,85;425,85;1;6;5;4;2;ADJ,ADV,NOM
demain;d°m5;demain;NOM;50,4;50,4;1;6;5;4;2;ADJ,ADV,NOM
demies;d°mi;demi;ADJ;38,26;0,08;0;6;0;4;2;ADJ,NOM
demies;d°mi;demi;NOM;4,64;0,13;0;6;0;4;2;ADJ,NOM
dengue;d@g;dengue;NOM;0,02;0,02;1;6;4;3;1;NOM
denier;d°nje;denier;NOM;1,97;0,64;1;6;5;3;2;NOM
denims;d°nim;denim;NOM;0,04;0;0;6;0;0;2;NOM
denrée;d@Re;denrée;NOM;1,86;1,23;1;6;4;3;2;NOM
denses;d@s;dense;ADJ;2,04;0,35;0;6;0;3;1;ADJ
dental;d@tal;dental;ADJ;0,04;0,04;1;6;6;4;2;ADJ
dentée;d@te;denter;VER;0;0;0;6;0;4;2;VER,ADJ
dentée;d@te;denté;ADJ;0,04;0,03;0;6;0;4;2;VER,ADJ
dentés;d@te;denté;ADJ;0,04;0,01;0;6;0;4;2;ADJ
depuis;d°p8i;depuis;ADV;147,19;147,19;1;6;3;3;2;ADV,PRE
depuis;d°p8i;depuis;PRE;483,95;483,95;1;6;3;3;2;ADV,PRE
derbys;dERbi;derby;NOM;0,39;0,03;0;6;0;4;2;NOM
derche;dERS;derche;NOM;0,83;0,72;1;6;4;4;1;NOM
design;dizajn;design;NOM;1,54;1,47;1;6;6;5;2;NOM
dessin;des5;dessin;NOM;29,6;17,92;1;6;6;4;2;NOM
dessus;d°sy;dessus;ADV;111,19;111,19;1;6;6;4;2;ADV,NOM
dessus;d°sy;dessus;NOM;54,77;54,77;1;6;6;4;2;ADV,NOM
destin;dest5;destin;NOM;53,03;51,93;1;6;6;5;2;NOM
dettes;dEt;dette;NOM;26,13;13,36;0;6;0;3;1;NOM
deuche;d2S;deuche;NOM;0;0;1;6;4;3;1;NOM
deuils;d9j;deuil;NOM;12,24;0,03;0;6;0;3;1;NOM
deusio;d2zjo;deusio;ADV;0,2;0,2;1;6;5;5;2;ADV
deuzio;d2zjo;deuzio;ADV;0,89;0,89;1;6;4;5;2;ADV
devais;d°vE;devoir;VER;3232,57;81,01;0;6;0;0;2;VER
devait;d°vE;devoir;VER;3232,57;108,88;0;6;0;0;2;VER
devant;d°v@;devant;ADV;59,06;59,06;1;6;6;4;2;ADV,NOM,PRE,VER
devant;d°v@;devant;NOM;4,2;3,44;1;6;6;4;2;ADV,NOM,PRE,VER
devant;d°v@;devant;PRE;208,19;208,19;1;6;6;4;2;ADV,NOM,PRE,VER
devant;d°v@;devoir;VER;3232,57;4,98;0;6;6;4;2;ADV,NOM,PRE,VER
devenu;d°v°ny;devenir;VER;438,57;92,42;0;6;0;0;3;VER
devers;d°vER;devers;PRE;0,06;0,06;1;6;5;4;2;PRE
deviez;d°vje;devoir;VER;3232,57;13,48;0;6;0;0;2;VER
devina;d°vina;deviner;VER;72,77;0,02;0;6;0;0;3;VER
devine;d°vin;deviner;VER;72,77;27,12;0;6;0;0;2;VER
devins;d°v5;devenir;VER;438,57;0,69;0;6;0;4;2;VER,NOM
devins;d°v5;devin;NOM;1,82;0,21;0;6;0;4;2;VER,NOM
devint;d°v5;devenir;VER;438,57;6,96;0;6;0;4;2;VER
deviné;d°vine;deviner;VER;72,77;11,95;0;6;0;6;3;VER
devise;d°viz;devise;NOM;5,54;4,75;1;6;6;5;2;NOM,VER
devise;d°viz;deviser;VER;0,25;0,01;0;6;6;5;2;NOM,VER
devisé;d°vize;deviser;VER;0,25;0,04;0;6;0;6;3;VER
devoir;d°vwaR;devoir;NOM;63,59;42,89;1;6;5;4;2;NOM,VER
devoir;d°vwaR;devoir;VER;3232,57;74,06;1;6;5;4;2;NOM,VER
devons;d°v§;devoir;VER;3232,57;114,35;0;6;0;0;2;VER,NOM
devons;d°v§;devon;NOM;1,98;1,94;0;6;0;0;2;VER,NOM
devrai;d°vRE;devoir;VER;3232,57;10,32;0;6;0;0;2;VER
devras;d°vRa;devoir;VER;3232,57;15,16;0;6;0;0;2;VER
devrez;d°vRe;devoir;VER;3232,57;12,97;0;6;0;0;2;VER
devînt;d°v5;devenir;VER;438,57;0,29;0;6;0;4;2;VER
dextre;dEkstR;dextre;ADJ;0;0;1;6;6;6;1;ADJ,NOM
dextre;dEkstR;dextre;NOM;0,17;0,17;1;6;6;6;1;ADJ,NOM
dharma;daRma;dharma;NOM;0,26;0,26;1;6;3;4;2;NOM
diable;djabl;diable;ADJ;0,01;0,01;1;6;6;5;1;ADJ,NOM,ONO
diable;djabl;diable;NOM;93,34;87,54;1;6;6;5;1;ADJ,NOM,ONO
diable;djabl;diable;ONO;4,25;4,25;1;6;6;5;1;ADJ,NOM,ONO
diacre;djakR;diacre;NOM;0,94;0,84;1;6;6;5;1;NOM
dianes;djan;diane;NOM;0,03;0;0;6;0;4;1;NOM
diapos;djapo;diapo;NOM;1,78;1,13;0;6;0;5;2;NOM
diapré;djapRe;diapré;ADJ;0;0;1;6;6;5;2;ADJ
dictai;diktE;dicter;VER;8,42;0;0;6;0;0;2;VER
dicter;dikte;dicter;VER;8,42;2,28;1;6;5;5;2;VER
dictes;dikt;dicter;VER;8,42;0,03;0;6;0;0;1;VER
dictez;dikte;dicter;VER;8,42;0,09;0;6;0;5;2;VER
dicton;dikt§;dicton;NOM;2,83;2,48;1;6;5;5;2;NOM
dictât;dikta;dicter;VER;8,42;0;0;6;0;5;2;VER
dictée;dikte;dicter;VER;8,42;0,65;0;6;5;5;2;VER,NOM
dictée;dikte;dictée;NOM;2,25;1,59;1;6;5;5;2;VER,NOM
dictés;dikte;dicter;VER;8,42;0,16;0;6;0;5;2;VER
diesel;djezEl;diesel;NOM;1,71;1,47;1;6;5;4;2;NOM
diffus;dify;diffus;ADJ;0,69;0,17;1;6;6;4;2;ADJ
digest;diZEst;digest;NOM;0,23;0,23;1;6;6;6;2;NOM
dignes;diN;digne;ADJ;25,29;3,33;0;6;0;3;1;ADJ
digues;dig;digue;NOM;1,85;0,83;0;6;0;3;1;NOM
digère;diZER;digérer;VER;5,8;2,29;0;6;0;0;2;VER
digéra;diZeRa;digérer;VER;5,8;0;0;6;0;0;3;VER
digéré;diZeRe;digérer;VER;5,8;1,25;0;6;0;4;3;VER
diktat;dikta;diktat;NOM;0,12;0,1;1;6;3;5;2;NOM
dilata;dilata;dilater;VER;1,3;0;0;6;0;0;3;VER
dilate;dilat;dilater;VER;1,3;0,52;0;6;0;0;2;VER
dilaté;dilate;dilater;VER;1,3;0,09;0;6;6;6;3;VER,ADJ
dilaté;dilate;dilaté;ADJ;0,86;0,1;1;6;6;6;3;VER,ADJ
diluer;dil8e;diluer;VER;1;0,31;1;6;5;5;2;VER
diluée;dil8e;diluer;VER;1;0,09;0;6;0;5;2;VER
dilués;dil8e;diluer;VER;1;0,01;0;6;0;5;2;VER
dinars;dinaR;dinar;NOM;1,74;1,41;0;6;0;5;2;NOM
dindes;d5d;dinde;NOM;9,32;0,54;0;6;0;3;1;NOM
dindon;d5d§;dindon;NOM;1,73;1,23;1;6;6;4;2;NOM
dingos;d5go;dingo;ADJ;0,98;0,03;0;6;0;4;2;ADJ,NOM
dingos;d5go;dingo;NOM;0,95;0,28;0;6;0;4;2;ADJ,NOM
dingue;d5g;dingue;ADJ;58,48;53,01;1;6;6;3;1;ADJ,NOM,VER
dingue;d5g;dingue;NOM;12,03;8,19;1;6;6;3;1;ADJ,NOM,VER
dingue;d5g;dinguer;VER;0,33;0,33;0;6;6;3;1;ADJ,NOM,VER
dingué;d5ge;dinguer;VER;0,33;0;0;6;0;4;2;VER
diodon;djod§;diodon;NOM;0;0;1;6;5;4;2;NOM
dionée;djone;dionée;NOM;0,03;0,03;1;6;5;5;2;NOM
dipôle;dipol;dipôle;NOM;0,01;0,01;1;6;4;4;2;NOM
dirais;diRE;dire;VER;5946,15;57,65;0;6;0;0;2;VER
dirait;diRE;dire;VER;5946,15;190,63;0;6;0;0;2;VER
direct;diREkt;direct;ADJ;21,89;14,29;1;6;6;6;2;ADJ,NOM
direct;diREkt;direct;NOM;16,34;15,81;1;6;6;6;2;ADJ,NOM
dirent;diR;dire;VER;5946,15;1,65;0;6;0;3;1;VER
dirham;diRam;dirham;NOM;0,43;0,14;1;6;4;4;2;NOM
diriez;diRje;dire;VER;5946,15;10,69;0;6;0;0;2;VER
dirige;diRiZ;diriger;VER;65,1;23,74;0;6;0;0;2;VER
dirigé;diRiZe;diriger;VER;65,1;4,43;0;6;6;6;3;VER,ADJ
dirigé;diRiZe;dirigé;ADJ;0,32;0,07;1;6;6;6;3;VER,ADJ
dirlos;diRlo;dirlo;NOM;0,4;0;0;6;0;4;2;NOM
dirons;diR§;dire;VER;5946,15;2,78;0;6;0;0;2;VER
diront;diR§;dire;VER;5946,15;9,09;0;6;0;0;2;VER
disais;dizE;dire;VER;5946,15;98,37;0;6;0;0;2;VER
disait;dizE;dire;VER;5946,15;94;0;6;0;0;2;VER
disant;diz@;dire;VER;5946,15;26,41;0;6;4;4;2;VER,ADJ
disant;diz@;disant;ADJ;1,3;1,27;1;6;4;4;2;VER,ADJ
discal;diskal;discal;ADJ;0,13;0,02;1;6;5;6;2;ADJ
discos;disko;disco;ADJ;1,77;0,01;0;6;0;5;2;ADJ,NOM
discos;disko;disco;NOM;1,81;0,02;0;6;0;5;2;ADJ,NOM
disent;diz;dire;VER;5946,15;88,46;0;6;0;0;1;VER
disert;dizER;disert;ADJ;0,01;0;1;6;5;5;2;ADJ
diseur;diz9R;diseur;NOM;0,53;0,26;1;6;5;4;2;NOM
disiez;dizje;dire;VER;5946,15;20,36;0;6;0;0;2;VER
disons;diz§;dire;VER;5946,15;45,13;0;6;0;0;2;VER
dispos;dispo;dispos;ADJ;0,8;0,75;1;6;6;5;2;ADJ
disque;disk;disque;NOM;33,61;20,36;1;6;6;4;1;NOM
distal;distal;distal;ADJ;0,19;0,15;1;6;6;5;2;ADJ
diurne;djyRn;diurne;ADJ;0,09;0,07;1;6;6;5;1;ADJ
divans;div@;divan;NOM;4,92;0,03;0;6;0;4;2;NOM
divers;divER;divers;ADJ;7,28;2,18;1;6;6;5;2;ADJ,ADJ:ind
divers;divER;divers;ADJ:ind;7,28;3,6;1;6;6;5;2;ADJ,ADJ:ind
divine;divin;divin;ADJ;26,55;14;0;6;0;0;2;ADJ
divins;div5;divin;ADJ;26,55;1,12;0;6;0;4;2;ADJ
divisa;diviza;diviser;VER;10,14;0,15;0;6;0;0;3;VER
divise;diviz;divis;ADJ;0,01;0;0;6;0;0;2;ADJ,VER
divise;diviz;diviser;VER;10,14;1,73;0;6;0;0;2;ADJ,VER
divisé;divize;diviser;VER;10,14;1,85;0;6;6;6;3;VER,ADJ
divisé;divize;divisé;ADJ;0,66;0,41;1;6;6;6;3;VER,ADJ
dizain;diz5;dizain;NOM;0,14;0,14;1;6;6;4;2;NOM
dièdre;djEdR;dièdre;NOM;0;0;1;6;4;4;1;NOM
dièses;djEz;dièse;NOM;0,27;0,02;0;6;0;4;1;NOM,VER
dièses;djEz;diéser;VER;0,51;0;0;6;0;4;1;NOM,VER
djebel;dZebEl;djebel;NOM;0;0;1;6;4;4;2;NOM
djemââ;dZemaa;djemââ;NOM;0;0;1;6;4;4;3;NOM
djihad;dZiad;djihad;NOM;0,44;0,43;1;6;4;4;2;NOM
djinns;dZin;djinn;NOM;0,36;0,02;0;6;0;4;1;NOM
docile;dosil;docile;ADJ;2,12;1,68;1;6;6;5;2;ADJ
docker;dok9R;docker;NOM;0,9;0,39;1;6;5;4;2;NOM
doctes;dOkt;docte;ADJ;0,17;0,01;0;6;0;4;1;ADJ,NOM
doctes;dOkt;docte;NOM;0;0;0;6;0;4;1;ADJ,NOM
dodine;dodin;dodiner;VER;0;0;0;6;0;0;2;VER
dodues;dody;dodu;ADJ;0,89;0,2;0;6;0;4;2;ADJ
dogger;dOg9R;dogger;NOM;0,14;0,14;1;6;4;4;2;NOM
dogmes;dOgm;dogme;NOM;0,63;0,14;0;6;0;4;1;NOM
dogues;dOg;dogue;NOM;0,14;0;0;6;0;3;1;NOM
doguin;dog5;doguin;NOM;0;0;1;6;5;4;2;NOM
doigta;dwata;doigter;VER;0,1;0;0;6;0;0;2;VER
doigts;dwa;doigt;NOM;85,69;45,86;0;6;0;3;1;NOM
doigté;dwate;doigter;VER;0,1;0,05;0;6;6;5;2;VER,NOM
doigté;dwate;doigté;NOM;1;1;1;6;6;5;2;VER,NOM
doives;dwav;devoir;VER;3232,57;1,25;0;6;0;0;1;VER
dolent;dOl@;dolent;ADJ;0,27;0;1;6;4;4;2;ADJ
doline;dOlin;doline;NOM;0,01;0,01;1;6;5;5;2;NOM
dollar;dolaR;dollar;NOM;134,1;13,89;1;6;4;4;2;NOM
dolman;dOlm@;dolman;NOM;0;0;1;6;5;5;2;NOM
dolmen;dOlmEn;dolmen;NOM;0,01;0;1;6;5;5;2;NOM
domina;domina;dominer;VER;15,66;0,27;0;6;0;0;3;VER
domine;domin;dominer;VER;15,66;4,04;0;6;0;0;2;VER
domino;domino;domino;NOM;1,35;0,35;1;6;6;6;3;NOM
dominé;domine;dominer;VER;15,66;1,45;0;6;0;6;3;VER
dompta;d§pta;dompter;VER;2,14;0;0;6;0;0;2;VER
dompte;d§pt;dompter;VER;2,14;0,26;0;6;0;0;1;VER
dompté;d§pte;dompter;VER;2,14;0,64;0;6;6;5;2;VER,ADJ
dompté;d§pte;dompté;ADJ;0,15;0,03;1;6;6;5;2;VER,ADJ
dondon;d§d§;dondon;NOM;0,23;0,2;1;6;5;4;2;NOM
donjon;d§Z§;donjon;NOM;3,14;2,94;1;6;5;4;2;NOM
donnai;donE;donner;VER;1209,67;0,32;0;6;0;0;2;VER
donnas;dona;donner;VER;1209,67;0,04;0;6;0;4;2;VER
donner;done;donner;NOM;0,06;0,06;1;6;6;4;2;NOM,VER
donner;done;donner;VER;1209,67;233,3;1;6;6;4;2;NOM,VER
donnes;dOn;donne;NOM;25,03;1,3;0;6;0;3;1;NOM,VER
donnes;dOn;donner;VER;1209,67;34,32;0;6;0;3;1;NOM,VER
donnez;done;donner;VER;1209,67;118,36;0;6;0;4;2;VER
donnât;dona;donner;VER;1209,67;0,02;0;6;0;4;2;VER
donnée;done;donner;VER;1209,67;16,55;0;6;6;4;2;VER,ADJ,NOM
donnée;done;donné;ADJ;6,79;0,62;0;6;6;4;2;VER,ADJ,NOM
donnée;done;donnée;NOM;20,92;0,87;1;6;6;4;2;VER,ADJ,NOM
donnés;done;donner;VER;1209,67;7,06;0;6;0;4;2;VER,ADJ,NOM
donnés;done;donné;ADJ;6,79;0,2;0;6;0;4;2;VER,ADJ,NOM
donnés;done;donné;NOM;1,32;0,13;0;6;0;4;2;VER,ADJ,NOM
dopage;dopaZ;dopage;NOM;0,1;0,1;1;6;5;5;2;NOM
dopais;dopE;doper;VER;1,33;0,01;0;6;0;0;2;VER
dopait;dopE;doper;VER;1,33;0,04;0;6;0;0;2;VER
dopant;dOp@;dopant;ADJ;0,18;0,15;1;6;5;4;2;ADJ,VER
dopant;dOp@;doper;VER;1,33;0,01;0;6;5;4;2;ADJ,VER
doping;dOpiG;doping;NOM;0,01;0,01;1;6;4;4;2;NOM
dorade;doRad;dorade;NOM;0,62;0,22;1;6;5;5;2;NOM
dorage;doRaZ;dorage;NOM;0;0;1;6;5;5;2;NOM
dorais;doRE;dorer;VER;2,67;0,01;0;6;0;0;2;VER
dorait;doRE;dorer;VER;2,67;0;0;6;0;0;2;VER
dorant;doR@;dorer;VER;2,67;0,15;0;6;0;0;2;VER
dorent;dOR;dorer;VER;2,67;0,01;0;6;0;0;1;VER
dorera;dOR°Ra;dorer;VER;2,67;0;0;6;0;0;3;VER
dormes;dORm;dormir;VER;392,09;2,23;0;6;0;0;1;VER
dormez;dORme;dormir;VER;392,09;12,35;0;6;0;0;2;VER
dormir;dORmiR;dormir;VER;392,09;160,77;1;6;6;6;2;VER
dormis;dORmi;dormir;VER;392,09;0,47;0;6;0;0;2;VER
dormit;dORmi;dormir;VER;392,09;0,29;0;6;0;0;2;VER
dormît;dORmi;dormir;VER;392,09;0;0;6;0;0;2;VER
dorsal;dORsal;dorsal;ADJ;1,12;0,17;1;6;6;4;2;ADJ
dorure;dORyR;dorure;NOM;0,22;0,07;1;6;4;4;2;NOM
dorées;doRe;dorer;VER;2,67;0,08;0;6;0;4;2;VER,ADJ,NOM
dorées;doRe;doré;ADJ;7,33;0,87;0;6;0;4;2;VER,ADJ,NOM
dorées;doRe;dorée;NOM;0,36;0,16;0;6;0;4;2;VER,ADJ,NOM
dosage;dozaZ;dosage;NOM;1,89;1,67;1;6;4;4;2;NOM
dosais;dozE;doser;VER;0,6;0;0;6;0;0;2;VER
dosait;dozE;doser;VER;0,6;0;0;6;0;0;2;VER
dosant;doz@;doser;VER;0,6;0;0;6;0;0;2;VER
dosent;doz;doser;VER;0,6;0;0;6;0;3;1;VER
doseur;doz9R;doseur;NOM;0,19;0,18;1;6;5;4;2;NOM
dosées;doze;doser;VER;0,6;0;0;6;0;4;2;VER
dotait;dotE;doter;VER;4,08;0;0;6;0;0;2;VER
dotant;dot@;doter;VER;4,08;0,01;0;6;0;0;2;VER
dotées;dote;doter;VER;4,08;0,08;0;6;0;4;2;VER,ADJ
dotées;dote;doté;ADJ;0,2;0;0;6;0;4;2;VER,ADJ
douait;dwE;douer;VER;20,29;0;0;6;0;0;1;VER
douane;dwan;douane;NOM;6,12;4,33;1;6;6;4;1;NOM
douars;dwaR;douar;NOM;0;0;0;6;0;4;1;NOM
doubla;dubla;doubler;VER;15,29;0,2;0;6;0;0;2;VER
double;dubl;double;ADJ;30,46;28,68;1;6;6;4;1;ADJ,NOM,VER
double;dubl;double;NOM;19,32;18,06;1;6;6;4;1;ADJ,NOM,VER
double;dubl;doubler;VER;15,29;3,96;0;6;6;4;1;ADJ,NOM,VER
doublé;duble;doubler;VER;15,29;3,13;0;6;6;5;2;VER,ADJ,NOM
doublé;duble;doublé;ADJ;0,54;0,34;1;6;6;5;2;VER,ADJ,NOM
doublé;duble;doublé;NOM;0,71;0,71;1;6;6;5;2;VER,ADJ,NOM
douces;dus;doux;ADJ;89,14;6,77;0;6;0;3;1;ADJ
doucet;dusE;doucet;ADJ;0,02;0,02;1;6;6;4;2;ADJ
doucha;duSa;doucher;VER;6,75;0,14;0;6;0;0;2;VER
douche;duS;douche;NOM;36,06;32,56;1;6;6;3;1;NOM,VER
douche;duS;doucher;VER;6,75;1,29;0;6;6;3;1;NOM,VER
douché;duSe;doucher;VER;6,75;0,99;0;6;0;4;2;VER
doucie;dusi;doucir;VER;0,02;0,02;0;6;0;0;2;VER
doucin;dus5;doucin;NOM;0;0;1;6;6;4;2;NOM
doudou;dudu;doudou;NOM;0,58;0,58;1;6;6;4;2;NOM
douros;duRo;douro;NOM;0;0;0;6;0;4;2;NOM
doutai;dutE;douter;VER;77,77;0,14;0;6;0;0;2;VER
douter;dute;douter;VER;77,77;12,64;1;6;6;4;2;VER
doutes;dut;doute;NOM;108,18;10,66;0;6;0;3;1;NOM,VER
doutes;dut;douter;VER;77,77;3,42;0;6;0;3;1;NOM,VER
doutez;dute;douter;VER;77,77;3,17;0;6;0;4;2;VER
doutât;duta;douter;VER;77,77;0;0;6;0;0;2;VER
doutée;dute;douter;VER;77,77;0,34;0;6;0;4;2;VER
doutés;dute;douter;VER;77,77;0,02;0;6;0;4;2;VER
douves;duv;douve;NOM;0,53;0,47;0;6;0;3;1;NOM
douées;dwe;douer;VER;20,29;0,12;0;6;0;3;1;VER,ADJ
douées;dwe;doué;ADJ;12,73;0,47;0;6;0;3;1;VER,ADJ
doyens;dwaj5;doyen;NOM;3,31;0,09;0;6;0;5;2;NOM
drache;dRaS;dracher;VER;0,01;0,01;0;6;0;0;1;VER
dragon;dRag§;dragon;NOM;13,98;10,53;1;6;6;5;2;NOM
dragua;dRaga;draguer;VER;21;0;0;6;0;0;2;VER
drague;dRag;drague;NOM;2,01;2,01;1;6;6;4;1;NOM,VER
drague;dRag;draguer;VER;21;3,57;0;6;6;4;1;NOM,VER
dragué;dRage;draguer;VER;21;1,51;0;6;0;5;2;VER
dragée;dRaZe;dragée;NOM;1,34;0,21;1;6;5;5;2;NOM
draina;dREna;drainer;VER;0,86;0;0;6;0;0;2;VER
draine;dREn;drainer;VER;0,86;0,14;0;6;0;0;1;VER
drains;dR5;drain;NOM;1,11;0,18;0;6;0;3;1;NOM
drainé;dREne;drainer;VER;0,86;0,09;0;6;0;0;2;VER
drames;dRam;drame;NOM;14,87;1,39;0;6;0;4;1;NOM
drapai;dRapE;draper;VER;0,84;0;0;6;0;0;2;VER
draper;dRape;draper;VER;0,84;0,03;1;6;6;5;2;VER
drapée;dRape;draper;VER;0,84;0,13;0;6;0;5;2;VER
drapés;dRape;draper;VER;0,84;0;0;6;0;5;2;VER,ADJ,NOM
drapés;dRape;drapé;ADJ;0,17;0,14;0;6;0;5;2;VER,ADJ,NOM
drapés;dRape;drapé;NOM;0,11;0;0;6;0;5;2;VER,ADJ,NOM
drelin;dR2l5;drelin;NOM;0,43;0,43;1;6;4;3;2;NOM
drepou;dREpu;drepou;NOM;0;0;1;6;4;4;2;NOM
dressa;dREsa;dresser;VER;17,88;0,18;0;6;0;0;2;VER
dresse;dREs;dresser;VER;17,88;4,76;0;6;0;0;1;VER
dressé;dRese;dresser;VER;17,88;3,36;0;6;6;5;2;VER,ADJ
dressé;dRese;dressé;ADJ;1,79;0,83;1;6;6;5;2;VER,ADJ
drible;dRibl;dribler;VER;0,25;0,14;0;6;0;5;1;VER
drille;dRij;drille;NOM;0,11;0,08;1;6;6;4;1;NOM
drinks;dR5k;drink;NOM;0,92;0,03;0;6;0;4;1;NOM
drisse;dRis;drisse;NOM;0,16;0,06;1;6;4;4;1;NOM
driver;dRajv9R;driver;NOM;0,31;0,25;1;6;6;6;2;NOM,VER
driver;dRajve;driver;VER;0,24;0,23;1;6;6;6;2;NOM,VER
drives;dRiv;drive;NOM;1,45;0,04;0;6;0;0;1;NOM
drivée;dRajve;driver;VER;0,24;0,01;0;6;0;6;2;VER
drogue;dROg;drogue;NOM;58,76;47,2;1;6;6;4;1;NOM,VER
drogue;dROg;droguer;VER;13,15;2,65;0;6;6;4;1;NOM,VER
drogué;dRoge;droguer;VER;13,15;2,55;0;6;6;5;2;VER,ADJ,NOM
drogué;dRoge;drogué;ADJ;1,34;0,78;1;6;6;5;2;VER,ADJ,NOM
drogué;dRoge;drogué;NOM;6,35;2,63;1;6;6;5;2;VER,ADJ,NOM
droite;dRwat;droit;ADJ;77,74;36,33;0;6;6;5;1;ADJ,NOM
droite;dRwat;droite;NOM;58,7;58,44;1;6;6;5;1;ADJ,NOM
droits;dRwa;droit;ADJ;77,74;2,25;0;6;0;4;1;ADJ,NOM
droits;dRwa;droit;NOM;207,62;32,01;0;6;0;4;1;ADJ,NOM
dromes;dRom;drome;NOM;0,02;0,01;0;6;0;4;1;NOM
drones;dRon;drone;NOM;1,79;0,91;0;6;0;4;1;NOM
dronte;dR§t;dronte;NOM;0,01;0,01;1;6;5;3;1;NOM
droppe;dROp;dropper;VER;0;0;0;6;0;4;1;VER
drossé;dRose;drosser;VER;0,01;0,01;0;6;0;5;2;VER
druide;dR8id;druide;NOM;1,18;0,89;1;6;6;5;1;NOM
druzes;dRyz;druze;ADJ;0,56;0,16;0;6;0;4;1;ADJ
dryade;dRijad;dryade;NOM;0,16;0;1;6;4;5;2;NOM
drôles;dRol;drôle;ADJ;144,48;6,02;0;6;0;4;1;ADJ,NOM
drôles;dRol;drôle;NOM;18,73;5,15;0;6;0;4;1;ADJ,NOM
drôlet;dRolE;drôlet;ADJ;0,01;0,01;1;6;6;5;2;ADJ,NOM
drôlet;dRolE;drôlet;NOM;0;0;1;6;6;5;2;ADJ,NOM
ducale;dykal;ducal;ADJ;0,23;0,11;0;6;0;5;2;ADJ
ducats;dyka;ducat;NOM;1;0,8;0;6;0;4;2;NOM
ducaux;dyko;ducal;ADJ;0,23;0,1;0;6;0;0;2;ADJ
dugong;dyg§;dugong;NOM;0,01;0,01;1;6;3;3;2;NOM
dumper;d9mp9R;dumper;NOM;0,01;0,01;1;6;5;5;2;NOM
dundee;d9ndi;dundee;NOM;0;0;1;6;4;3;2;NOM
dupait;dypE;duper;VER;4,77;0,03;0;6;0;0;2;VER
dupant;dyp@;duper;VER;4,77;0,04;0;6;0;0;2;VER
dupent;dyp;duper;VER;4,77;0,06;0;6;0;3;1;VER
dupera;dyp°Ra;duper;VER;4,77;0,04;0;6;0;0;3;VER
dupeur;dyp9R;dupeur;NOM;0,01;0,01;1;6;5;4;2;NOM
duplex;dyplEks;duplex;ADJ;0,01;0,01;1;6;5;5;2;ADJ,NOM
duplex;dyplEks;duplex;NOM;0,41;0,41;1;6;5;5;2;ADJ,NOM
dupons;dyp§;duper;VER;4,77;0,01;0;6;0;0;2;VER
duquel;dykEl;duquel;PRO:int;2,36;0,44;1;6;3;4;2;PRO:int,PRO:rel
duquel;dykEl;duquel;PRO:rel;2,36;1,92;1;6;3;4;2;PRO:int,PRO:rel
durait;dyRE;durer;VER;74,39;1,04;0;6;0;0;2;VER
durale;dyRal;dural;ADJ;0,01;0,01;0;6;0;0;2;ADJ
durant;dyR@;durant;NOM;0,02;0,02;1;6;5;4;2;NOM,PRE,VER
durant;dyR@;durant;PRE;34,15;34,15;1;6;5;4;2;NOM,PRE,VER
durant;dyR@;durer;VER;74,39;3,14;0;6;5;4;2;NOM,PRE,VER
durcie;dyRsi;durci;ADJ;0,22;0,04;0;6;0;5;2;ADJ,VER
durcie;dyRsi;durcir;VER;1,79;0,13;0;6;0;5;2;ADJ,VER
durcir;dyRsiR;durcir;VER;1,79;0,73;1;6;6;6;2;VER
durcis;dyRsi;durci;ADJ;0,22;0,02;0;6;0;5;2;ADJ,VER
durcis;dyRsi;durcir;VER;1,79;0,09;0;6;0;5;2;ADJ,VER
durcit;dyRsi;durcir;VER;1,79;0,3;0;6;0;5;2;VER
durent;dyR;devoir;VER;3232,57;2,98;0;6;0;3;1;VER
durent;dyR;durer;VER;74,39;0,43;0;6;0;3;1;VER
durera;dyR°Ra;durer;VER;74,39;8,35;0;6;0;0;3;VER
dureté;dyR°te;dureté;NOM;1,56;1,56;1;6;5;5;3;NOM
durham;dyRam;durham;NOM;0,09;0,09;1;6;4;5;2;NOM
durian;dyRj@;durian;NOM;2,21;2,21;1;6;5;4;2;NOM
durite;dyRit;durite;NOM;0,5;0,47;1;6;6;5;2;NOM
durées;dyRe;durer;VER;74,39;0;0;6;0;4;2;VER,NOM
durées;dyRe;durée;NOM;6,86;0,02;0;6;0;4;2;VER,NOM
dusses;dys;devoir;VER;3232,57;0;0;6;0;0;1;VER
duvets;dyvE;duvet;NOM;1,7;0,12;0;6;0;4;2;NOM
duveté;dyv°te;duveter;VER;0;0;0;6;6;6;3;VER,ADJ
duveté;dyv°te;duveté;ADJ;0;0;1;6;6;6;3;VER,ADJ
duègne;d8EN;duègne;NOM;0,03;0,03;1;6;3;4;1;NOM
dynamo;dinamo;dynamo;NOM;0,2;0,19;1;6;6;6;3;NOM
dèches;dES;dèche;NOM;0,39;0,01;0;6;0;3;1;NOM
débats;deba;débat;NOM;10,7;2,93;0;6;0;4;2;NOM,VER
débats;deba;débattre;VER;8,63;1,21;0;6;0;4;2;NOM,VER
débile;debil;débile;ADJ;21,09;17,8;1;6;6;5;2;ADJ,NOM
débile;debil;débile;NOM;11,99;8,32;1;6;6;5;2;ADJ,NOM
débine;debin;débine;NOM;0,02;0,02;1;6;6;5;2;NOM,VER
débine;debin;débiner;VER;2,35;0,98;0;6;6;5;2;NOM,VER
débiné;debine;débiner;VER;2,35;0,26;0;6;0;6;3;VER
débita;debita;débiter;VER;1,87;0;0;6;0;0;3;VER
débite;debit;débite;NOM;0,01;0,01;1;6;6;5;2;NOM,VER
débite;debit;débiter;VER;1,87;0,34;0;6;6;5;2;NOM,VER
débits;debi;débit;NOM;1,24;0,14;0;6;0;4;2;NOM
débité;debite;débiter;VER;1,87;0,14;0;6;0;6;3;VER
déblai;deblE;déblai;NOM;0;0;1;6;6;5;2;NOM
débord;debOR;débord;NOM;0;0;1;6;6;5;2;NOM
débris;debRi;débris;NOM;4,94;4,94;1;6;6;5;2;NOM
débuta;debyta;débuter;VER;10,08;0,42;0;6;0;0;3;VER
débute;debyt;débuter;VER;10,08;2,77;0;6;0;0;2;VER
débuts;deby;début;NOM;114,31;4,43;0;6;0;4;2;NOM
débuté;debyte;débuter;VER;10,08;3,41;0;6;0;6;3;VER
débâté;debate;débâter;VER;0;0;0;6;0;0;3;VER
décade;dekad;décade;NOM;0,16;0,13;1;6;6;5;2;NOM
décadi;dekadi;décadi;NOM;0;0;1;6;6;6;3;NOM
décale;dekal;décaler;VER;1,36;0,11;0;6;0;0;2;VER
décalé;dekale;décaler;VER;1,36;0,26;0;6;6;6;3;VER,ADJ
décalé;dekale;décalé;ADJ;0,65;0,41;1;6;6;6;3;VER,ADJ
décape;dekap;décaper;VER;0,21;0,07;0;6;0;0;2;VER
décapé;dekape;décaper;VER;0,21;0,02;0;6;0;6;3;VER
décati;dekati;décati;ADJ;0,09;0,04;1;6;6;6;3;ADJ,VER
décati;dekati;décatir;VER;0,01;0;0;6;6;6;3;ADJ,VER
décavé;dekave;décavé;ADJ;0,11;0,11;1;6;5;5;3;ADJ,NOM
décavé;dekave;décavé;NOM;0;0;1;6;5;5;3;ADJ,NOM
décela;des°la;déceler;VER;2;0;0;6;0;0;3;VER
décelé;des°le;déceler;VER;2;0,57;0;6;0;0;3;VER
décent;des@;décent;ADJ;5,95;2,67;1;6;6;4;2;ADJ
décher;deSe;décher;VER;0;0;1;6;6;4;2;VER
déchet;deSE;déchet;NOM;7,04;1,27;1;6;6;4;2;NOM
déchue;deSy;déchoir;VER;0,92;0,14;0;6;0;4;2;VER,ADJ
déchue;deSy;déchu;ADJ;1,1;0,19;0;6;0;4;2;VER,ADJ
déchus;deSy;déchoir;VER;0,92;0,12;0;6;0;4;2;VER,ADJ
déchus;deSy;déchu;ADJ;1,1;0,28;0;6;0;4;2;VER,ADJ
décida;desida;décider;VER;207,76;3,86;0;6;0;0;3;VER
décide;desid;décider;VER;207,76;31,25;0;6;0;0;2;VER
décidé;deside;décider;VER;207,76;92,08;0;6;6;6;3;VER,ADJ
décidé;deside;décidé;ADJ;3,45;1,88;1;6;6;6;3;VER,ADJ
décile;desil;décile;NOM;0,01;0,01;1;6;6;5;2;NOM
décima;desima;décimer;VER;3,3;0,04;0;6;0;0;3;VER
décime;desim;décimer;VER;3,3;0,46;0;6;6;0;2;VER
décimé;desime;décimer;VER;3,3;0,97;0;6;0;6;3;VER
déclic;deklik;déclic;NOM;1,13;0,96;1;6;6;6;2;NOM
déclin;dekl5;déclin;NOM;1,73;1,73;1;6;6;5;2;NOM
décode;dekOd;décoder;VER;3,04;0,38;0;6;0;0;2;VER
décodé;dekode;décoder;VER;3,04;0,71;0;6;0;6;3;VER
décora;dekoRa;décorer;VER;8,54;0;0;6;0;0;3;VER
décore;dekOR;décorer;VER;8,54;0,92;0;6;0;5;2;VER
décors;dekOR;décor;NOM;8,38;2,37;0;6;0;5;2;NOM
décoré;dekoRe;décorer;VER;8,54;2,23;0;6;6;6;3;VER,ADJ
décoré;dekoRe;décoré;ADJ;1,28;0,94;1;6;6;6;3;VER,ADJ
découd;deku;découdre;VER;0,69;0;0;6;0;0;2;VER
décret;dekRE;décret;NOM;4,06;3,54;1;6;6;5;2;NOM
décrie;dekRi;décrier;VER;0,3;0;0;6;0;5;2;VER
décris;dekRi;décri;NOM;0,04;0,04;0;6;0;5;2;NOM,VER
décris;dekRi;décrire;VER;28,31;2,42;0;6;0;5;2;NOM,VER
décrit;dekRi;décrire;VER;28,31;6,93;0;6;6;5;2;VER,ADJ
décrit;dekRi;décrit;ADJ;1,54;1,26;1;6;6;5;2;VER,ADJ
décrié;dekRije;décrier;VER;0,3;0,03;0;6;6;6;3;VER,ADJ
décrié;dekRije;décrié;ADJ;0,02;0;1;6;6;6;3;VER,ADJ
décrue;dekRy;décrue;NOM;0,02;0,02;1;6;5;5;2;NOM
décrut;dekRy;décroître;VER;0,35;0,01;0;6;0;5;2;VER
décrût;dekRy;décroître;VER;0,35;0;0;6;0;5;2;VER
décède;desEd;décéder;VER;8,38;0,26;0;6;0;0;2;VER
décèle;desEl;déceler;VER;2;0,49;0;6;0;0;2;VER
décéda;deseda;décéder;VER;8,38;0,04;0;6;0;0;3;VER
décédé;desede;décéder;VER;8,38;4,15;0;6;6;5;3;VER,ADJ
décédé;desede;décédé;ADJ;3,02;1,58;1;6;6;5;3;VER,ADJ
dédain;ded5;dédain;NOM;0,65;0,65;1;6;6;4;2;NOM
dédale;dedal;dédale;NOM;0,28;0,27;1;6;5;4;2;NOM
dédier;dedje;dédier;VER;8,69;1,67;1;6;5;4;2;VER
dédiez;dedje;dédier;VER;8,69;0,01;0;6;0;4;2;VER
dédire;dediR;dédire;VER;0,04;0,01;1;6;5;5;2;VER
dédite;dedit;dédire;VER;0,04;0,01;0;6;0;5;2;VER
dédiée;dedje;dédier;VER;8,69;1,07;0;6;0;4;2;VER,ADJ
dédiée;dedje;dédié;ADJ;0,3;0,03;0;6;0;4;2;VER,ADJ
dédiés;dedje;dédier;VER;8,69;0,11;0;6;0;4;2;VER,ADJ
dédiés;dedje;dédié;ADJ;0,3;0;0;6;0;4;2;VER,ADJ
dédoré;dedoRe;dédorer;VER;0;0;0;6;0;0;3;VER
déduis;ded8i;déduire;VER;7,08;1,54;0;6;0;5;2;VER
déduit;ded8i;déduire;VER;7,08;2,41;0;6;6;5;2;VER,NOM
déduit;ded8i;déduit;NOM;0,21;0,21;1;6;6;5;2;VER,NOM
déesse;deEs;déesse;NOM;13,56;11,82;1;6;3;4;2;NOM
défais;defE;défaire;VER;12,3;2,13;0;6;0;4;2;VER
défait;defE;défaire;VER;12,3;2,25;0;6;6;4;2;VER,ADJ
défait;defE;défait;ADJ;1,86;0,75;1;6;6;4;2;VER,ADJ
défaut;defo;défaut;NOM;18,36;11,24;1;6;6;4;2;NOM
défend;def@;défendre;VER;78,55;7;0;6;0;4;2;VER
défens;def@;défens;NOM;0,01;0,01;1;6;6;4;2;NOM
défera;def°Ra;défaire;VER;12,3;0,03;0;6;0;0;3;VER
défier;defje;défier;VER;13,49;3,92;1;6;5;5;2;VER
défiez;defje;défier;VER;13,49;0,57;0;6;0;5;2;VER
défila;defila;défiler;VER;10,82;0;0;6;0;0;3;VER
défile;defil;défiler;VER;10,82;2,66;0;6;0;0;2;VER
défilé;defile;défiler;VER;10,82;1,26;0;6;6;6;3;VER,NOM
défilé;defile;défilé;NOM;8,05;7,45;1;6;6;6;3;VER,NOM
défini;defini;défini;ADJ;1,4;0,57;1;6;6;6;3;ADJ,NOM,VER
défini;defini;défini;NOM;0,09;0,04;1;6;6;6;3;ADJ,NOM,VER
défini;defini;définir;VER;7,22;0,82;0;6;6;6;3;ADJ,NOM,VER
défiée;defje;défier;VER;13,49;0,07;0;6;0;5;2;VER
défiés;defje;défier;VER;13,49;0,16;0;6;0;5;2;VER
défont;def§;défaire;VER;12,3;0,05;0;6;0;0;2;VER
défunt;def1;défunt;ADJ;4,79;2,87;1;6;6;4;2;ADJ,NOM
défunt;def1;défunt;NOM;6,42;4,5;1;6;6;4;2;ADJ,NOM
déféra;defeRa;déférer;VER;0,42;0;0;6;0;0;3;VER
déféré;defeRe;déférer;VER;0,42;0,36;0;6;0;6;3;VER
dégage;degaZ;dégager;VER;102,47;56,41;0;6;0;0;2;VER
dégagé;degaZe;dégager;VER;102,47;2,96;0;6;6;6;3;VER,ADJ,NOM
dégagé;degaZe;dégagé;ADJ;1,74;0,76;1;6;6;6;3;VER,ADJ,NOM
dégagé;degaZe;dégagé;NOM;0,41;0,41;1;6;6;6;3;VER,ADJ,NOM
dégela;deZ°la;dégeler;VER;0,7;0,01;0;6;0;0;3;VER
dégelé;deZ°le;dégeler;VER;0,7;0,08;0;6;0;4;3;VER
dégota;degota;dégoter;VER;3,47;0;0;6;0;0;3;VER
dégote;degOt;dégoter;VER;3,47;0,27;0;6;0;0;2;VER
dégoté;degote;dégoter;VER;3,47;1,95;0;6;0;5;3;VER
dégoût;degu;dégoût;NOM;6,02;5,99;1;6;6;4;2;NOM
dégrée;degRe;dégréer;VER;0,01;0,01;0;6;0;0;2;VER
dégueu;deg2;dégueu;ADJ;3,41;3,1;1;6;6;4;2;ADJ
dégâts;dega;dégât;NOM;14,22;13,27;0;6;0;4;2;NOM
dégèle;deZEl;dégeler;VER;0,7;0,09;0;6;0;5;2;VER
déhale;deal;déhaler;VER;0;0;0;6;0;0;2;VER
déifia;deifja;déifier;VER;0,07;0;0;6;0;0;3;VER
déifié;deifje;déifier;VER;0,07;0,04;0;6;0;5;3;VER
déisme;deism;déisme;NOM;0,1;0,1;1;6;4;5;2;NOM
déités;deite;déité;NOM;0,12;0,1;0;6;0;4;3;NOM
déjeté;dEZ°te;déjeter;VER;0;0;0;6;6;3;3;VER,ADJ
déjeté;dEZ°te;déjeté;ADJ;0;0;1;6;6;3;3;VER,ADJ
déjoua;deZwa;déjouer;VER;3,58;0,01;0;6;0;0;2;VER
déjoue;deZu;déjouer;VER;3,58;0,4;0;6;0;0;2;VER
déjoué;deZwe;déjouer;VER;3,58;0,99;0;6;0;4;2;VER
déjugé;deZyZe;déjuger;VER;0,02;0;0;6;0;4;3;VER
délace;delas;délacer;VER;0,04;0,01;0;6;0;0;2;VER
délacé;delase;délacer;VER;0,04;0,02;0;6;0;6;3;VER
délaie;delE;délayer;VER;0,06;0,03;0;6;0;4;2;VER
délais;delE;délai;NOM;11,04;2,1;0;6;0;4;2;NOM
délave;delav;délaver;VER;0,04;0;0;6;0;0;2;VER
délavé;delave;délaver;VER;0,04;0,03;0;6;6;5;3;VER,ADJ
délavé;delave;délavé;ADJ;0,39;0,23;1;6;6;5;3;VER,ADJ
délaya;deleja;délayer;VER;0,06;0;0;6;0;0;3;VER
délaye;delej;délayer;VER;0,06;0;0;6;0;0;2;VER
délayé;deleje;délayer;VER;0,06;0;0;6;6;5;3;VER,ADJ
délayé;deleje;délayé;ADJ;0,01;0;1;6;6;5;3;VER,ADJ
délaça;delasa;délacer;VER;0,04;0;0;6;0;0;3;VER
délice;delis;délice;NOM;6,17;3,75;1;6;6;5;2;NOM
délier;delje;délier;VER;2,55;0,23;1;6;5;4;2;VER
déliez;delie;délier;VER;2,55;0,17;0;6;0;0;3;VER
délira;deliRa;délirer;VER;13,73;0,02;0;6;0;0;3;VER
délire;deliR;délire;NOM;13,2;10,93;1;6;6;5;2;NOM,VER
délire;deliR;délirer;VER;13,73;3,36;0;6;6;5;2;NOM,VER
déliré;deliRe;délirer;VER;13,73;0,45;0;6;0;6;3;VER
délite;delit;déliter;VER;0,11;0,01;0;6;0;0;2;VER
délits;deli;délit;NOM;13,52;2,17;0;6;0;4;2;NOM
délité;delite;déliter;VER;0,11;0,1;0;6;0;0;3;VER
déliée;delje;délier;VER;2,55;0,12;0;6;0;4;2;VER,ADJ
déliée;delje;délié;ADJ;0,04;0,03;0;6;0;4;2;VER,ADJ
déliés;delje;délier;VER;2,55;0,14;0;6;0;4;2;VER,ADJ,NOM
déliés;delje;délié;ADJ;0,04;0;0;6;0;4;2;VER,ADJ,NOM
déliés;delje;délié;NOM;0,02;0,01;0;6;0;4;2;VER,ADJ,NOM
déloge;delOZ;déloger;VER;1,94;0,18;0;6;0;0;2;VER
délogé;deloZe;déloger;VER;1,94;0,2;0;6;0;5;3;VER
déluge;delyZ;déluge;NOM;2,53;2,51;1;6;5;5;2;NOM
déluré;delyRe;délurer;VER;0,11;0;0;6;6;5;3;VER,ADJ
déluré;delyRe;déluré;ADJ;0,36;0,16;1;6;6;5;3;VER,ADJ
démago;demago;démago;ADJ;0,03;0,03;1;6;6;6;3;ADJ
démena;dem°na;démener;VER;2,65;0;0;6;0;0;3;VER
démens;dem@;démentir;VER;3,06;0,37;0;6;0;4;2;VER
dément;dem@;dément;ADJ;3,12;2,02;1;6;6;4;2;ADJ,NOM,VER
dément;dem@;dément;NOM;1,92;1,29;1;6;6;4;2;ADJ,NOM,VER
dément;dem@;démentir;VER;3,06;0,72;0;6;6;4;2;ADJ,NOM,VER
démené;dem°ne;démener;VER;2,65;0,3;0;6;0;0;3;VER
démets;demE;démettre;VER;0,84;0,04;0;6;0;0;2;VER
déminé;demine;déminer;VER;0,02;0,01;0;6;0;6;3;VER
démise;demiz;démettre;VER;0,84;0,09;0;6;0;0;2;VER,ADJ
démise;demiz;démis;ADJ;0,13;0,12;0;6;0;0;2;VER,ADJ
démode;demOd;démoder;VER;1,03;0,06;0;6;0;0;2;VER
démodé;demode;démoder;VER;1,03;0,76;0;6;6;6;3;VER,ADJ
démodé;demode;démodé;ADJ;1,64;0,8;1;6;6;6;3;VER,ADJ
démoli;demoli;démolir;VER;18,81;4,41;0;6;0;0;3;VER
démone;demOn;démon;NOM;61;0,14;0;6;0;0;2;NOM
démons;dem§;démon;NOM;61;21,1;0;6;0;4;2;NOM
démord;demOR;démordre;VER;0,49;0,05;0;6;0;0;2;VER
démuni;demyni;démuni;ADJ;0,56;0,18;1;6;6;6;3;ADJ,NOM,VER
démuni;demyni;démuni;NOM;0,42;0,05;1;6;6;6;3;ADJ,NOM,VER
démuni;demyni;démunir;VER;0,51;0,27;0;6;6;6;3;ADJ,NOM,VER
démâté;demate;démâter;VER;0,01;0;0;6;0;6;3;VER
démène;demEn;démener;VER;2,65;1,27;0;6;0;0;2;VER
démêla;demEla;démêler;VER;1,41;0;0;6;0;0;3;VER
démêle;demEl;démêler;VER;1,41;0,17;0;6;0;0;2;VER
démêlé;demele;démêler;VER;1,41;0,37;0;6;6;5;3;VER
dénier;denje;dénier;VER;0,64;0,1;1;6;5;5;2;VER
dénies;deni;dénier;VER;0,64;0,02;0;6;0;4;2;VER
dénote;denOt;dénoter;VER;0,23;0,18;0;6;0;0;2;VER
dénoté;denote;dénoter;VER;0,23;0,02;0;6;0;5;3;VER
dénoua;denwa;dénouer;VER;1,42;0,01;0;6;0;0;2;VER
dénoue;denu;dénouer;VER;1,42;0,46;0;6;0;0;2;VER
dénoué;denwe;dénouer;VER;1,42;0,11;0;6;0;5;2;VER
dénuda;denyda;dénuder;VER;0,54;0;0;6;0;0;3;VER
dénude;denyd;dénuder;VER;0,54;0,05;0;6;0;0;2;VER
dénudé;denyde;dénuder;VER;0,54;0,3;0;6;6;6;3;VER,ADJ
dénudé;denyde;dénudé;ADJ;0,61;0,36;1;6;6;6;3;VER,ADJ
dénuée;den8e;dénuer;VER;2,06;0,44;0;6;0;4;2;VER,ADJ
dénuée;den8e;dénué;ADJ;0,04;0,01;0;6;0;4;2;VER,ADJ
dénués;den8e;dénuer;VER;2,06;0,29;0;6;0;4;2;VER,ADJ
dénués;den8e;dénué;ADJ;0,04;0;0;6;0;4;2;VER,ADJ
dépare;depaR;déparer;VER;0,13;0,11;0;6;0;5;2;VER
départ;depaR;départ;NOM;68,49;67,35;1;6;6;5;2;NOM,VER
départ;depaR;départir;VER;0,67;0,62;0;6;6;5;2;NOM,VER
déparé;depaRe;déparer;VER;0,13;0;0;6;0;6;3;VER
dépecé;dep°se;dépecer;VER;1,18;0,1;0;6;0;6;3;VER
dépend;dep@;dépendre;VER;60,33;48,3;0;6;0;4;2;VER
dépens;dep@;dépens;NOM;3,19;3,19;1;6;6;4;2;NOM
dépita;depita;dépiter;VER;0,12;0;0;6;0;0;3;VER
dépité;depite;dépiter;VER;0,12;0,01;0;6;6;5;3;VER,ADJ
dépité;depite;dépité;ADJ;0,05;0,05;1;6;6;5;3;VER,ADJ
déplia;deplija;déplier;VER;0,89;0;0;6;0;0;3;VER
déplie;depli;déplier;VER;0,89;0,27;0;6;0;0;2;VER
déplié;deplije;déplier;VER;0,89;0,06;0;6;0;7;3;VER
déplut;deply;déplaire;VER;12,23;0,01;0;6;0;0;2;VER
déplût;deply;déplaire;VER;12,23;0;0;6;0;0;2;VER
dépoli;depoli;dépoli;ADJ;0,01;0,01;1;6;6;5;3;ADJ,VER
dépoli;depoli;dépolir;VER;0,01;0;0;6;6;5;3;ADJ,VER
déport;depOR;déport;NOM;0;0;1;6;6;5;2;NOM
déposa;depoza;déposer;VER;53,09;0,19;0;6;0;0;3;VER
dépose;depoz;dépose;NOM;0,25;0,24;1;6;6;5;2;NOM,VER
dépose;depoz;déposer;VER;53,09;16,14;0;6;6;5;2;NOM,VER
déposé;depoze;déposer;VER;53,09;8,73;0;6;0;6;3;VER
dépote;depOt;dépoter;VER;0,23;0,15;0;6;0;0;2;VER
dépoté;depote;dépoter;VER;0,23;0,01;0;6;0;6;3;VER
dépris;depRi;déprendre;VER;0,01;0;0;6;0;0;2;VER
déprit;depRi;déprendre;VER;0,01;0;0;6;0;0;2;VER
député;depyte;député;NOM;10,4;7,4;1;6;6;6;3;NOM
dépèce;depEs;dépecer;VER;1,18;0,29;0;6;0;0;2;VER
dépéri;depeRi;dépérir;VER;1,73;0,36;0;6;0;0;3;VER
dépôts;depo;dépôt;NOM;13,2;1,3;0;6;0;4;2;NOM
dérapa;deRapa;déraper;VER;3,85;0;0;6;0;0;3;VER
dérape;deRap;déraper;VER;3,85;0,95;0;6;0;0;2;VER
dérapé;deRape;déraper;VER;3,85;1,72;0;6;0;6;3;VER
dératé;deRate;dératé;NOM;0,26;0,2;1;6;6;6;3;NOM
dérida;deRida;dérider;VER;0,57;0;0;6;0;0;3;VER
déride;deRid;dérider;VER;0,57;0,17;0;6;0;0;2;VER
déridé;deRide;dérider;VER;0,57;0,01;0;6;0;5;3;VER
dériva;deRiva;dériver;VER;4,28;0;0;6;0;0;3;VER
dérive;deRiv;dérive;NOM;2,81;2,77;1;6;6;5;2;NOM,VER
dérive;deRiv;dériver;VER;4,28;0,98;0;6;6;5;2;NOM,VER
dérivé;deRive;dériver;VER;4,28;0,84;0;6;6;6;3;VER,ADJ,NOM
dérivé;deRive;dérivé;ADJ;0,57;0,03;1;6;6;6;3;VER,ADJ,NOM
dérivé;deRive;dérivé;NOM;0,65;0,36;1;6;6;6;3;VER,ADJ,NOM
déroba;deRoba;dérober;VER;7,15;0,03;0;6;0;0;3;VER
dérobe;deROb;dérober;VER;7,15;0,55;0;6;0;0;2;VER
dérobé;deRobe;dérober;VER;7,15;1,85;0;6;6;6;3;VER,ADJ
dérobé;deRobe;dérobé;ADJ;0,66;0,11;1;6;6;6;3;VER,ADJ
déroge;deROZ;déroger;VER;0,46;0,09;0;6;0;0;2;VER
dérogé;deRoZe;déroger;VER;0,46;0,15;0;6;0;5;3;VER
désape;desap;désaper;VER;0,77;0,34;0;6;0;0;2;VER
désaxe;dezaks;désaxer;VER;0,09;0,01;0;6;0;0;2;VER
désaxé;dezakse;désaxer;VER;0,09;0,04;0;6;6;7;3;VER,ADJ,NOM
désaxé;dezakse;désaxé;ADJ;0,13;0,07;1;6;6;7;3;VER,ADJ,NOM
désaxé;dezakse;désaxé;NOM;0,4;0,26;1;6;6;7;3;VER,ADJ,NOM
désert;dezER;désert;ADJ;8,02;3,04;1;6;6;5;2;ADJ,NOM
désert;dezER;désert;NOM;27,66;26,13;1;6;6;5;2;ADJ,NOM
désira;deziRa;désirer;VER;65,63;0,04;0;6;0;0;3;VER
désire;deziR;désirer;VER;65,63;21,01;0;6;0;5;2;VER
désirs;deziR;désir;NOM;45,35;13,76;0;6;0;5;2;NOM
désiré;deziRe;désirer;VER;65,63;2,87;0;6;6;6;3;VER,ADJ,NOM
désiré;deziRe;désiré;ADJ;1,02;0,41;1;6;6;6;3;VER,ADJ,NOM
désiré;deziRe;désiré;NOM;0,01;0,01;1;6;6;6;3;VER,ADJ,NOM
désodé;dezode;désodé;ADJ;0;0;1;6;6;6;3;ADJ
désola;dezola;désoler;VER;297,27;0;0;6;0;0;3;VER
désole;dezOl;désoler;VER;297,27;2,08;0;6;0;0;2;VER
désolé;dezole;désoler;VER;297,27;193,29;0;6;6;6;3;VER,ADJ
désolé;dezole;désolé;ADJ;276,66;193,51;1;6;6;6;3;VER,ADJ
désuet;dez8E;désuet;ADJ;0,36;0,16;1;6;5;4;2;ADJ
désuni;dezyni;désuni;ADJ;0,07;0,02;1;6;6;6;3;ADJ,VER
désuni;dezyni;désunir;VER;0,27;0,01;0;6;6;6;3;ADJ,VER
détail;detaj;détail;NOM;55,78;19,82;1;6;6;5;2;NOM
détala;detala;détaler;VER;1,13;0;0;6;0;0;3;VER
détale;detal;détaler;VER;1,13;0,28;0;6;0;0;2;VER
détalé;detale;détaler;VER;1,13;0,52;0;6;0;6;3;VER
détaxe;detaks;détaxe;NOM;0,02;0,01;1;6;6;5;2;NOM
détela;det°la;dételer;VER;0,45;0;0;6;0;0;3;VER
dételé;det°le;dételer;VER;0,45;0,02;0;6;0;6;3;VER
détend;det@;détendre;VER;44,39;3,21;0;6;0;0;2;VER
détenu;dEt°ny;détenir;VER;12,73;1,84;0;6;6;6;3;VER,ADJ,NOM
détenu;dEt°ny;détenu;ADJ;1,58;0,89;1;6;6;6;3;VER,ADJ,NOM
détenu;dEt°ny;détenu;NOM;12,67;3,64;1;6;6;6;3;VER,ADJ,NOM
détint;det5;détenir;VER;12,73;0;0;6;0;0;2;VER
détord;detOR;détordre;VER;0,01;0,01;0;6;0;0;2;VER
détour;detuR;détour;NOM;6,82;5,43;1;6;6;5;2;NOM
détînt;det5;détenir;VER;12,73;0;0;6;0;0;2;VER
dévala;devala;dévaler;VER;1,51;0;0;6;0;0;3;VER
dévale;deval;dévaler;VER;1,51;0,52;0;6;0;0;2;VER
dévalé;devale;dévaler;VER;1,51;0,14;0;6;0;6;3;VER
déviai;devjE;dévier;VER;3,04;0;0;6;0;0;2;VER
dévida;devida;dévider;VER;0,02;0;0;6;0;0;3;VER
dévide;devid;dévider;VER;0,02;0,01;0;6;0;0;2;VER
dévidé;devide;dévider;VER;0,02;0;0;6;0;6;3;VER
dévier;devje;dévier;VER;3,04;0,9;1;6;5;5;2;VER
déviez;devje;dévier;VER;3,04;0,13;0;6;0;5;2;VER
déviée;devje;dévier;VER;3,04;0,2;0;6;0;5;2;VER
déviés;devje;dévier;VER;3,04;0,17;0;6;0;5;2;VER
dévoie;devwa;dévoyer;VER;0,38;0,1;0;6;0;0;2;VER
dévolu;devoly;dévolu;ADJ;0,07;0,02;1;6;6;6;3;ADJ,NOM
dévolu;devoly;dévolu;NOM;0,17;0,16;1;6;6;6;3;ADJ,NOM
dévora;devoRa;dévorer;VER;19,7;0,19;0;6;0;0;3;VER
dévore;devOR;dévorer;VER;19,7;4,48;0;6;0;0;2;VER
dévoré;devoRe;dévorer;VER;19,7;4,25;0;6;0;6;3;VER
dévote;devOt;dévot;ADJ;0,56;0,06;0;6;0;0;2;ADJ,NOM
dévote;devOt;dévot;NOM;0,89;0,04;0;6;0;0;2;ADJ,NOM
dévots;devo;dévot;ADJ;0,56;0,03;0;6;0;4;2;ADJ,NOM
dévots;devo;dévot;NOM;0,89;0,36;0;6;0;4;2;ADJ,NOM
dévoua;devwa;dévouer;VER;4,71;0;0;6;0;0;2;VER
dévoue;devu;dévouer;VER;4,71;0,52;0;6;0;0;2;VER
dévoué;devwe;dévouer;VER;4,71;1,96;0;6;6;5;2;VER,ADJ
dévoué;devwe;dévoué;ADJ;4,79;2,6;1;6;6;5;2;VER,ADJ
dévoyé;devwaje;dévoyer;VER;0,38;0,02;0;6;6;6;3;VER,ADJ,NOM
dévoyé;devwaje;dévoyé;ADJ;0,22;0,18;1;6;6;6;3;VER,ADJ,NOM
dévoyé;devwaje;dévoyé;NOM;0,07;0,03;1;6;6;6;3;VER,ADJ,NOM
dévêtu;devEty;dévêtir;VER;1,28;0,32;0;6;0;0;3;VER
déçois;deswa;décevoir;VER;33,23;3,45;0;6;0;0;2;VER
déçoit;deswa;décevoir;VER;33,23;1,18;0;6;0;0;2;VER
déçues;desy;décevoir;VER;33,23;0,18;0;6;0;4;2;VER,ADJ,NOM
déçues;desy;déçu;ADJ;7,95;0,04;0;6;0;4;2;VER,ADJ,NOM
déçues;desy;déçu;NOM;1,38;0,03;0;6;0;4;2;VER,ADJ,NOM
dînais;dinE;dîner;VER;79,3;0,31;0;6;0;0;2;VER
dînait;dinE;dîner;VER;79,3;0,88;0;6;0;0;2;VER
dînant;din@;dîner;VER;79,3;0,33;0;6;0;0;2;VER
dînent;din;dîner;VER;79,3;0,47;0;6;0;3;1;VER
dînera;din°Ra;dîner;VER;79,3;1,36;0;6;0;0;3;VER
dîners;dine;dîner;NOM;88,45;3,72;0;6;0;4;2;NOM
dîneur;din9R;dîneur;NOM;0,01;0,01;1;6;5;4;2;NOM
dîniez;dinje;dîner;VER;79,3;0,2;0;6;0;0;2;VER
dînons;din§;dîner;VER;79,3;1,95;0;6;0;0;2;VER
dûment;dym@;dûment;ADV;0,55;0,55;1;6;3;3;2;ADV
eczéma;Egzema;eczéma;NOM;0,64;0,64;1;6;6;6;3;NOM
efface;efas;effacer;VER;29,02;6,19;0;6;0;0;2;VER
effacé;efase;effacer;VER;29,02;5,24;0;6;6;5;3;VER,ADJ
effacé;efase;effacé;ADJ;1,82;0,94;1;6;6;5;3;VER,ADJ
effara;efaRa;effarer;VER;0,11;0;0;6;0;0;3;VER
effare;efaR;effarer;VER;0,11;0,01;0;6;0;0;2;VER
effaré;efaRe;effarer;VER;0,11;0,05;0;6;6;5;3;VER,ADJ
effaré;efaRe;effaré;ADJ;0,13;0,03;1;6;6;5;3;VER,ADJ
effaça;efasa;effacer;VER;29,02;0,02;0;6;0;0;3;VER
effets;efE;effet;NOM;116,75;17,58;0;6;0;3;2;NOM
effila;efila;effiler;VER;0,07;0;0;6;0;0;3;VER
effile;efil;effiler;VER;0,07;0;0;6;0;0;2;VER
effilé;efile;effiler;VER;0,07;0;0;6;6;5;3;VER,ADJ,NOM
effilé;efile;effilé;ADJ;0,08;0,06;1;6;6;5;3;VER,ADJ,NOM
effilé;efile;effilé;NOM;0,01;0;1;6;6;5;3;VER,ADJ,NOM
effort;efOR;effort;NOM;42,7;23,26;1;6;6;4;2;NOM
effroi;efRwa;effroi;NOM;2,83;2,83;1;6;6;5;2;NOM
eiders;EdER;eider;NOM;0;0;0;6;0;0;2;NOM
emails;imEl;email;NOM;0,65;0,65;0;6;0;0;2;NOM
embase;@baz;embase;NOM;0;0;1;6;6;4;2;NOM
embats;@ba;embattre;VER;0;0;0;6;0;0;2;VER
embole;@bOl;embole;NOM;0,04;0,04;1;6;6;4;2;NOM
embout;@bu;embout;NOM;0,2;0,18;1;6;6;3;2;NOM
embrun;@bR1;embrun;NOM;0,68;0,52;1;6;6;4;2;NOM
embuer;@b8e;embuer;VER;0,38;0,12;1;6;5;3;2;VER
embuée;@b8e;embuer;VER;0,38;0,01;0;6;0;3;2;VER,ADJ
embuée;@b8e;embué;ADJ;0,27;0,03;0;6;0;3;2;VER,ADJ
embués;@b8e;embuer;VER;0,38;0,02;0;6;0;3;2;VER,ADJ
embués;@b8e;embué;ADJ;0,27;0,02;0;6;0;3;2;VER,ADJ
embête;@bEt;embêter;VER;33,91;13,21;0;6;0;0;2;VER
embêté;@bEte;embêter;VER;33,91;2,29;0;6;6;5;3;VER,ADJ
embêté;@bEte;embêté;ADJ;1,39;0,8;1;6;6;5;3;VER,ADJ
emmena;@m°na;emmener;VER;272,71;0,89;0;6;0;0;3;VER
emmené;@m°ne;emmener;VER;272,71;22,85;0;6;0;3;3;VER
emmura;@myRa;emmurer;VER;0,61;0;0;6;0;0;3;VER
emmure;@myR;emmurer;VER;0,61;0,03;0;6;0;0;2;VER
emmuré;@myRe;emmurer;VER;0,61;0,13;0;6;6;5;3;VER,ADJ
emmuré;@myRe;emmuré;ADJ;0,04;0;1;6;6;5;3;VER,ADJ
emmène;@mEn;emmener;VER;272,71;77,85;0;6;0;0;2;VER
emmêla;@mEla;emmêler;VER;1,31;0;0;6;0;0;3;VER
emmêle;@mEl;emmêler;VER;1,31;0,09;0;6;0;0;2;VER
emmêlé;@mele;emmêler;VER;1,31;0,28;0;6;6;4;3;VER,ADJ
emmêlé;@mele;emmêlé;ADJ;0,27;0,17;1;6;6;4;3;VER,ADJ
empale;@pal;empaler;VER;1,34;0,1;0;6;0;0;2;VER
empalé;@pale;empaler;VER;1,34;0,25;0;6;6;5;3;VER,ADJ
empalé;@pale;empalé;ADJ;0,41;0,3;1;6;6;5;3;VER,ADJ
empara;@paRa;emparer;VER;12,8;0,6;0;6;0;0;3;VER
empare;@paR;emparer;VER;12,8;2,85;0;6;0;0;2;VER
emparé;@paRe;emparer;VER;12,8;1,53;0;6;0;4;3;VER
empesé;@p°ze;empeser;VER;0,02;0,01;0;6;6;5;3;VER,ADJ
empesé;@p°ze;empesé;ADJ;0;0;1;6;6;5;3;VER,ADJ
empila;@pila;empiler;VER;1,78;0;0;6;0;0;3;VER
empile;@pil;empiler;VER;1,78;0,28;0;6;0;0;2;VER
empilé;@pile;empiler;VER;1,78;0,13;0;6;0;5;3;VER
empira;@piRa;empirer;VER;12,93;0,03;0;6;0;0;3;VER
empire;@piR;empire;NOM;19,47;19,02;1;6;6;4;2;NOM,VER
empire;@piR;empirer;VER;12,93;4,38;0;6;6;4;2;NOM,VER
empiré;@piRe;empirer;VER;12,93;2,12;0;6;0;5;3;VER
emplie;@pli;empli;ADJ;0,03;0;0;6;0;4;2;ADJ,VER
emplie;@pli;emplir;VER;6,4;0,31;0;6;0;4;2;ADJ,VER
emplir;@pliR;emplir;VER;6,4;0,3;1;6;6;5;2;VER
emplis;@pli;empli;ADJ;0,03;0,03;0;6;0;4;2;ADJ,VER
emplis;@pli;emplir;VER;6,4;0,4;0;6;0;4;2;ADJ,VER
emplit;@pli;emplir;VER;6,4;2,25;0;6;0;4;2;VER
emploi;@plwa;emploi;NOM;30,94;25,96;1;6;6;5;2;NOM
emplît;@pli;emplir;VER;6,4;0;0;6;0;4;2;VER
empois;@pwa;empois;NOM;0,01;0,01;1;6;6;4;2;NOM
emport;@pOR;emport;NOM;0;0;1;6;6;4;2;NOM
empoté;@pote;empoter;VER;0,08;0,02;0;6;6;4;3;VER,ADJ,NOM
empoté;@pote;empoté;ADJ;0,8;0,48;1;6;6;4;3;VER,ADJ,NOM
empoté;@pote;empoté;NOM;0,67;0,55;1;6;6;4;3;VER,ADJ,NOM
empâta;@pata;empâter;VER;0,11;0;0;6;0;0;3;VER
empâte;@pat;empâter;VER;0,11;0,06;0;6;0;0;2;VER
empâté;@pate;empâter;VER;0,11;0,01;0;6;6;5;3;VER,ADJ
empâté;@pate;empâté;ADJ;0,04;0,01;1;6;6;5;3;VER,ADJ
encagé;@kaZe;encager;VER;0,13;0,11;0;6;6;4;3;VER,ADJ
encagé;@kaZe;encagé;ADJ;0,02;0,02;1;6;6;4;3;VER,ADJ
encart;@kaR;encart;NOM;0,09;0,05;1;6;6;4;2;NOM
encens;@s@;encens;NOM;2,44;2,44;1;6;6;3;2;NOM
enclin;@kl5;enclin;ADJ;2,33;1,61;1;6;6;4;2;ADJ
enclos;@klo;enclore;VER;0;0;0;6;6;4;2;VER,NOM
enclos;@klo;enclos;NOM;2,95;2,95;1;6;6;4;2;VER,NOM
encode;@kOd;encoder;VER;1,08;0,03;0;6;0;0;2;VER
encodé;@kode;encoder;VER;1,08;0,89;0;6;0;5;3;VER
encore;@kOR;encore;ADV;1176,94;1176,94;1;6;6;4;2;ADV
encrer;@kRe;encrer;VER;0,1;0,02;1;6;6;4;2;VER
encres;@kR;encre;NOM;6,81;0,32;0;6;0;3;1;NOM
encrée;@kRe;encrer;VER;0,1;0;0;6;0;4;2;VER
encrés;@kRe;encrer;VER;0,1;0,05;0;6;0;4;2;VER
encule;@kyl;enculer;VER;15,43;2,36;0;6;0;0;2;VER
enculé;@kyle;enculer;VER;15,43;5,23;0;6;6;5;3;VER,ADJ
enculé;@kyle;enculé;ADJ;31,77;22,73;1;6;6;5;3;VER,ADJ
endive;@div;endive;NOM;0,87;0,03;1;6;6;4;2;NOM
endors;@dOR;endormir;VER;48,19;6,08;0;6;0;0;2;VER
endort;@dOR;endormir;VER;48,19;5,67;0;6;0;0;2;VER
enduis;@d8i;enduire;VER;1,25;0,2;0;6;0;4;2;VER
enduit;@d8i;enduire;VER;1,25;0,49;0;6;6;4;2;VER,NOM
enduit;@d8i;enduit;NOM;0,4;0,4;1;6;6;4;2;VER,NOM
endura;@dyRa;endurer;VER;9,67;0;0;6;0;0;3;VER
endure;@dyR;endurer;VER;9,67;1,58;0;6;0;0;2;VER
enduré;@dyRe;endurer;VER;9,67;3,08;0;6;0;5;3;VER
enfant;@f@;enfant;NOM;735,59;287,26;1;6;6;3;2;NOM
enfers;@fER;enfer;NOM;88,86;2,85;0;6;0;4;2;NOM
enfila;@fila;enfiler;VER;11,42;0,11;0;6;0;0;3;VER
enfile;@fil;enfiler;VER;11,42;4,46;0;6;0;0;2;VER
enfilé;@file;enfiler;VER;11,42;1,35;0;6;6;5;3;VER,ADJ
enfilé;@file;enfilé;ADJ;0,02;0,01;1;6;6;5;3;VER,ADJ
enfler;@fle;enfler;VER;2,27;0,65;1;6;5;4;2;VER
enfles;@fl;enfler;VER;2,27;0,02;0;6;0;0;1;VER
enflée;@fle;enfler;VER;2,27;0,14;0;6;0;4;2;VER,ADJ,NOM
enflée;@fle;enflé;ADJ;1,93;0,49;0;6;0;4;2;VER,ADJ,NOM
enflée;@fle;enflé;NOM;0,24;0,13;0;6;0;4;2;VER,ADJ,NOM
enflés;@fle;enfler;VER;2,27;0,17;0;6;0;4;2;VER,ADJ,NOM
enflés;@fle;enflé;ADJ;1,93;0,32;0;6;0;4;2;VER,ADJ,NOM
enflés;@fle;enflé;NOM;0,24;0,04;0;6;0;4;2;VER,ADJ,NOM
enfoui;@fwi;enfoui;ADJ;1,07;0,47;1;6;6;4;2;ADJ,VER
enfoui;@fwi;enfouir;VER;4,3;1,04;0;6;6;4;2;ADJ,VER
enfuie;@f8i;enfuir;VER;65,13;8,71;0;6;0;0;2;VER
enfuir;@f8iR;enfuir;VER;65,13;20,81;1;6;5;3;2;VER
enfuis;@f8i;enfuir;VER;65,13;6,83;0;6;0;0;2;VER
enfuit;@f8i;enfuir;VER;65,13;6,31;0;6;0;0;2;VER
enfuma;@fyma;enfumer;VER;0,39;0;0;6;0;0;3;VER
enfumé;@fyme;enfumer;VER;0,39;0,07;0;6;6;3;3;VER,ADJ
enfumé;@fyme;enfumé;ADJ;0,35;0,13;1;6;6;3;3;VER,ADJ
engage;@gaZ;engager;VER;68,22;10,49;0;6;0;0;2;VER
engagé;@gaZe;engager;VER;68,22;21,09;0;6;6;5;3;VER,ADJ,NOM
engagé;@gaZe;engagé;ADJ;2,71;1,89;1;6;6;5;3;VER,ADJ,NOM
engagé;@gaZe;engagé;NOM;1,56;1,22;1;6;6;5;3;VER,ADJ,NOM
engins;@Z5;engin;NOM;11,25;1,84;0;6;0;3;2;NOM
englue;@gly;engluer;VER;0,4;0,01;0;6;0;0;2;VER
englué;@gl8e;engluer;VER;0,4;0,2;0;6;6;4;2;VER,ADJ
englué;@gl8e;englué;ADJ;0,01;0,01;1;6;6;4;2;VER,ADJ
engoué;@gwe;engouer;VER;0;0;0;6;0;0;2;VER
enivra;@nivRa;enivrer;VER;3,06;0,02;0;6;0;0;3;VER
enivre;@nivR;enivrer;VER;3,06;0,9;0;6;0;0;2;VER
enivré;@nivRe;enivrer;VER;3,06;0,47;0;6;0;6;3;VER
enjeux;@Z2;enjeu;NOM;4,67;1,16;0;6;0;3;2;NOM
enjoué;@Zwe;enjouer;VER;0,32;0,02;0;6;6;4;2;VER,ADJ
enjoué;@Zwe;enjoué;ADJ;1,33;0,25;1;6;6;4;2;VER,ADJ
enjôle;@Zol;enjôler;VER;1,07;0,1;0;6;0;0;2;VER
enjôlé;@Zole;enjôler;VER;1,07;0,04;0;6;0;5;3;VER
enlace;@las;enlacer;VER;4,42;0,89;0;6;0;0;2;VER
enlacé;@lase;enlacer;VER;4,42;0,31;0;6;0;5;3;VER
enlaça;@lasa;enlacer;VER;4,42;0,13;0;6;0;0;3;VER
enleva;@l°va;enlever;VER;172,47;0,22;0;6;0;0;3;VER
enlevé;@l°ve;enleve;ADJ;0;0;0;6;6;3;3;ADJ,VER
enlevé;@l°ve;enlever;VER;172,47;20,88;0;6;6;3;3;ADJ,VER
enlevé;@l°ve;enlevé;ADJ;1,55;0,68;1;6;6;3;3;ADJ,VER
enlisa;@liza;enliser;VER;0,93;0;0;6;0;0;3;VER
enlise;@liz;enliser;VER;0,93;0,28;0;6;0;0;2;VER
enlisé;@lize;enliser;VER;0,93;0,23;0;6;0;5;3;VER
enlève;@lEv;enlever;VER;172,47;55,59;0;6;0;0;2;VER
ennemi;En°mi;ennemi;ADJ;14,56;5,72;1;6;5;3;3;ADJ,NOM
ennemi;En°mi;ennemi;NOM;92,37;59,98;1;6;5;3;3;ADJ,NOM
ennuie;@n8i;ennuyer;VER;62,48;34,04;0;6;0;4;2;VER
ennuis;@n8i;ennui;NOM;76,64;61,89;0;6;0;4;2;NOM
ennuya;@n8ija;ennuyer;VER;62,48;0;0;6;0;0;3;VER
ennuyé;@n8ije;ennuyer;VER;62,48;1,26;0;6;6;6;3;VER,ADJ
ennuyé;@n8ije;ennuyé;ADJ;0,62;0,35;1;6;6;6;3;VER,ADJ
enquis;@ki;enquérir;VER;1,01;0,06;0;6;0;0;2;VER
enquit;@ki;enquérir;VER;1,01;0,1;0;6;0;0;2;VER
enrage;@RaZ;enrager;VER;6,13;1,46;0;6;0;0;2;VER
enragé;@RaZe;enrager;VER;6,13;1,29;0;6;6;5;3;VER,ADJ,NOM
enragé;@RaZe;enragé;ADJ;3,36;2,18;1;6;6;5;3;VER,ADJ,NOM
enragé;@RaZe;enragé;NOM;0,79;0,37;1;6;6;5;3;VER,ADJ,NOM
enraie;@RE;enrayer;VER;1,73;0,01;0;6;0;0;2;VER
enraya;@Reja;enrayer;VER;1,73;0;0;6;0;0;3;VER
enraye;@Rej;enrayer;VER;1,73;0,27;0;6;0;0;2;VER
enrayé;@Reje;enrayer;VER;1,73;0,32;0;6;0;4;3;VER
enrobe;@ROb;enrober;VER;0,68;0,03;0;6;0;0;2;VER
enrobé;@Robe;enrober;VER;0,68;0,21;0;6;6;5;3;VER,ADJ,NOM
enrobé;@Robe;enrobé;ADJ;1,02;0,88;1;6;6;5;3;VER,ADJ,NOM
enrobé;@Robe;enrobé;NOM;0,29;0,28;1;6;6;5;3;VER,ADJ,NOM
enroua;@Rwa;enrouer;VER;0,12;0;0;6;0;0;2;VER
enroue;@Ru;enrouer;VER;0,12;0;0;6;0;0;2;VER
enroué;@Rwe;enrouer;VER;0,12;0;0;6;6;3;2;VER,ADJ
enroué;@Rwe;enroué;ADJ;0,18;0,05;1;6;6;3;2;VER,ADJ
enrôla;@Rola;enrôler;VER;3,04;0;0;6;0;0;3;VER
enrôle;@Rol;enrôler;VER;3,04;0,17;0;6;0;0;2;VER
enrôlé;@Role;enrôler;VER;3,04;0,94;0;6;6;5;3;VER,NOM
enrôlé;@Role;enrôlé;NOM;0,08;0,07;1;6;6;5;3;VER,NOM
ensuit;@s8i;ensuivre;VER;1,2;0,52;0;6;0;0;2;VER
entama;@tama;entamer;VER;7,44;0,08;0;6;0;0;3;VER
entame;@tam;entame;NOM;0,11;0,11;1;6;6;4;2;NOM,VER
entame;@tam;entamer;VER;7,44;1,09;0;6;6;4;2;NOM,VER
entamé;@tame;entamer;VER;7,44;1,52;0;6;0;5;3;VER
entant;@t@;enter;VER;0,49;0,12;0;6;0;3;2;VER
entend;@t@;entendre;VER;728,67;41,77;0;6;0;3;2;VER
entier;@tje;entier;ADJ;76,01;42,15;1;6;5;4;2;ADJ,NOM
entier;@tje;entier;NOM;3,76;3,59;1;6;5;4;2;ADJ,NOM
entité;@tite;entité;NOM;3,08;2,12;1;6;5;5;3;NOM
entour;@tuR;entour;NOM;0,01;0,01;1;6;6;4;2;NOM
entrai;@tRE;entrer;VER;450,11;0,2;0;6;0;0;2;VER
entrer;@tRe;entrer;VER;450,11;160,13;1;6;6;4;2;VER
entres;@tR;entrer;VER;450,11;7,18;0;6;0;3;1;VER
entrez;@tRe;entrer;VER;450,11;104,85;0;6;0;4;2;VER
entrât;@tRa;entrer;VER;450,11;0,14;0;6;0;0;2;VER
entrée;@tRe;entrer;VER;450,11;13,16;0;6;6;4;2;VER,NOM
entrée;@tRe;entrée;NOM;48,08;43,75;1;6;6;4;2;VER,NOM
entrés;@tRe;entrer;VER;450,11;8,81;0;6;0;4;2;VER
entube;@tyb;entuber;VER;3,11;0,52;0;6;0;0;2;VER
entubé;@tybe;entuber;VER;3,11;0,32;0;6;0;4;3;VER
enture;@tyR;enture;NOM;0,14;0,14;1;6;6;4;2;NOM
entêta;@tEta;entêter;VER;1,65;0;0;6;0;0;3;VER
entête;@tEt;entêter;VER;1,65;0,38;0;6;0;4;2;VER
entêté;@tete;entêter;VER;1,65;0,29;0;6;6;4;3;VER,ADJ,NOM
entêté;@tete;entêté;ADJ;0,38;0,24;1;6;6;4;3;VER,ADJ,NOM
entêté;@tete;entêté;NOM;0,73;0,58;1;6;6;4;3;VER,ADJ,NOM
entôlé;@tole;entôler;VER;0,02;0,01;0;6;0;5;3;VER
envahi;@vai;envahi;ADJ;0,24;0,07;1;6;6;4;3;ADJ,VER
envahi;@vai;envahir;VER;17,37;4,98;0;6;6;4;3;ADJ,VER
envasé;@vaze;envaser;VER;0,01;0;0;6;0;5;3;VER
envers;@vER;envers;NOM;15,07;15,07;1;6;6;4;2;NOM,PRE
envers;@vER;envers;PRE;35,46;35,46;1;6;6;4;2;NOM,PRE
enviai;@vjE;envier;VER;17,79;0;0;6;0;0;2;VER
envier;@vje;envier;VER;17,79;1,5;1;6;6;4;2;VER
envies;@vi;envie;NOM;213,96;3,34;0;6;0;3;2;NOM,VER
envies;@vi;envier;VER;17,79;0,2;0;6;0;3;2;NOM,VER
enviez;@vje;envier;VER;17,79;0,42;0;6;0;4;2;VER
enviât;@vja;envier;VER;17,79;0;0;6;0;0;2;VER
enviée;@vje;envier;VER;17,79;0,3;0;6;0;4;2;VER
enviés;@vje;envier;VER;17,79;0,04;0;6;0;4;2;VER
envoie;@vwa;envoyer;VER;360,16;98,92;0;6;0;4;2;VER
envois;@vwa;envoi;NOM;4,46;1;0;6;0;4;2;NOM
envola;@vola;envoler;VER;28,82;0,43;0;6;0;0;3;VER
envole;@vOl;envoler;VER;28,82;5,39;0;6;0;3;2;VER
envols;@vOl;envol;NOM;2,5;0,03;0;6;0;3;2;NOM
envolé;@vole;envoler;VER;28,82;5,05;0;6;0;3;3;VER
envoya;@vwaja;envoyer;VER;360,16;1,96;0;6;0;0;3;VER
envoyé;@vwaje;envoyer;VER;360,16;82,52;0;6;6;6;3;VER,NOM
envoyé;@vwaje;envoyé;NOM;5,35;3,68;1;6;6;6;3;VER,NOM
enzyme;@zim;enzyme;NOM;2;1,26;1;6;6;4;2;NOM
ergote;ERgOt;ergoter;VER;0,43;0,17;0;6;0;0;2;VER
ergots;ERgo;ergot;NOM;0,08;0,04;0;6;0;4;2;NOM
ergoté;ERgote;ergoté;ADJ;0,14;0,14;1;6;6;6;3;ADJ
ermite;ERmit;ermite;NOM;2,28;2,23;1;6;6;5;2;NOM
errais;ERE;errer;VER;10,44;0,12;0;6;0;0;2;VER
errait;ERE;errer;VER;10,44;0,36;0;6;0;0;2;VER
errant;ER@;errant;ADJ;2,62;1,45;1;6;6;3;2;ADJ,VER
errant;ER@;errer;VER;10,44;1,08;0;6;6;3;2;ADJ,VER
errata;ERata;erratum;NOM;0,02;0;0;6;0;0;3;NOM
errent;ER;errer;VER;10,44;0,99;0;6;0;2;1;VER
errera;ER°Ra;errer;VER;10,44;0,14;0;6;0;0;3;VER
erreur;ER9R;erreur;NOM;124,15;101,33;1;6;5;3;2;NOM
erriez;ERje;errer;VER;10,44;0,04;0;6;0;0;2;VER
errons;ER§;errer;VER;10,44;0,05;0;6;0;0;2;VER
erroné;ERone;erroné;ADJ;2,05;0,54;1;6;4;3;3;ADJ
ersatz;ERzats;ersatz;NOM;0,21;0,21;1;6;4;3;2;NOM
escale;Eskal;escale;NOM;2,32;2,25;1;6;6;5;2;NOM
escape;Eskap;escape;NOM;0,19;0,19;1;6;6;5;2;NOM
escher;ESe;escher;VER;0,01;0,01;1;6;6;3;2;VER
escroc;EskRo;escroc;NOM;9,27;6,77;1;6;6;5;2;NOM
escudo;Eskydo;escudo;NOM;3,03;0,01;1;6;4;4;3;NOM
eskimo;Eskimo;eskimo;ADJ;0,02;0,02;1;6;3;5;3;ADJ,NOM
eskimo;Eskimo;eskimo;NOM;0,04;0,02;1;6;3;5;3;ADJ,NOM
espace;Espas;espace;NOM;43,87;41,34;1;6;6;5;2;NOM,VER
espace;Espas;espacer;VER;0,52;0,3;0;6;6;5;2;NOM,VER
espacé;Espase;espacer;VER;0,52;0;0;6;6;6;3;VER,ADJ
espacé;Espase;espacé;ADJ;0,41;0,02;1;6;6;6;3;VER,ADJ
espada;Espada;espada;NOM;0;0;1;6;6;6;3;NOM
espars;EspaR;espars;NOM;0;0;1;6;6;5;2;NOM
espaça;Espasa;espacer;VER;0,52;0;0;6;0;0;3;VER
espion;Espj§;espion;NOM;27,57;13,31;1;6;6;5;2;NOM
espoir;EspwaR;espoir;NOM;64,22;57,62;1;6;4;4;2;NOM
esprit;EspRi;esprit;NOM;155,82;131,7;1;6;6;5;2;NOM
espèce;EspEs;espèce;NOM;116,51;105,04;1;6;4;4;2;NOM
espère;EspER;espérer;VER;301,08;209,19;0;6;0;0;2;VER
espéra;EspeRa;espérer;VER;301,08;0,02;0;6;0;0;3;VER
espéré;EspeRe;espérer;VER;301,08;4,46;0;6;0;6;3;VER
esquif;Eskif;esquif;NOM;0,29;0,29;1;6;6;5;2;NOM
essaie;EsE;essayer;VER;670,4;168,04;0;6;0;0;2;VER
essaim;es5;essaim;NOM;0,97;0,69;1;6;6;3;2;NOM
essais;esE;essai;NOM;28,78;8,47;0;6;0;3;2;NOM
essaya;eseja;essayer;VER;670,4;0,65;0;6;0;0;3;VER
essaye;esEj;essayer;VER;670,4;56,84;0;6;0;0;2;VER
essayé;esEje;essayer;VER;670,4;124,02;0;6;0;0;3;VER
essieu;Esj2;essieu;NOM;0,28;0,28;1;6;6;3;2;NOM
essora;EsoRa;essorer;VER;0,18;0;0;6;0;0;3;VER
essore;EsOR;essorer;VER;0,18;0,07;0;6;0;0;2;VER
essoré;EsoRe;essorer;VER;0,18;0,02;0;6;6;4;3;VER,ADJ
essoré;EsoRe;essoré;ADJ;0,02;0,01;1;6;6;4;3;VER,ADJ
essuie;Es8i;essuie;NOM;0,25;0,12;1;6;6;4;2;NOM,VER
essuie;Es8i;essuyer;VER;11,82;3,98;0;6;6;4;2;NOM,VER
essuya;Es8ija;essuyer;VER;11,82;0,14;0;6;0;0;3;VER
essuyé;es8ije;essuyer;VER;11,82;1,68;0;6;0;6;3;VER
estima;Estima;estimer;VER;21,41;0,14;0;6;0;0;3;VER
estime;Estim;estime;NOM;5,49;5,35;1;6;6;5;2;NOM,VER
estime;Estim;estimer;VER;21,41;8,02;0;6;6;5;2;NOM,VER
estimé;Estime;estimer;VER;21,41;2,71;0;6;0;6;3;VER
estocs;EstOk;estoc;NOM;0,16;0;0;6;0;5;2;NOM
et seq;Etsek;et seq;ADV;0;0;1;6;4;5;2;ADV
ethnie;Etni;ethnie;NOM;0,28;0,08;1;6;6;4;2;NOM
eubage;2baZ;eubage;NOM;0;0;1;6;4;3;2;NOM
eubine;2bin;eubine;NOM;0;0;1;6;4;3;2;NOM
eurent;yR;avoir;AUX;18559,22;0,44;0;6;0;2;1;AUX,VER
eurent;yR;avoir;VER;13572,4;1,42;0;6;0;2;1;AUX,VER
eurêka;2REka;eurêka;ONO;0;0;1;6;4;3;3;ONO
eusses;ys;avoir;AUX;18559,22;0;0;6;0;2;1;AUX,VER
eusses;ys;avoir;VER;13572,4;0;0;6;0;2;1;AUX,VER
exacte;Egzakt;exact;ADJ;86,8;7,55;0;6;0;6;2;ADJ
exacts;Egzakt;exact;ADJ;86,8;1,51;0;6;0;6;2;ADJ
exalta;Egzalta;exalter;VER;1,86;0;0;6;0;0;3;VER
exalte;Egzalt;exalter;VER;1,86;0,49;0;6;0;0;2;VER
exalté;Egzalte;exalter;VER;1,86;0,41;0;6;6;7;3;VER,ADJ,NOM
exalté;Egzalte;exalté;ADJ;1,36;0,55;1;6;6;7;3;VER,ADJ,NOM
exalté;Egzalte;exalté;NOM;0,56;0,19;1;6;6;7;3;VER,ADJ,NOM
examen;Egzam5;examen;NOM;47,77;30,37;1;6;5;6;3;NOM
exauce;Egzos;exaucer;VER;6,8;1,21;0;6;0;0;2;VER
exaucé;Egzose;exaucer;VER;6,8;2,88;0;6;0;6;3;VER
exauça;Egzosa;exaucer;VER;6,8;0;0;6;0;0;3;VER
excise;Eksiz;exciser;VER;0,16;0,05;0;6;0;0;2;VER
excisé;Eksize;exciser;VER;0,16;0,01;0;6;6;6;3;VER
excita;Eksita;exciter;VER;28,01;0;0;6;0;0;3;VER
excite;Eksit;exciter;VER;28,01;10,38;0;6;0;0;2;VER
excité;Eksite;exciter;VER;28,01;5,17;0;6;6;6;3;VER,ADJ,NOM
excité;Eksite;excité;ADJ;6,88;3,58;1;6;6;6;3;VER,ADJ,NOM
excité;Eksite;excité;NOM;1,94;1,05;1;6;6;6;3;VER,ADJ,NOM
exclue;Ekskly;exclu;ADJ;1,27;0,21;0;6;0;6;2;ADJ,NOM,VER
exclue;Ekskly;exclu;NOM;1,26;0,03;0;6;0;6;2;ADJ,NOM,VER
exclue;Ekskly;exclure;VER;11,32;1,1;0;6;0;6;2;ADJ,NOM,VER
exclus;Ekskly;exclu;ADJ;1,27;0,2;0;6;0;6;2;ADJ,NOM,VER
exclus;Ekskly;exclu;NOM;1,26;0,82;0;6;0;6;2;ADJ,NOM,VER
exclus;Ekskly;exclure;VER;11,32;1,14;0;6;0;6;2;ADJ,NOM,VER
exclut;Ekskly;exclure;VER;11,32;2,02;0;6;0;6;2;VER
exclût;Ekskly;exclure;VER;11,32;0;0;6;0;6;2;VER
excusa;Ekskyza;excuser;VER;399,19;0,02;0;6;0;0;3;VER
excuse;Ekskyz;excuse;NOM;61,58;29,43;1;6;6;6;2;NOM,VER
excuse;Ekskyz;excuser;VER;399,19;111,82;0;6;6;6;2;NOM,VER
excusé;Ekskyze;excuser;VER;399,19;4,25;0;6;0;7;3;VER
excède;EksEd;excéder;VER;0,65;0,1;0;6;0;0;2;VER
excédé;Eksede;excéder;VER;0,65;0,21;0;6;0;6;3;VER
exempt;Egz@;exempt;ADJ;0,28;0,12;1;6;6;4;2;ADJ,NOM
exempt;Egz@;exempt;NOM;0,04;0,02;1;6;6;4;2;ADJ,NOM
exerce;EgzERs;exercer;VER;14,53;3,82;0;6;0;0;2;VER
exercé;EgzERse;exercer;VER;14,53;0,96;0;6;6;7;3;VER,ADJ
exercé;EgzERse;exercé;ADJ;0,12;0,09;1;6;6;7;3;VER,ADJ
exerça;EgzERsa;exercer;VER;14,53;0,02;0;6;0;0;3;VER
exhala;Egzala;exhaler;VER;0,8;0,03;0;6;0;0;3;VER
exhale;Egzal;exhaler;VER;0,8;0,32;0;6;0;0;2;VER
exhalé;Egzale;exhaler;VER;0,8;0;0;6;0;6;3;VER
exhiba;Egziba;exhiber;VER;2,87;0;0;6;0;0;3;VER
exhibe;Egzib;exhiber;VER;2,87;0,58;0;6;0;0;2;VER
exhibé;Egzibe;exhiber;VER;2,87;0,3;0;6;0;6;3;VER
exhuma;Egzyma;exhumer;VER;1,62;0;0;6;0;0;3;VER
exhume;Egzym;exhumer;VER;1,62;0,07;0;6;0;0;2;VER
exhumé;Egzyme;exhumer;VER;1,62;0,41;0;6;0;6;3;VER
exigea;EgziZa;exiger;VER;34,96;0,05;0;6;0;0;3;VER
exiger;EgziZe;exiger;VER;34,96;3,13;1;6;6;6;3;VER
exiges;EgziZ;exiger;VER;34,96;0,61;0;6;0;0;2;VER
exigez;EgziZe;exiger;VER;34,96;0,61;0;6;0;6;3;VER
exigus;Egzigy;exigu;ADJ;0,53;0;0;6;0;6;3;ADJ
exiguë;Egzigy;exigu;ADJ;0,53;0,12;0;6;0;6;3;ADJ
exigée;EgziZe;exiger;VER;34,96;0,56;0;6;0;6;3;VER
exigés;EgziZe;exiger;VER;34,96;0,01;0;6;0;6;3;VER
exiler;Egzile;exiler;VER;2,41;0,73;1;6;5;6;3;VER
exiles;Egzil;exiler;VER;2,41;0,14;0;6;0;5;2;VER
exilez;Egzile;exiler;VER;2,41;0,01;0;6;0;6;3;VER
exilât;Egzila;exiler;VER;2,41;0;0;6;0;0;3;VER
exilée;Egzile;exiler;VER;2,41;0,14;0;6;0;6;3;VER,ADJ,NOM
exilée;Egzile;exilé;ADJ;0,5;0,01;0;6;0;6;3;VER,ADJ,NOM
exilée;Egzile;exilé;NOM;2,23;0,25;0;6;0;6;3;VER,ADJ,NOM
exilés;Egzile;exiler;VER;2,41;0,14;0;6;0;6;3;VER,ADJ,NOM
exilés;Egzile;exilé;ADJ;0,5;0,04;0;6;0;6;3;VER,ADJ,NOM
exilés;Egzile;exilé;NOM;2,23;1,12;0;6;0;6;3;VER,ADJ,NOM
exista;Egzista;exister;VER;136,24;0;0;6;0;0;3;VER
existe;Egzist;exister;VER;136,24;85,86;0;6;0;0;2;VER
existé;Egziste;exister;VER;136,24;7,42;0;6;0;7;3;VER
exocet;EgzosE;exocet;NOM;0,01;0,01;1;6;4;6;3;NOM
exodes;EgzOd;exode;NOM;0,43;0,01;0;6;0;5;2;NOM
exorde;EgzORd;exorde;NOM;0,01;0,01;1;6;5;6;2;NOM
expert;EkspER;expert;ADJ;7,66;3,4;1;6;6;6;2;ADJ,NOM
expert;EkspER;expert;NOM;20,14;12,7;1;6;6;6;2;ADJ,NOM
expier;Ekspje;expier;VER;2,42;1,73;1;6;5;6;2;VER
expira;EkspiRa;expirer;VER;6,06;0;0;6;0;0;3;VER
expire;EkspiR;expirer;VER;6,06;2,63;0;6;0;0;2;VER
expiré;EkspiRe;expirer;VER;6,06;1,73;0;6;0;7;3;VER
expiée;Ekspje;expier;VER;2,42;0;0;6;0;6;2;VER
expiés;Ekspje;expier;VER;2,42;0;0;6;0;6;2;VER
export;EkspOR;export;NOM;0,58;0,53;1;6;6;6;2;NOM
exposa;Ekspoza;exposer;VER;22,42;0,05;0;6;0;0;3;VER
expose;Ekspoz;exposer;VER;22,42;3,38;0;6;0;0;2;VER
exposé;Ekspoze;exposer;VER;22,42;5;0;6;6;7;3;VER,ADJ,NOM
exposé;Ekspoze;exposé;ADJ;2,97;1,71;1;6;6;7;3;VER,ADJ,NOM
exposé;Ekspoze;exposé;NOM;3,67;3,5;1;6;6;7;3;VER,ADJ,NOM
exprès;EkspRE;exprès;ADJ;24,06;23,68;1;6;5;6;2;ADJ,ADV,NOM
exprès;EkspRE;exprès;ADV;3,19;3,19;1;6;5;6;2;ADJ,ADV,NOM
exprès;EkspRE;exprès;NOM;0,19;0,19;1;6;5;6;2;ADJ,ADV,NOM
exquis;Ekski;exquis;ADJ;6,38;3,2;1;6;3;5;2;ADJ
exsude;Eksyd;exsuder;VER;0,05;0,01;0;6;0;0;2;VER
exsudé;Eksyde;exsuder;VER;0,05;0;0;6;0;6;3;VER
extase;Ekstaz;extase;NOM;3,67;3,43;1;6;6;6;2;NOM
extras;EkstRa;extra;NOM;4,93;1,04;0;6;0;6;2;NOM
exulta;Egzylta;exulter;VER;0,61;0;0;6;0;0;3;VER
exulte;Egzylt;exulter;VER;0,61;0,5;0;6;0;0;2;VER
exècre;EgzEkR;exécrer;VER;0,48;0,41;0;6;0;0;2;VER
exécra;EgzekRa;exécrer;VER;0,48;0;0;6;0;0;3;VER
exécré;EgzekRe;exécrer;VER;0,48;0,02;0;6;0;7;3;VER
fables;fabl;fable;NOM;2,59;0,8;0;6;0;4;1;NOM
fabule;fabyl;fabuler;VER;0,42;0,31;0;6;0;0;2;VER
fabulé;fabyle;fabuler;VER;0,42;0,02;0;6;0;6;3;VER
fachos;faSo;facho;ADJ;0,45;0,25;0;6;0;4;2;ADJ,NOM
fachos;faSo;facho;NOM;1,17;0,69;0;6;0;4;2;ADJ,NOM
facial;fasjal;facial;ADJ;2,29;0,69;1;6;5;6;2;ADJ
facile;fasil;facile;ADJ;159,35;153,57;1;6;6;5;2;ADJ
faciès;fasjEs;faciès;NOM;0,21;0,21;1;6;5;5;2;NOM
factor;faktOR;factor;NOM;0,03;0,03;1;6;6;6;2;NOM
factum;faktOm;factum;NOM;0;0;1;6;6;6;2;NOM
fadent;fad;fader;VER;0,01;0;0;6;0;3;1;VER
fadeur;fad9R;fadeur;NOM;0,32;0,32;1;6;5;4;2;NOM
fading;fEjdiG;fading;NOM;0,01;0,01;1;6;4;3;2;NOM
fafiot;fafjo;fafiot;NOM;0,28;0;1;6;4;4;2;NOM
fagnes;faN;fagne;NOM;0;0;0;6;0;3;1;NOM
fagote;fagOt;fagoter;VER;0,05;0;0;6;0;0;2;VER
fagots;fago;fagot;NOM;0,19;0,16;0;6;0;4;2;NOM
fagoté;fagote;fagoter;VER;0,05;0,02;0;6;6;6;3;VER,ADJ
fagoté;fagote;fagoté;ADJ;0,3;0,13;1;6;6;6;3;VER,ADJ
faible;fEbl;faible;ADJ;38,78;31,03;1;6;6;4;1;ADJ,NOM
faible;fEbl;faible;NOM;10,02;6,49;1;6;6;4;1;ADJ,NOM
faibli;fEbli;faibli;ADJ;0,01;0,01;1;6;6;5;2;ADJ,VER
faibli;fEbli;faiblir;VER;2,62;0,15;0;6;6;5;2;ADJ,VER
faille;faj;faille;NOM;4,71;3,85;1;6;6;3;1;NOM,VER
faille;faj;failler;VER;1,84;1,83;0;6;6;3;1;NOM,VER
failli;faji;failli;ADJ;0,2;0,2;1;6;6;4;2;ADJ,NOM,VER
failli;faji;failli;NOM;0,16;0,11;1;6;6;4;2;ADJ,NOM,VER
failli;faji;faillir;VER;44,19;42,7;0;6;6;4;2;ADJ,NOM,VER
faisan;f2z@;faisan;NOM;1,13;0,98;1;6;6;3;2;NOM
faites;fEt;faire;VER;8813,48;541,8;0;6;0;3;1;VER,ADJ
faites;fEt;fait;ADJ;32,77;0,19;0;6;0;3;1;VER,ADJ
fakirs;fakiR;fakir;NOM;0,72;0,28;0;6;0;4;2;NOM
fallut;faly;falloir;VER;1653,76;1,35;0;6;0;0;2;VER
fallût;faly;falloir;VER;1653,76;0,01;0;6;0;0;2;VER
falote;falOt;falot;ADJ;0,04;0,01;0;6;0;0;2;ADJ
falots;falo;falot;ADJ;0,04;0,01;0;6;0;4;2;ADJ,NOM
falots;falo;falot;NOM;0,11;0;0;6;0;4;2;ADJ,NOM
falzar;falzaR;falzar;NOM;0,36;0,29;1;6;4;4;2;NOM
fameux;fam2;fameux;ADJ;18,67;12,77;1;6;6;4;2;ADJ
famine;famin;famine;NOM;4,88;4,4;1;6;5;5;2;NOM
famées;fame;famé;ADJ;0,52;0,02;0;6;0;4;2;ADJ
fanait;fanE;faner;VER;3,73;0;0;6;0;0;2;VER
fanant;fan@;faner;VER;3,73;0,01;0;6;0;0;2;VER
fanaux;fano;fanal;NOM;0,34;0;0;6;0;0;2;NOM
fanent;fan;faner;VER;3,73;0,95;0;6;0;3;1;VER
fanera;fan°Ra;faner;VER;3,73;0,28;0;6;0;0;3;VER
fanfan;f@f@;fanfan;NOM;1,22;1,22;1;6;6;4;2;NOM
fanges;f@Z;fange;NOM;0,74;0;0;6;0;3;1;NOM
fanion;fanj§;fanion;NOM;0,25;0,16;1;6;4;4;2;NOM
fanons;fan§;fanon;NOM;0,04;0,01;0;6;0;4;2;NOM
fanées;fane;faner;VER;3,73;0,53;0;6;0;4;2;VER,ADJ
fanées;fane;fané;ADJ;0,79;0,22;0;6;0;4;2;VER,ADJ
faquin;fak5;faquin;NOM;0,45;0,45;1;6;3;4;2;NOM
farads;faRad;farad;NOM;0,75;0;0;6;0;5;2;NOM
faraud;faRo;faraud;ADJ;0,03;0,02;1;6;6;4;2;ADJ,NOM
faraud;faRo;faraud;NOM;0,01;0;1;6;6;4;2;ADJ,NOM
farces;faRs;farce;NOM;9,35;1,9;0;6;0;4;1;NOM,VER
farces;faRs;farcer;VER;0,05;0;0;6;0;4;1;NOM,VER
farcie;faRsi;farci;ADJ;2,41;0,45;0;6;0;5;2;ADJ,VER
farcie;faRsi;farcir;VER;3,39;0,47;0;6;0;5;2;ADJ,VER
farcir;faRsiR;farcir;VER;3,39;1,23;1;6;6;6;2;VER
farcis;faRsi;farci;ADJ;2,41;0,61;0;6;0;5;2;ADJ,VER
farcis;faRsi;farcir;VER;3,39;0,64;0;6;0;5;2;ADJ,VER
farcit;faRsi;farcir;VER;3,39;0,09;0;6;0;5;2;VER
farder;faRde;farder;VER;0,2;0,03;1;6;6;5;2;VER
fardée;faRde;farder;VER;0,2;0,14;0;6;0;5;2;VER
fardés;faRde;farder;VER;0,2;0;0;6;0;5;2;VER
farine;faRin;farine;NOM;7,95;7,93;1;6;6;5;2;NOM
farter;faRte;farter;VER;0,02;0,02;1;6;5;4;2;VER
fascia;fasja;fascia;NOM;0,07;0,07;1;6;6;5;2;NOM
fasses;fas;faire;VER;8813,48;20,2;0;6;0;3;1;VER
fastes;fast;faste;ADJ;0,57;0,04;0;6;0;4;1;ADJ,NOM
fastes;fast;faste;NOM;0,48;0;0;6;0;4;1;ADJ,NOM
fatale;fatal;fatal;ADJ;11,69;5,37;0;6;0;5;2;ADJ
fatals;fatal;fatal;ADJ;11,69;0,13;0;6;0;5;2;ADJ
fathma;fatma;fathma;NOM;0,1;0,1;1;6;5;4;2;NOM
fathom;fazOm;fathom;NOM;0;0;1;6;5;4;2;NOM
fatmas;fatma;fatma;NOM;0,16;0,03;0;6;0;4;2;NOM
fatras;fatRa;fatras;NOM;0,34;0,34;1;6;4;4;2;NOM
faucha;foSa;faucher;VER;14,76;0;0;6;0;0;2;VER
fauche;foS;fauche;NOM;0,55;0,27;1;6;6;3;1;NOM,VER
fauche;foS;faucher;VER;14,76;0,51;0;6;6;3;1;NOM,VER
fauché;foSe;faucher;VER;14,76;6,42;0;6;6;4;2;VER,ADJ
fauché;foSe;fauché;ADJ;3,55;2,3;1;6;6;4;2;VER,ADJ
faucon;fok§;faucon;NOM;5,93;4,07;1;6;6;4;2;NOM
faudra;fodRa;falloir;VER;1653,76;85,73;0;6;0;0;2;VER
faufil;fofil;faufil;NOM;0,01;0,01;1;6;6;5;2;NOM
faunes;fon;faune;NOM;1,48;0,01;0;6;0;3;1;NOM
faussa;fosa;fausser;VER;3,51;0;0;6;0;0;2;VER
fausse;fos;fausser;VER;3,51;1,57;0;6;0;3;1;VER,ADJ
fausse;fos;faux;ADJ;122,23;21,98;0;6;0;3;1;VER,ADJ
faussé;fose;fausser;VER;3,51;1,19;0;6;0;4;2;VER
fauter;fote;fauter;VER;1,42;0;1;6;6;4;2;VER
fautes;fot;faute;NOM;169,26;6,07;0;6;0;3;1;NOM,VER
fautes;fot;fauter;VER;1,42;0,11;0;6;0;3;1;NOM,VER
fautif;fotif;fautif;ADJ;2,96;1,5;1;6;5;4;2;ADJ
fauves;fov;fauve;ADJ;0,61;0,38;0;6;0;3;1;ADJ,NOM
fauves;fov;fauve;NOM;3,61;2,35;0;6;0;3;1;ADJ,NOM
favela;favela;favela;NOM;1,62;1,25;1;6;5;4;3;NOM
faveur;fav9R;faveur;NOM;36,65;31,09;1;6;5;4;2;NOM
favori;favoRi;favori;ADJ;8,79;5,19;1;6;6;6;3;ADJ,NOM
favori;favoRi;favori;NOM;3,22;1,94;1;6;6;6;3;ADJ,NOM
faxera;faks°Ra;faxer;VER;2,58;0,04;0;6;0;0;3;VER
faxons;faks§;faxer;VER;2,58;0,01;0;6;0;0;2;VER
fayard;fajaR;fayard;NOM;0;0;1;6;4;4;2;NOM
fayote;fajOt;fayoter;VER;0,09;0,07;0;6;0;0;2;VER
fayots;fajo;fayot;ADJ;0,25;0;0;6;0;4;2;ADJ,NOM
fayots;fajo;fayot;NOM;0,42;0,32;0;6;0;4;2;ADJ,NOM
façade;fasad;façade;NOM;4,6;4,19;1;6;4;5;2;NOM
façons;fas§;façon;NOM;230,48;17,89;0;6;0;4;2;NOM
faînes;fEn;faîne;NOM;0;0;0;6;0;3;1;NOM
feeder;fid9R;feeder;NOM;0,01;0,01;1;6;5;4;2;NOM
feigne;fEN;feindre;VER;5,92;0;0;6;0;0;1;VER
feinte;f5t;feint;ADJ;1;0,81;0;6;6;3;1;ADJ,NOM,VER
feinte;f5t;feinte;NOM;1,04;0,86;1;6;6;3;1;ADJ,NOM,VER
feinte;f5t;feinter;VER;1,47;0,27;0;6;6;3;1;ADJ,NOM,VER
feints;f5;feindre;VER;5,92;0;0;6;0;2;1;VER,ADJ
feints;f5;feint;ADJ;1;0,02;0;6;0;2;1;VER,ADJ
feinté;f5te;feinter;VER;1,47;0,79;0;6;0;4;2;VER
fellah;fela;fellah;NOM;0,14;0,14;1;6;6;4;2;NOM
femmes;fam;femme;NOM;1049,32;242,75;0;6;0;3;1;NOM
fendez;f@de;fendre;VER;7,76;0,49;0;6;0;0;2;VER
fendis;f@di;fendre;VER;7,76;0;0;6;0;0;2;VER
fendit;f@di;fendre;VER;7,76;0,03;0;6;0;0;2;VER
fendra;f@dRa;fendre;VER;7,76;0,07;0;6;0;0;2;VER
fendre;f@dR;fendre;VER;7,76;2,49;1;6;5;4;1;VER
fendue;f@dy;fendre;VER;7,76;0,3;0;6;0;4;2;VER,ADJ
fendue;f@dy;fendu;ADJ;0,69;0,38;0;6;0;4;2;VER,ADJ
fendus;f@dy;fendre;VER;7,76;0,14;0;6;0;4;2;VER,ADJ
fendus;f@dy;fendu;ADJ;0,69;0,05;0;6;0;4;2;VER,ADJ
fenils;f°nil;fenil;NOM;0,02;0;0;6;0;4;2;NOM
fennec;fenEk;fennec;NOM;0,01;0,01;1;6;4;4;2;NOM
fentes;f@t;fente;NOM;3,93;0,32;0;6;0;3;1;NOM
fenton;f@t§;fenton;NOM;0,43;0,43;1;6;5;4;2;NOM
ferais;f°RE;faire;VER;8813,48;110,19;0;6;0;0;2;VER
ferait;f°RE;faire;VER;8813,48;86,88;0;6;0;0;2;VER
ferias;f°Rja;feria;NOM;0,17;0,15;0;6;0;3;2;NOM
feriez;f°Rje;faire;VER;8813,48;23,97;0;6;0;0;2;VER
ferlez;fERle;ferler;VER;0,03;0,03;0;6;0;0;2;VER
ferlée;fERle;ferler;VER;0,03;0;0;6;0;0;2;VER
fermai;fERmE;fermer;VER;238,65;0,06;0;6;0;0;2;VER
fermer;fERme;fermer;VER;238,65;48,85;1;6;6;5;2;VER
fermes;fERm;ferme;ADJ;25,2;2,26;0;6;0;4;1;ADJ,NOM,VER
fermes;fERm;ferme;NOM;76,86;3,34;0;6;0;4;1;ADJ,NOM,VER
fermes;fERm;fermer;VER;238,65;7,41;0;6;0;4;1;ADJ,NOM,VER
fermez;fERme;fermer;VER;238,65;30,74;0;6;0;5;2;VER
fermât;fERma;fermer;VER;238,65;0;0;6;0;0;2;VER
fermée;fERme;fermer;VER;238,65;13,72;0;6;0;5;2;VER,ADJ
fermée;fERme;fermé;ADJ;21,46;5,42;0;6;0;5;2;VER,ADJ
fermés;fERme;fermer;VER;238,65;4,2;0;6;0;5;2;VER,ADJ
fermés;fERme;fermé;ADJ;21,46;7,2;0;6;0;5;2;VER,ADJ
ferons;f°R§;faire;VER;8813,48;21,07;0;6;0;0;2;VER
feront;f°R§;faire;VER;8813,48;23,12;0;6;0;0;2;VER
ferrai;fERE;ferrer;VER;1,96;0,01;0;6;0;0;2;VER
ferrer;fERe;ferrer;VER;1,96;0,25;1;6;6;4;2;VER
ferrez;fERe;ferrer;VER;1,96;0,08;0;6;0;4;2;VER
ferrée;fERe;ferrer;VER;1,96;0,84;0;6;0;4;2;VER,ADJ
ferrée;fERe;ferré;ADJ;2,91;2,27;0;6;0;4;2;VER,ADJ
ferrés;feRe;ferrer;VER;1,96;0,02;0;6;0;0;2;VER,ADJ
ferrés;feRe;ferré;ADJ;2,91;0,08;0;6;0;0;2;VER,ADJ
fesser;fese;fesser;VER;1;0,26;1;6;6;4;2;VER
fesses;fEs;fesse;NOM;36,32;34,52;0;6;0;3;1;NOM,VER
fesses;fEs;fesser;VER;1;0,2;0;6;0;3;1;NOM,VER
fessue;fEsy;fessu;ADJ;0,01;0,01;0;6;0;4;2;ADJ
fessée;fese;fesser;VER;1;0,05;0;6;5;4;2;VER,NOM
fessée;fese;fessée;NOM;4,44;4,02;1;6;5;4;2;VER,NOM
fessés;fEse;fesser;VER;1;0,01;0;6;0;0;2;VER
festif;fEstif;festif;ADJ;0,88;0,7;1;6;6;6;2;ADJ
festin;fEst5;festin;NOM;4,5;4,05;1;6;6;5;2;NOM
feston;fEst§;feston;NOM;0,17;0,02;1;6;6;5;2;NOM
feuler;f9le;feuler;VER;0,1;0,1;1;6;6;4;2;VER
feulée;f9le;feuler;VER;0,1;0;0;6;0;4;2;VER
feurre;f9R;feurre;NOM;0;0;1;6;4;3;1;NOM
feutra;f2tRa;feutrer;VER;0,19;0;0;6;0;0;2;VER
feutre;f2tR;feutre;NOM;1,45;1,33;1;6;6;4;1;NOM,VER
feutre;f2tR;feutrer;VER;0,19;0,01;0;6;6;4;1;NOM,VER
feutré;f2tRe;feutrer;VER;0,19;0,02;0;6;6;5;2;VER,ADJ
feutré;f2tRe;feutré;ADJ;0,29;0,03;1;6;6;5;2;VER,ADJ
fiable;fjabl;fiable;ADJ;6,85;5,36;1;6;5;5;1;ADJ
fiacre;fjakR;fiacre;NOM;1,39;1,39;1;6;4;4;1;NOM
fiance;fj@s;fiancer;VER;13,3;0,46;0;6;0;0;1;VER
fiancé;fj@se;fiancer;VER;13,3;2,76;0;6;6;4;2;VER,NOM
fiancé;fj@se;fiancé;NOM;51,51;21,89;1;6;6;4;2;VER,NOM
fiança;fj@sa;fiancer;VER;13,3;0,01;0;6;0;0;2;VER
fiasco;fjasko;fiasco;NOM;1,96;1,95;1;6;5;6;2;NOM
fibres;fibR;fibre;NOM;6,65;3,97;0;6;0;4;1;NOM
fibule;fibyl;fibule;NOM;0;0;1;6;4;4;2;NOM
ficela;fis°la;ficeler;VER;0,86;0;0;6;0;0;3;VER
ficelé;fis°le;ficeler;VER;0,86;0,36;0;6;6;4;3;VER,ADJ
ficelé;fis°le;ficelé;ADJ;0,61;0,31;1;6;6;4;3;VER,ADJ
ficher;fiSe;ficher;VER;97,84;1,9;1;6;6;4;2;VER
fiches;fiS;fiche;NOM;10,46;3,01;0;6;0;3;1;NOM,VER
fiches;fiS;ficher;VER;97,84;6,86;0;6;0;3;1;NOM,VER
fichez;fiSe;ficher;VER;97,84;12,73;0;6;0;4;2;VER
fichue;fiSy;fichu;ADJ;27,51;6,34;0;6;0;4;2;ADJ
fichus;fiSy;fichu;ADJ;27,51;2,79;0;6;0;4;2;ADJ,NOM
fichus;fiSy;fichu;NOM;1,58;0,79;0;6;0;4;2;ADJ,NOM
fichât;fiSa;ficher;VER;97,84;0;0;6;0;0;2;VER
fichée;fiSe;ficher;VER;97,84;0,35;0;6;0;4;2;VER
fichés;fiSe;ficher;VER;97,84;0,2;0;6;0;4;2;VER
fictif;fiktif;fictif;ADJ;1,99;0,94;1;6;6;6;2;ADJ
fidèle;fidEl;fidèle;ADJ;24,61;20,04;1;6;6;5;2;ADJ,NOM
fidèle;fidEl;fidèle;NOM;7,16;2,82;1;6;6;5;2;ADJ,NOM
fieffé;fjefe;fieffer;VER;0,11;0,11;0;6;6;4;2;VER,ADJ
fieffé;fjefe;fieffé;ADJ;0,95;0,77;1;6;6;4;2;VER,ADJ
fiente;fj@t;fiente;NOM;0,79;0,72;1;6;6;4;1;NOM,VER
fiente;fj@t;fienter;VER;0,2;0,2;0;6;6;4;1;NOM,VER
fienté;fj@te;fienter;VER;0,2;0;0;6;0;0;2;VER
fierai;fiRE;fier;VER;14,27;0,02;0;6;0;0;2;VER
fieras;fiRa;fier;VER;14,27;0,01;0;6;0;0;2;VER
fierté;fjERte;fierté;NOM;13,58;13,56;1;6;5;5;2;NOM
fiesta;fjEsta;fiesta;NOM;2,14;2,07;1;6;4;4;2;NOM
fifres;fifR;fifre;NOM;0,1;0,03;0;6;0;4;1;NOM
figaro;figaRo;figaro;NOM;0;0;1;6;4;4;3;NOM
figent;fiZ;figer;VER;4,49;0,17;0;6;0;0;1;VER
figera;fiZ°Ra;figer;VER;4,49;0,04;0;6;0;0;3;VER
figues;fig;figue;NOM;7,38;3,94;0;6;0;3;1;NOM
figura;figyRa;figurer;VER;14,41;0,07;0;6;0;0;3;VER
figure;figyR;figure;NOM;25,18;22,49;1;6;6;5;2;NOM,VER
figure;figyR;figurer;VER;14,41;6,88;0;6;6;5;2;NOM,VER
figuré;figyRe;figurer;VER;14,41;0,22;0;6;6;6;3;VER,ADJ
figuré;figyRe;figuré;ADJ;0,57;0,56;1;6;6;6;3;VER,ADJ
figées;fiZe;figer;VER;4,49;0,02;0;6;0;3;2;VER,ADJ
figées;fiZe;figé;ADJ;0,94;0,05;0;6;0;3;2;VER,ADJ
filage;filaZ;filage;NOM;0,06;0,06;1;6;5;5;2;NOM
filais;filE;filer;VER;100,97;0,54;0;6;0;4;2;VER
filait;filE;filer;VER;100,97;1,39;0;6;0;4;2;VER
filant;fil@;filant;ADJ;1,64;0,21;1;6;6;4;2;ADJ,VER
filant;fil@;filer;VER;100,97;0,26;0;6;6;4;2;ADJ,VER
filaos;filao;filao;NOM;0;0;0;6;0;0;3;NOM
filent;fil;filer;VER;100,97;2,21;0;6;0;3;1;VER
filera;fil°Ra;filer;VER;100,97;1,03;0;6;0;0;3;VER
filets;filE;filet;NOM;15,44;4,45;0;6;0;4;2;NOM
fileté;fil°te;fileter;VER;0,01;0;0;6;6;6;3;VER,ADJ
fileté;fil°te;fileté;ADJ;0,03;0,03;1;6;6;6;3;VER,ADJ
fileur;fil9R;fileur;NOM;0,06;0,04;1;6;5;4;2;NOM
filial;filjal;filial;ADJ;0,63;0,14;1;6;6;6;2;ADJ
filiez;filje;filer;VER;100,97;0,17;0;6;0;0;2;VER
filins;fil5;filin;NOM;0,44;0,19;0;6;0;4;2;NOM
filles;fij;fille;NOM;841,56;213,97;0;6;0;3;1;NOM
fillér;fjeR;fillér;NOM;0,01;0,01;1;6;5;4;1;NOM
filmer;filme;filmer;VER;40,08;12,89;1;6;5;5;2;VER
filmes;film;filmer;VER;40,08;1,93;0;6;0;4;1;VER
filmez;filme;filmer;VER;40,08;1,64;0;6;0;5;2;VER
filmée;filme;filmer;VER;40,08;1,45;0;6;0;5;2;VER
filmés;filme;filmer;VER;40,08;1,88;0;6;0;5;2;VER
filons;fil§;filer;VER;100,97;1,33;0;6;0;4;2;VER,NOM
filons;fil§;filon;NOM;5,61;3,83;0;6;0;4;2;VER,NOM
filous;filu;filou;NOM;2,48;0,68;0;6;0;4;2;NOM
filtra;filtRa;filtrer;VER;2,58;0;0;6;0;0;2;VER
filtre;filtR;filtre;NOM;4,54;3,52;1;6;6;5;1;NOM,VER
filtre;filtR;filtrer;VER;2,58;0,73;0;6;6;5;1;NOM,VER
filtré;filtRe;filtrer;VER;2,58;0,27;0;6;0;6;2;VER
filées;file;filer;VER;100,97;0,07;0;6;0;4;2;VER
finage;finaZ;finage;NOM;0;0;1;6;5;5;2;NOM
finale;final;final;ADJ;18,2;7,67;0;6;6;5;2;ADJ,NOM
finale;final;finale;NOM;5,45;4,86;1;6;6;5;2;ADJ,NOM
finals;final;final;NOM;3,76;0,02;0;6;0;5;2;NOM
finaud;fino;finaud;ADJ;0,34;0,18;1;6;5;4;2;ADJ,NOM
finaud;fino;finaud;NOM;0,22;0,15;1;6;5;4;2;ADJ,NOM
finaux;fino;final;ADJ;18,2;0,29;0;6;0;4;2;ADJ
finies;fini;fini;ADJ;27,8;0,75;0;6;0;4;2;ADJ,VER
finies;fini;finir;VER;557,61;3,04;0;6;0;4;2;ADJ,VER
finira;finiRa;finir;VER;557,61;20,35;0;6;0;0;3;VER
finish;finiS;finish;NOM;0,32;0,32;1;6;6;5;2;NOM
fioles;fjOl;fiole;NOM;1,93;0,42;0;6;0;4;1;NOM
firent;fiR;faire;VER;8813,48;3;0;6;0;0;1;VER
firman;fiRm@;firman;NOM;0,04;0,04;1;6;6;5;2;NOM
firmes;fiRm;firme;NOM;4,32;0,25;0;6;0;4;1;NOM
fiscal;fiskal;fiscal;ADJ;4,54;1,41;1;6;6;6;2;ADJ
fiston;fist§;fiston;NOM;30,43;30,38;1;6;5;5;2;NOM
fivete;fivEt;fivete;NOM;0;0;1;6;5;3;2;NOM
fixage;fiksaZ;fixage;NOM;0;0;1;6;5;6;2;NOM
fixais;fiksE;fixer;VER;32,73;0,28;0;6;0;0;2;VER
fixait;fiksE;fixer;VER;32,73;0,95;0;6;0;0;2;VER
fixant;fiks@;fixer;VER;32,73;0,54;0;6;0;0;2;VER
fixent;fiks;fixer;VER;32,73;0,76;0;6;0;4;1;VER
fixera;fiks°Ra;fixer;VER;32,73;0,33;0;6;0;0;3;VER
fixiez;fiksje;fixer;VER;32,73;0,03;0;6;0;0;2;VER
fixing;fiksiG;fixing;NOM;0,08;0,08;1;6;5;6;2;NOM
fixité;fiksite;fixité;NOM;0,14;0,14;1;6;5;6;3;NOM
fixons;fiks§;fixer;VER;32,73;0,47;0;6;0;0;2;VER
fixées;fikse;fixer;VER;32,73;0,34;0;6;0;5;2;VER,ADJ
fixées;fikse;fixé;ADJ;2,09;0,04;0;6;0;5;2;VER,ADJ
fières;fjER;fier;ADJ;79,13;1,02;0;6;0;4;1;ADJ
fièvre;fjEvR;fièvre;NOM;25;24,23;1;6;4;4;1;NOM
fiérot;fjeRo;fiérot;ADJ;0;0;1;6;4;5;2;ADJ,NOM
fiérot;fjeRo;fiérot;NOM;0,01;0,01;1;6;4;5;2;ADJ,NOM
fjords;fjORd;fjord;NOM;1,07;0,11;0;6;0;4;1;NOM
flache;flaS;flache;NOM;0;0;1;6;5;4;1;NOM
flacon;flak§;flacon;NOM;4,93;4,12;1;6;5;5;2;NOM
flafla;flafla;flafla;NOM;0;0;1;6;4;4;2;NOM
flaira;flERa;flairer;VER;4,47;0;0;6;0;0;2;VER
flaire;flER;flairer;VER;4,47;1,67;0;6;0;4;1;VER
flairé;fleRe;flairer;VER;4,47;1;0;6;0;4;2;VER
flamba;fl@ba;flamber;VER;4,8;0,1;0;6;0;0;2;VER
flambe;fl@b;flambe;NOM;0,17;0,17;1;6;6;4;1;NOM,VER
flambe;fl@b;flamber;VER;4,8;2,05;0;6;6;4;1;NOM,VER
flambé;fl@be;flamber;VER;4,8;0,63;0;6;6;5;2;VER,ADJ
flambé;fl@be;flambé;ADJ;0,21;0,17;1;6;6;5;2;VER,ADJ
flamme;flam;flamme;NOM;26,93;12,61;1;6;6;4;1;NOM
flammé;flame;flammé;ADJ;0;0;1;6;6;5;2;ADJ
flancs;fl@;flanc;NOM;5,57;1,56;0;6;0;3;1;NOM
flapie;flapi;flapi;ADJ;0,07;0,02;0;6;0;4;2;ADJ
flapis;flapi;flapi;ADJ;0,07;0;0;6;0;4;2;ADJ
flaque;flak;flaque;NOM;3,53;2,31;1;6;4;4;1;NOM
flashe;flaS;flasher;VER;1,1;0,16;0;6;6;4;1;VER
flashs;flaS;flash;NOM;8,52;0,74;0;6;0;4;1;NOM
flashé;flaSe;flasher;VER;1,1;0,68;0;6;0;5;2;VER
flatta;flata;flatter;VER;12,36;0;0;6;0;0;2;VER
flatte;flat;flatter;VER;12,36;2,6;0;6;0;0;1;VER
flatté;flate;flatter;VER;12,36;3,56;0;6;0;5;2;VER
flegme;flEgm;flegme;NOM;0,22;0,22;1;6;6;5;1;NOM
flemme;flEm;flemme;NOM;0,49;0,49;1;6;6;4;1;NOM
fleure;fl9R;fleurer;VER;0,18;0,02;0;6;0;4;1;VER
fleuri;fl9Ri;fleuri;ADJ;1,48;0,61;1;6;6;5;2;ADJ,VER
fleuri;fl9Ri;fleurir;VER;3,95;0,69;0;6;6;5;2;ADJ,VER
fleurs;fl9R;fleur;NOM;99,75;74,56;0;6;0;4;1;NOM
fleuve;fl9v;fleuve;NOM;21,58;19,81;1;6;5;4;1;NOM
flippe;flip;flipper;VER;14,29;1,98;0;6;0;4;1;VER
flippé;flipe;flipper;VER;14,29;1,57;0;6;6;5;2;VER,ADJ,NOM
flippé;flipe;flippé;ADJ;0,32;0,18;1;6;6;5;2;VER,ADJ,NOM
flippé;flipe;flippé;NOM;0,11;0,04;1;6;6;5;2;VER,ADJ,NOM
fliqué;flike;fliqué;ADJ;0,14;0;1;6;6;5;2;ADJ
flirta;fl9Rta;flirter;VER;7,06;0,02;0;6;0;0;2;VER
flirte;fl9Rt;flirter;VER;7,06;1,42;0;6;0;5;1;VER
flirts;fl9Rt;flirt;NOM;2,29;0,31;0;6;0;5;1;NOM
flirté;fl9Rte;flirter;VER;7,06;0,71;0;6;0;6;2;VER
floche;flOS;floche;ADJ;0,03;0,03;1;6;5;4;1;ADJ,NOM
floche;flOS;floche;NOM;0;0;1;6;5;4;1;ADJ,NOM
flocon;flok§;flocon;NOM;2,61;0,19;1;6;6;5;2;NOM
flopée;flope;flopée;NOM;0,27;0,26;1;6;5;4;2;NOM
floral;floRal;floral;ADJ;0,69;0,28;1;6;6;6;2;ADJ
flores;flOR;flore;NOM;0,72;0,02;0;6;0;4;1;NOM
florin;floR5;florin;NOM;3,55;1,08;1;6;6;5;2;NOM
florès;floREs;florès;ADV;0;0;1;6;5;6;2;ADV
flotta;flota;flotter;VER;12,79;0,01;0;6;0;0;2;VER
flotte;flOt;flotte;NOM;16,36;16,22;1;6;6;4;1;NOM,VER
flotte;flOt;flotter;VER;12,79;3,78;0;6;6;4;1;NOM,VER
flotté;flote;flotter;VER;12,79;0,37;0;6;0;5;2;VER
flouer;flue;flouer;VER;0,84;0,07;1;6;6;4;2;VER
floues;flu;flou;ADJ;8,18;0,76;0;6;0;3;1;ADJ
flouse;fluz;flouse;NOM;0,01;0,01;1;6;5;4;1;NOM
flouve;fluv;flouve;NOM;0;0;1;6;5;4;1;NOM
flouze;fluz;flouze;NOM;0,23;0,23;1;6;6;4;1;NOM
flouée;flue;flouer;VER;0,84;0,06;0;6;0;4;2;VER
floués;flue;flouer;VER;0,84;0,3;0;6;0;4;2;VER
fluait;flyE;fluer;VER;0;0;0;6;0;4;2;VER
flubes;flyb;fluber;VER;0;0;0;6;0;0;1;VER
fluets;flyE;fluet;ADJ;0,32;0;0;6;0;4;2;ADJ
fluide;fl8id;fluide;ADJ;1,73;1,58;1;6;6;5;1;ADJ,NOM
fluide;fl8id;fluide;NOM;3,27;1,49;1;6;6;5;1;ADJ,NOM
flânai;flanE;flâner;VER;1,15;0;0;6;0;0;2;VER
flâner;flane;flâner;VER;1,15;0,7;1;6;6;5;2;VER
flèche;flES;flèche;NOM;12,76;8,21;1;6;3;4;1;NOM
fléaux;fleo;fléau;NOM;5,1;0,63;0;6;0;4;2;NOM
fléchi;fleSi;fléchir;VER;1,54;0,21;0;6;0;0;2;VER
fléché;fleSe;flécher;VER;0,02;0,01;0;6;6;5;2;VER,ADJ
fléché;fleSe;fléché;ADJ;0,09;0;1;6;6;5;2;VER,ADJ
fléole;fleOl;fléole;NOM;0;0;1;6;4;4;2;NOM
flétan;flet@;flétan;NOM;0,26;0,23;1;6;5;5;2;NOM
flétri;fletRi;flétrir;VER;1,78;0,32;0;6;0;0;2;VER
flûter;flyte;flûter;VER;0,14;0,14;1;6;6;5;2;VER
flûtes;flyt;flûte;NOM;10,13;1,02;0;6;0;4;1;NOM
flûtée;flyte;flûter;VER;0,14;0;0;6;0;5;2;VER,ADJ
flûtée;flyte;flûté;ADJ;0,01;0,01;0;6;0;5;2;VER,ADJ
flûtés;flyte;flûté;ADJ;0,01;0;0;6;0;5;2;ADJ
focale;fokal;focal;ADJ;0,68;0,36;0;6;6;5;2;ADJ,NOM
focale;fokal;focale;NOM;0,02;0,02;1;6;6;5;2;ADJ,NOM
focaux;foko;focal;ADJ;0,68;0,01;0;6;0;0;2;ADJ
foetal;fetal;foetal;ADJ;1,05;0,27;1;6;5;4;2;ADJ
foetus;fetys;foetus;NOM;3,06;3,06;1;6;5;5;2;NOM
foirer;fwaRe;foirer;VER;14,76;4,6;1;6;6;5;2;VER
foires;fwaR;foire;NOM;11,83;0,72;0;6;0;4;1;NOM,VER
foires;fwaR;foirer;VER;14,76;0,27;0;6;0;4;1;NOM,VER
foirez;fwaRe;foirer;VER;14,76;0,15;0;6;0;5;2;VER
foirée;fwaRe;foirer;VER;14,76;0,11;0;6;0;5;2;VER
foirés;fwaRe;foirer;VER;14,76;0,03;0;6;0;5;2;VER
foison;fwaz§;foison;NOM;0,31;0,31;1;6;6;5;2;NOM
folies;foli;folie;NOM;52,39;3,38;0;6;0;4;2;NOM
folios;foljo;folio;NOM;0,02;0;0;6;0;4;2;NOM
folklo;fOlklo;folklo;ADJ;0,04;0,04;1;6;6;6;2;ADJ
folles;fOl;fou;ADJ;321,31;6,47;0;6;0;3;1;ADJ,NOM
folles;fOl;fou;NOM;94,17;2,33;0;6;0;3;1;ADJ,NOM
follet;folE;follet;ADJ;0,3;0,08;1;6;6;4;2;ADJ,NOM
follet;folE;follet;NOM;0;0;1;6;6;4;2;ADJ,NOM
foncer;f§se;foncer;VER;30,27;3,34;1;6;6;4;2;VER
fonces;f§s;foncer;VER;30,27;1,16;0;6;0;0;1;VER
foncez;f§se;foncer;VER;30,27;2,69;0;6;0;4;2;VER
foncée;f§se;foncer;VER;30,27;0,33;0;6;0;4;2;VER,ADJ
foncée;f§se;foncé;ADJ;4,06;0,75;0;6;0;4;2;VER,ADJ
foncés;f§se;foncer;VER;30,27;0,04;0;6;0;4;2;VER,ADJ
foncés;f§se;foncé;ADJ;4,06;0,69;0;6;0;4;2;VER,ADJ
fonder;f§de;fonder;VER;15,97;4,21;1;6;6;4;2;VER
fondez;f§de;fonder;VER;15,97;0,33;0;6;0;4;2;VER
fondis;f§di;fondre;VER;17,32;0;0;6;0;0;2;VER
fondit;f§di;fondre;VER;17,32;0,04;0;6;0;0;2;VER
fondra;f§dRa;fondre;VER;17,32;0,28;0;6;0;0;2;VER
fondre;f§dR;fondre;VER;17,32;8,05;1;6;6;4;1;VER
fondue;f§dy;fondre;VER;17,32;0,82;0;6;6;4;2;VER,NOM
fondue;f§dy;fondue;NOM;1,08;1,04;1;6;6;4;2;VER,NOM
fondus;f§dy;fondre;VER;17,32;0,06;0;6;0;4;2;VER,ADJ,NOM
fondus;f§dy;fondu;ADJ;1,82;0,22;0;6;0;4;2;VER,ADJ,NOM
fondus;f§dy;fondu;NOM;0,73;0,09;0;6;0;4;2;VER,ADJ,NOM
fondât;f§da;fonder;VER;15,97;0;0;6;0;0;2;VER
fondée;f§de;fonder;VER;15,97;1,28;0;6;0;4;2;VER,ADJ
fondée;f§de;fondé;ADJ;1,22;0,44;0;6;0;4;2;VER,ADJ
fondés;f§de;fonder;VER;15,97;0,46;0;6;0;4;2;VER,ADJ
fondés;f§de;fondé;ADJ;1,22;0,13;0;6;0;4;2;VER,ADJ
fondît;f§di;fondre;VER;17,32;0;0;6;0;0;2;VER
fongus;f§gy;fongus;NOM;0,04;0,04;1;6;6;3;2;NOM
fontes;f§t;fonte;NOM;0,74;0;0;6;0;3;1;NOM
fonçai;f§sE;foncer;VER;30,27;0,01;0;6;0;0;2;VER
forage;foRaZ;forage;NOM;0,91;0,82;1;6;5;5;2;NOM
forain;foR5;forain;ADJ;2,14;0,39;1;6;5;4;2;ADJ,NOM
forain;foR5;forain;NOM;0,44;0,1;1;6;5;4;2;ADJ,NOM
forait;foRE;forer;VER;1,66;0,14;0;6;0;4;2;VER
forant;foR@;forer;VER;1,66;0,02;0;6;0;0;2;VER
forban;fORb@;forban;NOM;0,19;0,03;1;6;4;4;2;NOM
forcer;fORse;forcer;VER;64,64;16,33;1;6;6;5;2;VER
forces;fORs;force;NOM;151,96;43,67;0;6;0;4;1;NOM,VER
forces;fORs;forcer;VER;64,64;1,45;0;6;0;4;1;NOM,VER
forcez;fORse;forcer;VER;64,64;2,81;0;6;0;5;2;VER
forcir;fORsiR;forcir;VER;0,14;0,01;1;6;6;6;2;VER
forcis;fORsi;forcir;VER;0,14;0;0;6;0;0;2;VER
forcit;fORsi;forcir;VER;0,14;0,11;0;6;0;0;2;VER
forcée;fORse;forcer;VER;64,64;6,41;0;6;0;5;2;VER,ADJ
forcée;fORse;forcé;ADJ;4,63;0,98;0;6;0;5;2;VER,ADJ
forcés;fORse;forcer;VER;64,64;2,67;0;6;0;5;2;VER,ADJ
forcés;fORse;forcé;ADJ;4,63;1,01;0;6;0;5;2;VER,ADJ
forent;fOR;forer;VER;1,66;0,01;0;6;0;3;1;VER
forets;foRE;foret;NOM;1,56;0,4;0;6;0;4;2;NOM
foreur;foR9R;foreur;ADJ;0,43;0,42;1;6;5;4;2;ADJ,NOM
foreur;foR9R;foreur;NOM;1,2;0,23;1;6;5;4;2;ADJ,NOM
forgea;fORZa;forger;VER;9,02;0;0;6;0;0;2;VER
forger;fORZe;forger;VER;9,02;3,16;1;6;6;5;2;VER
forges;fORZ;forge;NOM;1,64;0,13;0;6;0;4;1;NOM,VER
forges;fORZ;forger;VER;9,02;0,01;0;6;0;4;1;NOM,VER
forgée;fORZe;forger;VER;9,02;0,92;0;6;0;5;2;VER
forgés;fORZe;forger;VER;9,02;0,45;0;6;0;5;2;VER
formai;fORmE;former;VER;39,69;0;0;6;0;0;2;VER
format;fORma;format;NOM;1,9;1,8;1;6;6;5;2;NOM
formel;fORmEl;formel;ADJ;4,55;2,4;1;6;6;6;2;ADJ
former;fORme;former;VER;39,69;8,18;1;6;6;5;2;VER
formes;fORm;forme;NOM;94,19;11,58;0;6;0;4;1;NOM,VER
formes;fORm;former;VER;39,69;0,47;0;6;0;4;1;NOM,VER
formez;fORme;former;VER;39,69;2,7;0;6;0;5;2;VER
formid;fORmid;formid;ADJ;0,02;0,02;1;6;6;6;2;ADJ
formol;fORmOl;formol;NOM;0,88;0,88;1;6;5;5;2;NOM
formée;fORme;former;VER;39,69;2;0;6;0;5;2;VER,ADJ
formée;fORme;formé;ADJ;0,93;0,09;0;6;0;5;2;VER,ADJ
formés;fORme;former;VER;39,69;1,49;0;6;0;5;2;VER,ADJ
formés;fORme;formé;ADJ;0,93;0,27;0;6;0;5;2;VER,ADJ
fortes;fORt;fort;ADJ;95,28;7,92;0;6;0;4;1;ADJ
fortin;fORt5;fortin;NOM;0,33;0,32;1;6;6;5;2;NOM
forums;foROm;forum;NOM;1,4;0,26;0;6;0;4;2;NOM
forçai;fORsE;forcer;VER;64,64;0,11;0;6;0;0;2;VER
forçat;fORsa;forçat;NOM;1,26;0,3;1;6;6;5;2;NOM
forçât;fORsa;forcer;VER;64,64;0;0;6;0;5;2;VER
forêts;foRE;forêt;NOM;34,94;5,37;0;6;0;4;2;NOM
fosses;fOs;fosse;NOM;7,92;1,27;0;6;0;3;1;NOM
fossés;fose;fossé;NOM;4,71;0,61;0;6;0;4;2;NOM
foudre;fudR;foudre;NOM;12,94;12,5;1;6;6;4;1;NOM
fouets;fwE;fouet;NOM;8,56;0,63;0;6;0;3;1;NOM
foufou;fufu;foufou;ADJ;0,44;0,42;1;6;6;4;2;ADJ
fougue;fug;fougue;NOM;1,17;1,17;1;6;6;3;1;NOM
fouies;fwi;fouir;VER;0,04;0;0;6;0;0;1;VER
fouine;fwin;fouine;NOM;2,87;2,45;1;6;6;4;1;NOM,VER
fouine;fwin;fouiner;VER;5,54;0,77;0;6;6;4;1;NOM,VER
fouiné;fwine;fouiner;VER;5,54;0,39;0;6;0;5;2;VER
foulbé;fulbe;foulbé;ADJ;0;0;1;6;5;4;2;ADJ
fouler;fule;fouler;VER;3,06;0,65;1;6;6;4;2;VER
foules;ful;foule;NOM;27,81;1,86;0;6;0;3;1;NOM,VER
foules;ful;fouler;VER;3,06;0,01;0;6;0;3;1;NOM,VER
foulon;ful§;foulon;NOM;0,14;0,14;1;6;6;4;2;NOM
foulée;fule;fouler;VER;3,06;0,29;0;6;5;4;2;VER,NOM
foulée;fule;foulée;NOM;0,56;0,5;1;6;5;4;2;VER,NOM
foulés;fule;fouler;VER;3,06;0,03;0;6;0;4;2;VER
fourbe;fuRb;fourbe;ADJ;1,7;1,32;1;6;6;4;1;ADJ,NOM
fourbe;fuRb;fourbe;NOM;1,52;1,12;1;6;6;4;1;ADJ,NOM
fourbi;fuRbi;fourbi;ADJ;0,01;0,01;1;6;6;5;2;ADJ,NOM,VER
fourbi;fuRbi;fourbi;NOM;0,78;0,77;1;6;6;5;2;ADJ,NOM,VER
fourbi;fuRbi;fourbir;VER;0,03;0;0;6;6;5;2;ADJ,NOM,VER
fourbu;fuRby;fourbu;ADJ;0,42;0,12;1;6;6;5;2;ADJ
fourme;fuRm;fourme;NOM;0;0;1;6;6;4;1;NOM
fourmi;fuRmi;fourmi;NOM;9,61;2,78;1;6;6;5;2;NOM
fourni;fuRni;fourni;ADJ;0,56;0,16;1;6;6;5;2;ADJ,VER
fourni;fuRni;fournir;VER;25,67;4,21;0;6;6;5;2;ADJ,VER
fourra;fuRa;fourrer;VER;14,05;0,12;0;6;0;0;2;VER
fourre;fuR;fourre;NOM;0,03;0,03;1;6;6;3;1;NOM,VER
fourre;fuR;fourrer;VER;14,05;2,86;0;6;6;3;1;NOM,VER
fourré;fuRe;fourrer;VER;14,05;3,42;0;6;6;4;2;VER,ADJ,NOM
fourré;fuRe;fourré;ADJ;2,6;1,36;1;6;6;4;2;VER,ADJ,NOM
fourré;fuRe;fourré;NOM;1,18;0,46;1;6;6;4;2;VER,ADJ,NOM
foutes;fut;foutre;VER;400,67;0,27;0;6;0;3;1;VER
foutez;fute;foutre;VER;400,67;32,65;0;6;0;0;2;VER
foutit;futi;foutre;VER;400,67;0;0;6;0;0;2;VER
foutra;futRa;foutre;VER;400,67;1,58;0;6;0;0;2;VER
foutre;futR;foutre;NOM;3,62;3,62;1;6;6;4;1;NOM,VER
foutre;futR;foutre;VER;400,67;97,99;1;6;6;4;1;NOM,VER
foutue;futy;foutre;VER;400,67;7,78;0;6;0;4;2;VER,ADJ
foutue;futy;foutu;ADJ;33,23;10,35;0;6;0;4;2;VER,ADJ
foutus;futy;foutre;VER;400,67;6,54;0;6;0;4;2;VER,ADJ
foutus;futy;foutu;ADJ;33,23;4,1;0;6;0;4;2;VER,ADJ
foutît;futi;foutre;VER;400,67;0;0;6;0;0;2;VER
foyard;fwajaR;foyard;NOM;0;0;1;6;4;5;2;NOM
foyers;fwaje;foyer;ADJ;1,32;0,01;0;6;0;5;2;ADJ,NOM
foyers;fwaje;foyer;NOM;28,95;3,38;0;6;0;5;2;ADJ,NOM
fracas;fRaka;fracas;NOM;4,17;4,17;1;6;6;5;2;NOM
fraies;fRE;frayer;VER;2,54;0,01;0;6;0;3;1;VER
fraise;fREz;fraise;NOM;12;5,28;1;6;6;4;1;NOM,VER
fraise;fREz;fraiser;VER;1,52;0,13;0;6;6;4;1;NOM,VER
franco;fR@ko;franco;ADV;3,87;3,87;1;6;6;5;2;ADV
francs;fR@;franc;ADJ;21,67;2,38;0;6;0;3;1;ADJ,NOM
francs;fR@;franc;NOM;17,64;16,43;0;6;0;3;1;ADJ,NOM
frange;fR@Z;frange;NOM;0,97;0,69;1;6;6;4;1;NOM,VER
frange;fR@Z;franger;VER;0;0;0;6;6;4;1;NOM,VER
frangé;fR@Ze;franger;VER;0;0;0;6;0;0;2;VER
frappa;fRapa;frapper;VER;160,04;1,64;0;6;0;0;2;VER
frappe;fRap;frappe;NOM;11,61;10,87;1;6;6;4;1;NOM,VER
frappe;fRap;frapper;VER;160,04;41,37;0;6;6;4;1;NOM,VER
frappé;fRape;frapper;VER;160,04;43,83;0;6;6;5;2;VER,ADJ
frappé;fRape;frappé;ADJ;1,19;0,71;1;6;6;5;2;VER,ADJ
fraser;fRaze;fraser;VER;0,01;0,01;1;6;5;5;2;VER
frater;fRatER;frater;NOM;0,01;0,01;1;6;6;6;2;NOM
frauda;fRoda;frauder;VER;0,49;0;0;6;0;0;2;VER
fraude;fRod;fraude;NOM;5,54;4,82;1;6;6;4;1;NOM,VER
fraude;fRod;frauder;VER;0,49;0,04;0;6;6;4;1;NOM,VER
fraudé;fRode;frauder;VER;0,49;0,27;0;6;0;5;2;VER
frayai;fRejE;frayer;VER;2,54;0;0;6;0;0;2;VER
frayer;fReje;frayer;VER;2,54;1,03;1;6;6;4;2;VER
frayes;fRej;frayer;VER;2,54;0,03;0;6;0;0;1;VER
frayez;fREje;frayer;VER;2,54;0,26;0;6;0;0;2;VER
frayée;fReje;frayer;VER;2,54;0,1;0;6;5;4;2;VER,NOM
frayée;fReje;frayée;NOM;0;0;1;6;5;4;2;VER,NOM
freaks;fREk;freak;NOM;0,24;0,08;0;6;0;4;1;NOM
freina;fREna;freiner;VER;7,43;0;0;6;0;0;2;VER
freine;fREn;freiner;VER;7,43;3,52;0;6;0;4;1;VER
freins;fR5;frein;NOM;10,25;5,38;0;6;0;3;1;NOM
freiné;fRene;freiner;VER;7,43;1,04;0;6;0;5;2;VER
frelon;fR°l§;frelon;NOM;0,78;0,59;1;6;5;5;2;NOM
french;fREnS;french;NOM;0,2;0,2;1;6;4;5;1;NOM
fretin;fR°t5;fretin;NOM;0,64;0,63;1;6;5;4;2;NOM
fretta;fREta;fretter;VER;0;0;0;6;0;0;2;VER
frette;fREt;frette;NOM;0,16;0,16;1;6;6;4;1;NOM
friand;fRij@;friand;ADJ;0,47;0,29;1;6;6;5;2;ADJ,NOM
friand;fRij@;friand;NOM;0,21;0,06;1;6;6;5;2;ADJ,NOM
friche;fRiS;friche;NOM;0,32;0,28;1;6;6;4;1;NOM
fricot;fRiko;fricot;NOM;0,01;0,01;1;6;6;5;2;NOM
frigos;fRigo;frigo;NOM;19,29;0,22;0;6;0;5;2;NOM
frimas;fRima;frimas;NOM;0,11;0,11;1;6;6;5;2;NOM
frimer;fRime;frimer;VER;3,67;1,73;1;6;6;5;2;VER
frimes;fRim;frime;NOM;0,83;0,04;0;6;0;4;1;NOM,VER
frimes;fRim;frimer;VER;3,67;0,08;0;6;0;4;1;NOM,VER
frimez;fRime;frimer;VER;3,67;0,01;0;6;0;5;2;VER
frimée;fRime;frimer;VER;3,67;0;0;6;0;5;2;VER
frimés;fRime;frimer;VER;3,67;0,01;0;6;0;5;2;VER
friper;fRipe;friper;VER;0,11;0,01;1;6;6;5;2;VER
fripes;fRip;fripe;NOM;0,58;0,36;0;6;0;4;1;NOM
fripon;fRip§;fripon;ADJ;0,27;0,15;1;6;6;5;2;ADJ,NOM
fripon;fRip§;fripon;NOM;0,88;0,44;1;6;6;5;2;ADJ,NOM
frippe;fRip;frippe;NOM;0;0;1;6;5;4;1;NOM
fripée;fRipe;friper;VER;0,11;0;0;6;0;5;2;VER,ADJ
fripée;fRipe;fripé;ADJ;0,57;0,17;0;6;0;5;2;VER,ADJ
fripés;fRipe;friper;VER;0,11;0,01;0;6;0;5;2;VER,ADJ
fripés;fRipe;fripé;ADJ;0,57;0,03;0;6;0;5;2;VER,ADJ
friqué;fRike;friqué;ADJ;1,05;0,32;1;6;4;5;2;ADJ
friser;fRize;friser;VER;2,54;0,42;1;6;6;5;2;VER
frises;fRiz;frise;NOM;0,37;0,14;0;6;0;4;1;NOM,VER
frises;fRiz;friser;VER;2,54;0,06;0;6;0;4;1;NOM,VER
frisez;fRize;friser;VER;2,54;0,02;0;6;0;5;2;VER
frison;fRiz§;frison;ADJ;0;0;1;6;6;5;2;ADJ,NOM
frison;fRiz§;frison;NOM;0,1;0,1;1;6;6;5;2;ADJ,NOM
frisée;fRize;friser;VER;2,54;0,03;0;6;0;5;2;VER,ADJ
frisée;fRize;frisé;ADJ;2,72;0,4;0;6;0;5;2;VER,ADJ
frisés;fRize;friser;VER;2,54;0,13;0;6;0;5;2;VER,ADJ
frisés;fRize;frisé;ADJ;2,72;0,73;0;6;0;5;2;VER,ADJ
frites;fRit;frite;ADJ;3,98;3,47;0;6;0;4;1;ADJ,NOM
frites;fRit;frite;NOM;9,33;8,68;0;6;0;4;1;ADJ,NOM
fritte;fRit;fritte;NOM;0,01;0,01;1;6;6;4;1;NOM
froide;fRwad;froid;ADJ;127,22;21,48;0;6;0;0;1;ADJ
froidi;fRwadi;froidir;VER;0;0;0;6;0;0;2;VER
froids;fRwa;froid;ADJ;127,22;3,24;0;6;0;4;1;ADJ,NOM
froids;fRwa;froid;NOM;29,11;0,38;0;6;0;4;1;ADJ,NOM
fronce;fR§s;fronce;NOM;0,36;0,34;1;6;6;4;1;NOM,VER
fronce;fR§s;froncer;VER;0,52;0,22;0;6;6;4;1;NOM,VER
froncé;fR§se;froncer;VER;0,52;0,04;0;6;6;5;2;VER,ADJ
froncé;fR§se;froncé;ADJ;0,14;0,03;1;6;6;5;2;VER,ADJ
fronde;fR§d;fronde;NOM;1,02;0,86;1;6;6;4;1;NOM,VER
fronde;fR§d;fronder;VER;0;0;0;6;6;4;1;NOM,VER
frondé;fR§de;fronder;VER;0;0;0;6;0;0;2;VER
fronts;fR§;front;NOM;41,03;2,23;0;6;0;3;1;NOM
fronça;fR§sa;froncer;VER;0,52;0;0;6;0;0;2;VER
frotta;fRota;frotter;VER;12,52;0,01;0;6;0;0;2;VER
frotte;fROt;frotter;VER;12,52;3,9;0;6;0;0;1;VER
frotté;fRote;frotter;VER;12,52;1,25;0;6;6;5;2;VER,ADJ
frotté;fRote;frotté;ADJ;0,03;0,03;1;6;6;5;2;VER,ADJ
frugal;fRygal;frugal;ADJ;0,19;0,18;1;6;6;6;2;ADJ
fruits;fR8i;fruit;NOM;39,45;23,45;0;6;0;4;1;NOM
fruité;fR8ite;fruiter;VER;0,04;0,02;0;6;6;6;2;VER,ADJ
fruité;fR8ite;fruité;ADJ;0,38;0,31;1;6;6;6;2;VER,ADJ
fruste;fRyst;fruste;ADJ;0,51;0,37;1;6;6;5;1;ADJ
frères;fRER;frère;NOM;390,39;78,94;0;6;0;4;1;NOM
frémir;fRemiR;frémir;VER;3,86;1,38;1;6;6;6;2;VER
frémis;fRemi;frémir;VER;3,86;1,06;0;6;0;0;2;VER
frémit;fRemi;frémir;VER;3,86;0,46;0;6;0;0;2;VER
frérot;fReRo;frérot;NOM;2,5;2,46;1;6;4;4;2;NOM
fréter;fRete;fréter;VER;0,01;0,01;1;6;5;5;2;VER
frétée;fRete;fréter;VER;0,01;0;0;6;0;5;2;VER
frêles;fREl;frêle;ADJ;1,19;0,19;0;6;0;4;1;ADJ
frênes;fREn;frêne;NOM;1,81;0,1;0;6;0;4;1;NOM
frôlai;fRolE;frôler;VER;4,45;0;0;6;0;0;2;VER
frôler;fRole;frôler;VER;4,45;0,68;1;6;6;5;2;VER
frôles;fRol;frôler;VER;4,45;0,04;0;6;0;0;1;VER
frôlez;fRole;frôler;VER;4,45;0,2;0;6;0;5;2;VER
frôlât;fRola;frôler;VER;4,45;0,01;0;6;0;0;2;VER
frôlée;fRole;frôler;VER;4,45;0,16;0;6;0;5;2;VER
frôlés;fRole;frôler;VER;4,45;0,21;0;6;0;5;2;VER
fugace;fygas;fugace;ADJ;0,85;0,68;1;6;6;5;2;ADJ
fuguer;fyge;fuguer;VER;2,81;0,42;1;6;6;4;2;VER
fugues;fyg;fugue;NOM;4,16;0,55;0;6;0;3;1;NOM,VER
fugues;fyg;fuguer;VER;2,81;0,16;0;6;0;3;1;NOM,VER
fuient;f8i;fuir;VER;76,82;2,81;0;6;0;3;1;VER
fuirai;f8iRE;fuir;VER;76,82;0,31;0;6;0;0;2;VER
fuiras;f8iRa;fuir;VER;76,82;0,27;0;6;0;0;2;VER
fuirez;f8iRe;fuir;VER;76,82;0,03;0;6;0;0;2;VER
fuisse;f8is;fuir;VER;76,82;0,01;0;6;0;0;1;VER
fuiter;f8ite;fuiter;VER;0,01;0,01;1;6;6;5;2;VER
fuites;f8it;fuite;NOM;29,09;3,07;0;6;0;4;1;NOM
fumaga;fymaga;fumaga;NOM;0;0;1;6;6;5;3;NOM
fumage;fymaZ;fumage;NOM;0,07;0,07;1;6;6;5;2;NOM
fumais;fymE;fumer;VER;98,49;1,65;0;6;0;4;2;VER
fumait;fymE;fumer;VER;98,49;2,7;0;6;0;4;2;VER
fumant;fym@;fumant;ADJ;1,78;1,04;1;6;5;4;2;ADJ,VER
fumant;fym@;fumer;VER;98,49;0,51;0;6;5;4;2;ADJ,VER
fument;fym;fumer;VER;98,49;2,66;0;6;0;0;1;VER
fumera;fym°Ra;fumer;VER;98,49;0,08;0;6;0;0;3;VER
fumets;fymE;fumet;NOM;0,25;0,01;0;6;0;4;2;NOM
fumeur;fym9R;fumeur;NOM;3,85;2,09;1;6;6;4;2;NOM
fumeux;fym2;fumeux;ADJ;0,05;0,05;1;6;6;4;2;ADJ
fumier;fymje;fumier;NOM;18,74;15,66;1;6;5;4;2;NOM
fumiez;fymje;fumer;VER;98,49;0,34;0;6;0;4;2;VER
fumigé;fymiZe;fumiger;VER;0,13;0,04;0;6;0;6;3;VER
fumoir;fymwaR;fumoir;NOM;0,31;0,31;1;6;4;4;2;NOM
fumons;fym§;fumer;VER;98,49;0,68;0;6;0;0;2;VER
fumure;fymyR;fumure;NOM;0;0;1;6;4;4;2;NOM
fumées;fyme;fumer;VER;98,49;0,04;0;6;0;4;2;VER,ADJ,NOM
fumées;fyme;fumé;ADJ;3,06;0,11;0;6;0;4;2;VER,ADJ,NOM
fumées;fyme;fumée;NOM;20,25;0,34;0;6;0;4;2;VER,ADJ,NOM
furent;fyR;être;AUX;8074,24;8,96;0;6;0;0;1;AUX,VER
furent;fyR;être;VER;32236,5;6,49;0;6;0;0;1;AUX,VER
fureta;fyR°ta;fureter;VER;0,55;0;0;6;0;0;3;VER
furets;fyRE;furet;NOM;0,87;0,19;0;6;0;4;2;NOM
fureté;fyR°te;fureter;VER;0,55;0,05;0;6;0;6;3;VER
fureur;fyR9R;fureur;NOM;7,87;7,03;1;6;5;4;2;NOM
furies;fyRi;furie;NOM;2,58;0,53;0;6;0;4;2;NOM
furtif;fyRtif;furtif;ADJ;2,12;1,41;1;6;6;6;2;ADJ
furète;fyREt;fureter;VER;0,55;0,02;0;6;0;5;2;VER
fusain;fyz5;fusain;NOM;0,33;0,3;1;6;5;4;2;NOM
fusait;fyzE;fuser;VER;1,24;0,03;0;6;0;0;2;VER
fusant;fyz@;fusant;ADJ;0;0;1;6;5;4;2;ADJ,NOM,VER
fusant;fyz@;fusant;NOM;0;0;1;6;5;4;2;ADJ,NOM,VER
fusant;fyz@;fuser;VER;1,24;0;0;6;5;4;2;ADJ,NOM,VER
fuseau;fyzo;fuseau;NOM;0,61;0,39;1;6;5;4;2;NOM
fuselé;fyz°le;fuseler;VER;0,01;0,01;0;6;6;6;3;VER,ADJ
fuselé;fyz°le;fuselé;ADJ;0,14;0;1;6;6;6;3;VER,ADJ
fusent;fyz;fuser;VER;1,24;0,21;0;6;0;0;1;VER
fusils;fyzi;fusil;NOM;48,61;12,1;0;6;0;4;2;NOM
fusion;fyzj§;fusion;NOM;6,64;6,29;1;6;6;5;2;NOM
fusses;fys;être;AUX;8074,24;0,01;0;6;0;0;1;AUX,VER
fusses;fys;être;VER;32236,5;0;0;6;0;0;1;AUX,VER
fusées;fyze;fuser;VER;1,24;0,09;0;6;0;4;2;VER,NOM
fusées;fyze;fusée;NOM;10,09;4,08;0;6;0;4;2;VER,NOM
futaie;fytE;futaie;NOM;0,02;0;1;6;6;4;2;NOM
futals;fytal;futal;NOM;0,72;0,04;0;6;0;5;2;NOM
futile;fytil;futile;ADJ;2,94;2,23;1;6;6;5;2;ADJ
futons;fyt§;futon;NOM;0,32;0,03;0;6;0;4;2;NOM
future;fytyR;futur;ADJ;23,2;7,5;0;6;0;5;2;ADJ
futurs;fytyR;futur;ADJ;23,2;3,79;0;6;0;5;2;ADJ,NOM
futurs;fytyR;futur;NOM;26,33;0,6;0;6;0;5;2;ADJ,NOM
futées;fyte;futé;ADJ;9,23;0,55;0;6;0;4;2;ADJ
fuyais;f8ijE;fuir;VER;76,82;1,52;0;6;0;0;2;VER
fuyait;f8ijE;fuir;VER;76,82;1,27;0;6;0;0;2;VER
fuyant;f8ij@;fuir;VER;76,82;1,54;0;6;5;5;2;VER,ADJ,NOM
fuyant;f8ij@;fuyant;ADJ;1,09;0,68;1;6;5;5;2;VER,ADJ,NOM
fuyant;f8ij@;fuyant;NOM;0,01;0,01;1;6;5;5;2;VER,ADJ,NOM
fuyard;f8ijaR;fuyard;ADJ;0,04;0,03;1;6;5;5;2;ADJ,NOM
fuyard;f8ijaR;fuyard;NOM;1,15;0,4;1;6;5;5;2;ADJ,NOM
fuyiez;f8ijje;fuir;VER;76,82;0,26;0;6;0;0;2;VER
fuyons;f8ij§;fuir;VER;76,82;3,23;0;6;0;0;2;VER
fâchai;faSE;fâcher;VER;46,63;0;0;6;0;0;2;VER
fâcher;faSe;fâcher;VER;46,63;5,08;1;6;6;4;2;VER
fâches;faS;fâcher;VER;46,63;1,6;0;6;0;0;1;VER
fâchez;faSe;fâcher;VER;46,63;2,25;0;6;0;4;2;VER
fâchée;faSe;fâcher;VER;46,63;8,9;0;6;0;4;2;VER,ADJ
fâchée;faSe;fâché;ADJ;12,51;4,29;0;6;0;4;2;VER,ADJ
fâchés;faSe;fâcher;VER;46,63;2,13;0;6;0;4;2;VER,ADJ
fâchés;faSe;fâché;ADJ;12,51;0,84;0;6;0;4;2;VER,ADJ
fécale;fekal;fécal;ADJ;0,27;0,06;0;6;0;5;2;ADJ
fécaux;feko;fécal;ADJ;0,27;0,03;0;6;0;0;2;ADJ
fécond;fek§;fécond;ADJ;0,94;0,04;1;6;6;4;2;ADJ
fécule;fekyl;fécule;NOM;0,17;0,17;1;6;6;5;2;NOM
fédéré;fedeRe;fédérer;VER;0,09;0,01;0;6;6;6;3;VER,ADJ,NOM
fédéré;fedeRe;fédéré;ADJ;0,03;0,01;1;6;6;6;3;VER,ADJ,NOM
fédéré;fedeRe;fédéré;NOM;0,15;0,01;1;6;6;6;3;VER,ADJ,NOM
féerie;feRi;féerie;NOM;0,46;0,46;1;6;6;4;2;NOM
félidé;felide;félidé;NOM;0;0;1;6;5;5;3;NOM
féline;felin;félin;ADJ;0,34;0,2;0;6;0;0;2;ADJ
félins;fel5;félin;ADJ;0,34;0,03;0;6;0;4;2;ADJ,NOM
félins;fel5;félin;NOM;0,35;0,09;0;6;0;4;2;ADJ,NOM
félons;fel§;félon;ADJ;0,09;0,03;0;6;0;4;2;ADJ,NOM
félons;fel§;félon;NOM;0,5;0,17;0;6;0;4;2;ADJ,NOM
fémurs;femyR;fémur;NOM;1,48;0,06;0;6;0;4;2;NOM
féodal;feodal;féodal;ADJ;0,38;0,13;1;6;6;6;3;ADJ,NOM
féodal;feodal;féodal;NOM;0;0;1;6;6;6;3;ADJ,NOM
férias;feRja;féria;NOM;0,8;0;0;6;0;5;2;NOM
fériés;feRje;férié;ADJ;0,97;0,46;0;6;0;5;2;ADJ
féroce;feROs;féroce;ADJ;6,33;4,39;1;6;6;5;2;ADJ
férues;feRy;féru;ADJ;0,3;0;0;6;0;4;2;ADJ
férule;feRyl;férule;NOM;0,07;0,07;1;6;5;5;2;NOM
fétide;fetid;fétide;ADJ;1,18;1,1;1;6;6;5;2;ADJ
fêlant;fEl@;fêler;VER;1,74;0;0;6;0;0;2;VER
fêlure;felyR;fêlure;NOM;0,26;0,23;1;6;4;4;2;NOM
fêlées;fEle;fêler;VER;1,74;0,16;0;6;0;0;2;VER,ADJ,NOM
fêlées;fEle;fêlé;ADJ;0,74;0,09;0;6;0;0;2;VER,ADJ,NOM
fêlées;fEle;fêlé;NOM;1;0,03;0;6;0;0;2;VER,ADJ,NOM
fêtait;fEtE;fêter;VER;36,97;0,93;0;6;0;0;2;VER
fêtant;fEt@;fêter;VER;36,97;0,05;0;6;0;0;2;VER
fêtard;fEtaR;fêtard;NOM;0,77;0,34;1;6;4;5;2;NOM
fêtent;fEt;fêter;VER;36,97;0,95;0;6;0;3;1;VER
fêtera;fEt°Ra;fêter;VER;36,97;1,06;0;6;0;0;3;VER
fêtons;fEt§;fêter;VER;36,97;2,34;0;6;0;0;2;VER
führer;fyR9R;führer;NOM;23,86;23,84;1;6;2;4;2;NOM
gabare;gabaR;gabare;NOM;0,1;0,1;1;6;6;5;2;NOM
gabbro;gabRo;gabbro;NOM;0,01;0,01;1;6;4;4;2;NOM
gabier;gabje;gabier;NOM;0,13;0,09;1;6;5;5;2;NOM
gabion;gabj§;gabion;NOM;0;0;1;6;5;5;2;NOM
gables;gabl;gable;NOM;0,14;0,14;0;6;0;4;1;NOM
gadget;gadZEt;gadget;NOM;2,8;1,31;1;6;4;5;2;NOM
gadins;gad5;gadin;NOM;0,12;0;0;6;0;4;2;NOM
gadoue;gadu;gadoue;NOM;0,37;0,37;1;6;6;4;2;NOM
gaffer;gafe;gaffer;VER;5,2;0,07;1;6;6;4;2;VER
gaffes;gaf;gaffe;NOM;34,68;0,76;0;6;0;3;1;NOM,VER
gaffes;gaf;gaffer;VER;5,2;0,04;0;6;0;3;1;NOM,VER
gaffez;gafe;gaffer;VER;5,2;0,11;0;6;0;4;2;VER
gaffée;gafe;gaffer;VER;5,2;0;0;6;0;4;2;VER
gaffés;gafe;gaffer;VER;5,2;0;0;6;0;4;2;VER
gagnai;gaNE;gagner;VER;294,44;0;0;6;0;0;2;VER
gagner;gaNe;gagner;VER;294,44;92,72;1;6;6;4;2;VER
gagnes;gaN;gagner;VER;294,44;11,04;0;6;0;0;1;VER
gagnez;gaNe;gagner;VER;294,44;7,04;0;6;0;4;2;VER
gagnât;gaNa;gagner;VER;294,44;0;0;6;0;0;2;VER
gagnée;gaNe;gagner;VER;294,44;2,85;0;6;0;4;2;VER,ADJ
gagnée;gaNe;gagné;ADJ;6,09;0,45;0;6;0;4;2;VER,ADJ
gagnés;gaNe;gagner;VER;294,44;1,02;0;6;0;4;2;VER,ADJ
gagnés;gaNe;gagné;ADJ;6,09;0,1;0;6;0;4;2;VER,ADJ
gaieté;gete;gaieté;NOM;2,81;2,81;1;6;5;4;2;NOM
gainer;gene;gainer;VER;0,08;0,05;1;6;6;3;2;VER
gaines;gEn;gaine;NOM;2,15;0,99;0;6;0;3;1;NOM
gainée;gEne;gainer;VER;0,08;0,01;0;6;0;0;2;VER
gainés;gEne;gainer;VER;0,08;0,01;0;6;0;0;2;VER,ADJ
gainés;gEne;gainé;ADJ;0;0;0;6;0;0;2;VER,ADJ
galago;galago;galago;NOM;0,02;0,02;1;6;5;5;3;NOM
galant;gal@;galant;ADJ;5,39;4,66;1;6;6;4;2;ADJ,NOM
galant;gal@;galant;NOM;1,68;1,41;1;6;6;4;2;ADJ,NOM
galate;galat;galate;NOM;0,05;0,01;1;6;6;5;2;NOM
galber;galbe;galber;VER;0,1;0;1;6;6;5;2;VER
galbes;galb;galbe;NOM;0,06;0,01;0;6;0;4;1;NOM
galbée;galbe;galber;VER;0,1;0;0;6;0;5;2;VER,ADJ
galbée;galbe;galbé;ADJ;0,04;0,02;0;6;0;5;2;VER,ADJ
galbés;galbe;galber;VER;0,1;0,1;0;6;0;5;2;VER,ADJ
galbés;galbe;galbé;ADJ;0,04;0,01;0;6;0;5;2;VER,ADJ
galets;galE;galet;NOM;1,18;0,65;0;6;0;4;2;NOM
galeux;gal2;galeux;ADJ;2,09;0,97;1;6;5;4;2;ADJ,NOM
galeux;gal2;galeux;NOM;0,12;0,12;1;6;5;4;2;ADJ,NOM
galion;galj§;galion;NOM;0,23;0,21;1;6;6;5;2;NOM
galles;gal;galle;NOM;0,02;0,02;0;6;0;3;1;NOM
gallon;gal§;gallon;NOM;0,63;0,18;1;6;6;4;2;NOM
gallos;galo;gallo;ADJ;1,54;0;0;6;0;4;2;ADJ,NOM
gallos;galo;gallo;NOM;0,47;0;0;6;0;4;2;ADJ,NOM
galons;gal§;galon;NOM;3,16;2,28;0;6;0;4;2;NOM
galopa;galopa;galoper;VER;3,14;0,14;0;6;0;0;3;VER
galope;galOp;galope;NOM;0,56;0,56;1;6;6;5;2;NOM,VER
galope;galOp;galoper;VER;3,14;0,63;0;6;6;5;2;NOM,VER
galops;galo;galop;NOM;2,83;0;0;6;0;4;2;NOM
galopé;galope;galoper;VER;3,14;0,6;0;6;0;6;3;VER
galoup;galu;galoup;NOM;0;0;1;6;6;4;2;NOM
galure;galyR;galure;NOM;0,09;0,08;1;6;6;5;2;NOM
galène;galEn;galène;NOM;0,23;0,23;1;6;5;5;2;NOM
galère;galER;galer;NOM;8,12;8,12;0;6;5;0;2;NOM,VER
galère;galER;galérer;VER;0,91;0,11;0;6;5;0;2;NOM,VER
galées;gale;galée;NOM;0,04;0,04;0;6;0;4;2;NOM
galéré;galeRe;galérer;VER;0,91;0,23;0;6;0;6;3;VER
gambas;g@bas;gamba;NOM;0,45;0,45;0;6;0;0;2;NOM
gambit;g@bi;gambit;NOM;0,04;0,04;1;6;6;4;2;NOM
gamine;gamin;gamin;ADJ;22,15;4,24;0;6;0;0;2;ADJ,NOM
gamine;gamin;gamin;NOM;92,22;12;0;6;0;0;2;ADJ,NOM
gamins;gam5;gamin;ADJ;22,15;1,32;0;6;0;4;2;ADJ,NOM
gamins;gam5;gamin;NOM;92,22;22,15;0;6;0;4;2;ADJ,NOM
gammas;gama;gammas;NOM;0,04;0,04;1;6;6;4;2;NOM
gammes;gam;gamme;NOM;3,22;0,55;0;6;0;3;1;NOM
gammée;game;gammée;ADJ;1,27;0,2;1;6;5;4;2;ADJ
gamète;gamEt;gamète;NOM;0,03;0,01;1;6;4;5;2;NOM
gandin;g@d5;gandin;NOM;0,56;0,56;1;6;5;4;2;NOM
gangue;g@g;gangue;NOM;0,01;0,01;1;6;5;3;1;NOM
ganses;g@s;ganse;NOM;0,04;0,02;0;6;0;3;1;NOM
gansée;g@se;ganser;VER;0;0;0;6;0;0;2;VER
gantée;g@te;ganter;VER;0,14;0,01;0;6;0;4;2;VER,ADJ
gantée;g@te;ganté;ADJ;0,06;0,01;0;6;0;4;2;VER,ADJ
gantés;g@te;ganter;VER;0,14;0,1;0;6;0;4;2;VER,ADJ
gantés;g@te;ganté;ADJ;0,06;0;0;6;0;4;2;VER,ADJ
garage;gaRaZ;garage;NOM;25,25;24,41;1;6;6;5;2;NOM
garais;gaRE;garer;VER;27,16;0,07;0;6;0;0;2;VER
garait;gaRE;garer;VER;27,16;0,05;0;6;0;0;2;VER
garant;gaR@;garant;ADJ;2,39;2,19;1;6;6;4;2;ADJ,NOM,VER
garant;gaR@;garant;NOM;0,97;0,71;1;6;6;4;2;ADJ,NOM,VER
garant;gaR@;garer;VER;27,16;0,16;0;6;6;4;2;ADJ,NOM,VER
garces;gaRs;garce;NOM;21,71;1,46;0;6;0;4;1;NOM
gardai;gaRdE;garder;VER;338,4;0,12;0;6;0;0;2;VER
garder;gaRde;garder;VER;338,4;123,09;1;6;6;5;2;VER
gardes;gaRd;garde;NOM;104,47;27,7;0;6;0;4;1;NOM,VER
gardes;gaRd;garder;VER;338,4;11,06;0;6;0;4;1;NOM,VER
gardez;gaRde;garder;VER;338,4;39,17;0;6;0;5;2;VER
gardon;gaRd§;gardon;NOM;1,06;0,44;1;6;6;5;2;NOM
gardât;gaRda;garder;VER;338,4;0;0;6;0;0;2;VER
gardée;gaRde;garder;VER;338,4;3,87;0;6;0;5;2;VER,ADJ
gardée;gaRde;gardé;ADJ;2,64;0,85;0;6;0;5;2;VER,ADJ
gardés;gaRde;garder;VER;338,4;1,5;0;6;0;5;2;VER,ADJ
gardés;gaRde;gardé;ADJ;2,64;0,08;0;6;0;5;2;VER,ADJ
garent;gaR;garer;VER;27,16;0,14;0;6;0;3;1;VER
garnie;gaRni;garni;ADJ;0,66;0,16;0;6;0;5;2;ADJ,VER
garnie;gaRni;garnir;VER;1,04;0,34;0;6;0;5;2;ADJ,VER
garnir;gaRniR;garnir;VER;1,04;0,16;1;6;6;6;2;VER
garnis;gaRni;garni;ADJ;0,66;0,21;0;6;0;5;2;ADJ,NOM,VER
garnis;gaRni;garni;NOM;0,07;0,03;0;6;0;5;2;ADJ,NOM,VER
garnis;gaRni;garnir;VER;1,04;0,17;0;6;0;5;2;ADJ,NOM,VER
garnit;gaRni;garnir;VER;1,04;0,02;0;6;0;5;2;VER
garons;gaR§;garer;VER;27,16;0,04;0;6;0;0;2;VER
garrot;gaRo;garrot;NOM;1,58;1,55;1;6;6;4;2;NOM
garçon;gaRs§;garçon;NOM;251,51;188,41;1;6;6;5;2;NOM
garées;gaRe;garer;VER;27,16;0,3;0;6;0;4;2;VER
gascon;gask§;gascon;ADJ;0,58;0,47;1;6;4;4;2;ADJ,NOM
gascon;gask§;gascon;NOM;0,44;0,38;1;6;4;4;2;ADJ,NOM
gasoil;gazwal;gasoil;NOM;0,49;0,49;1;6;4;4;2;NOM
gaster;gastER;gaster;NOM;0,01;0,01;1;6;5;5;2;NOM
gastro;gastRo;gastro;NOM;0,66;0,66;1;6;6;6;2;NOM
gauche;goS;gauche;ADJ;45,88;45,51;1;6;6;3;1;ADJ,NOM
gauche;goS;gauche;NOM;71,78;71,66;1;6;6;3;1;ADJ,NOM
gauchi;goSi;gauchir;VER;0,02;0,01;0;6;0;0;2;VER
gaucho;goSo;gaucho;NOM;0,35;0,28;1;6;6;4;2;NOM
gaufre;gofR;gaufre;NOM;3,03;0,58;1;6;6;4;1;NOM,VER
gaufre;gofR;gaufrer;VER;0,04;0,01;0;6;6;4;1;NOM,VER
gaufré;gofRe;gaufrer;VER;0,04;0,02;0;6;6;5;2;VER,ADJ
gaufré;gofRe;gaufré;ADJ;0,04;0,04;1;6;6;5;2;VER,ADJ
gauldo;goldo;gauldo;NOM;0;0;1;6;5;4;2;NOM
gauler;gole;gauler;VER;0,75;0,35;1;6;6;4;2;VER
gaules;gol;gaul;NOM;0;0;0;6;0;3;1;NOM
gaules;gol;gaule;NOM;0,85;0,1;0;6;0;3;1;NOM
gaulis;goli;gaulis;NOM;0;0;1;6;5;4;2;NOM
gaulle;gol;gaulle;NOM;0;0;1;6;6;3;1;NOM
gaulée;gole;gauler;VER;0,75;0,19;0;6;5;4;2;VER,NOM
gaulée;gole;gaulée;NOM;0,01;0,01;1;6;5;4;2;VER,NOM
gausse;gos;gausser;VER;0,15;0,07;0;6;0;3;1;VER
gaussé;gose;gausser;VER;0,15;0;0;6;0;4;2;VER
gavage;gavaZ;gavage;NOM;0,06;0,06;1;6;4;4;2;NOM
gavais;gavE;gaver;VER;4,19;0,02;0;6;0;0;2;VER
gavait;gavE;gaver;VER;4,19;0,23;0;6;0;0;2;VER
gavant;gav@;gaver;VER;4,19;0,05;0;6;0;0;2;VER
gavent;gav;gaver;VER;4,19;0,19;0;6;0;3;1;VER
gavera;gav°Ra;gaver;VER;4,19;0,01;0;6;0;0;3;VER
gavial;gavjal;gavial;NOM;0;0;1;6;5;5;2;NOM
gaviot;gavjo;gaviot;NOM;0;0;1;6;5;5;2;NOM
gavons;gav§;gaver;VER;4,19;0,03;0;6;0;0;2;VER
gavées;gave;gaver;VER;4,19;0,01;0;6;0;4;2;VER
gazage;gazaZ;gazage;NOM;0,02;0,02;1;6;4;4;2;NOM
gazait;gazE;gazer;VER;5,39;0,02;0;6;0;0;2;VER
gazera;gaz°Ra;gazer;VER;5,39;0,11;0;6;0;0;3;VER
gazeux;gaz2;gazeux;ADJ;2,26;0,37;1;6;5;4;2;ADJ
gazier;gazje;gazier;ADJ;0;0;1;6;5;4;2;ADJ,NOM
gazier;gazje;gazier;NOM;0,03;0,02;1;6;5;4;2;ADJ,NOM
gazole;gazOl;gazole;NOM;0,22;0,22;1;6;6;5;2;NOM
gazons;gaz§;gazer;VER;5,39;0,01;0;6;0;4;2;VER,NOM
gazons;gaz§;gazon;NOM;3,81;0,22;0;6;0;4;2;VER,NOM
gazées;gaze;gazer;VER;5,39;0,02;0;6;0;4;2;VER
gaîtés;gEte;gaîté;NOM;0,55;0;0;6;0;0;2;NOM
geckos;ZEko;gecko;NOM;0,32;0,07;0;6;0;3;2;NOM
geisha;geSa;geisha;NOM;2,6;2,23;1;6;4;3;2;NOM
gelais;Z°lE;geler;VER;23,41;0,07;0;6;0;0;2;VER
gelait;Z°lE;geler;VER;23,41;0,91;0;6;0;0;2;VER
gelant;Z°l@;geler;VER;23,41;0,17;0;6;0;0;2;VER
geline;Z°lin;geline;NOM;0,01;0,01;1;6;6;4;2;NOM
gelons;Z°l§;geler;VER;23,41;0,03;0;6;0;0;2;VER
gelure;Z°lyR;gelure;NOM;0,15;0,02;1;6;4;4;2;NOM
gelées;Z°le;geler;VER;23,41;0,71;0;6;0;4;2;VER,NOM
gelées;Z°le;gelée;NOM;4,31;0,39;0;6;0;4;2;VER,NOM
gemmes;ZEm;gemme;NOM;0,3;0,19;0;6;0;3;1;NOM
gendre;Z@dR;gendre;NOM;5,71;5,71;1;6;5;4;1;NOM
genoux;Z°nu;genou;NOM;54,24;42,82;0;6;0;4;2;NOM
genres;Z@R;genre;NOM;221,51;1,85;0;6;0;3;1;NOM
gentes;Z@t;gent;ADJ;1,56;0,18;0;6;0;3;1;ADJ
gentil;Z@ti;gentil;ADJ;192,64;134,11;1;6;6;4;2;ADJ,NOM
gentil;Z@ti;gentil;NOM;9,98;7,61;1;6;6;4;2;ADJ,NOM
gentry;dZEntRi;gentry;NOM;0,28;0,28;1;6;5;6;2;NOM
genèse;Z°nEz;genèse;NOM;0,15;0,15;1;6;4;5;2;NOM
genêts;Z°nE;genêt;NOM;0,25;0,01;0;6;0;4;2;NOM
gerber;ZERbe;gerber;VER;8,28;6,49;1;6;6;5;2;VER
gerbes;ZERb;gerbe;NOM;2,06;0,38;0;6;0;4;1;NOM,VER
gerbes;ZERb;gerber;VER;8,28;0,05;0;6;0;4;1;NOM,VER
gerbée;ZERbe;gerber;VER;8,28;0;0;6;0;5;2;VER
gerbés;ZERbe;gerber;VER;8,28;0;0;6;0;5;2;VER
gercer;ZERse;gercer;VER;0,26;0,01;1;6;6;4;2;VER
gerces;ZERs;gerce;NOM;0;0;0;6;0;0;1;NOM
gercée;ZERse;gercer;VER;0,26;0;0;6;0;4;2;VER
gercés;ZERse;gercer;VER;0,26;0;0;6;0;4;2;VER
germen;ZERmEn;germen;NOM;0;0;1;6;6;5;2;NOM
germer;ZERme;germer;VER;1,02;0,23;1;6;6;5;2;VER
germes;ZERm;germe;NOM;1,98;1,42;0;6;0;4;1;NOM
germée;ZERme;germer;VER;1,02;0;0;6;0;5;2;VER,ADJ
germée;ZERme;germé;ADJ;0,02;0;0;6;0;5;2;VER,ADJ
gerris;ZERi;gerris;NOM;0,03;0,03;1;6;4;4;2;NOM
gestes;ZEst;geste;NOM;40,78;9,36;0;6;0;4;1;NOM
geyser;ZEzER;geyser;NOM;0,22;0,17;1;6;3;4;2;NOM
geôles;Zol;geôle;NOM;0,27;0,18;0;6;0;3;1;NOM
ghetto;gEto;ghetto;NOM;5,42;5;1;6;3;4;2;NOM
giaour;ZjauR;giaour;NOM;0,1;0,1;1;6;3;3;2;NOM
gibbon;Zib§;gibbon;NOM;0,19;0,02;1;6;6;4;2;NOM
gibets;ZibE;gibet;NOM;1,43;0,34;0;6;0;4;2;NOM
gibier;Zibje;gibier;NOM;6,5;5,79;1;6;4;4;2;NOM
gicler;Zikle;gicler;VER;3,68;0,76;1;6;6;5;2;VER
gicles;Zikl;gicler;VER;3,68;0,45;0;6;0;0;1;VER
giclez;Zikle;gicler;VER;3,68;0,01;0;6;0;5;2;VER
giclée;Zikle;gicler;VER;3,68;0,01;0;6;5;5;2;VER,NOM
giclée;Zikle;giclée;NOM;0,38;0,35;1;6;5;5;2;VER,NOM
gidien;Zidj5;gidien;ADJ;0;0;1;6;4;4;2;ADJ
giflai;ZiflE;gifler;VER;6,77;0;0;6;0;0;2;VER
gifler;Zifle;gifler;VER;6,77;1,96;1;6;6;5;2;VER
gifles;Zifl;gifle;NOM;4,47;0,88;0;6;0;4;1;NOM,VER
gifles;Zifl;gifler;VER;6,77;0,26;0;6;0;4;1;NOM,VER
giflez;Zifle;gifler;VER;6,77;0,14;0;6;0;5;2;VER
giflât;Zifla;gifler;VER;6,77;0;0;6;0;0;2;VER
giflée;Zifle;gifler;VER;6,77;0,84;0;6;0;5;2;VER
giflés;Zifle;gifler;VER;6,77;0;0;6;0;5;2;VER
gigolo;Zigolo;gigolo;NOM;1,23;1,01;1;6;6;6;3;NOM
gigota;Zigota;gigoter;VER;1,85;0;0;6;0;0;3;VER
gigote;ZigOt;gigoter;VER;1,85;0,43;0;6;0;0;2;VER
gigots;Zigo;gigot;NOM;1,46;0,05;0;6;0;4;2;NOM
gigoté;ZigOte;gigoter;VER;1,85;0,01;0;6;6;5;3;VER,ADJ
gigoté;ZigOte;gigoté;ADJ;0,01;0,01;1;6;6;5;3;VER,ADJ
gilets;ZilE;gilet;NOM;6,06;0,93;0;6;0;4;2;NOM
gilles;Zil;gille;NOM;2,43;2,43;0;6;0;0;1;NOM
gingin;Z5Z5;gingin;NOM;0;0;1;6;6;4;2;NOM
ginkgo;Z5ko;ginkgo;NOM;0,06;0,06;1;6;4;3;2;NOM
girafe;ZiRaf;girafe;NOM;3,5;2,71;1;6;6;5;2;NOM
giries;ZiRi;girie;NOM;0;0;0;6;0;4;2;NOM
girond;ZiR§;girond;ADJ;0,17;0,01;1;6;6;4;2;ADJ
gisais;ZizE;gésir;VER;4,77;0,49;0;6;0;0;2;VER
gisait;ZizE;gésir;VER;4,77;1,2;0;6;0;0;2;VER
gisant;Ziz@;gisant;ADJ;0,33;0,2;1;6;4;4;2;ADJ,NOM,VER
gisant;Ziz@;gisant;NOM;0,02;0,02;1;6;4;4;2;ADJ,NOM,VER
gisant;Ziz@;gésir;VER;4,77;0,33;0;6;4;4;2;ADJ,NOM,VER
gisent;Ziz;gésir;VER;4,77;0,22;0;6;0;0;1;VER
gitane;Zitan;gitan;ADJ;1,19;0,27;0;6;0;0;2;ADJ,NOM
gitane;Zitan;gitan;NOM;7,5;2,32;0;6;0;0;2;ADJ,NOM
gitans;Zit@;gitan;ADJ;1,19;0,46;0;6;0;4;2;ADJ,NOM
gitans;Zit@;gitan;NOM;7,5;3,39;0;6;0;4;2;ADJ,NOM
gitons;Zit§;giton;NOM;1,25;0,02;0;6;0;4;2;NOM
givrer;ZivRe;givrer;VER;1,59;0,01;1;6;6;5;2;VER
givres;ZivR;givre;NOM;0,33;0,01;0;6;0;4;1;NOM
givrée;ZivRe;givrer;VER;1,59;0,67;0;6;0;5;2;VER,ADJ
givrée;ZivRe;givré;ADJ;1,52;0,26;0;6;0;5;2;VER,ADJ
givrés;ZivRe;givrer;VER;1,59;0,13;0;6;0;5;2;VER,ADJ
givrés;ZivRe;givré;ADJ;1,52;0,22;0;6;0;5;2;VER,ADJ
glabre;glabR;glabre;ADJ;0,06;0,05;1;6;5;5;1;ADJ
glacer;glase;glacer;VER;7,21;0,3;1;6;6;5;2;VER
glaces;glas;glace;NOM;66,82;8,73;0;6;0;4;1;NOM,VER
glaces;glas;glacer;VER;7,21;0,04;0;6;0;4;1;NOM,VER
glacez;glase;glacer;VER;7,21;0,01;0;6;0;5;2;VER
glacis;glasi;glacis;NOM;0,02;0,02;1;6;6;5;2;NOM
glacée;glase;glacer;VER;7,21;2,54;0;6;0;5;2;VER,ADJ
glacée;glase;glacé;ADJ;11,42;4,67;0;6;0;5;2;VER,ADJ
glacés;glase;glacer;VER;7,21;0,36;0;6;0;5;2;VER,ADJ
glacés;glase;glacé;ADJ;11,42;0,84;0;6;0;5;2;VER,ADJ
glaire;glER;glaire;NOM;0,48;0,22;1;6;6;4;1;NOM
glaise;glEz;glaise;NOM;1,71;1,71;1;6;6;4;1;NOM
glaive;glEv;glaive;NOM;1,95;1,71;1;6;5;4;1;NOM
glande;gl@d;glande;NOM;2,2;0,74;1;6;6;4;1;NOM,VER
glande;gl@d;glander;VER;2,88;0,86;0;6;6;4;1;NOM,VER
glands;gl@;gland;NOM;2,95;0,81;0;6;0;3;1;NOM
glandu;gl@dy;glandu;NOM;0,57;0,31;1;6;6;5;2;NOM
glandé;gl@de;glander;VER;2,88;0,21;0;6;0;5;2;VER
glaner;glane;glaner;VER;1,2;0,62;1;6;6;5;2;VER
glanes;glan;glane;NOM;0;0;0;6;0;4;1;NOM
glanez;glane;glaner;VER;1,2;0,01;0;6;0;5;2;VER
glanée;glane;glaner;VER;1,2;0;0;6;0;5;2;VER
glanés;glane;glaner;VER;1,2;0,05;0;6;0;5;2;VER
glapie;glapi;glapir;VER;0,23;0;0;6;0;0;2;VER
glapir;glapiR;glapir;VER;0,23;0,04;1;6;6;6;2;VER
glapit;glapi;glapir;VER;0,23;0,04;0;6;0;0;2;VER
glaçon;glas§;glaçon;NOM;7,4;1,55;1;6;5;5;2;NOM
gliome;gliom;gliome;NOM;0,05;0,05;1;6;5;4;2;NOM
glissa;glisa;glisser;VER;34,75;0,78;0;6;0;0;2;VER
glisse;glis;glisse;NOM;2;1,97;1;6;6;4;1;NOM,VER
glisse;glis;glisser;VER;34,75;8,99;0;6;6;4;1;NOM,VER
glissé;glise;glisser;VER;34,75;8,77;0;6;0;5;2;VER
global;global;global;ADJ;3,59;2,38;1;6;6;6;2;ADJ
globes;glOb;globe;NOM;4,21;1,04;0;6;0;4;1;NOM
gloire;glwaR;gloire;NOM;35,27;34,78;1;6;4;3;1;NOM
gloria;gloRja;gloria;NOM;2,66;2,66;1;6;6;6;2;NOM
gloser;gloze;gloser;VER;0;0;1;6;6;5;2;VER
gloses;gloz;glose;NOM;0,01;0;0;6;0;4;1;NOM
glotte;glOt;glotte;NOM;0,12;0,12;1;6;6;4;1;NOM
gluant;gly@;gluant;ADJ;1,96;1,23;1;6;4;4;2;ADJ,VER
gluant;gly@;gluer;VER;0,42;0,07;0;6;4;4;2;ADJ,VER
gluent;gly;gluer;VER;0,42;0;0;6;0;3;1;VER
gluten;glytEn;gluten;NOM;0,06;0,06;1;6;5;5;2;NOM
glycol;glikOl;glycol;NOM;0,12;0,12;1;6;6;5;2;NOM
glyphe;glif;glyphe;NOM;0,24;0,06;1;6;4;4;1;NOM
glèbes;glEb;glèbe;NOM;0,51;0;0;6;0;4;1;NOM
gnards;NaR;gnard;NOM;0;0;0;6;0;3;1;NOM
gnaule;Nol;gnaule;NOM;0,01;0,01;1;6;4;3;1;NOM
gniard;NaR;gniard;NOM;0;0;1;6;5;3;1;NOM
gniouf;Nuf;gniouf;NOM;0;0;1;6;4;2;1;NOM
gnomes;gnom;gnome;NOM;2,95;0,59;0;6;0;4;1;NOM
gobage;gobaZ;gobage;NOM;0,04;0,04;1;6;4;4;2;NOM
gobais;gobE;gober;VER;5,9;0,04;0;6;0;4;2;VER
gobait;gobE;gober;VER;5,9;0,06;0;6;0;4;2;VER
gobant;gob@;gober;VER;5,9;0,03;0;6;0;0;2;VER
gobent;gOb;gober;VER;5,9;0,19;0;6;0;0;1;VER
gobera;gOb°Ra;gober;VER;5,9;0,06;0;6;0;0;3;VER
gobets;gobE;gobet;NOM;0;0;0;6;0;4;2;NOM
gobeur;gob9R;gobeur;NOM;0,12;0,03;1;6;5;4;2;NOM
gobées;gobe;gober;VER;5,9;0,02;0;6;0;4;2;VER
godait;godE;goder;VER;0,7;0;0;6;0;4;2;VER
godant;god@;goder;VER;0,7;0;0;6;0;0;2;VER
goddam;gOdam;goddam;NOM;0,03;0,03;1;6;4;3;2;NOM,ONO
goddam;gOdam;goddam;ONO;0,01;0,01;1;6;4;3;2;NOM,ONO
godent;gOd;goder;VER;0,7;0;0;6;0;0;1;VER
godets;godE;godet;NOM;0,33;0,04;0;6;0;4;2;NOM
gogols;gogOl;gogol;ADJ;0,3;0,01;0;6;0;4;2;ADJ
gogues;gOg;gogues;NOM;0,23;0,23;1;6;6;3;1;NOM
goitre;gwatR;goitre;NOM;0,11;0,1;1;6;6;5;1;NOM
golden;gOldEn;golden;NOM;2,37;2,37;1;6;5;5;2;NOM
goldos;gOldo;goldo;NOM;0;0;0;6;0;5;2;NOM
golfes;gOlf;golfe;NOM;1,69;0,14;0;6;0;4;1;NOM
gombos;g§bo;gombo;NOM;2,44;0,43;0;6;0;3;2;NOM
gomina;gomina;gomina;NOM;0,14;0,14;1;6;6;6;3;NOM
gominé;gomine;gominer;VER;0,29;0,04;0;6;0;6;3;VER
gommer;gome;gommer;VER;0,57;0,26;1;6;6;4;2;VER
gommes;gOm;gomme;NOM;3,81;0,6;0;6;0;3;1;NOM,VER
gommes;gOm;gommer;VER;0,57;0,01;0;6;0;3;1;NOM,VER
gommée;gome;gommer;VER;0,57;0,01;0;6;0;4;2;VER,ADJ
gommée;gome;gommé;ADJ;0,01;0;0;6;0;4;2;VER,ADJ
gommés;gome;gommer;VER;0,57;0,01;0;6;0;4;2;VER
gonade;gonad;gonade;NOM;0,16;0,04;1;6;6;4;2;NOM
gonder;g§de;gonder;VER;0,01;0,01;1;6;5;4;2;VER
gonfla;g§fla;gonfler;VER;16,52;0,02;0;6;0;0;2;VER
gonfle;g§fl;gonfle;NOM;0,21;0,21;1;6;6;4;1;NOM,VER
gonfle;g§fl;gonfler;VER;16,52;4,14;0;6;6;4;1;NOM,VER
gonflé;g§fle;gonfler;VER;16,52;3,96;0;6;6;5;2;VER,ADJ
gonflé;g§fle;gonflé;ADJ;3,56;1,52;1;6;6;5;2;VER,ADJ
gonzes;g§z;gonze;NOM;0,07;0,01;0;6;0;3;1;NOM
gopher;gOf9R;gopher;NOM;0,02;0,02;1;6;4;3;2;NOM
gorets;goRE;goret;NOM;0,85;0,04;0;6;0;4;2;NOM
gorgea;gORZa;gorger;VER;1,52;0,01;0;6;0;0;2;VER
gorger;gORZe;gorger;VER;1,52;0,03;1;6;6;5;2;VER
gorges;gORZ;gorge;NOM;30,87;1,3;0;6;0;4;1;NOM,VER
gorges;gORZ;gorger;VER;1,52;0,03;0;6;0;4;1;NOM,VER
gorget;gORZE;gorget;NOM;0;0;1;6;6;5;2;NOM
gorgez;gORZe;gorger;VER;1,52;0;0;6;0;5;2;VER
gorgée;gORZe;gorger;VER;1,52;0,18;0;6;6;5;2;VER,NOM
gorgée;gORZe;gorgée;NOM;5,7;4,97;1;6;6;5;2;VER,NOM
gorgés;gORZe;gorger;VER;1,52;0,4;0;6;0;5;2;VER,ADJ
gorgés;gORZe;gorgé;ADJ;0;0;0;6;0;5;2;VER,ADJ
gosier;gozje;gosier;NOM;1,2;1,2;1;6;4;3;2;NOM
gospel;gospEl;gospel;NOM;0,61;0,61;1;6;5;5;2;NOM
gosses;gOs;gosse;NOM;109,96;47,03;0;6;0;3;1;NOM
gothas;gota;gotha;NOM;0,04;0;0;6;0;4;2;NOM
gouape;gwap;gouape;NOM;0,39;0,38;1;6;5;4;1;NOM
goudou;gudu;goudou;NOM;0,09;0,06;1;6;5;4;2;NOM
gouges;guZ;gouge;NOM;0,02;0,01;0;6;0;3;1;NOM
gouine;gwin;gouin;NOM;0,89;0,89;0;6;6;3;1;NOM
gouine;gwin;gouine;NOM;3,12;2,41;1;6;6;3;1;NOM
goujat;guZa;goujat;NOM;1,68;1,23;1;6;6;4;2;NOM
goujon;guZ§;goujon;NOM;0,5;0,5;1;6;5;4;2;NOM
goulag;gulag;goulag;NOM;0,31;0,31;1;6;6;5;2;NOM
goules;gul;goule;NOM;0,61;0,36;0;6;0;3;1;NOM
goulet;gulE;goulet;NOM;0,09;0,09;1;6;6;4;2;NOM
goulot;gulo;goulot;NOM;0,5;0,49;1;6;6;4;2;NOM
goulue;guly;goulu;ADJ;0,14;0,02;0;6;0;4;2;ADJ
goulus;guly;goulu;ADJ;0,14;0,1;0;6;0;4;2;ADJ,NOM
goulus;guly;goulu;NOM;0,02;0;0;6;0;4;2;ADJ,NOM
goulée;gule;goulée;NOM;0,01;0;1;6;5;4;2;NOM
goupil;gupil;goupil;NOM;0,03;0,03;1;6;6;5;2;NOM
gourbi;guRbi;gourbi;NOM;0,17;0,12;1;6;5;4;2;NOM
gourde;guRd;gourde;ADJ;0,79;0,78;1;6;6;4;1;ADJ,NOM
gourde;guRd;gourde;NOM;2,85;2,56;1;6;6;4;1;ADJ,NOM
gourds;guR;gourd;ADJ;0;0;0;6;0;3;1;ADJ
gourer;guRe;gourer;VER;2,33;0,22;1;6;5;4;2;VER
goures;guR;gourer;VER;2,33;0,77;0;6;0;3;1;VER
gourez;guRe;gourer;VER;2,33;0,19;0;6;0;4;2;VER
gourme;guRm;gourme;NOM;0,06;0,06;1;6;6;4;1;NOM
gourmé;guRme;gourmer;VER;0;0;0;6;6;5;2;VER,ADJ
gourmé;guRme;gourmé;ADJ;0,01;0,01;1;6;6;5;2;VER,ADJ
gourou;guRu;gourou;NOM;1,84;1,63;1;6;5;4;2;NOM
gourée;guRe;gourer;VER;2,33;0,07;0;6;0;4;2;VER
gourés;guRe;gourer;VER;2,33;0,1;0;6;0;4;2;VER
gousse;gus;gousse;NOM;0,58;0,51;1;6;6;3;1;NOM
goutte;gut;goutte;ADV;0,01;0,01;1;6;6;3;1;ADV,NOM,VER
goutte;gut;goutte;NOM;28,03;19,09;1;6;6;3;1;ADV,NOM,VER
goutte;gut;goutter;VER;0,73;0,53;0;6;6;3;1;ADV,NOM,VER
goyave;gojav;goyave;NOM;0,06;0,06;1;6;4;4;2;NOM
goémon;goem§;goémon;NOM;0,14;0;1;6;4;4;3;NOM
goétie;gOesi;goétie;NOM;0,02;0,02;1;6;4;3;3;NOM
goûtai;gutE;goûter;VER;42,27;0,02;0;6;0;0;2;VER
goûter;gute;goûter;NOM;2,26;1,84;1;6;6;4;2;NOM,VER
goûter;gute;goûter;VER;42,27;15,91;1;6;6;4;2;NOM,VER
goûtes;gut;goûter;VER;42,27;1,15;0;6;0;3;1;VER
goûtez;gute;goûter;VER;42,27;4,28;0;6;0;4;2;VER
goûtée;gute;goûter;VER;42,27;0,57;0;6;0;4;2;VER
goûtés;gute;goûter;VER;42,27;0,06;0;6;0;4;2;VER
grabat;gRaba;grabat;NOM;0,36;0,23;1;6;6;5;2;NOM
graben;gRab9n;graben;NOM;0,14;0,14;1;6;5;5;2;NOM
gracia;gRasja;gracier;VER;3,62;0;0;6;0;0;2;VER
gracie;gRasi;gracier;VER;3,62;0,81;0;6;0;0;2;VER
gracié;gRasje;gracier;VER;3,62;0,51;0;6;6;6;2;VER,ADJ
gracié;gRasje;gracié;ADJ;0,3;0,29;1;6;6;6;2;VER,ADJ
grader;gRade;grader;NOM;0;0;1;6;6;5;2;NOM
grades;gRad;grade;NOM;6,44;0,66;0;6;0;4;1;NOM
gradin;gRad5;gradin;NOM;1,06;0,01;1;6;6;5;2;NOM
gradus;gRadys;gradus;NOM;0;0;1;6;6;5;2;NOM
gradué;gRad8e;graduer;VER;0,18;0,03;0;6;6;6;2;VER,ADJ
gradué;gRad8e;gradué;ADJ;0,02;0;1;6;6;6;2;VER,ADJ
gradée;gRade;gradé;ADJ;1,61;0,09;0;6;0;5;2;ADJ
gradés;gRade;gradé;ADJ;1,61;0,16;0;6;0;5;2;ADJ,NOM
gradés;gRade;gradé;NOM;1,94;0,82;0;6;0;5;2;ADJ,NOM
graine;gREn;graine;NOM;11,41;5,51;1;6;6;4;1;NOM
grains;gR5;grain;NOM;14,32;3,57;0;6;0;3;1;NOM
grainé;gREne;grainer;VER;0;0;0;6;0;5;2;VER
gramen;gRamEn;gramen;NOM;0,01;0,01;1;6;5;6;2;NOM
gramme;gRam;gramme;NOM;5,81;1,76;1;6;6;4;1;NOM
granas;gRana;grana;NOM;0;0;0;6;0;5;2;NOM
grande;gR@d;grand;ADJ;638,72;198,25;0;6;0;0;1;ADJ,NOM
grande;gR@d;grand;NOM;92,25;10,24;0;6;0;0;1;ADJ,NOM
grandi;gR@di;grandir;VER;63,99;30,06;0;6;0;0;2;VER
grands;gR@;grand;ADJ;638,72;59,52;0;6;0;3;1;ADJ,NOM
grands;gR@;grand;NOM;92,25;11,59;0;6;0;3;1;ADJ,NOM
grange;gR@Z;grange;NOM;7,33;6,95;1;6;6;4;1;NOM
granit;gRanit;granit;NOM;1,74;1,74;1;6;6;6;2;NOM
graphe;gRaf;graphe;NOM;0,14;0,12;1;6;6;4;1;NOM
grappa;gRapa;grappa;NOM;0,72;0,72;1;6;6;5;2;NOM
grappe;gRap;grappe;NOM;2,51;1,93;1;6;6;4;1;NOM
grasse;gRas;gras;ADJ;14,31;2,19;0;6;0;4;1;ADJ
gratin;gRat5;gratin;NOM;1,63;1,63;1;6;6;5;2;NOM
gratis;gRatis;gratis;ADV;4,39;4,39;1;6;6;6;2;ADV
gratos;gRatos;gratos;ADV;3,94;3,94;1;6;6;5;2;ADV
gratta;gRata;gratter;VER;12,11;0;0;6;0;0;2;VER
gratte;gRat;gratte;NOM;0,56;0,53;1;6;6;4;1;NOM,VER
gratte;gRat;gratter;VER;12,11;3,75;0;6;6;4;1;NOM,VER
gratté;gRate;gratter;VER;12,11;0,56;0;6;0;5;2;VER
gravai;gRavE;graver;VER;10,34;0;0;6;0;0;2;VER
graver;gRave;graver;VER;10,34;1,94;1;6;6;5;2;VER
graves;gRav;grave;ADJ;142,48;8,29;0;6;0;4;1;ADJ,NOM,VER
graves;gRav;grave;NOM;2,46;0,11;0;6;0;4;1;ADJ,NOM,VER
graves;gRav;graver;VER;10,34;0,03;0;6;0;4;1;ADJ,NOM,VER
gravez;gRave;graver;VER;10,34;0,47;0;6;0;5;2;VER
gravie;gRavi;gravir;VER;2,6;0;0;6;0;0;2;VER
gravir;gRaviR;gravir;VER;2,6;1,3;1;6;6;6;2;VER
gravis;gRavi;gravir;VER;2,6;0,4;0;6;0;0;2;VER
gravit;gRavi;gravir;VER;2,6;0,22;0;6;0;0;2;VER
gravos;gRavos;gravos;ADJ;0,01;0,01;1;6;6;5;2;ADJ,NOM
gravos;gRavos;gravos;NOM;0;0;1;6;6;5;2;ADJ,NOM
gravât;gRava;graver;VER;10,34;0;0;6;0;5;2;VER
gravée;gRave;graver;VER;10,34;1,05;0;6;0;5;2;VER,ADJ
gravée;gRave;gravé;ADJ;0,66;0,19;0;6;0;5;2;VER,ADJ
gravés;gRave;graver;VER;10,34;1,13;0;6;0;5;2;VER,ADJ
gravés;gRave;gravé;ADJ;0,66;0,09;0;6;0;5;2;VER,ADJ
gredin;gR°d5;gredin;NOM;1,82;1,25;1;6;4;4;2;NOM
greens;gRin;green;NOM;1,13;0,09;0;6;0;4;1;NOM
greffe;gREf;greffe;ADJ;0,07;0,04;1;6;6;4;1;ADJ,NOM,VER
greffe;gREf;greffe;NOM;4,25;3,31;1;6;6;4;1;ADJ,NOM,VER
greffe;gREf;greffer;VER;2,33;0,63;0;6;6;4;1;ADJ,NOM,VER
greffé;gRefe;greffer;VER;2,33;0,44;0;6;6;5;2;VER,ADJ,NOM
greffé;gRefe;greffé;ADJ;0,34;0,05;1;6;6;5;2;VER,ADJ,NOM
greffé;gRefe;greffé;NOM;0,04;0,01;1;6;6;5;2;VER,ADJ,NOM
grelot;gR°lo;grelot;NOM;0,43;0,11;1;6;6;5;2;NOM
grenat;gR°na;grenat;ADJ;0,16;0,16;1;6;6;5;2;ADJ,NOM
grenat;gR°na;grenat;NOM;0,06;0,02;1;6;6;5;2;ADJ,NOM
grenue;gR°ny;grenu;ADJ;0,01;0;0;6;0;5;2;ADJ
grenus;gR°ny;grenu;ADJ;0,01;0;0;6;0;5;2;ADJ
grenée;gR°ne;grener;VER;0;0;0;6;0;0;2;VER
grever;gR°ve;grever;VER;0,18;0,02;1;6;4;4;2;VER
grevée;gR°ve;grever;VER;0,18;0;0;6;0;4;2;VER
grevés;gR°ve;grever;VER;0,18;0;0;6;0;4;2;VER
griefs;gRijEf;grief;NOM;0,77;0,54;0;6;0;6;2;NOM
griffa;gRifa;griffer;VER;3,28;0;0;6;0;0;2;VER
griffe;gRif;griffe;NOM;8,11;1,06;1;6;6;4;1;NOM,VER
griffe;gRif;griffer;VER;3,28;0,47;0;6;6;4;1;NOM,VER
griffu;gRify;griffu;ADJ;0,21;0,16;1;6;6;5;2;ADJ
griffé;gRife;griffer;VER;3,28;1,4;0;6;6;5;2;VER,ADJ
griffé;gRife;griffé;ADJ;0,14;0,06;1;6;6;5;2;VER,ADJ
grigou;gRigu;grigou;NOM;0,02;0,02;1;6;5;5;2;NOM
grigri;gRigRi;grigri;NOM;0,48;0,46;1;6;5;5;2;NOM
grilla;gRija;griller;VER;14,2;0;0;6;0;0;2;VER
grille;gRij;grille;NOM;11,01;9,09;1;6;6;4;1;NOM,VER
grille;gRij;griller;VER;14,2;1,91;0;6;6;4;1;NOM,VER
grillé;gRije;griller;VER;14,2;4,1;0;6;6;5;2;VER,ADJ
grillé;gRije;grillé;ADJ;4,3;2,15;1;6;6;5;2;VER,ADJ
grimer;gRime;grimer;VER;0,2;0,01;1;6;6;5;2;VER
grimes;gRim;grime;NOM;0,48;0,48;0;6;0;0;1;NOM,VER
grimes;gRim;grimer;VER;0,2;0,01;0;6;0;0;1;NOM,VER
grimpa;gR5pa;grimper;VER;21,05;0,19;0;6;0;0;2;VER
grimpe;gR5p;grimpe;NOM;1,65;1,65;1;6;6;4;1;NOM,VER
grimpe;gR5p;grimper;VER;21,05;6,12;0;6;6;4;1;NOM,VER
grimpé;gR5pe;grimper;VER;21,05;2,01;0;6;0;5;2;VER
grimée;gRime;grimer;VER;0,2;0;0;6;0;5;2;VER
grimés;gRime;grimer;VER;0,2;0;0;6;0;5;2;VER
grince;gR5s;grincer;VER;2,84;1,37;0;6;0;0;1;VER
grincé;gR5se;grincer;VER;2,84;0,35;0;6;0;5;2;VER
gringo;gRiGo;gringo;NOM;4,64;3,66;1;6;6;4;2;NOM
grinça;gR5sa;grincer;VER;2,84;0;0;6;0;0;2;VER
griots;gRijo;griot;NOM;0,58;0,43;0;6;0;5;2;NOM
grippa;gRipa;gripper;VER;0,71;0;0;6;0;0;2;VER
grippe;gRip;grippe;NOM;8,22;8,02;1;6;6;4;1;NOM,VER
grippe;gRip;gripper;VER;0,71;0,14;0;6;6;4;1;NOM,VER
grippé;gRipe;gripper;VER;0,71;0,15;0;6;6;5;2;VER,ADJ,NOM
grippé;gRipe;grippé;ADJ;0,09;0,08;1;6;6;5;2;VER,ADJ,NOM
grippé;gRipe;grippé;NOM;0,02;0,01;1;6;6;5;2;VER,ADJ,NOM
grisai;gRizE;griser;VER;1,03;0;0;6;0;0;2;VER
grisbi;gRisbi;grisbi;NOM;0,15;0,15;1;6;5;4;2;NOM
griser;gRize;griser;VER;1,03;0,09;1;6;6;5;2;VER
grises;gRiz;gris;ADJ;19,64;1,34;0;6;0;0;1;ADJ,VER
grises;gRiz;griser;VER;1,03;0,02;0;6;0;0;1;ADJ,VER
grison;gRiz§;grison;NOM;0,01;0,01;1;6;6;5;2;NOM
grisou;gRizu;grisou;NOM;0,01;0,01;1;6;6;5;2;NOM
grisée;gRize;griser;VER;1,03;0;0;6;0;5;2;VER,ADJ
grisée;gRize;grisé;ADJ;0,16;0;0;6;0;5;2;VER,ADJ
grisés;gRize;griser;VER;1,03;0,14;0;6;0;5;2;VER,ADJ,NOM
grisés;gRize;grisé;ADJ;0,16;0,02;0;6;0;5;2;VER,ADJ,NOM
grisés;gRize;grisé;NOM;0;0;0;6;0;5;2;VER,ADJ,NOM
grives;gRiv;grive;NOM;1,73;1,21;0;6;0;4;1;NOM
grivet;gRivE;grivet;NOM;0,01;0,01;1;6;6;5;2;NOM
groggy;gRogi;groggy;ADJ;0,71;0,71;1;6;5;5;2;ADJ
grogna;gRoNa;grogner;VER;3,01;0,02;0;6;0;0;2;VER
grogne;gRON;grogne;NOM;0,42;0,42;1;6;6;4;1;NOM,VER
grogne;gRON;grogner;VER;3,01;1,55;0;6;6;4;1;NOM,VER
grogné;gRoNe;grogner;VER;3,01;0,11;0;6;0;5;2;VER
groins;gRw5;groin;NOM;0,43;0,11;0;6;0;4;1;NOM
groles;gROl;grole;NOM;0,07;0,03;0;6;0;4;1;NOM
grolle;gROl;grolle;NOM;0,13;0,04;1;6;5;4;1;NOM
gronda;gR§da;gronder;VER;8,74;0,04;0;6;0;0;2;VER
gronde;gR§d;gronder;VER;8,74;4,75;0;6;0;0;1;VER
grondé;gR§de;gronder;VER;8,74;0,33;0;6;0;5;2;VER
grooms;gRum;groom;NOM;1,17;0,14;0;6;0;4;1;NOM
grosse;gRos;gros;ADJ;266,95;70,63;0;6;0;0;1;ADJ,NOM
grosse;gRos;gros;NOM;29,25;5,57;0;6;0;0;1;ADJ,NOM
grossi;gRosi;grossi;ADJ;0,78;0,64;1;6;6;5;2;ADJ,VER
grossi;gRosi;grossir;VER;10,57;3,85;0;6;6;5;2;ADJ,VER
grotte;gROt;grotte;NOM;12,23;8,96;1;6;5;4;1;NOM
groume;gRum;groumer;VER;0;0;0;6;0;4;1;VER
ground;gRawnd;ground;NOM;0,27;0,27;1;6;5;4;1;NOM
groupa;gRupa;grouper;VER;3,1;0;0;6;0;0;2;VER
groupe;gRup;groupe;NOM;104,38;90,16;1;6;6;4;1;NOM,VER
groupe;gRup;grouper;VER;3,1;0,61;0;6;6;4;1;NOM,VER
groups;gRup;group;NOM;7,65;0,25;0;6;0;4;1;NOM
groupé;gRupe;grouper;VER;3,1;0,25;0;6;6;5;2;VER,ADJ
groupé;gRupe;groupé;ADJ;0,51;0,09;1;6;6;5;2;VER,ADJ
grouse;gRuz;grouse;NOM;0,28;0,28;1;6;5;4;1;NOM
gruaux;gRyo;gruau;NOM;0,73;0,04;0;6;0;4;2;NOM
gruger;gRyZe;gruger;VER;0,48;0,21;1;6;4;4;2;VER
grugée;gRyZe;gruger;VER;0,48;0,01;0;6;0;4;2;VER
grumes;gRym;grume;NOM;0,12;0,11;0;6;0;4;1;NOM
grunge;gR9nZ;grunge;NOM;0,27;0,27;1;6;4;3;1;NOM
grâces;gRas;grâce;NOM;34,59;2,5;0;6;0;4;1;NOM
grèbes;gREb;grèbe;NOM;0,02;0;0;6;0;4;1;NOM
grèges;gREZ;grège;ADJ;0;0;0;6;0;4;1;ADJ
grèves;gREv;grever;VER;0,18;0,1;0;6;0;4;1;VER,NOM
grèves;gREv;grève;NOM;15,87;1,33;0;6;0;4;1;VER,NOM
gréage;gReaZ;gréage;NOM;0,01;0,01;1;6;4;4;2;NOM
grésil;gRezil;grésil;NOM;0;0;1;6;6;6;2;NOM
gréées;gRee;gréer;VER;0,07;0;0;6;0;4;2;VER
grêler;gRele;grêler;VER;0,24;0,03;1;6;6;4;2;VER
grêles;gREl;grêle;ADJ;0,54;0,01;0;6;0;4;1;ADJ,NOM
grêles;gREl;grêle;NOM;1,05;0;0;6;0;4;1;ADJ,NOM
grêlon;gREl§;grêlon;NOM;0,33;0;1;6;5;5;2;NOM
grêlée;gRele;grêler;VER;0,24;0;0;6;0;4;2;VER,ADJ
grêlée;gRele;grêlé;ADJ;0,31;0,01;0;6;0;4;2;VER,ADJ
grêlés;gRele;grêler;VER;0,24;0;0;6;0;4;2;VER,ADJ
grêlés;gRele;grêlé;ADJ;0,31;0;0;6;0;4;2;VER,ADJ
guelfe;gElf;guelfe;ADJ;0;0;1;6;4;4;1;ADJ,NOM
guelfe;gElf;guelfe;NOM;0,1;0,1;1;6;4;4;1;ADJ,NOM
guenon;g°n§;guenon;NOM;0,58;0,37;1;6;5;4;2;NOM
guerre;gER;guerre;NOM;221,65;212,82;1;6;6;3;1;NOM
guetta;gEta;guetter;VER;8,52;0;0;6;0;0;2;VER
guette;gEt;guette;NOM;0,04;0,04;1;6;6;3;1;NOM,VER
guette;gEt;guetter;VER;8,52;3,79;0;6;6;3;1;NOM,VER
guetté;gete;guetter;VER;8,52;0,41;0;6;0;4;2;VER
gueula;g2la;gueuler;VER;9,81;0;0;6;0;0;2;VER
gueule;g9l;gueule;NOM;125,22;118,45;1;6;6;3;1;NOM,VER
gueule;g9l;gueuler;VER;9,81;3,39;0;6;6;3;1;NOM,VER
gueulé;g9le;gueuler;VER;9,81;0,79;0;6;0;4;2;VER
gueuse;g2z;gueux;NOM;2,87;0,73;0;6;6;3;1;NOM
gueuze;g2z;gueuze;NOM;0;0;1;6;5;3;1;NOM
guiche;giS;guiche;NOM;0,06;0,06;1;6;6;3;1;NOM
guidai;gidE;guider;VER;24,79;0;0;6;0;0;2;VER
guider;gide;guider;VER;24,79;7,29;1;6;6;4;2;VER
guides;gid;guide;NOM;17,52;2,84;0;6;0;3;1;NOM,VER
guides;gid;guider;VER;24,79;0,3;0;6;0;3;1;NOM,VER
guidez;gide;guider;VER;24,79;0,85;0;6;0;4;2;VER
guidon;gid§;guidon;NOM;1,27;1,26;1;6;5;4;2;NOM
guidée;gide;guider;VER;24,79;1,55;0;6;0;4;2;VER
guidés;gide;guider;VER;24,79;1,25;0;6;0;4;2;VER
guigna;giNa;guigner;VER;0,04;0;0;6;0;0;2;VER
guigne;giN;guigne;NOM;0,93;0,93;1;6;6;3;1;NOM,VER
guigne;giN;guigner;VER;0,04;0,01;0;6;6;3;1;NOM,VER
guilde;gild;guilde;NOM;0,57;0,56;1;6;5;4;1;NOM
guimpe;g5p;guimpe;NOM;0,19;0,19;1;6;5;3;1;NOM
guinde;g5d;guinder;VER;0,16;0,01;0;6;0;0;1;VER
guindé;g5de;guinder;VER;0,16;0,13;0;6;6;4;2;VER,ADJ
guindé;g5de;guindé;ADJ;0,67;0,55;1;6;6;4;2;VER,ADJ
guinée;gine;guinée;NOM;1,4;0,1;1;6;6;4;2;NOM
guises;giz;guis;NOM;0;0;0;6;0;3;1;NOM
gulden;gyldEn;gulden;NOM;0,1;0,1;1;6;3;3;2;NOM
guéret;geRE;guéret;NOM;0,01;0;1;6;5;4;2;NOM
guérie;geRi;guéri;ADJ;3,46;1,33;0;6;0;4;2;ADJ,VER
guérie;geRi;guérir;VER;44,73;3,84;0;6;0;4;2;ADJ,VER
guérir;geRiR;guérir;VER;44,73;17,7;1;6;6;5;2;VER
guéris;geRi;guéri;ADJ;3,46;0,53;0;6;0;4;2;ADJ,VER
guéris;geRi;guérir;VER;44,73;2,03;0;6;0;4;2;ADJ,VER
guérit;geRi;guérir;VER;44,73;3,62;0;6;0;4;2;VER
guérît;geRi;guérir;VER;44,73;0;0;6;0;4;2;VER
guêpes;gEp;guêpe;NOM;3,37;0,64;0;6;0;3;1;NOM
guêtre;gEtR;guêtre;NOM;0,39;0,03;1;6;6;4;1;NOM
guêtré;getRe;guêtrer;VER;0;0;0;6;6;4;2;VER,ADJ
guêtré;getRe;guêtré;ADJ;0;0;1;6;6;4;2;VER,ADJ
gynéco;Zineko;gynéco;NOM;0,96;0,96;1;6;6;6;3;NOM
gypses;Zips;gypse;NOM;0,09;0;0;6;0;4;1;NOM
gyrins;ZiR5;gyrin;NOM;0;0;0;6;0;0;2;NOM
gâcher;gaSe;gâcher;VER;49,57;18,26;1;6;6;4;2;VER
gâches;gaS;gâche;NOM;0,35;0,01;0;6;0;3;1;NOM,VER
gâches;gaS;gâcher;VER;49,57;2,24;0;6;0;3;1;NOM,VER
gâchez;gaSe;gâcher;VER;49,57;1,53;0;6;0;4;2;VER
gâchis;gaSi;gâchis;NOM;6,24;6,24;1;6;5;4;2;NOM
gâchât;gaSa;gâcher;VER;49,57;0;0;6;0;0;2;VER
gâchée;gaSe;gâcher;VER;49,57;1,77;0;6;0;4;2;VER
gâchés;gaSe;gâcher;VER;49,57;0,1;0;6;0;4;2;VER
gâtais;gatE;gâter;VER;10,97;0,03;0;6;0;0;2;VER
gâtait;gatE;gâter;VER;10,97;0,03;0;6;0;0;2;VER
gâtant;gat@;gâter;VER;10,97;0,23;0;6;0;0;2;VER
gâteau;gato;gâteau;NOM;55,19;42,33;1;6;5;4;2;NOM
gâtent;gat;gâter;VER;10,97;0,54;0;6;0;0;1;VER
gâtera;gat°Ra;gâter;VER;10,97;0,35;0;6;0;0;3;VER
gâteux;gat2;gâteux;ADJ;1,71;1,47;1;6;6;4;2;ADJ,NOM
gâteux;gat2;gâteux;NOM;0,66;0,66;1;6;6;4;2;ADJ,NOM
gâtine;gatin;gâtine;NOM;0;0;1;6;5;5;2;NOM
gâtées;gate;gâter;VER;10,97;0,07;0;6;0;4;2;VER,ADJ
gâtées;gate;gâté;ADJ;3,66;0,15;0;6;0;4;2;VER,ADJ
gèlent;ZEl;geler;VER;23,41;0,58;0;6;0;3;1;VER
gèlera;ZEl°Ra;geler;VER;23,41;0,48;0;6;0;0;3;VER
gèrent;ZER;gérer;VER;27,51;0,37;0;6;0;0;1;VER
géante;Ze@t;géant;ADJ;13,91;2,81;0;6;0;0;2;ADJ,NOM
géante;Ze@t;géant;NOM;11,67;0,68;0;6;0;0;2;ADJ,NOM
géants;Ze@;géant;ADJ;13,91;1,57;0;6;0;3;2;ADJ,NOM
géants;Ze@;géant;NOM;11,67;4,19;0;6;0;3;2;ADJ,NOM
gégène;ZeZEn;gégène;NOM;0,12;0,12;1;6;3;4;2;NOM
géline;Zelin;géline;NOM;0,01;0,01;1;6;6;5;2;NOM
gélose;Zeloz;gélose;NOM;0,01;0,01;1;6;5;5;2;NOM
gélule;Zelyl;gélule;NOM;0,38;0,04;1;6;4;4;2;NOM
gémeau;Zemo;gémeau;ADJ;0,07;0,04;1;6;5;4;2;ADJ,NOM
gémeau;Zemo;gémeau;NOM;0,4;0,12;1;6;5;4;2;ADJ,NOM
gémira;ZemiRa;gémir;VER;9,19;0,04;0;6;0;0;3;VER
génial;Zenjal;génial;ADJ;134,47;115,27;1;6;6;6;2;ADJ
génies;Zeni;génie;NOM;38,01;3,36;0;6;0;4;2;NOM
génois;Zenwa;génois;ADJ;0,17;0,17;1;6;5;4;2;ADJ,NOM
génois;Zenwa;génois;NOM;0,37;0,04;1;6;5;4;2;ADJ,NOM
génome;Zenom;génome;NOM;0,63;0,63;1;6;6;5;2;NOM
génère;ZenER;générer;VER;2,83;0,93;0;6;0;0;2;VER
généré;ZeneRe;générer;VER;2,83;0,34;0;6;6;6;3;VER,ADJ
généré;ZeneRe;généré;ADJ;0,06;0,01;1;6;6;6;3;VER,ADJ
gérais;ZeRE;gérer;VER;27,51;0,27;0;6;0;0;2;VER
gérait;ZeRE;gérer;VER;27,51;0,4;0;6;0;0;2;VER
gérant;ZeR@;gérant;NOM;6,45;5,54;1;6;6;4;2;NOM,VER
gérant;ZeR@;gérer;VER;27,51;0,38;0;6;6;4;2;NOM,VER
gérera;ZeR°Ra;gérer;VER;27,51;0,21;0;6;0;0;3;VER
gérons;ZeR§;gérer;VER;27,51;0,12;0;6;0;0;2;VER
gérées;ZeRe;gérer;VER;27,51;0,06;0;6;0;4;2;VER
gésier;Zezje;gésier;NOM;0,07;0,05;1;6;5;4;2;NOM
gésine;Zezin;gésine;NOM;0,1;0,1;1;6;5;5;2;NOM
gênais;ZEnE;gêner;VER;57,76;0,34;0;6;0;0;2;VER
gênait;ZEnE;gêner;VER;57,76;1,64;0;6;0;0;2;VER
gênant;ZEn@;gênant;ADJ;10,33;8,89;1;6;4;4;2;ADJ,VER
gênant;ZEn@;gêner;VER;57,76;0,27;0;6;4;4;2;ADJ,VER
gênent;ZEn;gêner;VER;57,76;1,81;0;6;0;3;1;VER
gênera;ZEn°Ra;gêner;VER;57,76;1,36;0;6;0;0;3;VER
gêneur;ZEn9R;gêneur;NOM;0,95;0,85;1;6;5;4;2;NOM
gêniez;ZEnje;gêner;VER;57,76;0;0;6;0;0;2;VER
gênons;ZEn§;gêner;VER;57,76;0,17;0;6;0;0;2;VER
gênées;Zene;gêner;VER;57,76;0,18;0;6;0;4;2;VER,ADJ
gênées;Zene;gêné;ADJ;4,67;0;0;6;0;4;2;VER,ADJ
gîtait;ZitE;gîter;VER;0,03;0;0;6;0;0;2;VER
gîtent;Zit;gîter;VER;0,03;0;0;6;0;3;1;VER
gîtera;Zit°Ra;gîter;VER;0,03;0,02;0;6;0;0;3;VER
habile;abil;habile;ADJ;6,44;5,6;1;6;6;4;2;ADJ
habita;abita;habiter;VER;128,3;0,02;0;6;0;5;3;VER
habite;abit;habiter;VER;128,3;59,55;0;6;0;0;2;VER
habits;abi;habit;NOM;27,64;19,29;0;6;0;3;2;NOM
habité;abite;habiter;VER;128,3;4,83;0;6;6;5;3;VER,ADJ
habité;abite;habité;ADJ;1,4;0,71;1;6;6;5;3;VER,ADJ
hacher;aSe;hacher;VER;2,18;0,35;1;6;6;3;2;VER
haches;aS;hache;NOM;10,23;1,5;0;6;0;2;1;NOM,VER
haches;aS;hacher;VER;2,18;0,14;0;6;0;2;1;NOM,VER
hachez;aSe;hacher;VER;2,18;0,67;0;6;0;3;2;VER
hachis;aSi;hachis;NOM;1,07;1,07;1;6;6;3;2;NOM
hachée;aSe;hacher;VER;2,18;0,31;0;6;0;3;2;VER,ADJ
hachée;aSe;haché;ADJ;1,5;0,66;0;6;0;3;2;VER,ADJ
hachés;aSe;hacher;VER;2,18;0,07;0;6;0;3;2;VER,ADJ
hachés;aSe;haché;ADJ;1,5;0,11;0;6;0;3;2;VER,ADJ
hacker;ak9R;hacker;NOM;0,99;0,66;1;6;5;4;2;NOM
hadith;adit;hadith;NOM;0,01;0,01;1;6;4;4;2;NOM
hagard;agaR;hagard;ADJ;0,46;0,24;1;6;4;4;2;ADJ
haggis;agis;haggis;NOM;0,27;0,27;1;6;5;4;2;NOM
haines;En;haine;NOM;33,1;1,62;0;6;0;2;1;NOM
haires;ER;haire;NOM;0;0;0;6;0;2;1;NOM
halage;alaZ;halage;NOM;0,16;0,16;1;6;5;4;2;NOM
halait;alE;haler;VER;0,16;0;0;6;0;0;2;VER
halant;al@;haler;VER;0,16;0;0;6;0;3;2;VER
halent;al;haler;VER;0,16;0,1;0;6;0;2;1;VER
haleta;al°ta;haleter;VER;0,79;0,02;0;6;0;0;3;VER
haleté;al°te;haleter;VER;0,79;0,02;0;6;0;5;3;VER
haleur;al9R;haleur;NOM;0,11;0,01;1;6;5;4;2;NOM
halles;al;halle;NOM;0,83;0,57;0;6;0;2;1;NOM
halons;al§;halon;NOM;0,08;0;0;6;0;3;2;NOM
halter;alte;halter;VER;0,07;0,03;1;6;6;4;2;VER
haltes;alt;halte;NOM;3,77;0,03;0;6;0;3;1;NOM
halète;alEt;haleter;VER;0,79;0,34;0;6;0;0;2;VER
hamacs;amak;hamac;NOM;1,84;0,22;0;6;0;4;2;NOM
hamada;amada;hamada;NOM;0,17;0,17;1;6;6;5;3;NOM
hameau;amo;hameau;NOM;0,81;0,79;1;6;5;3;2;NOM
hammam;amam;hammam;NOM;0,73;0,58;1;6;5;4;2;NOM
hampes;@p;hampe;NOM;0,52;0;0;6;0;2;1;NOM
hanaps;anap;hanap;NOM;0,01;0;0;6;0;4;2;NOM
hanche;@S;hanche;NOM;8,9;3,42;1;6;6;2;1;NOM
hangar;@gaR;hangar;NOM;5,65;5,44;1;6;4;4;2;NOM
hanter;@te;hanter;VER;11,37;1,92;1;6;6;3;2;VER
hantes;@t;hanter;VER;11,37;0,39;0;6;0;2;1;VER
hantez;@te;hanter;VER;11,37;0,33;0;6;0;3;2;VER
hantée;@te;hanter;VER;11,37;1,15;0;6;0;3;2;VER,ADJ
hantée;@te;hanté;ADJ;1,99;1,1;0;6;0;3;2;VER,ADJ
hantés;@te;hanter;VER;11,37;0,47;0;6;0;3;2;VER,ADJ
hantés;@te;hanté;ADJ;1,99;0,05;0;6;0;3;2;VER,ADJ
happai;apE;happer;VER;0,99;0;0;6;0;0;2;VER
happer;ape;happer;VER;0,99;0,24;1;6;6;3;2;VER
happée;ape;happer;VER;0,99;0,32;0;6;0;3;2;VER
happés;ape;happer;VER;0,99;0,04;0;6;0;3;2;VER
haquet;akE;haquet;NOM;0;0;1;6;6;3;2;NOM
harari;aRaRi;harari;NOM;0,02;0,02;1;6;5;4;3;NOM
harder;aRde;harder;VER;0,18;0,17;1;6;6;4;2;VER
hardes;aRd;harde;NOM;0,15;0,15;0;6;0;3;1;NOM
hardie;aRdi;hardi;ADJ;2,22;0,63;0;6;0;4;2;ADJ
hardis;aRdi;hardi;ADJ;2,22;0,19;0;6;0;4;2;ADJ
harems;aREm;harem;NOM;1,78;0,17;0;6;0;4;2;NOM
hareng;aR@;hareng;NOM;2,78;1,9;1;6;6;3;2;NOM
hargne;aRN;hargne;NOM;0,42;0,42;1;6;6;3;1;NOM
harkis;aRki;harki;NOM;0;0;0;6;0;4;2;NOM
harper;aRpe;harper;VER;7,25;7,25;1;6;6;4;2;VER
harpes;aRp;harpe;NOM;1,14;0,2;0;6;0;3;1;NOM
harpie;aRpi;harpie;NOM;0,73;0,64;1;6;6;4;2;NOM
harpin;aRp5;harpin;NOM;0;0;1;6;6;4;2;NOM
harpon;aRp§;harpon;NOM;1,18;0,75;1;6;6;4;2;NOM
hasard;azaR;hasard;NOM;48,07;46,98;1;6;6;4;2;NOM
haseki;aski;haseki;NOM;0;0;1;6;5;4;2;NOM
hauban;ob@;hauban;NOM;0,37;0,02;1;6;6;3;2;NOM
haussa;osa;hausser;VER;1,76;0;0;6;0;0;2;VER
hausse;os;hausse;NOM;3,38;3,31;1;6;6;2;1;NOM,VER
hausse;os;hausser;VER;1,76;0,26;0;6;6;2;1;NOM,VER
haussé;ose;hausser;VER;1,76;0,1;0;6;0;3;2;VER
hautes;ot;haut;ADJ;68,05;6,72;0;6;0;2;1;ADJ
hautin;ot5;hautin;NOM;0,11;0,1;1;6;5;3;2;NOM
havane;avan;havane;ADJ;0,01;0,01;1;6;6;4;2;ADJ,NOM
havane;avan;havane;NOM;0,5;0,17;1;6;6;4;2;ADJ,NOM
havres;avR;havre;NOM;0,89;0,04;0;6;0;3;1;NOM
hayons;Ej§;hayon;NOM;0,06;0;0;6;0;3;2;NOM
haïkaï;aikai;haïkaï;NOM;0;0;1;6;5;4;4;NOM
haïkus;aiky;haïku;NOM;0,3;0,01;0;6;0;4;3;NOM
haïrai;aiRE;haïr;VER;55,42;0,39;0;6;0;0;3;VER
haïras;aiRa;haïr;VER;55,42;0,32;0;6;0;0;3;VER
haïrez;aiRe;haïr;VER;55,42;0,03;0;6;0;0;3;VER
haïsse;ais;haïr;VER;55,42;0,25;0;6;0;0;2;VER
heaume;om;heaume;NOM;0,55;0,51;1;6;3;2;1;NOM
hebdos;Ebdo;hebdo;NOM;0,2;0,03;0;6;0;4;2;NOM
hennin;en5;hennin;NOM;0;0;1;6;6;3;2;NOM
hennir;eniR;hennir;VER;0,07;0,03;1;6;6;4;2;VER
hennit;eni;hennir;VER;0,07;0,02;0;6;0;0;2;VER
herber;ERbe;herber;VER;0,22;0,2;1;6;6;4;2;VER
herbes;ERb;herbe;NOM;34,81;7,17;0;6;0;3;1;NOM
herbue;ERby;herbu;ADJ;0,01;0,01;0;6;0;4;2;ADJ
herbus;ERby;herbu;ADJ;0,01;0;0;6;0;4;2;ADJ
hermès;ERmEz;hermès;NOM;0,73;0,73;1;6;5;5;2;NOM
hernie;ERni;hernie;NOM;2,91;2,85;1;6;6;4;2;NOM
herpès;ERpEs;herpès;NOM;0,86;0,86;1;6;5;4;2;NOM
herser;ERse;herser;VER;0;0;1;6;6;4;2;VER
herses;ERs;herse;NOM;0,27;0,01;0;6;0;3;1;NOM
hersés;ERse;herser;VER;0;0;0;6;0;4;2;VER
hetman;Etm@;hetman;NOM;0,34;0,34;1;6;3;4;2;NOM
heures;9R;heure;NOM;709,79;294,39;0;6;0;2;1;NOM
heurta;9Rta;heurter;VER;9,79;0,17;0;6;0;0;2;VER
heurte;9Rt;heurter;VER;9,79;1,15;0;6;0;0;1;VER
heurts;9R;heurt;NOM;0,49;0,2;0;6;0;2;1;NOM
heurté;9Rte;heurter;VER;9,79;4,92;0;6;6;4;2;VER,ADJ
heurté;9Rte;heurté;ADJ;0,05;0,01;1;6;6;4;2;VER,ADJ
hiatus;jatys;hiatus;NOM;0,04;0,04;1;6;5;4;2;NOM
hiboux;ibu;hibou;NOM;5,01;0,94;0;6;0;3;2;NOM
hideur;id9R;hideur;NOM;0;0;1;6;6;3;2;NOM
hideux;id2;hideux;ADJ;3,31;1,93;1;6;6;3;2;ADJ
hilare;ilaR;hilare;ADJ;0,14;0,14;1;6;6;4;2;ADJ
hindou;5du;hindou;ADJ;1,27;0,39;1;6;6;3;2;ADJ,NOM
hindou;5du;hindou;NOM;1,79;0,93;1;6;6;3;2;ADJ,NOM
hippie;ipi;hippie;ADJ;1,23;0,87;1;6;6;3;2;ADJ,NOM
hippie;ipi;hippie;NOM;3,68;1,33;1;6;6;3;2;ADJ,NOM
hissai;isE;hisser;VER;8,09;0,14;0;6;0;0;2;VER
hisser;ise;hisser;VER;8,09;1,37;1;6;6;3;2;VER
hissez;ise;hisser;VER;8,09;1,76;0;6;0;3;2;VER
hissée;ise;hisser;VER;8,09;0,05;0;6;0;3;2;VER
hissés;ise;hisser;VER;8,09;0,07;0;6;0;3;2;VER
hister;istER;hister;NOM;0,02;0,02;1;6;5;4;2;NOM
hivers;ivER;hiver;NOM;38,96;1,52;0;6;0;4;2;NOM
hochai;oSE;hocher;VER;1,8;0;0;6;0;3;2;VER
hocher;oSe;hocher;VER;1,8;0,18;1;6;6;3;2;VER
hoches;OS;hocher;VER;1,8;0,34;0;6;0;0;1;VER
hochet;oSE;hochet;NOM;0,88;0,43;1;6;6;3;2;NOM
hochez;oSe;hocher;VER;1,8;0,14;0;6;0;3;2;VER
hockey;OkE;hockey;NOM;6,38;6,38;1;6;6;3;2;NOM
hoirie;waRi;hoirie;NOM;0;0;1;6;3;4;2;NOM
homard;omaR;homard;NOM;4,96;3,79;1;6;6;4;2;NOM
hombre;§bR;hombre;NOM;1,6;1,6;1;6;4;3;1;NOM
hommes;Om;homme;NOM;1123,55;342,44;0;6;0;2;1;NOM
hongre;§gR;hongre;ADJ;0,18;0,17;1;6;6;3;1;ADJ,NOM
hongre;§gR;hongre;NOM;0,01;0,01;1;6;6;3;1;ADJ,NOM
honnie;oni;honni;ADJ;0,56;0,02;0;6;0;3;2;ADJ,VER
honnie;oni;honnir;VER;0,19;0,03;0;6;0;3;2;ADJ,VER
honnir;oniR;honnir;VER;0,19;0;1;6;6;4;2;VER
honnis;oni;honni;ADJ;0,56;0;0;6;0;3;2;ADJ,VER
honnis;oni;honnir;VER;0,19;0,01;0;6;0;3;2;ADJ,VER
honnit;oni;honnir;VER;0,19;0,01;0;6;0;3;2;VER
honora;onoRa;honorer;VER;22,65;0,03;0;6;0;0;3;VER
honore;onOR;honorer;VER;22,65;4,41;0;6;0;0;2;VER
honoré;onoRe;honorer;VER;22,65;5,09;0;6;6;5;3;VER,ADJ
honoré;onoRe;honoré;ADJ;2,58;2,02;1;6;6;5;3;VER,ADJ
hontes;§t;honte;NOM;103,4;0,14;0;6;0;2;1;NOM
hoquet;okE;hoquet;NOM;1,73;1,57;1;6;6;3;2;NOM
hordes;ORd;horde;NOM;2,95;0,62;0;6;0;3;1;NOM
horion;oRj§;horion;NOM;0;0;1;6;5;4;2;NOM
hormis;ORmi;hormis;PRE;3,23;3,23;1;6;5;4;2;PRE
hostau;Osto;hostau;NOM;0;0;1;6;5;4;2;NOM
hostie;Osti;hostie;NOM;2,31;1,74;1;6;6;4;2;NOM
hostos;Osto;hosto;NOM;5,74;0,05;0;6;0;4;2;NOM
hotter;Ote;hotter;VER;0,01;0,01;1;6;6;3;2;VER
hottes;Ot;hotte;NOM;1,23;0,24;0;6;0;2;1;NOM
hottée;ote;hottée;NOM;0;0;1;6;5;3;2;NOM
houari;waRi;houari;NOM;0;0;1;6;4;4;2;NOM
houhou;uu;houhou;ONO;0,46;0,46;1;6;4;2;2;ONO
houler;ule;houler;VER;0;0;1;6;6;3;2;VER
houles;ul;houle;NOM;0,46;0,02;0;6;0;2;1;NOM
houppe;up;houppe;NOM;0,02;0,01;1;6;6;2;1;NOM
hourds;uR;hourd;NOM;0;0;0;6;0;0;1;NOM
houris;uRi;houri;NOM;0,1;0;0;6;0;3;2;NOM
hourra;uRa;hourra;NOM;2,38;2,11;1;6;6;3;2;NOM,ONO
hourra;uRa;hourra;ONO;5,18;5,18;1;6;6;3;2;NOM,ONO
housse;us;housse;NOM;0,83;0,35;1;6;6;2;1;NOM
huards;8aR;huard;NOM;0,59;0,08;0;6;0;2;1;NOM
hublot;yblo;hublot;NOM;2,61;1,77;1;6;3;3;2;NOM
huches;yS;huche;NOM;0,19;0;0;6;0;2;1;NOM
huchet;ySE;huchet;NOM;0;0;1;6;6;3;2;NOM
huerta;wERta;huerta;NOM;0,53;0,53;1;6;5;3;2;NOM
huilai;8ilE;huiler;VER;0,59;0;0;6;0;0;2;VER
huiler;8ile;huiler;VER;0,59;0,12;1;6;6;4;2;VER
huiles;8il;huile;NOM;22,68;2,46;0;6;0;3;1;NOM
huilez;8ile;huiler;VER;0,59;0,05;0;6;0;4;2;VER
huilée;8ile;huiler;VER;0,59;0,06;0;6;0;4;2;VER,ADJ
huilée;8ile;huilé;ADJ;0,57;0,21;0;6;0;4;2;VER,ADJ
huilés;8ile;huiler;VER;0,59;0,01;0;6;0;4;2;VER,ADJ
huilés;8ile;huilé;ADJ;0,57;0,15;0;6;0;4;2;VER,ADJ
huipil;8ipil;huipil;NOM;0;0;1;6;4;3;2;NOM
hulula;ylyla;hululer;VER;0,18;0;0;6;0;0;3;VER
hulule;ylyl;hululer;VER;0,18;0,14;0;6;0;0;2;VER
humain;ym5;humain;ADJ;107,1;50,53;1;6;6;3;2;ADJ,NOM
humain;ym5;humain;NOM;30;10,56;1;6;6;3;2;ADJ,NOM
humais;ymE;humer;VER;0,73;0,01;0;6;0;0;2;VER
humait;ymE;humer;VER;0,73;0;0;6;0;0;2;VER
humano;ymano;humano;ADV;0,16;0,16;1;6;6;5;3;ADV
humant;ym@;humer;VER;0,73;0,11;0;6;0;0;2;VER
humble;1bl;humble;ADJ;12,43;9,66;1;6;6;3;1;ADJ
humbug;9mb9g;humbug;ADJ;0,01;0,01;1;6;5;3;2;ADJ
hument;ym;humer;VER;0,73;0,11;0;6;0;0;1;VER
humeur;ym9R;humeur;NOM;31,26;29,8;1;6;5;3;2;NOM
humide;ymid;humide;ADJ;11,23;8,24;1;6;6;4;2;ADJ
humons;ym§;humer;VER;0,73;0;0;6;0;0;2;VER
humour;ymuR;humour;NOM;17,22;17,22;1;6;5;3;2;NOM
hunier;ynje;hunier;NOM;0,17;0,12;1;6;4;4;2;NOM
hunter;9nt9R;hunter;NOM;0,02;0,02;1;6;4;3;2;NOM
huppée;ype;huppé;ADJ;0,45;0,1;0;6;0;3;2;ADJ
huppés;ype;huppé;ADJ;0,45;0,13;0;6;0;3;2;ADJ
hurlai;yRlE;hurler;VER;33,17;0;0;6;0;0;2;VER
hurler;yRle;hurler;VER;33,17;10,38;1;6;6;4;2;VER
hurles;yRl;hurler;VER;33,17;0,69;0;6;0;0;1;VER
hurlez;yRle;hurler;VER;33,17;1,47;0;6;0;4;2;VER
hurlât;yRla;hurler;VER;33,17;0;0;6;0;0;2;VER
hurlée;yRle;hurler;VER;33,17;0;0;6;0;4;2;VER
hurlés;yRle;hurler;VER;33,17;0;0;6;0;4;2;VER
hurrah;yRa;hurrah;NOM;0,01;0,01;1;6;5;3;2;NOM,ONO
hurrah;yRa;hurrah;ONO;0,17;0,17;1;6;5;3;2;NOM,ONO
hutter;yt9R;hutter;VER;0,77;0,77;1;6;6;3;2;VER
huttes;yt;hutte;NOM;3,9;0,65;0;6;0;2;1;NOM
huître;8itR;huître;NOM;4;1,41;1;6;6;4;1;NOM
hyades;jad;hyade;NOM;0,1;0,1;0;6;0;0;1;NOM
hydrox;idROks;hydrox;NOM;0,01;0,01;1;6;6;6;2;NOM
hymnes;imn;hymne;NOM;6,25;0,88;0;6;0;3;1;NOM
hyoïde;ioid;hyoïde;ADJ;0,16;0,16;1;6;3;2;3;ADJ,NOM
hyoïde;ioid;hyoïde;NOM;0,13;0,13;1;6;3;2;3;ADJ,NOM
hysope;izOp;hysope;NOM;0,01;0,01;1;6;4;4;2;NOM
hyènes;jEn;hyène;NOM;2,37;0,73;0;6;0;3;1;NOM
hâlait;alE;hâler;VER;0,01;0;0;6;0;0;2;VER
hâlant;al@;hâler;VER;0,01;0;0;6;0;3;2;VER
hâlées;ale;hâler;VER;0,01;0;0;6;0;3;2;VER,ADJ
hâlées;ale;hâlé;ADJ;0,05;0;0;6;0;3;2;VER,ADJ
hâtais;atE;hâter;VER;5,63;0,01;0;6;0;0;2;VER
hâtait;atE;hâter;VER;5,63;0,14;0;6;0;0;2;VER
hâtant;at@;hâter;VER;5,63;0,01;0;6;0;0;2;VER
hâtent;at;hâter;VER;5,63;0,32;0;6;0;2;1;VER
hâtera;at°Ra;hâter;VER;5,63;0,01;0;6;0;0;3;VER
hâtifs;atif;hâtif;ADJ;2,43;0,02;0;6;0;4;2;ADJ
hâtive;ativ;hâtif;ADJ;2,43;0,61;0;6;0;0;2;ADJ
hâtons;at§;hâter;VER;5,63;0,37;0;6;0;0;2;VER
hébreu;ebR2;hébreu;ADJ;1,42;1,23;1;6;6;4;2;ADJ,NOM
hébreu;ebR2;hébreu;NOM;1,67;1,67;1;6;6;4;2;ADJ,NOM
hébéta;ebeta;hébéter;VER;0,35;0;0;6;0;0;3;VER
hébété;ebete;hébéter;VER;0,35;0,28;0;6;6;5;3;VER,ADJ,NOM
hébété;ebete;hébété;ADJ;0,54;0,29;1;6;6;5;3;VER,ADJ,NOM
hébété;ebete;hébété;NOM;0,13;0,12;1;6;6;5;3;VER,ADJ,NOM
hégire;eZiR;hégire;NOM;0,38;0,38;1;6;4;4;2;NOM
hélait;elE;héler;VER;0,35;0,01;0;6;0;0;2;VER
hélant;el@;héler;VER;0,35;0;0;6;0;3;2;VER
hélice;elis;hélice;NOM;2,83;1,9;1;6;6;4;2;NOM
hélico;eliko;hélico;ADV;0,01;0,01;1;6;6;5;3;ADV
hélium;eljOm;hélium;NOM;0,99;0,99;1;6;5;5;2;NOM
héraut;eRo;héraut;NOM;0,36;0,35;1;6;5;3;2;NOM
hérita;eRita;hériter;VER;11,93;0,18;0;6;0;0;3;VER
hérite;eRit;hériter;VER;11,93;1,52;0;6;0;0;2;VER
hérité;eRite;hériter;VER;11,93;6;0;6;0;5;3;VER
hérons;eR§;héron;NOM;0,64;0,37;0;6;0;3;2;NOM
hérédo;eRedo;hérédo;ADV;0;0;1;6;6;5;3;ADV
hésita;ezita;hésiter;VER;30,06;0,3;0;6;0;0;3;VER
hésite;ezit;hésiter;VER;30,06;8,21;0;6;0;0;2;VER
hésité;ezite;hésiter;VER;30,06;3,83;0;6;0;5;3;VER
hétéro;eteRo;hétéro;ADJ;3,91;3,16;1;6;6;5;3;ADJ,NOM
hétéro;eteRo;hétéro;NOM;3,5;1,64;1;6;6;5;3;ADJ,NOM
hévéas;evea;hévéa;NOM;0,23;0,22;0;6;0;4;3;NOM
hêtres;EtR;hêtre;NOM;0,65;0,47;0;6;0;3;1;NOM
hôtels;otEl;hôtel;NOM;114,67;6,94;0;6;0;4;2;NOM
ibères;ibER;ibère;ADJ;0;0;0;6;0;4;2;ADJ
icelle;isEl;icelle;PRO:ind;0;0;1;6;6;3;2;PRO:ind
icelui;is°l8i;icelui;PRO:ind;0;0;1;6;5;3;3;PRO:ind
ictère;iktER;ictère;NOM;0,16;0,16;1;6;4;4;2;NOM
icônes;ikon;icône;NOM;1,81;0,55;0;6;0;4;2;NOM
idiome;idjom;idiome;NOM;0,06;0,06;1;6;6;5;2;NOM
idiote;idjOt;idiot;ADJ;74,06;16,05;0;6;0;0;2;ADJ,NOM
idiote;idjOt;idiot;NOM;90,57;18,4;0;6;0;0;2;ADJ,NOM
idiots;idjo;idiot;ADJ;74,06;4,13;0;6;0;4;2;ADJ,NOM
idiots;idjo;idiot;NOM;90,57;15,08;0;6;0;4;2;ADJ,NOM
idoine;idwan;idoine;ADJ;0,02;0,01;1;6;4;3;2;ADJ
idoles;idOl;idole;NOM;5,43;0,66;0;6;0;3;2;NOM
idylle;idil;idylle;NOM;1,13;1,07;1;6;6;4;2;NOM
idéale;ideal;idéal;ADJ;21,85;5,32;0;6;0;5;3;ADJ
idéals;ideal;idéal;ADJ;21,85;0,01;0;6;0;5;3;ADJ,NOM
idéals;ideal;idéal;NOM;11,22;0;0;6;0;5;3;ADJ,NOM
idéaux;ideo;idéal;ADJ;21,85;0,32;0;6;0;0;3;ADJ,NOM
idéaux;ideo;idéal;NOM;11,22;3,22;0;6;0;0;3;ADJ,NOM
igloos;iglu;igloo;NOM;1,08;0,55;0;6;0;3;2;NOM
igname;iNam;igname;NOM;0,18;0,05;1;6;5;4;2;NOM
ignare;iNaR;ignare;ADJ;0,75;0,55;1;6;5;4;2;ADJ,NOM
ignare;iNaR;ignare;NOM;0,78;0,48;1;6;5;4;2;ADJ,NOM
ignora;iNoRa;ignorer;VER;156,55;0,26;0;6;0;0;3;VER
ignore;iNoR;ignorer;VER;156,55;76,78;0;6;0;0;2;VER
ignoré;iNoRe;ignorer;VER;156,55;3,36;0;6;6;5;3;VER,ADJ
ignoré;iNoRe;ignoré;ADJ;0,64;0,37;1;6;6;5;3;VER,ADJ
iguane;igwan;iguane;NOM;0,69;0,63;1;6;6;5;2;NOM
illico;iliko;illico;ADV;2,19;2,19;1;6;6;4;3;ADV
ilotes;ilOt;ilote;NOM;0;0;0;6;0;4;2;NOM
iléaux;ileo;iléal;ADJ;0,01;0,01;0;6;0;0;3;ADJ
imager;imaZe;imager;VER;0,73;0,02;1;6;6;5;3;VER
images;imaZ;image;NOM;82,13;30,79;0;6;0;4;2;NOM
imagée;imaZe;imager;VER;0,73;0,01;0;6;0;5;3;VER,ADJ
imagée;imaZe;imagé;ADJ;0,1;0,02;0;6;0;5;3;VER,ADJ
imagés;imaZe;imager;VER;0,73;0;0;6;0;5;3;VER,ADJ
imagés;imaZe;imagé;ADJ;0,1;0;0;6;0;5;3;VER,ADJ
imbiba;5biba;imbiber;VER;1,28;0;0;6;0;0;3;VER
imbibe;5bib;imbiber;VER;1,28;0,03;0;6;0;0;2;VER
imbibé;5bibe;imbiber;VER;1,28;0,39;0;6;6;5;3;VER,ADJ
imbibé;5bibe;imbibé;ADJ;0,36;0,2;1;6;6;5;3;VER,ADJ
imbues;5by;imbu;ADJ;0,56;0,01;0;6;0;3;2;ADJ
imitai;imitE;imiter;VER;14,7;0,01;0;6;0;0;3;VER
imiter;imite;imiter;VER;14,7;6,01;1;6;5;5;3;VER
imites;imit;imiter;VER;14,7;0,7;0;6;0;0;2;VER
imitez;imite;imiter;VER;14,7;0,5;0;6;0;5;3;VER
imitât;imita;imiter;VER;14,7;0;0;6;0;0;3;VER
imitée;imite;imiter;VER;14,7;0,28;0;6;0;5;3;VER,ADJ
imitée;imite;imité;ADJ;0,44;0,03;0;6;0;5;3;VER,ADJ
imités;imite;imiter;VER;14,7;0,03;0;6;0;5;3;VER,ADJ
imités;imite;imité;ADJ;0,44;0;0;6;0;5;3;VER,ADJ
immola;imola;immoler;VER;2,54;0,01;0;6;0;0;3;VER
immole;imOl;immoler;VER;2,54;0,82;0;6;0;0;2;VER
immolé;imole;immoler;VER;2,54;0,77;0;6;0;5;3;VER
immune;imyn;immun;ADJ;0,01;0,01;0;6;0;0;2;ADJ
impact;5pakt;impact;NOM;9,54;8,36;1;6;5;4;2;NOM
impair;5pER;impair;ADJ;0,58;0,2;1;6;5;4;2;ADJ,NOM
impair;5pER;impair;NOM;0,22;0,14;1;6;5;4;2;ADJ,NOM
impala;5pala;impala;NOM;0,19;0,17;1;6;6;5;3;NOM
impayé;5pEje;impayé;ADJ;0,96;0,11;1;6;6;5;3;ADJ,NOM
impayé;5pEje;impayé;NOM;0,11;0,04;1;6;6;5;3;ADJ,NOM
impers;5pER;imper;NOM;2,08;0,13;0;6;0;4;2;NOM
impies;5pi;impie;ADJ;1,66;0,47;0;6;0;3;2;ADJ,NOM
impies;5pi;impie;NOM;1,09;0,94;0;6;0;3;2;ADJ,NOM
impoli;5poli;impoli;ADJ;4,76;3,32;1;6;6;5;3;ADJ,NOM
impoli;5poli;impoli;NOM;0,62;0,4;1;6;6;5;3;ADJ,NOM
import;5pOR;import;NOM;0,43;0,32;1;6;6;4;2;NOM
imposa;5poza;imposer;VER;23,62;0,79;0;6;0;0;3;VER
impose;5poz;imposer;VER;23,62;6,92;0;6;0;0;2;VER
imposé;5poze;imposer;VER;23,62;2,46;0;6;6;5;3;VER,ADJ,NOM
imposé;5poze;imposé;ADJ;0,59;0,21;1;6;6;5;3;VER,ADJ,NOM
imposé;5poze;imposé;NOM;0,16;0,14;1;6;6;5;3;VER,ADJ,NOM
impuni;5pyni;impuni;ADJ;1,48;0,89;1;6;6;5;3;ADJ
impure;5pyR;impur;ADJ;3,91;0,89;0;6;0;4;2;ADJ
impurs;5pyR;impur;ADJ;3,91;0,63;0;6;0;4;2;ADJ
impute;5pyt;imputer;VER;0,9;0,22;0;6;0;0;2;VER
imputé;5pyte;imputer;VER;0,9;0,03;0;6;0;5;3;VER
impôts;5po;impôt;NOM;15,14;12,47;0;6;0;3;2;NOM
inapte;inapt;inapte;ADJ;2;1,3;1;6;6;5;2;ADJ
incisa;5siza;inciser;VER;1,05;0;0;6;0;0;3;VER
incise;5siz;incise;ADJ;0,02;0,02;1;6;6;4;2;ADJ,NOM,VER
incise;5siz;incise;NOM;0,02;0,02;1;6;6;4;2;ADJ,NOM,VER
incise;5siz;inciser;VER;1,05;0,17;0;6;6;4;2;ADJ,NOM,VER
incisé;5size;inciser;VER;1,05;0,19;0;6;0;5;3;VER
incita;5sita;inciter;VER;6,32;0,14;0;6;0;0;3;VER
incite;5sit;inciter;VER;6,32;1,61;0;6;0;0;2;VER
incité;5site;inciter;VER;6,32;0,77;0;6;0;5;3;VER
inclue;5kly;inclure;VER;8,12;0,4;0;6;0;4;2;VER
inclus;5kly;inclure;VER;8,12;2,53;0;6;6;4;2;VER,ADJ
inclus;5kly;inclus;ADJ;0,7;0,22;1;6;6;4;2;VER,ADJ
inclut;5kly;inclure;VER;8,12;1,78;0;6;0;4;2;VER
incréé;5kRee;incréé;ADJ;0,14;0,14;1;6;6;5;3;ADJ
incube;5kyb;incube;NOM;0,1;0,07;1;6;6;4;2;NOM
incubé;5kybe;incuber;VER;0,17;0,12;0;6;0;5;3;VER
indexé;5dEkse;indexer;VER;0,09;0,04;0;6;0;6;3;VER
indice;5dis;indice;NOM;22,13;13,29;1;6;6;4;2;NOM
indics;5dik;indic;NOM;5,36;1,03;0;6;0;4;2;NOM
indien;5dj5;indien;ADJ;11,62;5,75;1;6;6;3;2;ADJ,NOM
indien;5dj5;indien;NOM;12,99;4,13;1;6;6;3;2;ADJ,NOM
indigo;5digo;indigo;ADJ;0,04;0,04;1;6;6;4;3;ADJ,NOM
indigo;5digo;indigo;NOM;0,45;0,45;1;6;6;4;3;ADJ,NOM
indole;5dOl;indole;NOM;0,01;0,01;1;6;6;3;2;NOM
indoor;indOR;indoor;ADJ;0,05;0,05;1;6;5;4;2;ADJ
indous;5du;indou;ADJ;0,03;0;0;6;0;3;2;ADJ
indues;5dy;indu;ADJ;0,29;0;0;6;0;3;2;ADJ
induis;5d8i;induire;VER;1,68;0,17;0;6;0;4;2;VER
induit;5d8i;induire;VER;1,68;0,6;0;6;6;4;2;VER,ADJ,NOM
induit;5d8i;induit;ADJ;0,07;0,04;1;6;6;4;2;VER,ADJ,NOM
induit;5d8i;induit;NOM;0,01;0,01;1;6;6;4;2;VER,ADJ,NOM
induré;5dyRe;indurer;VER;0;0;0;6;6;0;3;VER
inepte;inEpt;inepte;ADJ;0,69;0,52;1;6;6;5;2;ADJ
inerte;inERt;inerte;ADJ;0,96;0,67;1;6;6;5;2;ADJ
infant;5f@;infant;NOM;5,52;4,98;1;6;6;3;2;NOM
infect;5fEkt;infect;ADJ;3,61;2,03;1;6;6;5;2;ADJ
infime;5fim;infime;ADJ;2,09;1,53;1;6;5;4;2;ADJ
infini;5fini;infini;ADJ;9,21;3,86;1;6;6;5;3;ADJ,NOM
infini;5fini;infini;NOM;3,39;3,38;1;6;6;5;3;ADJ,NOM
influe;5fly;influer;VER;1,31;0,24;0;6;0;4;2;VER
influx;5fly;influx;NOM;0,25;0,25;1;6;6;4;2;NOM
influé;5flye;influer;VER;1,31;0,01;0;6;0;5;3;VER
infuse;5fyz;infus;ADJ;0,27;0,27;0;6;0;0;2;ADJ,VER
infuse;5fyz;infuser;VER;0,2;0,04;0;6;0;0;2;ADJ,VER
infusé;5fyze;infuser;VER;0,2;0,04;0;6;0;5;3;VER
infâme;5fam;infâme;ADJ;7,71;6;1;6;4;4;2;ADJ
inféré;5feRe;inférer;VER;0;0;0;6;0;5;3;VER
ingrat;5gRa;ingrat;ADJ;5,61;3,46;1;6;6;4;2;ADJ,NOM
ingrat;5gRa;ingrat;NOM;3,11;1,38;1;6;6;4;2;ADJ,NOM
ingère;5ZER;ingérer;VER;1,29;0,23;0;6;0;0;2;VER
ingénu;5Zeny;ingénu;ADJ;1,03;0,22;1;6;6;5;3;ADJ,NOM
ingénu;5Zeny;ingénu;NOM;0,99;0,37;1;6;6;5;3;ADJ,NOM
ingéré;5ZeRe;ingérer;VER;1,29;0,41;0;6;0;5;3;VER
inhala;inala;inhaler;VER;0,77;0;0;6;0;0;3;VER
inhalé;inale;inhaler;VER;0,77;0,44;0;6;0;5;3;VER
inhibe;inib;inhiber;VER;0,47;0,19;0;6;0;0;2;VER
inhibé;inibe;inhiber;VER;0,47;0,04;0;6;6;5;3;VER,ADJ
inhibé;inibe;inhibé;ADJ;0,34;0,18;1;6;6;5;3;VER,ADJ
inhuma;inyma;inhumer;VER;1,11;0;0;6;0;0;3;VER
inhume;inym;inhumer;VER;1,11;0,01;0;6;0;0;2;VER
inhumé;inyme;inhumer;VER;1,11;0,36;0;6;0;5;3;VER
inique;inik;inique;ADJ;0,28;0,27;1;6;6;4;2;ADJ
initia;inisja;initier;VER;3,59;0,06;0;6;0;0;3;VER
initie;inisi;initier;VER;3,59;0,37;0;6;0;0;3;VER
initié;inisje;initier;VER;3,59;1;0;6;6;6;3;VER,ADJ,NOM
initié;inisje;initié;ADJ;0,23;0,05;1;6;6;6;3;VER,ADJ,NOM
initié;inisje;initié;NOM;0,97;0,36;1;6;6;6;3;VER,ADJ,NOM
injure;5ZyR;injure;NOM;4,58;2,22;1;6;6;4;2;NOM
innova;inova;innover;VER;0,93;0;0;6;0;0;3;VER
innove;inOv;innover;VER;0,93;0,25;0;6;0;0;2;VER
innové;inove;innover;VER;0,93;0,09;0;6;0;5;3;VER
innées;ine;inné;ADJ;1,26;0,03;0;6;0;3;2;ADJ
inonda;in§da;inonder;VER;6,69;0,13;0;6;0;0;3;VER
inonde;in§d;inonder;VER;6,69;0,73;0;6;0;0;2;VER
inondé;in§de;inonder;VER;6,69;2,13;0;6;6;5;3;VER,ADJ,NOM
inondé;in§de;inondé;ADJ;0,47;0,16;1;6;6;5;3;VER,ADJ,NOM
inondé;in§de;inondé;NOM;0,03;0,01;1;6;6;5;3;VER,ADJ,NOM
inouïe;inwi;inouï;ADJ;3,23;0,97;0;6;0;3;2;ADJ
inouïs;inwi;inouï;ADJ;3,23;0,38;0;6;0;3;2;ADJ
insane;5san;insane;ADJ;0,05;0,05;1;6;6;4;2;ADJ
insert;5sER;insert;NOM;0,3;0,12;1;6;6;4;2;NOM
insolé;5sole;insoler;VER;0;0;0;6;0;0;3;VER
instit;5stit;instit;NOM;1,09;0,98;1;6;6;5;2;NOM
insula;5syla;insula;NOM;0,01;0,01;1;6;6;5;3;NOM
insère;5sER;insérer;VER;2,92;0,57;0;6;0;4;2;VER
inséra;5seRa;insérer;VER;2,92;0;0;6;0;0;3;VER
inséré;5seRe;insérer;VER;2,92;0,63;0;6;0;4;3;VER
intact;5takt;intact;ADJ;11,89;6,21;1;6;5;4;2;ADJ
inters;5tER;inter;NOM;0,84;0;0;6;0;4;2;NOM
intima;5tima;intimer;VER;0,5;0;0;6;0;0;3;VER
intime;5tim;intime;ADJ;15,78;9,09;1;6;6;4;2;ADJ,NOM,VER
intime;5tim;intime;NOM;1,19;0,79;1;6;6;4;2;ADJ,NOM,VER
intime;5tim;intimer;VER;0,5;0,02;0;6;6;4;2;ADJ,NOM,VER
intimé;5time;intimer;VER;0,5;0,2;0;6;6;5;3;VER,NOM
intimé;5time;intimé;NOM;0,01;0,01;1;6;6;5;3;VER,NOM
intoxe;5tOks;intox;NOM;0,34;0,14;0;6;0;5;2;NOM
intrus;5tRy;intrus;ADJ;0,64;0,64;1;6;6;4;2;ADJ,NOM
intrus;5tRy;intrus;NOM;4,35;4,29;1;6;6;4;2;ADJ,NOM
intube;5tyb;intuber;VER;2,33;0,42;0;6;0;0;2;VER
intubé;5tybe;intuber;VER;2,33;0,42;0;6;0;5;3;VER
inupik;inypik;inupik;NOM;0;0;1;6;4;4;3;NOM
invita;5vita;inviter;VER;116,83;0,45;0;6;0;0;3;VER
invite;5vit;invite;NOM;2,27;2,04;1;6;6;4;2;NOM,VER
invite;5vit;inviter;VER;116,83;29,01;0;6;6;4;2;NOM,VER
invité;5vite;inviter;VER;116,83;28,27;0;6;6;5;3;VER,ADJ,NOM
invité;5vite;invité;ADJ;4,22;2,23;1;6;6;5;3;VER,ADJ,NOM
invité;5vite;invité;NOM;41,19;12,06;1;6;6;5;3;VER,ADJ,NOM
inédit;inedi;inédit;ADJ;1,1;0,65;1;6;5;5;3;ADJ,NOM
inédit;inedi;inédit;NOM;0,09;0,06;1;6;5;5;3;ADJ,NOM
inégal;inegal;inégal;ADJ;0,68;0,23;1;6;6;6;3;ADJ
iodler;jOdle;iodler;VER;0,07;0,03;1;6;4;5;2;VER
iodure;jodyR;iodure;NOM;0,05;0,05;1;6;4;4;2;NOM
ionien;jonj5;ionien;ADJ;0;0;1;6;6;5;2;ADJ
ionisé;jonize;ioniser;VER;0,04;0,01;0;6;6;6;3;VER,ADJ
ionisé;jonize;ionisé;ADJ;0,15;0,05;1;6;6;6;3;VER,ADJ
ipomée;ipome;ipomée;NOM;0;0;1;6;3;5;3;NOM
ipécas;ipeka;ipéca;NOM;0,32;0;0;6;0;4;3;NOM
irions;iRj§;aller;VER;9992,77;1,1;0;6;0;0;2;VER
iriser;iRize;iriser;VER;0,01;0;1;6;5;5;3;VER
irisée;iRize;iriser;VER;0,01;0;0;6;0;5;3;VER,ADJ
irisée;iRize;irisé;ADJ;0,05;0;0;6;0;5;3;VER,ADJ
irisés;iRize;iriser;VER;0,01;0;0;6;0;5;3;VER,ADJ
irisés;iRize;irisé;ADJ;0,05;0,02;0;6;0;5;3;VER,ADJ
ironie;iRoni;ironie;NOM;6,05;6;1;6;6;5;3;NOM
irrita;iRita;irriter;VER;6,7;0,11;0;6;0;0;3;VER
irrite;iRit;irriter;VER;6,7;2,62;0;6;0;0;2;VER
irrité;iRite;irriter;VER;6,7;1,29;0;6;0;5;3;VER
irréel;iReEl;irréel;ADJ;2,84;1,87;1;6;6;5;3;ADJ,NOM
irréel;iReEl;irréel;NOM;0,07;0,07;1;6;6;5;3;ADJ,NOM
isards;izaR;isard;NOM;0;0;0;6;0;4;2;NOM
isatis;izatis;isatis;NOM;0;0;1;6;4;4;3;NOM
isolai;izolE;isoler;VER;14,1;0;0;6;0;0;3;VER
isoler;izole;isoler;VER;14,1;4,62;1;6;6;5;3;VER
isolez;izole;isoler;VER;14,1;0,65;0;6;0;5;3;VER
isolée;izole;isoler;VER;14,1;1,73;0;6;0;5;3;VER,ADJ
isolée;izole;isolé;ADJ;8,17;1,98;0;6;0;5;3;VER,ADJ
isolés;izole;isoler;VER;14,1;0,94;0;6;0;5;3;VER,ADJ,NOM
isolés;izole;isolé;ADJ;8,17;1,79;0;6;0;5;3;VER,ADJ,NOM
isolés;izole;isolé;NOM;0,84;0,39;0;6;0;5;3;VER,ADJ,NOM
isorel;izoREl;isorel;NOM;0;0;1;6;4;4;3;NOM
issues;isy;issu;ADJ;5,24;0,26;0;6;0;3;2;ADJ,NOM
issues;isy;issue;NOM;16,52;2,82;0;6;0;3;2;ADJ,NOM
isthme;izm;isthme;NOM;0,19;0,19;1;6;6;3;1;NOM
ivoire;ivwaR;ivoire;ADJ;0,28;0,28;1;6;6;5;2;ADJ,NOM
ivoire;ivwaR;ivoire;NOM;1,98;1,96;1;6;6;5;2;ADJ,NOM
ivraie;ivRE;ivraie;NOM;0,21;0,21;1;6;4;4;2;NOM
ixième;iksjEm;ixième;ADJ;0;0;1;6;3;4;2;ADJ
jabots;Zabo;jabot;NOM;0,16;0,01;0;6;0;4;2;NOM
jacket;ZakEt;jacket;NOM;0,23;0,04;1;6;5;5;2;NOM
jacter;Zakte;jacter;VER;0,36;0,14;1;6;6;5;2;VER
jactes;Zakt;jacter;VER;0,36;0,01;0;6;0;0;1;VER
jactez;Zakte;jacter;VER;0,36;0,01;0;6;0;5;2;VER
jaffas;Zafa;jaffer;VER;5,41;4,57;0;6;0;0;2;VER
jaffer;Zafe;jaffer;VER;5,41;0,05;1;6;6;4;2;VER
jaguar;ZagwaR;jaguar;NOM;0,91;0,65;1;6;6;6;2;NOM
jailli;Zaji;jaillir;VER;5,79;0,69;0;6;0;0;2;VER
jalons;Zal§;jalon;NOM;0,17;0,14;0;6;0;4;2;NOM
jaloux;Zalu;jaloux;ADJ;44,67;29,87;1;6;6;4;2;ADJ,NOM
jaloux;Zalu;jaloux;NOM;6,97;4,99;1;6;6;4;2;ADJ,NOM
jamais;ZamE;jamais;ADV;1360,22;1360,22;1;6;6;4;2;ADV
jambes;Z@b;jambe;NOM;113,82;67,51;0;6;0;3;1;NOM
jambon;Z@b§;jambon;NOM;9,43;8,94;1;6;6;4;2;NOM
jantes;Z@t;jante;NOM;1,22;0,99;0;6;0;3;1;NOM
japons;Zap§;japon;NOM;0,2;0;0;6;0;4;2;NOM
japper;Zape;japper;VER;0,48;0,11;1;6;6;4;2;VER
jaquet;ZakE;jaquet;NOM;0;0;1;6;6;4;2;NOM
jardin;ZaRd5;jardin;NOM;60,21;54,01;1;6;6;5;2;NOM
jargon;ZaRg§;jargon;NOM;1,91;1,9;1;6;6;5;2;NOM
jarres;ZaR;jarre;NOM;1,25;0,08;0;6;0;3;1;NOM
jarret;ZaRE;jarret;NOM;1,31;1,16;1;6;6;4;2;NOM
jasait;ZazE;jaser;VER;2,72;0;0;6;0;0;2;VER
jasent;Zaz;jaser;VER;2,72;0,47;0;6;0;0;1;VER
jaseur;Zaz9R;jaseur;NOM;0;0;1;6;5;4;2;NOM
jasmin;Zasm5;jasmin;NOM;1,57;1,57;1;6;4;4;2;NOM
jasper;Zaspe;jasper;VER;0,11;0,11;1;6;6;5;2;VER
jaspin;Zasp5;jaspin;NOM;0;0;1;6;6;5;2;NOM
jaspés;Zaspe;jasper;VER;0,11;0;0;6;0;5;2;VER
jattes;Zat;jatte;NOM;0,18;0;0;6;0;3;1;NOM
jaugea;ZoZa;jauger;VER;1,17;0;0;6;0;0;2;VER
jauger;ZoZe;jauger;VER;1,17;0,64;1;6;6;4;2;VER
jauges;ZoZ;jauge;NOM;1,44;0,18;0;6;0;3;1;NOM,VER
jauges;ZoZ;jauger;VER;1,17;0,02;0;6;0;3;1;NOM,VER
jaugez;ZoZe;jauger;VER;1,17;0,28;0;6;0;4;2;VER
jaugée;ZoZe;jauger;VER;1,17;0,01;0;6;0;4;2;VER
jaugés;ZoZe;jauger;VER;1,17;0,01;0;6;0;4;2;VER
jaunes;Zon;jaune;ADJ;21,09;5,62;0;6;0;3;1;ADJ,NOM
jaunes;Zon;jaune;NOM;7,88;1,44;0;6;0;3;1;ADJ,NOM
jaunie;Zoni;jauni;ADJ;0,28;0,01;0;6;0;4;2;ADJ,VER
jaunie;Zoni;jaunir;VER;0,92;0,02;0;6;0;4;2;ADJ,VER
jaunir;ZoniR;jaunir;VER;0,92;0,21;1;6;6;5;2;VER
jaunis;Zoni;jauni;ADJ;0,28;0,02;0;6;0;4;2;ADJ,VER
jaunis;Zoni;jaunir;VER;0,92;0,01;0;6;0;4;2;ADJ,VER
jaunit;Zoni;jaunir;VER;0,92;0,14;0;6;0;4;2;VER
jersey;ZERzE;jersey;NOM;0,51;0,51;1;6;4;4;2;NOM
jetais;Z°tE;jeter;VER;192,18;1,24;0;6;0;0;2;VER
jetait;Z°tE;jeter;VER;192,18;0;0;6;0;0;2;VER
jetant;Z°t@;jeter;VER;192,18;1,53;0;6;0;0;2;VER
jeteur;Z°t9R;jeteur;NOM;0,23;0,04;1;6;5;4;2;NOM
jetiez;Z°tje;jeter;VER;192,18;0,29;0;6;0;0;2;VER
jetons;Z°t§;jeter;VER;192,18;2,89;0;6;0;4;2;VER,NOM
jetons;Z°t§;jeton;NOM;10,27;7,39;0;6;0;4;2;VER,NOM
jettes;ZEt;jeter;VER;192,18;4,77;0;6;0;3;1;VER
jetées;Z°te;jeter;VER;192,18;1,11;0;6;0;4;2;VER,ADJ,NOM
jetées;Z°te;jeté;ADJ;1,15;0,07;0;6;0;4;2;VER,ADJ,NOM
jetées;Z°te;jetée;NOM;3,43;0,17;0;6;0;4;2;VER,ADJ,NOM
jeudis;Z2di;jeudi;NOM;26,09;1,51;0;6;0;3;2;NOM
jeunes;Z9n;jeune;ADJ;297,01;62,12;0;6;0;3;1;ADJ,NOM
jeunes;Z9n;jeune;NOM;54,68;36,52;0;6;0;3;1;ADJ,NOM
jeunet;Z9nE;jeunet;ADJ;0,13;0,02;1;6;6;4;2;ADJ,NOM
jeunet;Z9nE;jeunet;NOM;0,11;0,11;1;6;6;4;2;ADJ,NOM
jeunot;Z9no;jeunot;ADJ;0,46;0,44;1;6;5;4;2;ADJ,NOM
jeunot;Z9no;jeunot;NOM;1,56;0,94;1;6;5;4;2;ADJ,NOM
jeûner;Z2ne;jeûner;VER;2,59;1,1;1;6;6;4;2;VER
jeûnes;Z2n;jeûne;NOM;1,84;0,22;0;6;0;3;1;NOM,VER
jeûnes;Z2n;jeûner;VER;2,59;0,32;0;6;0;3;1;NOM,VER
jeûnez;Z2ne;jeûner;VER;2,59;0,16;0;6;0;4;2;VER
jigger;dZig9R;jigger;NOM;0,04;0,04;1;6;3;4;2;NOM
jingle;dZing9l;jingle;NOM;1,14;0,88;1;6;4;5;2;NOM
jinjin;dZindZin;jinjin;NOM;0;0;1;6;4;5;2;NOM
jivaro;ZivaRo;jivaro;ADJ;0;0;1;6;3;4;3;ADJ
jobard;ZobaR;jobard;ADJ;0,05;0,05;1;6;6;5;2;ADJ,NOM
jobard;ZobaR;jobard;NOM;0,46;0,41;1;6;6;5;2;ADJ,NOM
jockey;ZokE;jockey;NOM;1,69;1,37;1;6;5;4;2;NOM
jodler;jOdl9R;jodler;VER;0,23;0,23;1;6;4;5;2;VER
jogger;dZOge;jogger;NOM;0,34;0,25;1;6;6;5;2;NOM,VER
jogger;dZOge;jogger;VER;0,01;0,01;1;6;6;5;2;NOM,VER
joices;Zwas;joice;ADJ;0,01;0;0;6;0;4;1;ADJ
joigne;ZwaN;joindre;VER;46,37;0,72;0;6;0;0;1;VER
jointe;Zw5t;joint;ADJ;2,8;0,43;0;6;0;0;1;ADJ,VER
jointe;Zw5t;jointer;VER;0,01;0,01;0;6;0;0;1;ADJ,VER
joints;Zw5;joindre;VER;46,37;0,39;0;6;0;3;1;VER,ADJ,NOM
joints;Zw5;joint;ADJ;2,8;0,6;0;6;0;3;1;VER,ADJ,NOM
joints;Zw5;joint;NOM;8,38;2,61;0;6;0;3;1;VER,ADJ,NOM
jojoba;ZoZoba;jojoba;NOM;0,03;0,03;1;6;5;5;3;NOM
jokari;ZokaRi;jokari;NOM;0;0;1;6;4;4;3;NOM
jokers;ZokER;joker;NOM;3,54;0,1;0;6;0;5;2;NOM
jolies;Zoli;joli;ADJ;226,45;20,99;0;6;0;4;2;ADJ
joliet;ZOljE;joliet;ADJ;0,01;0,01;1;6;6;4;2;ADJ
jonché;Z§Se;joncher;VER;0,67;0,09;0;6;6;4;2;VER,ADJ
jonché;Z§Se;jonché;ADJ;0;0;1;6;6;4;2;VER,ADJ
jongle;Z§gl;jongler;VER;2,13;0,54;0;6;0;0;1;VER
jonglé;Z§gle;jongler;VER;2,13;0,16;0;6;0;5;2;VER
jonque;Z§k;jonque;NOM;0,34;0,33;1;6;6;3;1;NOM
joseph;ZozEf;joseph;NOM;0,17;0,17;1;6;3;3;2;NOM
jouais;ZwE;jouer;VER;570,12;12,89;0;6;0;3;1;VER
jouait;ZwE;jouer;VER;570,12;21,59;0;6;0;3;1;VER
jouant;Zw@;jouer;VER;570,12;5,66;0;6;0;0;1;VER
jouent;Zu;jouer;VER;570,12;16,41;0;6;0;2;1;VER
jouera;ZuRa;jouer;VER;570,12;5,56;0;6;0;0;2;VER
jouets;ZwE;jouet;NOM;25,5;13,68;0;6;0;3;1;NOM
joueur;Zw9R;joueur;ADJ;4,43;3,36;1;6;5;3;1;ADJ,NOM
joueur;Zw9R;joueur;NOM;28,45;17,22;1;6;5;3;1;ADJ,NOM
jouiez;Zuje;jouer;VER;570,12;2,11;0;6;0;0;2;VER
jouira;ZwiRa;jouir;VER;22,06;0,32;0;6;0;0;2;VER
joujou;ZuZu;joujou;NOM;1,63;1,63;1;6;6;3;2;NOM
joules;Zul;joule;NOM;0,22;0,22;0;6;0;0;1;NOM
jouons;Zw§;jouer;VER;570,12;7,81;0;6;0;0;1;VER
jouter;Zute;jouter;VER;0,1;0,06;1;6;6;4;2;VER
joutes;Zut;joute;NOM;1,25;0,28;0;6;0;3;1;NOM
joutez;Zute;jouter;VER;0,1;0,03;0;6;0;4;2;VER
jouxte;Zukst;jouxte;PRE;0,05;0,05;1;6;6;3;1;PRE,VER
jouxte;Zukst;jouxter;VER;0,07;0,05;0;6;6;3;1;PRE,VER
jouées;Zwe;jouer;VER;570,12;0,27;0;6;0;3;1;VER,ADJ,NOM
jouées;Zwe;joué;ADJ;1,22;0,02;0;6;0;3;1;VER,ADJ,NOM
jouées;Zwe;joué;NOM;0,01;0,01;0;6;0;3;1;VER,ADJ,NOM
jovial;Zovjal;jovial;ADJ;0,61;0,48;1;6;6;6;2;ADJ
joyaux;Zwajo;joyau;NOM;3,6;0,93;0;6;0;5;2;NOM
joyeux;Zwaj2;joyeux;ADJ;39,89;31,81;1;6;6;5;2;ADJ
jubila;Zybila;jubiler;VER;1,2;0,01;0;6;0;0;3;VER
jubile;Zybil;jubiler;VER;1,2;0,38;0;6;0;0;2;VER
jubilé;Zybile;jubiler;VER;1,2;0,1;0;6;6;6;3;VER,ADJ,NOM
jubilé;Zybile;jubilé;ADJ;0,01;0,01;1;6;6;6;3;VER,ADJ,NOM
jubilé;Zybile;jubilé;NOM;0,33;0,33;1;6;6;6;3;VER,ADJ,NOM
juchai;ZySE;jucher;VER;0,24;0;0;6;0;0;2;VER
jucher;ZySe;jucher;VER;0,24;0;1;6;5;3;2;VER
juchée;ZySe;jucher;VER;0,24;0,04;0;6;5;3;2;VER,ADJ,NOM
juchée;ZySe;juchée;ADJ;0,01;0,01;1;6;5;3;2;VER,ADJ,NOM
juchée;ZySe;juchée;NOM;0;0;1;6;5;3;2;VER,ADJ,NOM
juchés;ZySe;jucher;VER;0,24;0,03;0;6;0;3;2;VER
judoka;Zydoka;judoka;NOM;0,21;0,21;1;6;5;5;3;NOM
judéen;Zyde5;judéen;ADJ;0,07;0,07;1;6;6;5;3;ADJ,NOM
judéen;Zyde5;judéen;NOM;0,01;0,01;1;6;6;5;3;ADJ,NOM
jugeai;ZyZE;juger;VER;56,12;0,01;0;6;0;0;2;VER
jugent;ZyZ;juger;VER;56,12;1,06;0;6;0;3;1;VER
jugera;ZyZ°Ra;juger;VER;56,12;1,42;0;6;0;0;3;VER
jugeur;ZyZ9R;jugeur;NOM;0,01;0,01;1;6;5;4;2;NOM
jugeât;ZyZa;juger;VER;56,12;0;0;6;0;0;2;VER
jugiez;ZyZje;juger;VER;56,12;0,13;0;6;0;0;2;VER
jugula;Zygyla;juguler;VER;0,39;0;0;6;0;0;3;VER
jugule;Zygyl;juguler;VER;0,39;0,13;0;6;0;0;2;VER
jugulé;Zygyle;juguler;VER;0,39;0,05;0;6;0;6;3;VER
jugées;ZyZe;juger;VER;56,12;0,11;0;6;0;4;2;VER
juives;Z8iv;juif;ADJ;30,62;0,54;0;6;0;0;1;ADJ,NOM
juives;Z8iv;juif;NOM;45,32;0,25;0;6;0;0;1;ADJ,NOM
jujube;ZyZyb;jujube;NOM;0,06;0,02;1;6;6;4;2;NOM
juleps;ZylEp;julep;NOM;0,02;0;0;6;0;4;2;NOM
julien;Zylj5;julien;ADJ;0,47;0,47;1;6;6;5;2;ADJ
julots;Zylo;julot;NOM;0,12;0;0;6;0;4;2;NOM
jumeau;Zymo;jumeau;ADJ;5,68;1,34;1;6;5;4;2;ADJ,NOM
jumeau;Zymo;jumeau;NOM;13,74;1,27;1;6;5;4;2;ADJ,NOM
jumelé;Zym°le;jumeler;VER;0,17;0;0;6;6;6;3;VER
jument;Zym@;jument;NOM;6,67;5,71;1;6;6;4;2;NOM
jumper;dZ9mp9R;jumper;NOM;2,26;2,26;1;6;5;6;2;NOM
jungle;Z1gl;jungle;NOM;16,47;16,25;1;6;5;3;1;NOM
junior;ZynjOR;junior;ADJ;2,35;2,27;1;6;4;4;2;ADJ,NOM
junior;ZynjOR;junior;NOM;2,05;1,7;1;6;4;4;2;ADJ,NOM
junker;Z9nkER;junker;NOM;0,02;0,02;1;6;5;5;2;NOM
junkie;Z9nki;junkie;NOM;5,15;3,22;1;6;5;5;2;NOM
jupons;Zyp§;jupon;NOM;3;1,65;0;6;0;4;2;NOM
jupées;Zype;jupé;ADJ;0;0;0;6;0;0;2;ADJ
jurais;ZyRE;jurer;VER;148,41;0,34;0;6;0;0;2;VER
jurait;ZyRE;jurer;VER;148,41;1,06;0;6;0;0;2;VER
jurant;ZyR@;jurer;VER;148,41;0,58;0;6;0;0;2;VER
jurent;ZyR;jurer;VER;148,41;1,01;0;6;0;0;1;VER
jurera;ZyR°Ra;jurer;VER;148,41;0,08;0;6;0;0;3;VER
juriez;ZyRje;jurer;VER;148,41;0,13;0;6;0;0;2;VER
jurons;ZyR§;jurer;VER;148,41;0,49;0;6;0;4;2;VER,NOM
jurons;ZyR§;juron;NOM;2,1;1,68;0;6;0;4;2;VER,NOM
jurées;ZyRe;jurer;VER;148,41;0,01;0;6;0;4;2;VER,ADJ
jurées;ZyRe;juré;ADJ;2,84;0;0;6;0;4;2;VER,ADJ
jusant;Zyz@;jusant;NOM;0,01;0,01;1;6;4;3;2;NOM
jusque;Zysk;jusque;ADV;0,62;0,62;1;6;6;4;1;ADV,PRE
jusque;Zysk;jusque;PRE;15,05;15,05;1;6;6;4;1;ADV,PRE
justes;Zyst;juste;ADJ;656,86;3,36;0;6;0;4;1;ADJ,NOM
justes;Zyst;juste;NOM;18,73;1,38;0;6;0;4;1;ADJ,NOM
jutait;ZytE;juter;VER;0,03;0;0;6;0;0;2;VER
juteux;Zyt2;juteux;ADJ;2,86;1,58;1;6;5;4;2;ADJ
kabuki;kabuki;kabuki;NOM;0,42;0,42;1;6;4;5;3;NOM
kabyle;kabil;kabyle;ADJ;0,01;0,01;1;6;4;5;2;ADJ,NOM
kabyle;kabil;kabyle;NOM;0;0;1;6;4;5;2;ADJ,NOM
kacher;kaSe;kacher;ADJ;0,02;0,02;1;6;5;4;2;ADJ
kaftan;kaft@;kaftan;ADJ;0,04;0,02;1;6;4;5;2;ADJ
kaiser;kajz9R;kaiser;NOM;0,02;0,02;1;6;3;4;2;NOM
kamala;kamala;kamala;NOM;0,07;0,07;1;6;5;5;3;NOM
kaolin;kaol5;kaolin;NOM;0,01;0,01;1;6;4;4;3;NOM
kaposi;kapozi;kaposi;NOM;0,09;0,09;1;6;5;5;3;NOM
kapout;kaput;kapout;NOM;0,01;0,01;1;6;5;5;2;NOM
karaté;kaRate;karaté;NOM;2,64;2,64;1;6;6;6;3;NOM
karité;kaRite;karité;NOM;0,01;0,01;1;6;5;6;3;NOM
kasbah;kasba;kasbah;NOM;0;0;1;6;4;5;2;NOM
kasher;kaSER;kasher;ADJ;0,63;0,63;1;6;4;5;2;ADJ
kastro;kastRo;kastro;NOM;0;0;1;6;4;6;2;NOM
katiba;katiba;katiba;NOM;0;0;1;6;4;5;3;NOM
kazakh;kazak;kazakh;ADJ;0,33;0,13;1;6;3;5;2;ADJ,NOM
kazakh;kazak;kazakh;NOM;0,1;0,1;1;6;3;5;2;ADJ,NOM
kebabs;k°bab;kebab;NOM;0,78;0,23;0;6;0;0;2;NOM
keblas;k°bla;kebla;ADJ;0;0;0;6;0;3;2;ADJ
kerrie;kERi;kerrie;NOM;0,04;0,04;1;6;4;4;2;NOM
kevlar;k°vlaR;kevlar;NOM;0,26;0,26;1;6;3;3;2;NOM
khanat;kana;khanat;NOM;0;0;1;6;5;4;2;NOM
khazar;kazaR;khazar;ADJ;0;0;1;6;4;5;2;ADJ
khmère;kmER;khmer;ADJ;0,28;0,01;0;6;0;2;1;ADJ
khâgne;kaN;khâgne;NOM;0;0;1;6;6;3;1;NOM
kicker;kike;kicker;NOM;0,14;0,14;1;6;5;4;2;NOM
kilbus;kilbus;kilbus;NOM;0;0;1;6;4;4;2;NOM
killer;kil9R;killer;NOM;1,19;1,19;1;6;4;4;2;NOM
kimono;kimono;kimono;NOM;2,11;1,84;1;6;3;3;3;NOM
kinase;kinaz;kinase;NOM;0,03;0,03;1;6;4;4;2;NOM
kinnor;kinOR;kinnor;NOM;0;0;1;6;4;5;2;NOM
kiosks;kjOsk;kiosk;NOM;0;0;0;6;0;3;1;NOM
kipper;kip9R;kipper;NOM;0,04;0,04;1;6;5;4;2;NOM
kirsch;kiRS;kirsch;NOM;0,56;0,56;1;6;4;4;1;NOM
kitsch;kitS;kitsch;ADJ;0,23;0,23;1;6;4;4;1;ADJ
klaxon;klaks§;klaxon;NOM;5,55;4,89;1;6;6;6;2;NOM
koalas;koala;koala;NOM;0,19;0,04;0;6;0;5;3;NOM
kobold;kobOld;kobold;NOM;0,37;0,22;1;6;3;6;2;NOM
kodiak;kodjak;kodiak;NOM;0,31;0,31;1;6;4;4;2;NOM
kopeck;kopEk;kopeck;NOM;1,52;1,3;1;6;5;4;2;NOM
kopeks;kopEk;kopek;NOM;0,14;0,14;0;6;0;4;2;NOM
koulak;kulak;koulak;NOM;0,11;0;1;6;4;5;2;NOM
kouros;kuRos;kouros;NOM;0;0;1;6;4;5;2;NOM
krachs;kRak;krach;NOM;0,15;0;0;6;0;4;1;NOM
kraken;kRakEn;kraken;NOM;0,14;0,14;1;6;5;6;2;NOM
kummel;kymEl;kummel;NOM;0,01;0,01;1;6;4;4;2;NOM
kurdes;kyRd;kurde;ADJ;0,17;0,01;0;6;0;4;1;ADJ,NOM
kurdes;kyRd;kurde;NOM;0,02;0,01;0;6;0;4;1;ADJ,NOM
kystes;kist;kyste;NOM;0,57;0,06;0;6;0;4;1;NOM
kébour;kebuR;kébour;NOM;0;0;1;6;3;4;2;NOM
kéfirs;kefiR;kéfir;NOM;0;0;0;6;0;4;2;NOM
kényan;kenj@;kényan;ADJ;0,02;0,02;1;6;3;3;2;ADJ
labbes;lab;labbe;NOM;0;0;0;6;0;3;1;NOM
labels;labEl;label;NOM;1,59;0,29;0;6;0;4;2;NOM
labeur;lab9R;labeur;NOM;3,73;3,71;1;6;5;4;2;NOM
labial;labjal;labial;ADJ;0,02;0;1;6;6;4;2;ADJ
labile;labil;labile;ADJ;0,01;0,01;1;6;5;5;2;ADJ
labour;labuR;labour;NOM;0,67;0,39;1;6;6;5;2;NOM
labres;labR;labre;NOM;0;0;0;6;0;4;1;NOM
labris;labRi;labri;NOM;0,02;0,01;0;6;0;5;2;NOM
lacent;las;lacer;VER;0,81;0;0;6;0;0;1;VER
lacets;lasE;lacet;NOM;4,4;3,57;0;6;0;4;2;NOM
lactée;lakte;lacté;ADJ;0,85;0,75;0;6;0;5;2;ADJ
lactés;lakte;lacté;ADJ;0,85;0;0;6;0;5;2;ADJ
lacune;lakyn;lacune;NOM;0,44;0,09;1;6;6;5;2;NOM
lacère;lasER;lacérer;VER;1,38;0,18;0;6;0;0;2;VER
lacées;lase;lacer;VER;0,81;0,02;0;6;0;4;2;VER
lacéra;laseRa;lacérer;VER;1,38;0;0;6;0;0;3;VER
lacéré;laseRe;lacérer;VER;1,38;0,26;0;6;6;6;3;VER,ADJ
lacéré;laseRe;lacéré;ADJ;0,1;0,04;1;6;6;6;3;VER,ADJ
ladies;lEjdiz;ladies;NOM;0,91;0,91;1;6;5;6;2;NOM
ladino;ladino;ladino;NOM;0;0;1;6;5;5;3;NOM
ladite;ladit;ladite;ADJ;0,33;0,33;1;6;5;5;2;ADJ
ladres;ladR;ladre;ADJ;0;0;0;6;0;4;1;ADJ,NOM
ladres;ladR;ladre;NOM;0,01;0;0;6;0;4;1;ADJ,NOM
lagons;lag§;lagon;NOM;0,84;0,13;0;6;0;4;2;NOM
lagune;lagyn;lagune;NOM;2,84;2,4;1;6;6;5;2;NOM
laides;lEd;laid;ADJ;18,54;1,51;0;6;0;0;1;ADJ,NOM
laides;lEd;laid;NOM;1,42;0,26;0;6;0;0;1;ADJ,NOM
laines;lEn;laine;NOM;6,41;0,14;0;6;0;3;1;NOM
laissa;lEsa;laisser;VER;1334,1;2,52;0;6;0;0;2;VER
laisse;lEs;laisse;NOM;72,53;69,88;1;6;6;3;1;NOM,VER
laisse;lEs;laisser;VER;1334,1;479,63;0;6;6;3;1;NOM,VER
laissé;lese;laisser;VER;1334,1;139,96;0;6;6;4;2;VER,NOM
laissé;lese;laissé;NOM;0,81;0,63;1;6;6;4;2;VER,NOM
laites;lEt;laite;NOM;0;0;0;6;0;3;1;NOM
laiton;lEt§;laiton;NOM;0,21;0,21;1;6;5;4;2;NOM
laitue;lety;laitue;NOM;2,52;1,97;1;6;5;4;2;NOM
laizes;lEz;laize;NOM;0;0;0;6;0;0;1;NOM
lamais;lamE;lamer;VER;0,02;0;0;6;0;0;2;VER
lambda;l@bda;lambda;NOM;0,74;0,72;1;6;5;4;2;NOM
lambel;l@bEl;lambel;NOM;0,01;0,01;1;6;6;4;2;NOM
lambic;l@bik;lambic;NOM;0;0;1;6;6;5;2;NOM
lambin;l@b5;lambin;ADJ;0,04;0,02;1;6;6;4;2;ADJ,NOM
lambin;l@b5;lambin;NOM;0,16;0,01;1;6;6;4;2;ADJ,NOM
lamedu;lam°dy;lamedu;NOM;0;0;1;6;6;6;3;NOM
lamedé;lam°de;lamedé;NOM;0;0;1;6;6;6;3;NOM
lamine;lamin;laminer;VER;0,7;0,05;0;6;0;0;2;VER
laminé;lamine;laminer;VER;0,7;0,11;0;6;0;6;3;VER
lampas;l@pa;lampas;NOM;0;0;1;6;6;4;2;NOM
lamper;l@pe;lamper;VER;0,41;0;1;6;6;4;2;VER
lampes;l@p;lampe;NOM;25,86;3,63;0;6;0;3;1;NOM
lampez;l@pe;lamper;VER;0,41;0;0;6;0;4;2;VER
lampée;l@pe;lamper;VER;0,41;0;0;6;5;4;2;VER,NOM
lampée;l@pe;lampée;NOM;0,26;0,25;1;6;5;4;2;VER,NOM
lamées;lame;lamer;VER;0,02;0;0;6;0;4;2;VER
lancer;l@se;lancer;NOM;4,04;3,36;1;6;6;4;2;NOM,VER
lancer;l@se;lancer;VER;75,22;18,56;1;6;6;4;2;NOM,VER
lances;l@s;lanc;NOM;0;0;0;6;0;3;1;NOM,VER
lances;l@s;lance;NOM;13,27;1,07;0;6;0;3;1;NOM,VER
lances;l@s;lancer;VER;75,22;1,91;0;6;0;3;1;NOM,VER
lancez;l@se;lancer;VER;75,22;5,83;0;6;0;4;2;VER
lancée;l@se;lancer;VER;75,22;3,02;0;6;6;4;2;VER,NOM
lancée;l@se;lancée;NOM;0,52;0,5;1;6;6;4;2;VER,NOM
lancés;l@se;lancer;VER;75,22;1,2;0;6;0;4;2;VER
landau;l@do;landau;NOM;1,01;0,98;1;6;6;4;2;NOM
landes;l@d;lande;NOM;1,69;0,12;0;6;0;3;1;NOM
langer;l@Ze;langer;VER;1,06;0,23;1;6;6;4;2;VER
langes;l@Z;lange;NOM;0,85;0,75;0;6;0;3;1;NOM
langue;l@g;langue;NOM;69,11;58,95;1;6;6;3;1;NOM
langui;l@gi;languir;VER;5,99;0,34;0;6;0;0;2;VER
langée;l@Ze;langer;VER;1,06;0;0;6;0;4;2;VER
lançai;l@sE;lancer;VER;75,22;0,04;0;6;0;0;2;VER
lanças;l@sa;lancer;VER;75,22;0;0;6;0;0;2;VER
lançât;l@sa;lancer;VER;75,22;0;0;6;0;0;2;VER
lapais;lapE;laper;VER;1,41;0;0;6;0;0;2;VER
lapait;lapE;laper;VER;1,41;0;0;6;0;0;2;VER
lapant;lap@;laper;VER;1,41;0;0;6;0;0;2;VER
lapent;lap;laper;VER;1,41;0;0;6;0;3;1;VER
lapida;lapida;lapider;VER;0,93;0;0;6;0;0;3;VER
lapide;lapid;lapider;VER;0,93;0,13;0;6;0;0;2;VER
lapidé;lapide;lapider;VER;0,93;0,19;0;6;0;6;3;VER
lapine;lapin;lapin;NOM;39,28;0,25;0;6;0;0;2;NOM
lapins;lap5;lapin;NOM;39,28;12,32;0;6;0;4;2;NOM
lapone;lapOn;lapon;ADJ;1,44;0,01;0;6;0;0;2;ADJ
lapons;lap§;lapon;NOM;2,21;0,01;0;6;0;4;2;NOM
lapper;lape;lapper;VER;0;0;1;6;4;4;2;VER
lapsus;lapsys;lapsus;NOM;0,93;0,93;1;6;5;5;2;NOM
lapées;lape;laper;VER;1,41;0,01;0;6;0;4;2;VER
laquer;lake;laquer;VER;0,12;0,01;1;6;6;4;2;VER
laques;lak;laque;NOM;0,79;0;0;6;0;3;1;NOM
laquée;lake;laquer;VER;0,12;0;0;6;0;4;2;VER,ADJ
laquée;lake;laqué;ADJ;0,66;0,14;0;6;0;4;2;VER,ADJ
laqués;lake;laquer;VER;0,12;0,01;0;6;0;4;2;VER,ADJ
laqués;lake;laqué;ADJ;0,66;0,04;0;6;0;4;2;VER,ADJ
larbin;laRb5;larbin;NOM;3,17;2,24;1;6;6;4;2;NOM
larcin;laRs5;larcin;NOM;0,6;0,43;1;6;4;5;2;NOM
larder;laRde;larder;VER;0,07;0,04;1;6;6;5;2;VER
lardon;laRd§;lardon;NOM;0,83;0,57;1;6;5;5;2;NOM
lardus;laRdy;lardu;NOM;0,03;0,02;0;6;0;5;2;NOM
lardée;laRde;larder;VER;0,07;0;0;6;0;5;2;VER
larges;laRZ;large;ADJ;18,66;4,41;0;6;0;4;1;ADJ,NOM
larges;laRZ;large;NOM;8,63;0,26;0;6;0;4;1;ADJ,NOM
largua;laRga;larguer;VER;14,61;0,03;0;6;0;0;2;VER
largue;laRg;largue;NOM;0,11;0,08;1;6;6;4;1;NOM,VER
largue;laRg;larguer;VER;14,61;2,13;0;6;6;4;1;NOM,VER
largué;laRge;larguer;VER;14,61;4,2;0;6;6;5;2;VER,ADJ
largué;laRge;largué;ADJ;0,87;0,42;1;6;6;5;2;VER,ADJ
larmes;laRm;larme;NOM;45,71;40,56;0;6;0;4;1;NOM
larron;laR§;larron;NOM;0,51;0,34;1;6;6;4;2;NOM
larsen;laRsEn;larsen;NOM;0,89;0,89;1;6;4;5;2;NOM
larves;laRv;larve;NOM;3,52;1,61;0;6;0;4;1;NOM
larvée;laRve;larvé;ADJ;0,03;0,03;0;6;0;5;2;ADJ
larynx;laR5ks;larynx;NOM;0,94;0,94;1;6;6;5;2;NOM
lascar;laskaR;lascar;NOM;1,34;0,79;1;6;5;4;2;NOM
lascif;lasif;lascif;ADJ;1,52;0,46;1;6;6;5;2;ADJ
lasers;lazER;laser;NOM;7,87;2;0;6;0;4;2;NOM
lassai;lasE;lasser;VER;7,43;0;0;6;0;4;2;VER
lasser;lase;lasser;VER;7,43;1,22;1;6;5;4;2;VER
lasses;las;las;ADJ;16,46;0,03;0;6;0;0;1;ADJ,VER
lasses;las;lasser;VER;7,43;0,18;0;6;0;0;1;ADJ,VER
lassez;lase;lasser;VER;7,43;0,1;0;6;0;4;2;VER
lassos;laso;lasso;NOM;1,02;0,09;0;6;0;4;2;NOM
lassée;lase;lasser;VER;7,43;0,42;0;6;0;4;2;VER
lassés;lase;lasser;VER;7,43;0,23;0;6;0;4;2;VER
lasure;lasyR;lasure;NOM;0,01;0,01;1;6;4;4;2;NOM
latent;lat@;latent;ADJ;1,25;0,21;1;6;6;4;2;ADJ
latine;latin;latin;ADJ;4,52;2,37;0;6;0;0;2;ADJ,NOM
latine;latin;latin;NOM;6,62;0,04;0;6;0;0;2;ADJ,NOM
latino;latino;latino;NOM;2,89;1,61;1;6;6;6;3;NOM
latins;lat5;latin;ADJ;4,52;0,1;0;6;0;4;2;ADJ,NOM
latins;lat5;latin;NOM;6,62;0,04;0;6;0;4;2;ADJ,NOM
latter;late;latter;VER;0,29;0,11;1;6;6;4;2;VER
lattes;lat;latte;NOM;1,15;0,39;0;6;0;3;1;NOM,VER
lattes;lat;latter;VER;0,29;0,01;0;6;0;3;1;NOM,VER
lattis;lati;lattis;NOM;0,15;0,15;1;6;5;4;2;NOM
lattés;late;latter;VER;0,29;0,01;0;6;0;4;2;VER
laudes;lod;laude;NOM;0;0;0;6;0;0;1;NOM
lauzes;loz;lauze;NOM;0;0;0;6;0;0;1;NOM
lavabo;lavabo;lavabo;NOM;3,38;2,56;1;6;6;6;3;NOM
lavage;lavaZ;lavage;NOM;5,09;5,01;1;6;5;5;2;NOM
lavais;lavE;laver;VER;74,35;1,36;0;6;0;0;2;VER
lavait;lavE;laver;VER;74,35;1,23;0;6;0;0;2;VER
lavant;lav@;laver;VER;74,35;0,56;0;6;0;0;2;VER
lavedu;lavdy;lavedu;NOM;0;0;1;6;5;4;2;NOM
lavent;lav;laver;VER;74,35;0,94;0;6;0;3;1;VER
lavera;lav°Ra;laver;VER;74,35;0,87;0;6;0;0;3;VER
laveur;lav9R;laveur;NOM;2,49;1,51;1;6;5;4;2;NOM
lavoir;lavwaR;lavoir;NOM;0,15;0,15;1;6;4;4;2;NOM
lavons;lav§;laver;VER;74,35;0,45;0;6;0;0;2;VER
lavure;lavyR;lavure;NOM;0;0;1;6;4;4;2;NOM
lavées;lave;laver;VER;74,35;0,26;0;6;0;4;2;VER,ADJ
lavées;lave;lavé;ADJ;1,18;0,27;0;6;0;4;2;VER,ADJ
laxité;laksite;laxité;NOM;0,02;0,02;1;6;5;6;3;NOM
layons;lEj§;layon;NOM;0;0;0;6;0;4;2;NOM
lazaro;lazaRo;lazaro;NOM;0,27;0,27;1;6;6;6;3;NOM
lazzis;ladzi;lazzi;NOM;0;0;0;6;0;4;2;NOM
laçage;lasaZ;laçage;NOM;0,03;0,03;1;6;3;4;2;NOM
laçais;lasE;lacer;VER;0,81;0,01;0;6;0;4;2;VER
laçait;lasE;lacer;VER;0,81;0,01;0;6;0;4;2;VER
laçant;las@;lacer;VER;0,81;0,01;0;6;0;4;2;VER
laîche;lES;laîche;NOM;0,06;0,06;1;6;3;3;1;NOM
laïque;laik;laïque;ADJ;0,58;0,43;1;6;4;4;2;ADJ,NOM
laïque;laik;laïque;NOM;0;0;1;6;4;4;2;ADJ,NOM
leader;lid9R;leader;NOM;12,72;10,28;1;6;6;5;2;NOM
lebels;l°bEl;lebel;NOM;0;0;0;6;0;4;2;NOM
legato;legato;legato;ADV;0,01;0,01;1;6;4;6;3;ADV
lemmes;lEm;lemme;NOM;0;0;0;6;0;3;1;NOM
lentes;l@t;lent;ADJ;16,41;0,94;0;6;0;3;1;ADJ,NOM
lentes;l@t;lente;NOM;0,81;0,17;0;6;0;3;1;ADJ,NOM
lepton;lEpt§;lepton;NOM;0,08;0,06;1;6;6;5;2;NOM
lequel;l°kEl;lequel;PRO:int;64,31;4,65;1;6;3;3;2;PRO:int,PRO:rel
lequel;l°kEl;lequel;PRO:rel;64,31;59,66;1;6;3;3;2;PRO:int,PRO:rel
lerche;lERS;lerche;ADV;0;0;1;6;6;4;1;ADV
lester;lEste;lester;VER;2,27;1,97;1;6;6;5;2;VER
lestes;lEst;leste;ADJ;0,61;0,11;0;6;0;4;1;ADJ,VER
lestes;lEst;lester;VER;2,27;0,14;0;6;0;4;1;ADJ,VER
lestez;lEste;lester;VER;2,27;0,01;0;6;0;5;2;VER
lestée;lEste;lester;VER;2,27;0,03;0;6;0;5;2;VER,ADJ
lestée;lEste;lesté;ADJ;0,05;0,01;0;6;0;5;2;VER,ADJ
lestés;lEste;lester;VER;2,27;0,01;0;6;0;5;2;VER
lettes;lEt;lette;NOM;0,03;0,01;0;6;0;3;1;NOM
letton;lEt§;letton;ADJ;0,1;0,04;1;6;6;4;2;ADJ,NOM
letton;lEt§;letton;NOM;0,14;0,1;1;6;6;4;2;ADJ,NOM
lettre;lEtR;lettre;NOM;156,77;108,79;1;6;6;4;1;NOM
lettré;letRe;lettré;ADJ;0,23;0,06;1;6;6;4;2;ADJ,NOM
lettré;letRe;lettré;NOM;0,31;0,19;1;6;6;4;2;ADJ,NOM
leurre;l9R;leurre;NOM;2,67;2,12;1;6;6;3;1;NOM,VER
leurre;l9R;leurrer;VER;1,36;0,36;0;6;6;3;1;NOM,VER
leurré;l9Re;leurrer;VER;1,36;0,09;0;6;0;4;2;VER
levage;l°vaZ;levage;NOM;0,02;0,02;1;6;5;5;2;NOM
levain;l°v5;levain;NOM;0,18;0,18;1;6;5;4;2;NOM
levais;l°vE;lever;VER;165,98;0,69;0;6;0;0;2;VER
levait;l°vE;lever;VER;165,98;1,17;0;6;0;0;2;VER
levant;l°v@;levant;ADJ;0,93;0,91;1;6;6;4;2;ADJ,NOM,VER
levant;l°v@;levant;NOM;0,03;0,03;1;6;6;4;2;ADJ,NOM,VER
levant;l°v@;lever;VER;165,98;1,36;0;6;6;4;2;ADJ,NOM,VER
levers;l°ve;lever;NOM;4,92;0,16;0;6;0;4;2;NOM
leveur;l°v9R;leveur;NOM;0,03;0,02;1;6;5;4;2;NOM
levier;l°vje;levier;NOM;3,46;3,24;1;6;4;4;2;NOM
leviez;l°vje;lever;VER;165,98;0,35;0;6;0;4;2;VER
levons;l°v§;lever;VER;165,98;2,52;0;6;0;0;2;VER
levure;l°vyR;levure;NOM;1,05;1;1;6;4;4;2;NOM
levées;l°ve;lever;VER;165,98;0,41;0;6;0;4;2;VER,ADJ,NOM
levées;l°ve;levé;ADJ;3,79;0,18;0;6;0;4;2;VER,ADJ,NOM
levées;l°ve;levée;NOM;0,84;0,04;0;6;0;4;2;VER,ADJ,NOM
leçons;l°s§;leçon;NOM;41,48;12,23;0;6;0;3;2;NOM
lianes;ljan;liane;NOM;0,77;0,43;0;6;0;4;1;NOM
liante;lj@t;liant;ADJ;0,2;0,14;0;6;0;0;1;ADJ
liants;lj@;liant;ADJ;0,2;0,02;0;6;0;3;1;ADJ
liards;ljaR;liard;NOM;0,23;0,03;0;6;0;4;1;NOM
liasse;ljas;liasse;NOM;1,24;0,64;1;6;4;4;1;NOM,VER
liasse;ljas;lier;VER;37,17;0,01;0;6;4;4;1;NOM,VER
libera;lib°Ra;libera;NOM;0,16;0,16;1;6;6;6;3;NOM
libero;lib°Ro;libero;NOM;0;0;1;6;6;6;3;NOM
libido;libido;libido;NOM;1,79;1,79;1;6;6;6;3;NOM
libres;libR;libre;ADJ;134,42;24,06;0;6;0;4;1;ADJ
libyen;libj5;libyen;ADJ;0,18;0,02;1;6;4;4;2;ADJ,NOM
libyen;libj5;libyen;NOM;0,11;0,01;1;6;4;4;2;ADJ,NOM
libère;libER;libérer;VER;75,77;11,66;0;6;0;5;2;VER
libéra;libeRa;libérer;VER;75,77;0,14;0;6;0;0;3;VER
libéro;libeRo;libéro;NOM;0,01;0,01;1;6;6;6;3;NOM
libéré;libeRe;libérer;VER;75,77;15,75;0;6;6;6;3;VER,ADJ
libéré;libeRe;libéré;ADJ;4,05;1,16;1;6;6;6;3;VER,ADJ
lichas;liSa;licher;VER;0,27;0,27;0;6;0;0;2;VER
lichen;likEn;lichen;NOM;0,11;0,1;1;6;6;5;2;NOM
licher;liSe;licher;VER;0,27;0;1;6;6;4;2;VER
lichée;liSe;licher;VER;0,27;0;0;6;0;4;2;VER
licite;lisit;licite;ADJ;0,32;0,29;1;6;5;4;2;ADJ
licols;likOl;licol;NOM;0;0;0;6;0;5;2;NOM
licous;liku;licou;NOM;0,03;0;0;6;0;4;2;NOM
lieder;lid9R;lied;NOM;0,06;0,04;0;6;0;5;2;NOM
lieras;liRa;lier;VER;37,17;0,14;0;6;0;0;2;VER
lierre;ljER;lierre;NOM;0,43;0,42;1;6;5;4;1;NOM
liesse;ljEs;liesse;NOM;1,39;1,39;1;6;4;4;1;NOM
lieues;lj2;lieue;NOM;1,93;1,74;0;6;0;3;1;NOM
lieuse;lj2z;lieur;NOM;0,01;0;0;6;0;0;1;NOM
lifter;lifte;lifter;VER;0,27;0,22;1;6;5;5;2;VER
liftée;lifte;lifter;VER;0,27;0,04;0;6;0;5;2;VER,ADJ
liftée;lifte;lifté;ADJ;0,05;0,04;0;6;0;5;2;VER,ADJ
ligner;liNe;ligner;VER;0,06;0;1;6;6;4;2;VER
lignes;liN;ligne;NOM;89,83;20,41;0;6;0;3;1;NOM
lignée;liNe;ligner;VER;0,06;0,01;0;6;5;4;2;VER,NOM
lignée;liNe;lignée;NOM;4,83;4,67;1;6;5;4;2;VER,NOM
ligota;ligota;ligoter;VER;4,49;0,1;0;6;0;0;3;VER
ligote;ligOt;ligoter;VER;4,49;0,91;0;6;0;0;2;VER
ligots;ligo;ligot;NOM;0,01;0;0;6;0;4;2;NOM
ligoté;ligote;ligoter;VER;4,49;0,91;0;6;6;6;3;VER,ADJ
ligoté;ligote;ligoté;ADJ;0,62;0,29;1;6;6;6;3;VER,ADJ
liguer;lige;liguer;VER;1,07;0,22;1;6;6;4;2;VER
ligues;lig;ligue;NOM;2,97;0,23;0;6;0;3;1;NOM,VER
ligues;lig;liguer;VER;1,07;0,01;0;6;0;3;1;NOM,VER
liguez;lige;liguer;VER;1,07;0,16;0;6;0;4;2;VER
ligure;ligyR;ligure;ADJ;0;0;1;6;5;4;2;ADJ
ligués;lige;liguer;VER;1,07;0,13;0;6;0;4;2;VER,ADJ
ligués;lige;ligué;ADJ;0;0;0;6;0;4;2;VER,ADJ
lilial;liljal;lilial;ADJ;0;0;1;6;6;5;2;ADJ
lilium;liljOm;lilium;NOM;0,01;0,01;1;6;5;5;2;NOM
limace;limas;limace;NOM;4,01;2,89;1;6;5;5;2;NOM
limage;limaZ;limage;NOM;0,26;0,26;1;6;5;5;2;NOM
limait;limE;limer;VER;1,07;0;0;6;0;0;2;VER
limant;lim@;limer;VER;1,07;0;0;6;0;4;2;VER
limbes;l5b;limbe;NOM;0,81;0,81;0;6;0;3;1;NOM
liment;lim;limer;VER;1,07;0,01;0;6;0;3;1;VER
limier;limje;limier;NOM;1,12;0,77;1;6;5;4;2;NOM
limita;limita;limiter;VER;11,19;0,01;0;6;0;0;3;VER
limite;limit;limite;NOM;32,77;13,69;1;6;6;5;2;NOM,VER
limite;limit;limiter;VER;11,19;2,57;0;6;6;5;2;NOM,VER
limité;limite;limiter;VER;11,19;2,1;0;6;6;6;3;VER,ADJ
limité;limite;limité;ADJ;3,66;1,47;1;6;6;6;3;VER,ADJ
limoge;limOZ;limoger;VER;0,51;0;0;6;0;0;2;VER
limogé;limoZe;limoger;VER;0,51;0,32;0;6;6;6;3;VER,ADJ
limogé;limoZe;limogé;ADJ;0,01;0,01;1;6;6;6;3;VER,ADJ
limons;lim§;limon;NOM;0,53;0;0;6;0;4;2;NOM
lindor;l5dOR;lindor;NOM;0,27;0,27;1;6;4;3;2;NOM
lingam;lingam;lingam;NOM;0,54;0,54;1;6;6;6;2;NOM
linger;l5Ze;linger;ADJ;0,02;0,01;1;6;6;4;2;ADJ
linges;l5Z;linge;NOM;17,04;0,3;0;6;0;3;1;NOM
lingot;l5go;lingot;NOM;1,58;0,47;1;6;6;4;2;NOM
linons;lin§;linon;NOM;0,05;0;0;6;0;4;2;NOM
linter;lint9R;linter;NOM;0,01;0,01;1;6;6;4;2;NOM
lionne;ljOn;lion;NOM;20,86;0,79;0;6;0;0;1;NOM
lipase;lipaz;lipase;NOM;0,01;0,01;1;6;4;4;2;NOM
lipide;lipid;lipide;NOM;0,06;0,01;1;6;5;4;2;NOM
lipome;lipom;lipome;NOM;0,03;0,03;1;6;5;5;2;NOM
lippes;lip;lippe;NOM;0,14;0;0;6;0;3;1;NOM
lippue;lipy;lippu;ADJ;0,17;0;0;6;0;4;2;ADJ
lippus;lipy;lippu;ADJ;0,17;0;0;6;0;4;2;ADJ
liquor;likwOR;liquor;NOM;0,04;0,04;1;6;6;4;2;NOM
lirais;liRE;lire;VER;281,09;0,74;0;6;0;0;2;VER
lirait;liRE;lire;VER;281,09;0,3;0;6;0;0;2;VER
liriez;liRje;lire;VER;281,09;0,09;0;6;0;0;2;VER
lirons;liR§;lire;VER;281,09;0,08;0;6;0;4;2;VER,NOM
lirons;liR§;liron;NOM;0,14;0,01;0;6;0;4;2;VER,NOM
liront;liR§;lire;VER;281,09;0,17;0;6;0;4;2;VER
lisais;lizE;lire;VER;281,09;5,08;0;6;0;0;2;VER
lisait;lizE;lire;VER;281,09;3,88;0;6;0;0;2;VER
lisant;liz@;lire;VER;281,09;2,95;0;6;4;4;2;VER,ADJ,NOM
lisant;liz@;lisant;ADJ;0,05;0,05;1;6;4;4;2;VER,ADJ,NOM
lisant;liz@;lisant;NOM;0,01;0,01;1;6;4;4;2;VER,ADJ,NOM
lisent;liz;lire;VER;281,09;2,67;0;6;0;3;1;VER
liseré;liz°Re;liserer;VER;0;0;0;6;6;6;3;VER,NOM
liseré;liz°Re;liseré;NOM;0,02;0,02;1;6;6;6;3;VER,NOM
liseur;liz9R;liseur;NOM;0,06;0;1;6;5;4;2;NOM
lisier;lizje;lisier;NOM;0,01;0,01;1;6;5;5;2;NOM
lisiez;lizje;lire;VER;281,09;0,96;0;6;0;5;2;VER
lisons;liz§;lire;VER;281,09;1,56;0;6;0;0;2;VER
lissai;lisE;lisser;VER;2,04;0;0;6;0;0;2;VER
lisser;lise;lisser;VER;2,04;0,34;1;6;6;4;2;VER
lisses;lis;lisse;ADJ;3,48;0,77;0;6;0;3;1;ADJ,NOM,VER
lisses;lis;lisse;NOM;0,15;0,02;0;6;0;3;1;ADJ,NOM,VER
lisses;lis;lisser;VER;2,04;0,01;0;6;0;3;1;ADJ,NOM,VER
lissez;lise;lisser;VER;2,04;0,7;0;6;0;4;2;VER
lissée;lise;lisser;VER;2,04;0,15;0;6;0;4;2;VER
lissés;lise;lisser;VER;2,04;0,01;0;6;0;4;2;VER,NOM
lissés;lise;lissé;NOM;0,06;0,01;0;6;0;4;2;VER,NOM
listel;listEl;listel;NOM;0;0;1;6;6;5;2;NOM
lister;liste;lister;VER;1,6;1,07;1;6;6;5;2;VER
listes;list;liste;NOM;71,56;2,49;0;6;0;4;1;NOM
listez;liste;lister;VER;1,6;0,07;0;6;0;5;2;VER
liston;list§;liston;NOM;4,14;4,14;1;6;5;5;2;NOM
listée;liste;lister;VER;1,6;0,1;0;6;0;5;2;VER
listés;liste;lister;VER;1,6;0,09;0;6;0;5;2;VER
liséré;lizeRe;lisérer;VER;0;0;0;6;6;4;3;VER,NOM
liséré;lizeRe;liséré;NOM;0;0;1;6;6;4;3;VER,NOM
lithos;lito;litho;NOM;0,02;0,01;0;6;0;4;2;NOM
litige;litiZ;litige;NOM;0,78;0,57;1;6;6;5;2;NOM
litote;litOt;litote;NOM;0,03;0,03;1;6;5;5;2;NOM
litrer;litRe;litrer;VER;0;0;1;6;6;5;2;VER
litres;litR;litre;NOM;10,19;7,44;0;6;0;4;1;NOM
litron;litR§;litron;NOM;0,2;0,2;1;6;6;5;2;NOM
livide;livid;livide;ADJ;0,74;0,62;1;6;6;5;2;ADJ
living;liviG;living;NOM;0,87;0,87;1;6;6;5;2;NOM
livrai;livRE;livrer;VER;56,53;0,01;0;6;0;5;2;VER
livrer;livRe;livrer;VER;56,53;21,42;1;6;6;5;2;VER
livres;livR;livre;NOM;198,11;85,69;0;6;0;4;1;NOM,VER
livres;livR;livrer;VER;56,53;1,45;0;6;0;4;1;NOM,VER
livret;livRE;livret;NOM;3,26;3,1;1;6;6;5;2;NOM
livrez;livRe;livrer;VER;56,53;3,28;0;6;0;5;2;VER
livrât;livRa;livrer;VER;56,53;0;0;6;0;0;2;VER
livrée;livRe;livrer;VER;56,53;1,91;0;6;5;5;2;VER,NOM
livrée;livRe;livrée;NOM;0,54;0,38;1;6;5;5;2;VER,NOM
livrés;livRe;livrer;VER;56,53;2,64;0;6;0;5;2;VER
liâmes;ljam;lier;VER;37,17;0;0;6;0;0;1;VER
lièges;ljEZ;liège;NOM;0,46;0;0;6;0;4;1;NOM
lièvre;ljEvR;lièvre;NOM;4,3;3,36;1;6;4;4;1;NOM
llanos;lanos;llano;NOM;0;0;0;6;0;0;2;NOM
loader;lod9R;loader;NOM;0,14;0,14;1;6;3;4;2;NOM
locale;lokal;local;ADJ;18,11;7,31;0;6;0;5;2;ADJ
locaux;loko;local;ADJ;18,11;1,82;0;6;0;4;2;ADJ,NOM
locaux;loko;local;NOM;5,78;2,23;0;6;0;4;2;ADJ,NOM
loches;lOS;loche;NOM;0,56;0,44;0;6;0;3;1;NOM
lodens;lodEn;loden;NOM;0,27;0;0;6;0;4;2;NOM
logeai;loZE;loger;VER;18,36;0;0;6;0;0;2;VER
logent;lOZ;loger;VER;18,36;0,38;0;6;0;3;1;VER
logera;lOZ°Ra;loger;VER;18,36;0,39;0;6;0;0;3;VER
logeur;loZ9R;logeur;NOM;1,52;0,25;1;6;5;4;2;NOM
loggia;lOdZja;loggia;NOM;0,1;0,1;1;6;4;3;2;NOM
logiez;loZje;loger;VER;18,36;0,45;0;6;0;0;2;VER
logées;loZe;loger;VER;18,36;0,16;0;6;0;4;2;VER
loisir;lwaziR;loisir;NOM;5,09;2,41;1;6;6;6;2;NOM
lokoum;lokum;lokoum;NOM;0;0;1;6;3;4;2;NOM
lolita;lolita;lolita;NOM;0,1;0,04;1;6;4;4;3;NOM
lombes;l§b;lombes;NOM;0;0;1;6;5;3;1;NOM
longea;l§Za;longer;VER;2,98;0,01;0;6;0;0;2;VER
longer;l§Ze;longer;VER;2,98;0,61;1;6;6;4;2;VER
longes;l§Z;longe;NOM;0,11;0,03;0;6;0;3;1;NOM,VER
longes;l§Z;longer;VER;2,98;0,01;0;6;0;3;1;NOM,VER
longez;l§Ze;longer;VER;2,98;0,43;0;6;0;4;2;VER
longue;l§g;long;ADJ;164,02;54,12;0;6;6;3;1;ADJ,NOM
longue;l§g;longue;NOM;4,62;4,29;1;6;6;3;1;ADJ,NOM
longée;l§Ze;longer;VER;2,98;0,01;0;6;0;4;2;VER
longés;l§Ze;longer;VER;2,98;0;0;6;0;4;2;VER
looser;luz9R;looser;NOM;1,09;0,82;1;6;4;3;2;NOM
lopins;lop5;lopin;NOM;0,62;0,1;0;6;0;4;2;NOM
loquer;loke;loquer;VER;0,41;0;1;6;6;4;2;VER
loques;lOk;loque;NOM;2,2;0,48;0;6;0;3;1;NOM
loquet;lokE;loquet;NOM;0,6;0,6;1;6;6;4;2;NOM
loqués;loke;loquer;VER;0,41;0;0;6;0;4;2;VER
lorgna;lORNa;lorgner;VER;1,07;0;0;6;0;0;2;VER
lorgne;lORN;lorgner;VER;1,07;0,53;0;6;0;0;1;VER
lorgné;lORNe;lorgner;VER;1,07;0;0;6;0;5;2;VER
loriot;loRjo;loriot;NOM;0,05;0,02;1;6;5;5;2;NOM
lorsqu;lORsk;lorsqu;CON;0,04;0,04;1;6;6;5;1;CON
losers;lozER;loser;NOM;4,77;1,51;0;6;0;0;2;NOM
lotier;lotje;lotier;NOM;0;0;1;6;5;4;2;NOM
loties;loti;loti;ADJ;0,69;0;0;6;0;4;2;ADJ
lotion;losj§;lotion;NOM;1,68;1,53;1;6;6;3;2;NOM
lottes;lOt;lotte;NOM;0,18;0;0;6;0;3;1;NOM
louage;lwaZ;louage;NOM;0,07;0,07;1;6;5;4;1;NOM
louais;lwE;louer;VER;48,08;0,42;0;6;0;0;1;VER
louait;lwE;louer;VER;48,08;1,46;0;6;0;0;1;VER
louant;lw@;louer;VER;48,08;0,23;0;6;0;0;1;VER
loucha;luSa;loucher;VER;2,54;0;0;6;0;0;2;VER
louche;luS;louche;ADJ;7,63;5,71;1;6;6;3;1;ADJ,NOM,VER
louche;luS;louche;NOM;1,86;1,55;1;6;6;3;1;ADJ,NOM,VER
louche;luS;loucher;VER;2,54;1,52;0;6;6;3;1;ADJ,NOM,VER
louché;luSe;loucher;VER;2,54;0,01;0;6;0;4;2;VER
louent;lu;louer;VER;48,08;0,76;0;6;0;2;1;VER
louera;luRa;louer;VER;48,08;0,33;0;6;0;0;2;VER
loueur;lw9R;loueur;NOM;0,65;0,41;1;6;5;3;1;NOM
loufer;lufe;loufer;VER;0;0;1;6;5;4;2;VER
loufes;luf;loufer;VER;0;0;0;6;0;3;1;VER
loulou;lulu;loulou;NOM;1,48;1,45;1;6;6;4;2;NOM
louons;lw§;louer;VER;48,08;1,35;0;6;0;0;1;VER
loupai;lupE;louper;VER;12,06;0;0;6;0;0;2;VER
louper;lupe;louper;VER;12,06;3,81;1;6;6;4;2;VER
loupes;lup;loupe;NOM;1,71;0,04;0;6;0;3;1;NOM,VER
loupes;lup;louper;VER;12,06;0,69;0;6;0;3;1;NOM,VER
loupez;lupe;louper;VER;12,06;0,17;0;6;0;4;2;VER
loupée;lupe;louper;VER;12,06;0,4;0;6;0;4;2;VER
loupés;lupe;louper;VER;12,06;0,18;0;6;0;4;2;VER,NOM
loupés;lupe;loupé;NOM;0,72;0;0;6;0;4;2;VER,NOM
lourde;luRd;lourd;ADJ;29,45;8,46;0;6;0;0;1;ADJ,NOM
lourde;luRd;lourd;NOM;1,25;0,33;0;6;0;0;1;ADJ,NOM
lourds;luR;lourd;ADJ;29,45;6,58;0;6;0;3;1;ADJ,NOM
lourds;luR;lourd;NOM;1,25;0,12;0;6;0;3;1;ADJ,NOM
lourdé;luRde;lourder;VER;0,38;0,1;0;6;0;5;2;VER
loutre;lutR;loutre;NOM;2,52;1,3;1;6;5;4;1;NOM
louves;luv;loup;NOM;30,42;0,02;0;6;0;0;1;NOM
louvet;luvE;louvet;ADJ;0,01;0,01;1;6;6;4;2;ADJ
louées;lwe;louer;VER;48,08;0,03;0;6;0;3;1;VER,ADJ,NOM
louées;lwe;loué;ADJ;1,67;0,12;0;6;0;3;1;VER,ADJ,NOM
louées;lwe;louée;NOM;0,05;0,01;0;6;0;3;1;VER,ADJ,NOM
lovais;lovE;lover;VER;8,85;0,01;0;6;0;0;2;VER
lovait;lovE;lover;VER;8,85;0;0;6;0;0;2;VER
lovant;lov@;lover;VER;8,85;0;0;6;0;0;2;VER
lovent;lOv;lover;VER;8,85;0;0;6;0;0;1;VER
lovées;love;lover;VER;8,85;0;0;6;0;3;2;VER
loyale;lwajal;loyal;ADJ;10,96;2,13;0;6;0;6;2;ADJ
loyaux;lwajo;loyal;ADJ;10,96;2,76;0;6;0;0;2;ADJ
loyers;lwaje;loyer;NOM;17,18;0,98;0;6;0;5;2;NOM
lubies;lybi;lubie;NOM;2,41;1,04;0;6;0;4;2;NOM
lucide;lysid;lucide;ADJ;3,2;2,76;1;6;6;5;2;ADJ
lucite;lysit;lucite;NOM;0,01;0,01;1;6;5;5;2;NOM
ludion;lydj§;ludion;NOM;0;0;1;6;5;4;2;NOM
luette;l8Et;luette;NOM;0,03;0,03;1;6;4;3;1;NOM
lueurs;l89R;lueur;NOM;6,65;1,28;0;6;0;3;1;NOM
lugers;lyZe;luger;NOM;0,38;0,01;0;6;0;4;2;NOM
lundis;l1di;lundi;NOM;36,94;0,93;0;6;0;3;2;NOM
lunule;lynyl;lunule;NOM;0;0;1;6;4;4;2;NOM
lupins;lyp5;lupin;NOM;0,25;0,1;0;6;0;4;2;NOM
lurent;lyR;lire;VER;281,09;0,01;0;6;0;0;1;VER
lurons;lyR§;luron;NOM;0,69;0,13;0;6;0;4;2;NOM
lustra;lystRa;lustrer;VER;0,8;0;0;6;0;0;2;VER
lustre;lystR;lustre;NOM;3,92;0,93;1;6;6;5;1;NOM,VER
lustre;lystR;lustrer;VER;0,8;0,17;0;6;6;5;1;NOM,VER
lustré;lystRe;lustrer;VER;0,8;0,04;0;6;6;6;2;VER,ADJ
lustré;lystRe;lustré;ADJ;0,09;0,01;1;6;6;6;2;VER,ADJ
lutine;lytin;lutin;ADJ;0,63;0,01;0;6;0;0;2;ADJ,VER
lutine;lytin;lutiner;VER;0,26;0;0;6;0;0;2;ADJ,VER
lutins;lyt5;lutin;ADJ;0,63;0,32;0;6;0;4;2;ADJ,NOM
lutins;lyt5;lutin;NOM;2,14;0,69;0;6;0;4;2;ADJ,NOM
lutiné;lytine;lutiner;VER;0,26;0,02;0;6;0;4;3;VER
lutrin;lytR5;lutrin;NOM;0;0;1;6;4;5;2;NOM
luttai;lytE;lutter;VER;25,41;0,14;0;6;0;0;2;VER
lutter;lyte;lutter;VER;25,41;10,24;1;6;6;4;2;VER
luttes;lyt;lutte;NOM;23,18;1,19;0;6;0;3;1;NOM,VER
luttes;lyt;lutter;VER;25,41;0,7;0;6;0;3;1;NOM,VER
luttez;lyte;lutter;VER;25,41;0,92;0;6;0;4;2;VER
luttât;lyta;lutter;VER;25,41;0;0;6;0;0;2;VER
luxure;lyksyR;luxure;NOM;2,92;2,92;1;6;6;6;2;NOM
lychee;litSi;lychee;NOM;0,16;0,14;1;6;5;4;2;NOM
lycien;lisj5;lycien;NOM;0;0;1;6;4;4;2;NOM
lycéen;lise5;lycéen;NOM;3,55;0,64;1;6;6;5;3;NOM
lycées;lise;lycée;NOM;42,56;0,59;0;6;0;4;2;NOM
lymphe;l5f;lymphe;NOM;0,2;0,2;1;6;6;3;1;NOM
lynché;l5Se;lyncher;VER;1,04;0,33;0;6;0;4;2;VER
lysine;lizin;lysine;NOM;0,04;0,04;1;6;5;5;2;NOM
lâchai;laSE;lâcher;VER;171,08;0,03;0;6;0;0;2;VER
lâcher;laSe;lâcher;NOM;0,95;0,94;1;6;6;4;2;NOM,VER
lâcher;laSe;lâcher;VER;171,08;19,41;1;6;6;4;2;NOM,VER
lâches;laS;lâche;ADJ;26,67;2,02;0;6;0;3;1;ADJ,NOM,VER
lâches;laS;lâche;NOM;27,16;7,65;0;6;0;3;1;ADJ,NOM,VER
lâches;laS;lâcher;VER;171,08;4,05;0;6;0;3;1;ADJ,NOM,VER
lâchez;laSe;lâcher;VER;171,08;48,02;0;6;0;4;2;VER
lâchât;laSa;lâcher;VER;171,08;0;0;6;0;0;2;VER
lâchée;laSe;lâcher;VER;171,08;1,07;0;6;0;4;2;VER,ADJ
lâchée;laSe;lâché;ADJ;0,6;0,03;0;6;0;4;2;VER,ADJ
lâchés;laSe;lâcher;VER;171,08;1,05;0;6;0;4;2;VER,ADJ
lâchés;laSe;lâché;ADJ;0,6;0,17;0;6;0;4;2;VER,ADJ
lèches;lES;lèche;NOM;1,42;0,04;0;6;0;3;1;NOM,VER
lèches;lES;lécher;VER;14,09;0,5;0;6;0;3;1;NOM,VER
lèpres;lEpR;lèpre;NOM;1,4;0;0;6;0;4;1;NOM
lèvent;lEv;lever;VER;165,98;1,67;0;6;0;3;1;VER
lèvera;lEv°Ra;lever;VER;165,98;1,91;0;6;0;0;3;VER
lèvres;lEvR;lèvre;NOM;37,91;33,91;0;6;0;4;1;NOM
lécher;leSe;lécher;VER;14,09;5,73;1;6;6;4;2;VER
léchez;leSe;lécher;VER;14,09;0,35;0;6;0;4;2;VER
léchée;leSe;lécher;VER;14,09;0,45;0;6;0;4;2;VER,ADJ
léchée;leSe;léché;ADJ;0,17;0,01;0;6;0;4;2;VER,ADJ
léchés;leSe;lécher;VER;14,09;0,03;0;6;0;4;2;VER,ADJ
léchés;leSe;léché;ADJ;0,17;0,02;0;6;0;4;2;VER,ADJ
légale;legal;légal;ADJ;16,79;4,51;0;6;0;5;2;ADJ
légats;lega;légat;NOM;0,15;0,15;0;6;0;4;2;NOM
légaux;lego;légal;ADJ;16,79;1;0;6;0;4;2;ADJ
légers;leZe;léger;ADJ;37,77;2,57;0;6;0;4;2;ADJ
légion;leZj§;légion;NOM;6,66;4,17;1;6;6;5;2;NOM
léguer;lege;léguer;VER;4,98;0,67;1;6;5;4;2;VER
léguez;lege;léguer;VER;4,98;0,16;0;6;0;4;2;VER
légume;legym;légume;NOM;15,16;3,2;1;6;6;5;2;NOM
léguée;lege;léguer;VER;4,98;0,09;0;6;0;4;2;VER
légués;lege;léguer;VER;4,98;0,17;0;6;0;4;2;VER
légère;leZER;léger;ADJ;37,77;15,71;0;6;0;0;2;ADJ
lémure;lemyR;lémure;NOM;0;0;1;6;6;5;2;NOM
léonin;leon5;léonin;ADJ;0;0;1;6;5;5;3;ADJ
lérots;leRo;lérot;NOM;0,01;0;0;6;0;3;2;NOM
lésais;lezE;léser;VER;1,36;0;0;6;0;0;2;VER
lésina;lezina;lésiner;VER;1,01;0;0;6;0;0;3;VER
lésine;lezin;lésine;NOM;0;0;1;6;6;5;2;NOM,VER
lésine;lezin;lésiner;VER;1,01;0,47;0;6;6;5;2;NOM,VER
lésiné;lezine;lésiner;VER;1,01;0,09;0;6;0;6;3;VER
lésion;lezj§;lésion;NOM;4,37;1,84;1;6;6;5;2;NOM
lésons;lez§;léser;VER;1,36;0,01;0;6;0;0;2;VER
lésées;leze;léser;VER;1,36;0,02;0;6;0;4;2;VER
létale;letal;létal;ADJ;0,29;0,23;0;6;0;5;2;ADJ
lévite;levit;lévite;NOM;0,1;0,09;1;6;6;5;2;NOM
lézard;lezaR;lézard;NOM;6,16;4,9;1;6;6;5;2;NOM
maboul;mabul;maboul;ADJ;0,97;0,61;1;6;3;3;2;ADJ,NOM
maboul;mabul;maboul;NOM;0,34;0,19;1;6;3;3;2;ADJ,NOM
machin;maS5;machin;NOM;14,6;12,34;1;6;6;4;2;NOM
machos;matSo;macho;ADJ;1,77;0,42;0;6;0;5;2;ADJ,NOM
machos;matSo;macho;NOM;3,19;0,84;0;6;0;5;2;ADJ,NOM
macres;makR;macre;NOM;0;0;0;6;0;0;1;NOM
macula;makyla;macula;NOM;0,01;0,01;1;6;6;6;3;NOM,VER
macula;makyla;maculer;VER;0,59;0;0;6;6;6;3;NOM,VER
macule;makyl;macule;NOM;0;0;1;6;6;5;2;NOM,VER
macule;makyl;maculer;VER;0,59;0,1;0;6;6;5;2;NOM,VER
maculé;makyle;maculer;VER;0,59;0,28;0;6;0;6;3;VER
macère;masER;macérer;VER;0,32;0,03;0;6;0;0;2;VER
macéré;maseRe;macérer;VER;0,32;0,04;0;6;0;6;3;VER
madame;madam;madame;NOM;307,36;249,32;1;6;5;5;2;NOM
madone;madOn;madone;NOM;5,25;4,9;1;6;4;4;2;NOM
madras;madRas;madras;NOM;0,03;0,03;1;6;6;6;2;NOM
madrée;madRe;madré;ADJ;0;0;0;6;0;5;2;ADJ
madrés;madRe;madré;NOM;0;0;0;6;0;5;2;NOM
madère;madER;madère;NOM;0,11;0,11;1;6;4;4;2;NOM
maffia;mafja;maffia;NOM;0;0;1;6;6;5;2;NOM
mafflu;mafly;mafflu;ADJ;0;0;1;6;5;4;2;ADJ
mafias;mafja;mafia;NOM;11,56;0,23;0;6;0;5;2;NOM
magico;maZiko;magico;ADV;0,03;0,03;1;6;6;6;3;ADV
magies;maZi;magie;NOM;25,66;0,07;0;6;0;4;2;NOM
magmas;magma;magma;NOM;0,33;0;0;6;0;5;2;NOM
magnat;magna;magnat;NOM;0,96;0,83;1;6;6;5;2;NOM
magner;maNe;magner;VER;6,36;0,2;1;6;5;4;2;VER
magnes;maN;magner;VER;6,36;0,11;0;6;0;0;1;VER
magnez;maNe;magner;VER;6,36;3,34;0;6;0;4;2;VER
magnum;magnOm;magnum;NOM;3,69;3,62;1;6;5;5;2;NOM
magots;mago;magot;NOM;2,24;0;0;6;0;4;2;NOM
magret;magRE;magret;NOM;0,01;0,01;1;6;4;5;2;NOM
magyar;magjaR;magyar;ADJ;0,11;0,1;1;6;4;4;2;ADJ
maigre;mEgR;maigre;ADJ;12,73;11,1;1;6;6;4;1;ADJ,NOM
maigre;mEgR;maigre;NOM;2,21;1,95;1;6;6;4;1;ADJ,NOM
maigri;mEgRi;maigrir;VER;5,7;2,81;0;6;0;0;2;VER
mailer;mEjle;mailer;VER;0,18;0,08;1;6;5;5;2;VER
maille;maj;maille;NOM;1,09;0,71;1;6;6;3;1;NOM,VER
maille;maj;mailler;VER;0,02;0;0;6;6;3;1;NOM,VER
maillé;maje;maillé;ADJ;0,01;0;1;6;6;4;2;ADJ
mainte;m5t;mainte;ADJ:ind;0,2;0,2;1;6;6;3;1;ADJ:ind
maints;m5;maints;ADJ:ind;0,34;0,34;1;6;6;2;1;ADJ:ind
maires;mER;maire;NOM;28,17;0,27;0;6;0;3;1;NOM
mairie;meRi;mairie;NOM;13,55;13,48;1;6;5;4;2;NOM
maison;mEz§;maison;NOM;605,75;570,3;1;6;6;4;2;NOM
majeur;maZ9R;majeur;ADJ;10,45;4,29;1;6;5;4;2;ADJ,NOM
majeur;maZ9R;majeur;NOM;0,65;0,42;1;6;5;4;2;ADJ,NOM
majora;maZoRa;majorer;VER;0,05;0;0;6;0;6;3;VER
majore;maZOR;majorer;VER;0,05;0;0;6;0;5;2;VER
majors;maZOR;major;NOM;16,95;0,49;0;6;0;5;2;NOM
malade;malad;malade;ADJ;158,27;147,5;1;6;6;5;2;ADJ,NOM
malade;malad;malade;NOM;41,24;25,67;1;6;6;5;2;ADJ,NOM
malaga;malaga;malaga;NOM;0,84;0,84;1;6;5;5;3;NOM
malais;malE;malais;ADJ;0,58;0,58;1;6;6;4;2;ADJ,NOM
malais;malE;malais;NOM;0,31;0,31;1;6;6;4;2;ADJ,NOM
malard;malaR;malard;NOM;0,01;0;1;6;6;5;2;NOM
malaxa;malaksa;malaxer;VER;0,76;0;0;6;0;0;3;VER
malaxe;malaks;malaxer;VER;0,76;0,28;0;6;0;0;2;VER
malaxé;malakse;malaxer;VER;0,76;0,02;0;6;0;7;3;VER
malgré;malgRe;malgré;PRE;46,5;46,5;1;6;6;6;2;PRE
malice;malis;malice;NOM;1,29;1,22;1;6;6;5;2;NOM
malien;malj5;malien;NOM;0;0;1;6;6;5;2;NOM
maline;malin;malin;NOM;22,67;0,42;0;6;0;0;2;NOM
malins;mal5;malin;ADJ;41,49;4,13;0;6;0;4;2;ADJ,NOM
malins;mal5;malin;NOM;22,67;1,35;0;6;0;4;2;ADJ,NOM
malles;mal;malle;NOM;7,96;1,43;0;6;0;3;1;NOM
maltée;malte;malter;VER;0,23;0,01;0;6;0;0;2;VER
mamans;mam@;maman;NOM;540,21;2,76;0;6;0;4;2;NOM
mambos;m@bo;mambo;NOM;1,58;0,02;0;6;0;4;2;NOM
mamelu;mam°ly;mamelu;ADJ;0,01;0;1;6;6;6;3;ADJ
mamies;mami;mamie;NOM;18,66;0,1;0;6;0;4;2;NOM
manade;manad;manade;NOM;0;0;1;6;5;5;2;NOM
manage;manaZ;manager;VER;1,55;0,3;0;6;0;0;2;VER
manant;man@;manant;NOM;0,4;0,24;1;6;5;4;2;NOM
manche;m@S;manche;NOM;14,25;10,12;1;6;6;3;1;NOM
mandai;m@dE;mander;VER;1,26;0;0;6;0;0;2;VER
mandas;m@da;mander;VER;1,26;0,01;0;6;0;4;2;VER
mandat;m@da;mandat;NOM;25,25;23,45;1;6;6;4;2;NOM
mander;m@de;mander;VER;1,26;0,34;1;6;6;4;2;VER
mandes;m@d;mander;VER;1,26;0;0;6;0;0;1;VER
mandez;m@de;mander;VER;1,26;0,01;0;6;0;4;2;VER
mandée;m@de;mander;VER;1,26;0;0;6;0;4;2;VER
mangas;m@ga;manga;NOM;0,37;0,32;0;6;0;4;2;NOM
mangea;m@Za;manger;VER;467,82;0,66;0;6;0;0;2;VER
manger;m@Ze;manger;NOM;5,62;5,62;1;6;6;4;2;NOM,VER
manger;m@Ze;manger;VER;467,82;207,63;1;6;6;4;2;NOM,VER
manges;m@Z;manger;VER;467,82;20,56;0;6;0;0;1;VER
mangez;m@Ze;manger;VER;467,82;17,85;0;6;0;4;2;VER
mangue;m@g;mangue;NOM;1,44;0,73;1;6;6;3;1;NOM
mangée;m@Ze;manger;VER;467,82;1,98;0;6;0;4;2;VER
mangés;m@Ze;manger;VER;467,82;1,66;0;6;0;4;2;VER
manier;manje;manier;VER;5,7;2,96;1;6;6;5;2;VER
manies;mani;manie;NOM;6,63;1,21;0;6;0;4;2;NOM,VER
manies;mani;manier;VER;5,7;0,16;0;6;0;4;2;NOM,VER
maniez;manje;manier;VER;5,7;0,24;0;6;0;5;2;VER
manifs;manif;manif;NOM;4,98;1,66;0;6;0;5;2;NOM
manioc;manjOk;manioc;NOM;0,23;0,23;1;6;5;5;2;NOM
manipe;manip;manip;NOM;0,09;0;0;6;0;5;2;NOM
maniée;manje;manier;VER;5,7;0,01;0;6;0;5;2;VER
maniés;manje;manier;VER;5,7;0;0;6;0;5;2;VER
mannes;man;manne;NOM;0,65;0,14;0;6;0;3;1;NOM
manoir;manwaR;manoir;NOM;6,08;5,87;1;6;5;4;2;NOM
manqua;m@ka;manquer;VER;253,94;0,79;0;6;0;0;2;VER
manque;m@k;manque;NOM;24,77;24,48;1;6;6;3;1;NOM,VER
manque;m@k;manquer;VER;253,94;98,77;0;6;6;3;1;NOM,VER
manqué;m@ke;manquer;VER;253,94;38,94;0;6;6;4;2;VER,ADJ
manqué;m@ke;manqué;ADJ;2,43;1,44;1;6;6;4;2;VER,ADJ
mantes;m@t;mante;NOM;0,72;0,15;0;6;0;3;1;NOM
mantra;m@tRa;mantra;NOM;0,34;0,34;1;6;5;4;2;NOM
manuel;man8El;manuel;ADJ;5,7;3,72;1;6;6;6;2;ADJ,NOM
manuel;man8El;manuel;NOM;6,63;4,94;1;6;6;6;2;ADJ,NOM
manège;manEZ;manège;NOM;5,92;5,22;1;6;4;5;2;NOM
maorie;maoRi;maori;ADJ;0,17;0,02;0;6;0;4;3;ADJ,NOM
maorie;maoRi;maori;NOM;0,02;0,01;0;6;0;4;3;ADJ,NOM
maquer;make;maquer;VER;0,88;0,15;1;6;6;4;2;VER
maques;mak;maque;NOM;0,12;0;0;6;0;3;1;NOM,VER
maques;mak;maquer;VER;0,88;0,01;0;6;0;3;1;NOM,VER
maquis;maki;maquis;NOM;0,91;0,91;1;6;6;4;2;NOM
maquée;make;maquer;VER;0,88;0,42;0;6;0;4;2;VER
maqués;make;maquer;VER;0,88;0,03;0;6;0;4;2;VER
marais;maRE;marais;NOM;6,91;6,91;1;6;5;4;2;NOM
maraud;maRo;maraud;NOM;0,68;0,45;1;6;6;4;2;NOM
marbra;maRbRa;marbrer;VER;0,28;0;0;6;0;0;2;VER
marbre;maRbR;marbre;NOM;7,31;6,28;1;6;6;5;1;NOM,VER
marbre;maRbR;marbrer;VER;0,28;0,1;0;6;6;5;1;NOM,VER
marbré;maRbRe;marbrer;VER;0,28;0;0;6;6;6;2;VER,ADJ
marbré;maRbRe;marbré;ADJ;0,04;0,04;1;6;6;6;2;VER,ADJ
marcel;maRsEl;marcel;NOM;0,06;0,06;1;6;6;6;2;NOM
marcha;maRSa;marcher;VER;364,37;0,28;0;6;0;0;2;VER
marche;maRS;marche;NOM;53,17;46,61;1;6;6;4;1;NOM,VER
marche;maRS;marcher;VER;364,37;154,71;0;6;6;4;1;NOM,VER
marché;maRSe;marcher;VER;364,37;44,87;0;6;6;5;2;VER,NOM
marché;maRSe;marché;NOM;74,36;72,73;1;6;6;5;2;VER,NOM
mardis;maRdi;mardi;NOM;23,65;1,27;0;6;0;4;2;NOM
margay;maRgE;margay;NOM;0;0;1;6;6;5;2;NOM
marger;maRZe;marger;VER;0;0;1;6;6;5;2;VER
marges;maRZ;marge;NOM;14,4;0,19;0;6;0;4;1;NOM
margis;maRZi;margis;NOM;0;0;1;6;6;5;2;NOM
margot;maRgo;margot;NOM;1,17;1,17;1;6;6;5;2;NOM
mariai;maRjE;marier;VER;220,51;0;0;6;0;0;2;VER
marias;maRja;marier;VER;220,51;0;0;6;0;0;2;VER
marida;maRida;marida;NOM;0;0;1;6;5;5;3;NOM
marier;maRje;marier;VER;220,51;63,88;1;6;6;5;2;VER
maries;maRi;marier;VER;220,51;4,27;0;6;0;4;2;VER
mariez;maRje;marier;VER;220,51;2,44;0;6;0;5;2;VER
marina;maRina;marina;NOM;1,16;1,14;1;6;6;6;3;NOM,VER
marina;maRina;mariner;VER;1,42;0,1;0;6;6;6;3;NOM,VER
marine;maRin;marine;ADJ;7,26;5,9;1;6;6;5;2;ADJ,NOM,VER
marine;maRin;marine;NOM;5,89;4,73;1;6;6;5;2;ADJ,NOM,VER
marine;maRin;mariner;VER;1,42;0,11;0;6;6;5;2;ADJ,NOM,VER
marins;maR5;marin;ADJ;7;1,6;0;6;0;4;2;ADJ,NOM
marins;maR5;marin;NOM;13,96;5,48;0;6;0;4;2;ADJ,NOM
mariné;maRine;mariner;VER;1,42;0,07;0;6;6;6;3;VER,ADJ
mariné;maRine;mariné;ADJ;0,34;0,18;1;6;6;6;3;VER,ADJ
mariol;maRjOl;mariol;ADJ;0;0;1;6;6;5;2;ADJ,NOM
mariol;maRjOl;mariol;NOM;0,04;0,04;1;6;6;5;2;ADJ,NOM
mariât;maRja;marier;VER;220,51;0;0;6;0;0;2;VER
mariée;maRje;marier;VER;220,51;30,55;0;6;0;5;2;VER,ADJ,NOM
mariée;maRje;marié;ADJ;31,15;9,47;0;6;0;5;2;VER,ADJ,NOM
mariée;maRje;marié;NOM;37,11;18,16;0;6;0;5;2;VER,ADJ,NOM
mariés;maRje;marier;VER;220,51;21,53;0;6;0;5;2;VER,ADJ,NOM
mariés;maRje;marié;ADJ;31,15;8,18;0;6;0;5;2;VER,ADJ,NOM
mariés;maRje;marié;NOM;37,11;8,6;0;6;0;5;2;VER,ADJ,NOM
marker;maRk9R;marker;NOM;0,08;0,08;1;6;6;5;2;NOM
marles;maRl;marle;ADJ;0,04;0,04;0;6;0;4;1;ADJ
marlin;maRl5;marlin;NOM;0,5;0,5;1;6;5;5;2;NOM
marlou;maRlu;marlou;NOM;0,24;0,14;1;6;6;5;2;NOM
marmot;maRmo;marmot;NOM;1,52;1,21;1;6;6;5;2;NOM
marner;maRne;marner;VER;0,1;0,05;1;6;6;5;2;VER
marnes;maRn;marne;NOM;0,03;0;0;6;0;4;1;NOM
marqua;maRka;marquer;VER;43,78;0,32;0;6;0;0;2;VER
marque;maRk;marque;NOM;40,29;23,91;1;6;6;4;1;NOM,VER
marque;maRk;marquer;VER;43,78;8,3;0;6;6;4;1;NOM,VER
marqué;maRke;marquer;VER;43,78;15,81;0;6;6;5;2;VER,ADJ
marqué;maRke;marqué;ADJ;3,04;1,55;1;6;6;5;2;VER,ADJ
marrer;maRe;marrer;VER;16,13;6,45;1;6;6;4;2;VER
marres;maR;marrer;VER;16,13;1,12;0;6;0;3;1;VER
marrez;maRe;marrer;VER;16,13;0,47;0;6;0;4;2;VER
marrie;maRi;marri;ADJ;0,52;0,45;0;6;0;4;2;ADJ
marris;maRi;marri;ADJ;0,52;0,04;0;6;0;4;2;ADJ
marron;maR§;marron;ADJ;5,33;5,33;1;6;6;4;2;ADJ,NOM
marron;maR§;marron;NOM;4,89;2,09;1;6;6;4;2;ADJ,NOM
marrée;maRe;marrer;VER;16,13;0,15;0;6;0;4;2;VER
marrés;maRe;marrer;VER;16,13;0,18;0;6;0;4;2;VER
martel;maRtEl;martel;NOM;0,05;0,05;1;6;6;6;2;NOM
martin;maRt5;martin;NOM;1,69;0,08;1;6;6;5;2;NOM
martre;maRtR;martre;NOM;0,53;0,16;1;6;5;5;1;NOM
martyr;maRtiR;martyr;ADJ;1,19;0,76;1;6;6;6;2;ADJ,NOM
martyr;maRtiR;martyr;NOM;5,5;3,68;1;6;6;6;2;ADJ,NOM
marées;maRe;marée;NOM;6,31;1,1;0;6;0;4;2;NOM
masqua;maska;masquer;VER;3,74;0,01;0;6;0;0;2;VER
masque;mask;masque;NOM;29,18;23,16;1;6;6;4;1;NOM,VER
masque;mask;masquer;VER;3,74;0,5;0;6;6;4;1;NOM,VER
masqué;maske;masquer;VER;3,74;1,14;0;6;6;5;2;VER,ADJ
masqué;maske;masqué;ADJ;3,26;2,42;1;6;6;5;2;VER,ADJ
masser;mase;masser;VER;5,69;2,98;1;6;6;4;2;VER
masses;mas;masse;NOM;16,73;5,09;0;6;0;3;1;NOM,VER
masses;mas;masser;VER;5,69;0,21;0;6;0;3;1;NOM,VER
massez;mase;masser;VER;5,69;0,21;0;6;0;4;2;VER
massif;masif;massif;ADJ;7,16;2,52;1;6;6;5;2;ADJ,NOM
massif;masif;massif;NOM;0,67;0,47;1;6;6;5;2;ADJ,NOM
massue;masy;massue;NOM;0,71;0,57;1;6;5;4;2;NOM
massée;mase;masser;VER;5,69;0,11;0;6;0;4;2;VER
massés;mase;masser;VER;5,69;0,05;0;6;0;4;2;VER,NOM
massés;mase;massé;NOM;0,03;0,01;0;6;0;4;2;VER,NOM
mastar;mastaR;mastar;ADJ;0;0;1;6;6;6;2;ADJ,NOM
mastar;mastaR;mastar;NOM;0,02;0,02;1;6;6;6;2;ADJ,NOM
master;mast9R;master;NOM;3,43;1,41;1;6;6;5;2;NOM
mastic;mastik;mastic;ADJ;0,07;0,07;1;6;6;6;2;ADJ,NOM
mastic;mastik;mastic;NOM;0,26;0,26;1;6;6;6;2;ADJ,NOM
mastoc;mastOk;mastoc;ADJ;1,28;1,28;1;6;6;5;2;ADJ
masure;mazyR;masure;NOM;0,47;0,19;1;6;4;5;2;NOM
matafs;mataf;mataf;NOM;0,13;0,11;0;6;0;5;2;NOM
matais;matE;mater;VER;17,27;0,52;0;6;0;0;2;VER
matait;matE;mater;VER;17,27;0,64;0;6;0;0;2;VER
matant;mat@;mater;VER;17,27;0,1;0;6;0;0;2;VER
matcha;matSa;matcher;VER;0,01;0;0;6;0;0;2;VER
matche;matS;matcher;VER;0,01;0,01;0;6;6;4;1;VER
matchs;matS;match;NOM;63,48;5,22;0;6;0;4;1;NOM
matent;mat;mater;VER;17,27;0,51;0;6;0;3;1;VER
matera;mat°Ra;mater;VER;17,27;0,16;0;6;0;0;3;VER
mateur;mat9R;mateur;NOM;0,37;0,11;1;6;5;4;2;NOM
matiez;matje;mater;VER;17,27;0,03;0;6;0;0;2;VER
matins;mat5;matin;NOM;275,01;9,98;0;6;0;4;2;NOM
matité;matite;matité;NOM;0;0;1;6;5;5;3;NOM
matois;matwa;matois;ADJ;0;0;1;6;6;5;2;ADJ,NOM
matois;matwa;matois;NOM;0,01;0,01;1;6;6;5;2;ADJ,NOM
matons;mat§;mater;VER;17,27;0,01;0;6;0;4;2;VER,NOM
matons;mat§;maton;NOM;1,41;0,91;0;6;0;4;2;VER,NOM
matous;matu;matou;NOM;1,21;0,17;0;6;0;4;2;NOM
matras;matRa;matras;NOM;0;0;1;6;6;5;2;NOM
matter;mate;matter;VER;0,64;0,64;1;6;6;4;2;VER
mattes;mat;matte;NOM;0,52;0,16;0;6;0;3;1;NOM
mature;matyR;mature;ADJ;1,83;1,65;1;6;6;5;2;ADJ
matées;mate;mater;VER;17,27;0,16;0;6;0;4;2;VER
maudis;modi;maudire;VER;7,97;3,36;0;6;0;4;2;VER
maudit;modi;maudire;VER;7,97;0,62;0;6;6;4;2;VER,ADJ,NOM
maudit;modi;maudit;ADJ;37,18;17,59;1;6;6;4;2;VER,ADJ,NOM
maudit;modi;maudit;NOM;8,02;6,38;1;6;6;4;2;VER,ADJ,NOM
maures;moR;maure;ADJ;1,11;0,21;0;6;0;3;1;ADJ,NOM
maures;moR;maure;NOM;0,96;0,31;0;6;0;3;1;ADJ,NOM
mauser;moz9R;mauser;NOM;0,57;0,56;1;6;5;4;2;NOM
mauves;mov;mauve;ADJ;0,7;0,07;0;6;0;3;1;ADJ,NOM
mauves;mov;mauve;NOM;0,29;0,06;0;6;0;3;1;ADJ,NOM
maxima;maksima;maximum;NOM;14,79;0,22;0;6;0;0;3;NOM
maxime;maksim;maxime;NOM;0,67;0,64;1;6;6;6;2;NOM
mazout;mazut;mazout;NOM;1,42;1,42;1;6;6;4;2;NOM
maçons;mas§;maçon;NOM;3,79;0,32;0;6;0;4;2;NOM
maître;mEtR;maître;ADJ;8,45;2,28;1;6;6;4;1;ADJ,NOM
maître;mEtR;maître;NOM;128,55;118,88;1;6;6;4;1;ADJ,NOM
mechta;mESta;mechta;NOM;0;0;1;6;4;4;2;NOM
mecton;mEkt§;mecton;NOM;0,03;0,03;1;6;4;4;2;NOM
medium;medjOm;medium;NOM;0,59;0,59;1;6;5;6;2;NOM
melons;m°l§;melon;NOM;7,11;2,19;0;6;0;3;2;NOM
membre;m@bR;membre;NOM;56,06;26,72;1;6;6;4;1;NOM
membré;m@bRe;membrer;VER;0,03;0,03;0;6;6;5;2;VER,ADJ
membré;m@bRe;membré;ADJ;0,05;0,05;1;6;6;5;2;VER,ADJ
menace;m°nas;menace;NOM;30,36;21,07;1;6;6;5;2;NOM,VER
menace;m°nas;menacer;VER;49,63;10,88;0;6;6;5;2;NOM,VER
menacé;m°nase;menacer;VER;49,63;14,44;0;6;6;6;3;VER,ADJ
menacé;m°nase;menacé;ADJ;1,98;0,71;1;6;6;6;3;VER,ADJ
menais;m°nE;mener;VER;99,86;0,7;0;6;0;0;2;VER
menait;m°nE;mener;VER;99,86;2,56;0;6;0;0;2;VER
menant;m°n@;mener;VER;99,86;1,68;0;6;0;0;2;VER
menaça;m°nasa;menacer;VER;49,63;0,16;0;6;0;0;3;VER
mendia;m@dja;mendier;VER;4,07;0,01;0;6;0;0;2;VER
mendie;m@di;mendier;VER;4,07;0,61;0;6;0;0;2;VER
mendié;m@dje;mendier;VER;4,07;0,1;0;6;0;5;2;VER
meneau;m°no;meneau;NOM;2,18;0;1;6;5;4;2;NOM
meneur;m°n9R;meneur;NOM;2,94;1,67;1;6;5;4;2;NOM
menhir;meniR;menhir;NOM;0,41;0,41;1;6;5;5;2;NOM
meniez;m°nje;mener;VER;99,86;0,22;0;6;0;0;2;VER
menons;m°n§;mener;VER;99,86;1,2;0;6;0;0;2;VER,NOM
menons;m°n§;menon;NOM;0,03;0,01;0;6;0;0;2;VER,NOM
menora;menoRa;menora;NOM;0,03;0,03;1;6;5;5;3;NOM
mental;m@tal;mental;ADJ;18,15;5,84;1;6;6;5;2;ADJ,NOM
mental;m@tal;mental;NOM;1,21;1,21;1;6;6;5;2;ADJ,NOM
mentes;m@t;mentir;VER;185,16;0,32;0;6;0;3;1;VER
mentez;m@te;mentez;VER;0,01;0,01;1;6;6;4;2;VER
mentez;m@te;mentir;VER;185,16;10,29;0;6;6;4;2;VER
menthe;m@t;menthe;NOM;5,51;5,21;1;6;6;3;1;NOM
mentir;m@tiR;mentir;VER;185,16;37,01;1;6;6;5;2;VER
mentis;m@ti;mentir;VER;185,16;0,25;0;6;0;0;2;VER
mentit;m@ti;mentir;VER;185,16;0,06;0;6;0;0;2;VER
menton;m@t§;menton;NOM;6,58;6,45;1;6;6;4;2;NOM
mentor;m5tOR;mentor;NOM;1,72;1,62;1;6;6;4;2;NOM
mentît;m@ti;mentir;VER;185,16;0;0;6;0;0;2;VER
menues;m°ny;menu;ADJ;2,29;0,19;0;6;0;4;2;ADJ
menuet;m°n8E;menuet;NOM;0,75;0,62;1;6;5;4;2;NOM
menées;m°ne;mener;VER;99,86;0,82;0;6;0;4;2;VER,NOM
menées;m°ne;menée;NOM;0,16;0,14;0;6;0;4;2;VER,NOM
mercis;mERsi;merci;NOM;379,38;0,94;0;6;0;5;2;NOM
merder;mERde;merder;VER;16,45;0,89;1;6;6;5;2;VER
merdes;mERd;merde;NOM;213,05;6,37;0;6;0;4;1;NOM,VER
merdes;mERd;merder;VER;16,45;0,26;0;6;0;4;1;NOM,VER
merdez;mERde;merder;VER;16,45;0,16;0;6;0;5;2;VER
merdre;mERdR;merdre;ONO;0,04;0,04;1;6;5;5;1;ONO
merdée;mERde;merder;VER;16,45;0,04;0;6;0;5;2;VER
merise;m°Riz;merise;NOM;0,01;0,01;1;6;6;5;2;NOM
merlan;mERl@;merlan;NOM;1,81;1,76;1;6;5;5;2;NOM
merles;mERl;merle;NOM;2,24;0,45;0;6;0;4;1;NOM
merlin;mERl5;merlin;NOM;0,02;0,02;1;6;5;5;2;NOM
merlot;mERlo;merlot;NOM;1,9;1,9;1;6;5;5;2;NOM
mescal;mEskal;mescal;NOM;0,26;0,26;1;6;6;6;2;NOM
messer;mes9R;messer;NOM;1,5;1,5;1;6;6;4;2;NOM
messes;mEs;messe;NOM;18,36;2,22;0;6;0;3;1;NOM
messie;mesi;messie;NOM;0,69;0,61;1;6;6;4;2;NOM
mestre;mEstR;mestre;NOM;0,01;0,01;1;6;4;4;1;NOM
mesura;m°zyRa;mesurer;VER;19,65;0,01;0;6;0;0;3;VER
mesure;m°zyR;mesure;NOM;32,15;21,02;1;6;6;5;2;NOM,VER
mesure;m°zyR;mesurer;VER;19,65;5,9;0;6;6;5;2;NOM,VER
mesuré;m°zyRe;mesurer;VER;19,65;1,81;0;6;6;6;3;VER,ADJ
mesuré;m°zyRe;mesuré;ADJ;0,23;0,2;1;6;6;6;3;VER,ADJ
mettes;mEt;mettre;VER;1004,83;3,34;0;6;0;0;1;VER
mettez;mEte;mettre;VER;1004,83;85,44;0;6;0;0;2;VER
mettra;mEtRa;mettre;VER;1004,83;15,12;0;6;0;0;2;VER
mettre;mEtR;mettre;VER;1004,83;271,05;1;6;5;4;1;VER
meubla;m9bla;meubler;VER;0,54;0;0;6;0;0;2;VER
meuble;m9bl;meuble;ADJ;0,24;0,23;1;6;6;4;1;ADJ,NOM,VER
meuble;m9bl;meuble;NOM;19,48;2,46;1;6;6;4;1;ADJ,NOM,VER
meuble;m9bl;meubler;VER;0,54;0,02;0;6;6;4;1;ADJ,NOM,VER
meublé;m9ble;meubler;VER;0,54;0,12;0;6;6;5;2;VER,ADJ,NOM
meublé;m9ble;meublé;ADJ;0,9;0,65;1;6;6;5;2;VER,ADJ,NOM
meublé;m9ble;meublé;NOM;0,31;0,3;1;6;6;5;2;VER,ADJ,NOM
meugla;m2gla;meugler;VER;0,28;0;0;6;0;0;2;VER
meugle;m2gl;meugler;VER;0,28;0,12;0;6;0;0;1;VER
meuglé;m2gle;meugler;VER;0,28;0,01;0;6;0;5;2;VER
meuler;m2le;meuler;VER;0,06;0,02;1;6;6;4;2;VER
meules;m2l;meule;NOM;1,39;0,22;0;6;0;3;1;NOM,VER
meules;m2l;meuler;VER;0,06;0,01;0;6;0;3;1;NOM,VER
meulez;m9le;meuler;VER;0,06;0,01;0;6;0;0;2;VER
meures;m9R;mourir;VER;916,4;1,88;0;6;0;0;1;VER
meutes;m2t;meute;NOM;2,45;0,2;0;6;0;3;1;NOM
mexico;mEksiko;mexico;ADV;0,54;0,54;1;6;6;7;3;ADV
mezcal;mezkal;mezcal;NOM;0,13;0,13;1;6;4;4;2;NOM
mezzos;mEdzo;mezzo;NOM;0,03;0;0;6;0;5;2;NOM
miaous;mjau;miaou;NOM;0,46;0,01;0;6;0;4;2;NOM
miasme;mjasm;miasme;NOM;0,06;0,01;1;6;4;5;1;NOM
miaula;mjola;miauler;VER;1,15;0;0;6;0;0;2;VER
miaule;mjol;miauler;VER;1,15;0,88;0;6;0;0;1;VER
miaulé;mjole;miauler;VER;1,15;0;0;6;0;5;2;VER
miches;miS;miche;NOM;2,2;1,5;0;6;0;3;1;NOM
michés;miSe;miché;NOM;0,03;0,01;0;6;0;4;2;NOM
micmac;mikmak;micmac;NOM;0,14;0,12;1;6;4;4;2;NOM
micron;mikR§;micron;NOM;0,74;0,24;1;6;6;5;2;NOM
micros;mikRo;micro;NOM;15,03;3,78;0;6;0;5;2;NOM
mielle;mjEl;mielle;NOM;0;0;1;6;6;4;1;NOM
miellé;mjEle;miellé;ADJ;0;0;1;6;6;5;2;ADJ
mienne;mjEn;mienne;ADJ:pos;4,39;4,39;1;6;6;4;1;ADJ:pos,PRO:pos
mienne;mjEn;mienne;PRO:pos;50,46;50,46;1;6;6;4;1;ADJ:pos,PRO:pos
miette;mjEt;miette;NOM;8,68;2,54;1;6;4;4;1;NOM
mignon;miN§;mignon;ADJ;69,71;46,14;1;6;6;4;2;ADJ,NOM
mignon;miN§;mignon;NOM;9,02;4,68;1;6;6;4;2;ADJ,NOM
migrer;migRe;migrer;VER;0,83;0,44;1;6;5;5;2;VER
migres;migR;migrer;VER;0,83;0,01;0;6;0;0;1;VER
mijota;miZota;mijoter;VER;6,98;0;0;6;0;0;3;VER
mijote;miZOt;mijoter;VER;6,98;1,85;0;6;0;0;2;VER
mijoté;miZote;mijoter;VER;6,98;0,34;0;6;0;6;3;VER
mikado;mikado;mikado;NOM;0,28;0,28;1;6;3;5;3;NOM
milady;miledi;milady;NOM;3,18;3,18;1;6;5;5;3;NOM
milans;mil@;milan;NOM;0,14;0,01;0;6;0;4;2;NOM
milice;milis;milice;NOM;3,77;3,25;1;6;6;5;2;NOM
milieu;milj2;milieu;ADV;0,11;0,11;1;6;5;5;2;ADV,NOM
milieu;milj2;milieu;NOM;70,27;68,6;1;6;5;5;2;ADV,NOM
milita;milita;militer;VER;1,1;0;0;6;0;0;3;VER
milite;milit;militer;VER;1,1;0,58;0;6;0;0;2;VER
milité;milite;militer;VER;1,1;0,15;0;6;0;6;3;VER
milles;mil;mille;NOM;29,63;3,46;0;6;0;3;1;NOM
millet;mijE;millet;NOM;0,17;0,17;1;6;6;3;2;NOM
milord;milOR;milord;NOM;2,72;2,66;1;6;5;4;2;NOM
mimais;mimE;mimer;VER;0,93;0,12;0;6;0;4;2;VER
mimait;mimE;mimer;VER;0,93;0,13;0;6;0;4;2;VER
mimant;mim@;mimer;VER;0,93;0,16;0;6;0;0;2;VER
miment;mim;mimer;VER;0,93;0,02;0;6;0;3;1;VER
mimosa;mimoza;mimosa;ADJ;0,46;0,46;1;6;6;5;3;ADJ,NOM
mimosa;mimoza;mimosa;NOM;1,75;0,97;1;6;6;5;3;ADJ,NOM
minage;minaZ;minage;NOM;0,01;0,01;1;6;5;5;2;NOM
minait;minE;miner;VER;4,83;0,18;0;6;0;4;2;VER
minant;min@;miner;VER;4,83;0,17;0;6;0;0;2;VER
minbar;minbaR;minbar;NOM;0,12;0,12;1;6;4;4;2;NOM
minces;m5s;mince;ADJ;16,27;2,17;0;6;0;3;1;ADJ
mincir;m5siR;mincir;VER;0,55;0,32;1;6;5;4;2;VER
mincis;m5si;mincir;VER;0,55;0,01;0;6;0;0;2;VER
minent;min;miner;VER;4,83;0,02;0;6;0;3;1;VER
minera;min°Ra;miner;VER;4,83;0,02;0;6;0;0;3;VER
minets;minE;minet;NOM;7,09;0,68;0;6;0;4;2;NOM
mineur;min9R;mineur;ADJ;8,01;3,79;1;6;5;4;2;ADJ,NOM
mineur;min9R;mineur;NOM;8,79;3,26;1;6;5;4;2;ADJ,NOM
minier;minje;minier;ADJ;1,09;0,28;1;6;5;5;2;ADJ
minima;minima;minimum;NOM;7,12;0,04;0;6;0;0;3;NOM
minime;minim;minime;ADJ;1,87;1,04;1;6;6;5;2;ADJ,NOM
minime;minim;minime;NOM;0,28;0,05;1;6;6;5;2;ADJ,NOM
minium;minjOm;minium;NOM;0,04;0,04;1;6;5;5;2;NOM
minoen;minO5;minoen;ADJ;0,07;0;1;6;5;4;3;ADJ,NOM
minoen;minO5;minoen;NOM;0,01;0,01;1;6;5;4;3;ADJ,NOM
minois;minwa;minois;NOM;1,11;1,11;1;6;5;5;2;NOM
minots;mino;minot;NOM;0,58;0;0;6;0;4;2;NOM
minous;minu;minou;NOM;7;0,55;0;6;0;4;2;NOM
minuit;min8i;minuit;NOM;38,51;38,47;1;6;5;4;2;NOM
minute;minyt;minute;NOM;342,28;144,83;1;6;6;5;2;NOM,VER
minute;minyt;minuter;VER;2,04;0,95;0;6;6;5;2;NOM,VER
minuté;minyte;minuter;VER;2,04;0,27;0;6;0;6;3;VER
minées;mine;miner;VER;4,83;0,02;0;6;0;4;2;VER
mioche;mjOS;mioche;NOM;1,07;0,54;1;6;3;4;1;NOM
mirage;miRaZ;mirage;NOM;1,83;1,42;1;6;5;5;2;NOM
mirais;miRE;mirer;VER;0,48;0;0;6;0;0;2;VER
mirait;miRE;mirer;VER;0,48;0,14;0;6;0;0;2;VER
mirant;miR@;mirer;VER;0,48;0;0;6;0;0;2;VER
miraud;miRo;miraud;ADJ;0,02;0,02;1;6;5;4;2;ADJ
mirent;miR;mettre;VER;1004,83;1,38;0;6;0;3;1;VER
mirent;miR;mirer;VER;0,48;0;0;6;0;3;1;VER
miroir;miRwaR;miroir;NOM;28,35;24,89;1;6;6;6;2;NOM
misais;mizE;miser;VER;11,8;0,03;0;6;0;0;2;VER
misait;mizE;miser;VER;11,8;0,07;0;6;0;0;2;VER
misant;miz@;miser;VER;11,8;0,2;0;6;0;0;2;VER
misent;miz;miser;VER;11,8;0,36;0;6;0;3;1;VER
misera;miz°Ra;miser;VER;11,8;0,1;0;6;0;0;3;VER
misiez;mizje;miser;VER;11,8;0,21;0;6;0;0;2;VER
misons;miz§;miser;VER;11,8;0,2;0;6;0;0;2;VER
missel;misEl;missel;NOM;0,59;0,53;1;6;5;5;2;NOM
mister;mist9R;mister;NOM;2,14;2,14;1;6;5;5;2;NOM
misère;mizER;misère;NOM;18,77;16,85;1;6;4;5;2;NOM
mitard;mitaR;mitard;NOM;1,91;1,91;1;6;6;5;2;NOM
mitent;mit;miter;VER;0,23;0;0;6;0;3;1;VER
miteux;mit2;miteux;ADJ;1,98;1,72;1;6;6;4;2;ADJ,NOM
miteux;mit2;miteux;NOM;0,42;0,42;1;6;6;4;2;ADJ,NOM
mitigé;mitiZe;mitiger;VER;0,22;0,1;0;6;6;5;3;VER,ADJ
mitigé;mitiZe;mitigé;ADJ;0,07;0,03;1;6;6;5;3;VER,ADJ
mitose;mitoz;mitose;NOM;0,14;0,14;1;6;5;5;2;NOM
mitral;mitRal;mitral;ADJ;0,3;0,04;1;6;6;6;2;ADJ
mitres;mitR;mitre;NOM;0,26;0;0;6;0;4;1;NOM
mitron;mitR§;mitron;NOM;0,14;0,14;1;6;5;5;2;NOM
mitrés;mitRe;mitrer;VER;0;0;0;6;0;5;2;VER,ADJ
mitrés;mitRe;mitré;ADJ;0;0;0;6;0;5;2;VER,ADJ
mitées;mite;mité;ADJ;0,03;0;0;6;0;4;2;ADJ
mixage;miksaZ;mixage;NOM;0,86;0,86;1;6;4;5;2;NOM
mixait;miksE;mixer;VER;1,11;0,01;0;6;0;0;2;VER
mixers;miks9R;mixer;NOM;0,78;0,11;0;6;0;5;2;NOM
mixeur;miks9R;mixeur;NOM;1,21;1,05;1;6;5;5;2;NOM
mixité;miksite;mixité;NOM;0,07;0,07;1;6;4;5;3;NOM
mixtes;mikst;mixte;ADJ;2,81;0,59;0;6;0;5;1;ADJ
mièvre;mjEvR;mièvre;ADJ;0,2;0,2;1;6;6;5;1;ADJ
mobile;mobil;mobile;ADJ;4,8;4,16;1;6;6;5;2;ADJ,NOM
mobile;mobil;mobile;NOM;8,01;7,03;1;6;6;5;2;ADJ,NOM
moches;mOS;moche;ADJ;28,73;3,09;0;6;0;3;1;ADJ
modela;mod°la;modeler;VER;2,42;0;0;6;0;0;3;VER
modelé;mod°le;modeler;VER;2,42;0,35;0;6;6;6;3;VER,NOM
modelé;mod°le;modelé;NOM;0;0;1;6;6;6;3;VER,NOM
modems;modEm;modem;NOM;0,43;0,06;0;6;0;5;2;NOM
modula;modyla;moduler;VER;0,2;0;0;6;0;0;3;VER
module;modyl;module;NOM;7,03;6,49;1;6;6;5;2;NOM,VER
module;modyl;moduler;VER;0,2;0,1;0;6;6;5;2;NOM,VER
modulé;modyle;moduler;VER;0,2;0,01;0;6;0;6;3;VER
modèle;modEl;modeler;VER;2,42;0,27;0;6;4;5;2;VER,ADJ,NOM
modèle;modEl;modèle;ADJ;6,71;5,66;1;6;4;5;2;VER,ADJ,NOM
modèle;modEl;modèle;NOM;25,06;19,56;1;6;4;5;2;VER,ADJ,NOM
modère;modER;modérer;VER;1,32;0,41;0;6;0;0;2;VER
modéra;modeRa;modérer;VER;1,32;0;0;6;0;0;3;VER
modéré;modeRe;modérer;VER;1,32;0,21;0;6;6;6;3;VER,ADJ,NOM
modéré;modeRe;modéré;ADJ;0,52;0,25;1;6;6;6;3;VER,ADJ,NOM
modéré;modeRe;modéré;NOM;0,45;0,2;1;6;6;6;3;VER,ADJ,NOM
moelle;mwal;moelle;NOM;4,23;4,21;1;6;6;4;1;NOM
moeurs;m9Rs;moeurs;NOM;3,08;3,08;1;6;4;4;1;NOM
moghol;mOgOl;moghol;NOM;0,01;0,01;1;6;4;3;2;NOM
mohair;moER;mohair;NOM;0,29;0,29;1;6;4;3;2;NOM
moines;mwan;moine;NOM;11,82;3,62;0;6;0;4;1;NOM
moires;mwaR;moire;NOM;0,04;0,02;0;6;0;4;1;NOM
moirée;mwaRe;moirer;VER;0;0;0;6;0;5;2;VER,ADJ
moirée;mwaRe;moiré;ADJ;0,04;0,01;0;6;0;5;2;VER,ADJ
moirés;mwaRe;moirer;VER;0;0;0;6;0;5;2;VER,ADJ,NOM
moirés;mwaRe;moiré;ADJ;0,04;0,01;0;6;0;5;2;VER,ADJ,NOM
moirés;mwaRe;moiré;NOM;0,02;0,01;0;6;0;5;2;VER,ADJ,NOM
moises;mwaz;moise;NOM;0,37;0,1;0;6;0;4;1;NOM
moisie;mwazi;moisi;ADJ;0,61;0,19;0;6;0;5;2;ADJ,VER
moisie;mwazi;moisir;VER;3,85;0,05;0;6;0;5;2;ADJ,VER
moisir;mwaziR;moisir;VER;3,85;2,46;1;6;6;6;2;VER
moisis;mwazi;moisi;ADJ;0,61;0,08;0;6;0;5;2;ADJ,NOM,VER
moisis;mwazi;moisi;NOM;0,44;0;0;6;0;5;2;ADJ,NOM,VER
moisis;mwazi;moisir;VER;3,85;0,25;0;6;0;5;2;ADJ,NOM,VER
moisit;mwazi;moisir;VER;3,85;0,13;0;6;0;5;2;VER
moites;mwat;moite;ADJ;1,98;0,97;0;6;0;4;1;ADJ
moitié;mwatje;moitié;ADV;9,2;9,2;1;6;6;6;2;ADV,NOM
moitié;mwatje;moitié;NOM;74,77;74,25;1;6;6;6;2;ADV,NOM
molard;mOlaR;molard;NOM;0,01;0,01;1;6;5;4;2;NOM
moleta;mol°ta;moleter;VER;0,2;0,2;0;6;0;0;3;VER
mollah;mola;mollah;NOM;0,89;0,36;1;6;6;4;2;NOM
molles;mOl;mou,mol;ADJ;5,37;1,45;0;6;0;3;1;ADJ
mollet;molE;mollet;ADJ;0,06;0,01;1;6;6;4;2;ADJ,NOM
mollet;molE;mollet;NOM;1,77;0,67;1;6;6;4;2;ADJ,NOM
mollie;moli;mollir;VER;1,18;0,59;0;6;0;0;2;VER
mollir;moliR;mollir;VER;1,18;0,04;1;6;5;5;2;VER
mollis;moli;mollir;VER;1,18;0,07;0;6;0;0;2;VER
mollit;moli;mollir;VER;1,18;0,26;0;6;0;0;2;VER
moloch;molOk;moloch;NOM;0;0;1;6;5;5;2;NOM
mombin;m§b5;mombin;NOM;0;0;1;6;4;4;2;NOM
moment;mom@;moment;NOM;433,59;403,25;1;6;6;4;2;NOM
momies;momi;momi;NOM;2,47;0;0;6;0;4;2;NOM
momies;momi;momie;NOM;2,18;0,76;0;6;0;4;2;NOM
monder;m§de;monder;VER;0,11;0,01;1;6;6;4;2;VER
mondes;m§d;monde;NOM;830,72;7,11;0;6;0;3;1;NOM
mondée;m§de;monder;VER;0,11;0;0;6;0;4;2;VER
mongol;m§gOl;mongol;ADJ;0,81;0,49;1;6;6;5;2;ADJ,NOM
mongol;m§gOl;mongol;NOM;0,69;0,21;1;6;6;5;2;ADJ,NOM
montai;m§tE;monter;VER;277,32;0,04;0;6;0;0;2;VER
monter;m§te;monter;VER;277,32;85,7;1;6;6;4;2;VER
montes;m§t;monte;NOM;0,58;0,58;0;6;0;0;1;NOM,VER
montes;m§t;monter;VER;277,32;6,27;0;6;0;0;1;NOM,VER
montez;m§te;monter;VER;277,32;15,38;0;6;0;4;2;VER
montra;m§tRa;montrer;VER;327,33;0,77;0;6;0;0;2;VER
montre;m§tR;montre;NOM;48,4;43,91;1;6;6;4;1;NOM,VER
montre;m§tR;montrer;VER;327,33;85,44;0;6;6;4;1;NOM,VER
montré;m§tRe;montrer;VER;327,33;29,65;0;6;0;5;2;VER
montât;m§ta;monter;VER;277,32;0;0;6;0;0;2;VER
montée;m§te;monter;VER;277,32;6,11;0;6;6;4;2;VER,ADJ,NOM
montée;m§te;monté;ADJ;8,58;1,61;0;6;6;4;2;VER,ADJ,NOM
montée;m§te;montée;NOM;2,67;2,48;1;6;6;4;2;VER,ADJ,NOM
montés;m§te;monter;VER;277,32;3,94;0;6;0;4;2;VER,ADJ
montés;m§te;monté;ADJ;8,58;1,38;0;6;0;4;2;VER,ADJ
moquai;mokE;moquer;VER;71,13;0,01;0;6;0;0;2;VER
moquer;moke;moquer;VER;71,13;11,47;1;6;6;4;2;VER
moques;mOk;moque;NOM;0,29;0,02;0;6;0;3;1;NOM,VER
moques;mOk;moquer;VER;71,13;9,6;0;6;0;3;1;NOM,VER
moquez;moke;moquer;VER;71,13;7,98;0;6;0;4;2;VER
moquât;moka;moquer;VER;71,13;0;0;6;0;4;2;VER
moquée;moke;moquer;VER;71,13;1,02;0;6;0;4;2;VER
moqués;moke;moquer;VER;71,13;0,84;0;6;0;4;2;VER
morale;moRal;moral;ADJ;16,39;7,17;0;6;6;5;2;ADJ,NOM
morale;moRal;morale;NOM;13,13;12,89;1;6;6;5;2;ADJ,NOM
moraux;moRo;moral;ADJ;16,39;1,59;0;6;0;4;2;ADJ,NOM
moraux;moRo;moral;NOM;10,27;0,1;0;6;0;4;2;ADJ,NOM
morave;mORav;morave;ADJ;0,02;0,01;1;6;5;4;2;ADJ
morbac;mORbak;morbac;NOM;0,17;0,14;1;6;6;5;2;NOM
morcif;mORsif;morcif;NOM;0;0;1;6;5;5;2;NOM
mordes;mORd;mordre;VER;44,85;0,15;0;6;0;0;1;VER
mordez;mORde;mordre;VER;44,85;0,92;0;6;0;0;2;VER
mordis;mORdi;mordre;VER;44,85;0;0;6;0;0;2;VER
mordit;mORdi;mordre;VER;44,85;0,09;0;6;0;0;2;VER
mordra;mORdRa;mordre;VER;44,85;0,8;0;6;0;0;2;VER
mordre;mORdR;mordre;VER;44,85;8,83;1;6;5;5;1;VER
mordue;mORdy;mordre;VER;44,85;2,77;0;6;0;5;2;VER,ADJ
mordue;mORdy;mordu;ADJ;1,16;0,18;0;6;0;5;2;VER,ADJ
mordus;mORdy;mordre;VER;44,85;0,45;0;6;0;5;2;VER,ADJ
mordus;mORdy;mordu;ADJ;1,16;0,07;0;6;0;5;2;VER,ADJ
mordît;mORdi;mordre;VER;44,85;0;0;6;0;0;2;VER
moreau;mORo;moreau;ADJ;0,02;0,02;1;6;5;4;2;ADJ
morfal;mORfal;morfal;ADJ;0,04;0,01;1;6;6;6;2;ADJ
morfil;mORfil;morfil;NOM;0;0;1;6;5;6;2;NOM
morfle;mORfl;morfler;VER;2,01;0,38;0;6;0;0;1;VER
morflé;mORfle;morfler;VER;2,01;0,62;0;6;0;5;2;VER
morgon;mORg§;morgon;NOM;0,01;0,01;1;6;5;5;2;NOM
morgue;mORg;morgue;NOM;10,12;9,95;1;6;5;4;1;NOM
mormon;mORm§;mormon;ADJ;0,44;0,24;1;6;4;4;2;ADJ,NOM
mormon;mORm§;mormon;NOM;0,75;0,18;1;6;4;4;2;ADJ,NOM
mornes;mORn;morne;ADJ;1,06;0,25;0;6;0;4;1;ADJ,NOM
mornes;mORn;morne;NOM;0,15;0;0;6;0;4;1;ADJ,NOM
morose;moRoz;morose;ADJ;1,23;1;1;6;6;5;2;ADJ
morpho;mORfo;morpho;ADV;0,03;0,03;1;6;6;5;2;ADV
mortel;mORtEl;mortel;ADJ;24,13;14,62;1;6;6;6;2;ADJ,NOM
mortel;mORtEl;mortel;NOM;7,09;2,84;1;6;6;6;2;ADJ,NOM
mortes;mORt;mort;ADJ;89,29;4,38;0;6;0;0;1;ADJ,NOM,VER
mortes;mORt;mort;NOM;460,05;1,44;0;6;0;0;1;ADJ,NOM,VER
mortes;mORt;mourir;VER;916,4;5,32;0;6;0;0;1;ADJ,NOM,VER
morues;moRy;morue;NOM;3,67;0,2;0;6;0;4;2;NOM
morula;mORyla;morula;NOM;0,01;0,01;1;6;5;4;3;NOM
morves;mORv;morve;NOM;1,6;0;0;6;0;4;1;NOM
motard;motaR;motard;NOM;4,1;1,79;1;6;4;4;2;NOM
motels;motEl;motel;NOM;9,43;0,82;0;6;0;5;2;NOM
motets;motE;motet;NOM;0,03;0;0;6;0;4;2;NOM
moteur;mot9R;moteur;ADJ;4,17;2,54;1;6;6;4;2;ADJ,NOM
moteur;mot9R;moteur;NOM;33,63;26,31;1;6;6;4;2;ADJ,NOM
motifs;motif;motif;NOM;16,56;4,36;0;6;0;5;2;NOM
motion;mosj§;motion;NOM;3,1;2,87;1;6;5;4;2;NOM
motiva;motiva;motiver;VER;5,5;0;0;6;0;0;3;VER
motive;motiv;motiver;VER;5,5;1,33;0;6;0;0;2;VER
motivé;motive;motiver;VER;5,5;1,67;0;6;6;6;3;VER,ADJ
motivé;motive;motivé;ADJ;1,43;0,56;1;6;6;6;3;VER,ADJ
mottes;mOt;motte;NOM;0,51;0,24;0;6;0;3;1;NOM
mouais;mwE;mouais;ONO;1,15;1,15;1;6;4;3;1;ONO
moucha;muSa;moucher;VER;2,55;0;0;6;0;0;2;VER
mouche;muS;mouche;NOM;24,65;15,36;1;6;6;3;1;NOM,VER
mouche;muS;moucher;VER;2,55;0,9;0;6;6;3;1;NOM,VER
mouché;muSe;moucher;VER;2,55;0,39;0;6;0;4;2;VER
moudre;mudR;moudre;VER;1,43;0,72;1;6;5;4;1;VER
moufle;mufl;moufle;NOM;0,73;0,28;1;6;6;4;1;NOM
moufte;muft;moufter;VER;0,2;0,02;0;6;0;0;1;VER
moufté;mufte;moufter;VER;0,2;0,06;0;6;0;5;2;VER
mouise;mwiz;mouise;NOM;0,81;0,81;1;6;5;3;1;NOM
moujik;muZik;moujik;NOM;0,8;0,3;1;6;6;4;2;NOM
mouler;mule;mouler;VER;1,56;0,15;1;6;6;4;2;VER
moules;mul;moule;NOM;6,12;2,56;0;6;0;3;1;NOM,VER
moules;mul;mouler;VER;1,56;0,11;0;6;0;3;1;NOM,VER
moulez;mule;moudre;VER;1,43;0,03;0;6;0;4;2;VER
moulez;mule;mouler;VER;1,56;0,21;0;6;0;4;2;VER
moulin;mul5;moulin;NOM;7,75;6,8;1;6;6;4;2;NOM
moulue;muly;moudre;VER;1,43;0,11;0;6;0;4;2;VER,ADJ
moulue;muly;moulu;ADJ;0,48;0;0;6;0;4;2;VER,ADJ
moulus;muly;moudre;VER;1,43;0,01;0;6;0;4;2;VER,ADJ
moulus;muly;moulu;ADJ;0,48;0,02;0;6;0;4;2;VER,ADJ
moulut;muly;moudre;VER;1,43;0;0;6;0;4;2;VER
moulée;mule;mouler;VER;1,56;0,14;0;6;0;4;2;VER,ADJ
moulée;mule;moulé;ADJ;0,24;0,03;0;6;0;4;2;VER,ADJ
moulés;mule;mouler;VER;1,56;0,01;0;6;0;4;2;VER,ADJ
moulés;mule;moulé;ADJ;0,24;0,02;0;6;0;4;2;VER,ADJ
mourez;muRe;mourir;VER;916,4;2,77;0;6;0;0;2;VER
mourir;muRiR;mourir;VER;916,4;234,74;1;6;6;4;2;VER
mouron;muR§;mouron;NOM;0,73;0,53;1;6;6;4;2;NOM
mourra;muRa;mourir;VER;916,4;13,63;0;6;0;0;2;VER
mourre;muR;mourre;NOM;0,03;0,03;1;6;5;3;1;NOM
mourus;muRy;mourir;VER;916,4;0,11;0;6;0;0;2;VER
mourut;muRy;mourir;VER;916,4;5,62;0;6;0;0;2;VER
mourût;muRy;mourir;VER;916,4;0,02;0;6;0;0;2;VER
mousmé;musme;mousmé;NOM;0,22;0,21;1;6;5;4;2;NOM
mousse;mus;mousse;ADJ;0,82;0,81;1;6;6;3;1;ADJ,NOM,VER
mousse;mus;mousse;NOM;6,47;6,24;1;6;6;3;1;ADJ,NOM,VER
mousse;mus;mousser;VER;0,89;0,21;0;6;6;3;1;ADJ,NOM,VER
moussu;musy;moussu;ADJ;0,04;0;1;6;6;4;2;ADJ
mouton;mut§;mouton;NOM;15,2;6,08;1;6;6;4;2;NOM
moyens;mwaj5;moyen;ADJ;50,69;2,15;0;6;0;5;2;ADJ,NOM
moyens;mwaj5;moyen;NOM;83,47;30,2;0;6;0;5;2;ADJ,NOM
moyeux;mwaj2;moyeux;NOM;0,11;0,11;1;6;6;5;2;NOM
muchas;mutSas;mucher;VER;0,53;0,52;0;6;0;0;2;VER
muesli;m82sli;muesli;NOM;0,06;0,06;1;6;4;3;2;NOM
muette;m8Et;muet;ADJ;14,23;2,68;0;6;6;4;1;ADJ,NOM
muette;m8Et;muette;NOM;0,89;0,89;1;6;6;4;1;ADJ,NOM
muffin;m9fin;muffin;NOM;2,96;1,3;1;6;4;4;2;NOM
mufles;myfl;mufle;ADJ;0,08;0;0;6;0;4;1;ADJ,NOM
mufles;myfl;mufle;NOM;1,7;0,14;0;6;0;4;1;ADJ,NOM
muflée;myfle;muflée;NOM;0,01;0,01;1;6;5;5;2;NOM
muftis;mufti;mufti;NOM;0,26;0,01;0;6;0;5;2;NOM
muguet;mygE;muguet;NOM;0,4;0,38;1;6;6;3;2;NOM
mulard;mylaR;mulard;ADJ;0,01;0,01;1;6;4;5;2;ADJ
muleta;myl°ta;muleta;NOM;0,15;0,15;1;6;6;6;3;NOM
mulets;mylE;mulet;NOM;3,67;0,49;0;6;0;4;2;NOM
mullah;myla;mullah;NOM;0,05;0,05;1;6;4;4;2;NOM
mulots;mylo;mulot;NOM;0,06;0,01;0;6;0;4;2;NOM
munich;mynik;munich;NOM;0;0;1;6;6;5;2;NOM
munies;myni;munir;VER;2,06;0,14;0;6;0;4;2;VER
muphti;mufti;muphti;NOM;0;0;1;6;3;5;2;NOM
murage;myRaZ;murage;NOM;0,01;0,01;1;6;5;5;2;NOM
murait;myRE;murer;VER;1,39;0;0;6;0;4;2;VER
murale;myRal;mural;ADJ;0,35;0,2;0;6;0;5;2;ADJ
murant;myR@;murer;VER;1,39;0;0;6;0;0;2;VER
muraux;myRo;mural;ADJ;0,35;0,02;0;6;0;0;2;ADJ
murent;myR;mouvoir;VER;1,75;0;0;6;0;3;1;VER
murets;myRE;muret;NOM;0,28;0;0;6;0;4;2;NOM
murmel;myRmEl;murmel;NOM;0;0;1;6;5;5;2;NOM
murène;myREn;murène;NOM;0,56;0,41;1;6;4;5;2;NOM
murées;myRe;murer;VER;1,39;0;0;6;0;4;2;VER
musait;myzE;muser;VER;0,44;0;0;6;0;0;2;VER
musant;myz@;muser;VER;0,44;0;0;6;0;0;2;VER
musard;myzaR;musard;ADJ;0;0;1;6;6;5;2;ADJ,NOM
musard;myzaR;musard;NOM;0;0;1;6;6;5;2;ADJ,NOM
muscat;myska;muscat;NOM;0,36;0,36;1;6;6;5;2;NOM
muscle;myskl;muscle;NOM;15,61;3,86;1;6;6;5;1;NOM,VER
muscle;myskl;muscler;VER;1,46;0,12;0;6;6;5;1;NOM,VER
musclé;myskle;muscler;VER;1,46;0,48;0;6;6;6;2;VER,ADJ
musclé;myskle;musclé;ADJ;2,6;1,52;1;6;6;6;2;VER,ADJ
museau;myzo;museau;NOM;1,86;1,6;1;6;5;4;2;NOM
muselé;myz°le;museler;VER;0,4;0,15;0;6;0;6;3;VER
musico;myziko;musico;ADV;0;0;1;6;6;6;3;ADV
musoir;myzwaR;musoir;NOM;0;0;1;6;4;4;2;NOM
musqué;myske;musquer;VER;0,01;0;0;6;6;5;2;VER,ADJ,NOM
musqué;myske;musqué;ADJ;0,18;0,14;1;6;6;5;2;VER,ADJ,NOM
musqué;myske;musqué;NOM;0,05;0,05;1;6;6;5;2;VER,ADJ,NOM
mussée;myse;musser;VER;0;0;0;6;0;0;2;VER
mussés;myse;musser;VER;0;0;0;6;0;0;2;VER
musées;myze;muser;VER;0,44;0,17;0;6;0;4;2;VER,NOM
musées;myze;musée;NOM;20,7;2,11;0;6;0;4;2;VER,NOM
muséum;myzeOm;muséum;NOM;0,24;0,24;1;6;5;6;3;NOM
mutant;myt@;mutant;ADJ;2,02;0,57;1;6;5;4;2;ADJ,NOM,VER
mutant;myt@;mutant;NOM;4,67;1,93;1;6;5;4;2;ADJ,NOM,VER
mutant;myt@;muter;VER;7,04;0,23;0;6;5;4;2;ADJ,NOM,VER
mutent;myt;muter;VER;7,04;0,08;0;6;0;0;1;VER
mutera;myt°Ra;muter;VER;7,04;0,01;0;6;0;0;3;VER
mutila;mytila;mutiler;VER;2,62;0,01;0;6;0;0;3;VER
mutile;mytil;mutiler;VER;2,62;0,17;0;6;0;0;2;VER
mutilé;mytile;mutiler;VER;2,62;0,93;0;6;6;6;3;VER,ADJ,NOM
mutilé;mytile;mutilé;ADJ;2,21;1,22;1;6;6;6;3;VER,ADJ,NOM
mutilé;mytile;mutilé;NOM;0,72;0,15;1;6;6;6;3;VER,ADJ,NOM
mutina;mytina;mutiner;VER;0,85;0,03;0;6;0;0;3;VER
mutine;mytin;mutin;ADJ;0,33;0,01;0;6;0;0;2;ADJ,NOM,VER
mutine;mytin;mutin;NOM;0,7;0,01;0;6;0;0;2;ADJ,NOM,VER
mutine;mytin;mutiner;VER;0,85;0,04;0;6;0;0;2;ADJ,NOM,VER
mutins;myt5;mutin;ADJ;0,33;0,04;0;6;0;4;2;ADJ,NOM
mutins;myt5;mutin;NOM;0,7;0,59;0;6;0;4;2;ADJ,NOM
mutiné;mytine;mutiner;VER;0,85;0,31;0;6;6;6;3;VER,ADJ
mutiné;mytine;mutiné;ADJ;0,15;0,1;1;6;6;6;3;VER,ADJ
mutité;mytite;mutité;NOM;0;0;1;6;5;5;3;NOM
mutuel;myt8El;mutuel;ADJ;4;1,5;1;6;6;6;2;ADJ
mutées;myte;muter;VER;7,04;0,05;0;6;0;4;2;VER
mycose;mikoz;mycose;NOM;0,73;0,73;1;6;5;5;2;NOM
mycène;misEn;mycène;NOM;0,04;0,04;1;6;4;5;2;NOM
mygale;migal;mygale;NOM;0,05;0,04;1;6;3;5;2;NOM
mylord;milOR;mylord;NOM;0,97;0,97;1;6;3;4;2;NOM
myopes;mjOp;myope;ADJ;1,76;0,05;0;6;0;4;1;ADJ,NOM
myopes;mjOp;myope;NOM;0,19;0;0;6;0;4;1;ADJ,NOM
myopie;mjopi;myopie;NOM;0,29;0,29;1;6;5;5;2;NOM
myosis;mjozis;myosis;NOM;0,04;0,04;1;6;6;6;2;NOM
myrrhe;miR;myrrhe;NOM;0,43;0,43;1;6;4;3;1;NOM
myrtes;miRt;myrte;NOM;1,25;0;0;6;0;4;1;NOM
mythes;mit;mythe;NOM;6,26;1,1;0;6;0;3;1;NOM
mâcher;maSe;mâcher;VER;5;1,61;1;6;6;4;2;VER
mâches;maS;mâcher;VER;5;0,15;0;6;0;3;1;VER
mâchez;maSe;mâcher;VER;5;0,31;0;6;0;4;2;VER
mâchée;maSe;mâcher;VER;5;0,01;0;6;0;4;2;VER
mâchés;maSe;mâcher;VER;5;0,01;0;6;0;4;2;VER
mâtine;matin;mâtine;NOM;0,57;0;1;6;6;5;2;NOM
mâtins;mat5;mâtin;NOM;0,26;0;0;6;0;4;2;NOM
mâtiné;matine;mâtiner;VER;0,03;0,02;0;6;6;6;3;VER,ADJ
mâtiné;matine;mâtiné;ADJ;0,03;0,03;1;6;6;6;3;VER,ADJ
mâture;matyR;mâture;NOM;0,14;0,14;1;6;4;5;2;NOM
mèches;mES;mèche;NOM;9,87;1,66;0;6;0;3;1;NOM
mènent;mEn;mener;VER;99,86;6,42;0;6;0;0;1;VER
mènera;mEn°Ra;mener;VER;99,86;4,7;0;6;0;0;3;VER
mètres;mEtR;mètre;NOM;43,49;37,46;0;6;0;4;1;NOM,VER
mètres;mEtR;métrer;VER;0,16;0,04;0;6;0;4;1;NOM,VER
mécano;mekano;mécano;NOM;2,5;1,68;1;6;6;6;3;NOM
mécher;meSe;mécher;VER;0,77;0,01;1;6;5;4;2;VER
mécène;mesEn;mécène;NOM;0,82;0,69;1;6;4;4;2;NOM
médian;medj@;médian;ADJ;0,29;0,04;1;6;6;5;2;ADJ
médias;medja;média;NOM;10,23;9,46;0;6;0;5;2;NOM
médina;medina;médina;NOM;0,37;0,37;1;6;5;5;3;NOM
médire;mediR;médire;VER;0,35;0,11;1;6;5;5;2;VER
médise;mediz;médire;VER;0,35;0;0;6;0;0;2;VER
médita;medita;méditer;VER;5,49;0,01;0;6;0;0;3;VER
médite;medit;méditer;VER;5,49;0,68;0;6;0;0;2;VER
médité;medite;méditer;VER;5,49;0,67;0;6;0;6;3;VER
médium;medjOm;médium;NOM;6,07;4,97;1;6;6;6;2;NOM
médius;medjys;médius;NOM;0,16;0,16;1;6;6;5;2;NOM
médocs;medOk;médoc;NOM;1,48;1,29;0;6;0;4;2;NOM
médusa;medyza;méduser;VER;0,48;0,1;0;6;0;0;3;VER
méduse;medyz;méduse;NOM;1,5;0,66;1;6;6;5;2;NOM,VER
méduse;medyz;méduser;VER;0,48;0,01;0;6;6;5;2;NOM,VER
médusé;medyze;méduser;VER;0,48;0,15;0;6;6;6;3;VER,ADJ
médusé;medyze;médusé;ADJ;0,02;0,01;1;6;6;6;3;VER,ADJ
méfait;mefE;méfait;NOM;1,85;0,46;1;6;4;4;2;NOM
méfier;mefje;méfier;VER;26,68;7,18;1;6;5;5;2;VER
méfies;mefi;méfier;VER;26,68;0,61;0;6;0;0;2;VER
méfiez;mefje;méfier;VER;26,68;3,63;0;6;0;5;2;VER
méfiée;mefje;méfier;VER;26,68;0,19;0;6;0;5;2;VER
méfiés;mefje;méfier;VER;26,68;0,01;0;6;0;5;2;VER
mégalo;megalo;mégalo;ADJ;0,34;0,32;1;6;6;6;3;ADJ,NOM
mégalo;megalo;mégalo;NOM;0,03;0;1;6;6;6;3;ADJ,NOM
mégote;megOt;mégoter;VER;0,43;0,02;0;6;0;0;2;VER
mégots;mego;mégot;NOM;2,66;1,46;0;6;0;4;2;NOM
mégoté;megote;mégoter;VER;0,43;0;0;6;0;6;3;VER
mégère;meZER;méger;NOM;0,83;0,83;0;6;4;0;2;NOM
méhari;meaRi;méhari;NOM;0,14;0,14;1;6;6;5;3;NOM
méiose;mejoz;méiose;NOM;0,04;0,04;1;6;3;4;2;NOM
méjugé;meZyZe;méjuger;VER;0,05;0,01;0;6;0;0;3;VER
mélèze;melEz;mélèze;NOM;0,04;0,03;1;6;4;4;2;NOM
mémère;memER;mémère;NOM;1,03;1;1;6;4;4;2;NOM
ménade;menad;ménade;NOM;0,01;0,01;1;6;5;5;2;NOM
ménage;menaZ;ménage;NOM;29,46;27,55;1;6;6;5;2;NOM,VER
ménage;menaZ;ménager;VER;5,12;1,07;0;6;6;5;2;NOM,VER
ménagé;menaZe;ménager;VER;5,12;0,43;0;6;0;6;3;VER
méplat;mepla;méplat;NOM;0;0;1;6;4;4;2;NOM
mépris;mepRi;méprendre;VER;4,7;0,52;0;6;6;5;2;VER,NOM
mépris;mepRi;mépris;NOM;7,39;7,39;1;6;6;5;2;VER,NOM
méprit;mepRi;méprendre;VER;4,7;0;0;6;0;5;2;VER
méprît;mepRi;méprendre;VER;4,7;0;0;6;0;5;2;VER
mérita;meRita;mériter;VER;97,06;0;0;6;0;0;3;VER
mérite;meRit;mérite;NOM;8,49;6,85;1;6;6;5;2;NOM,VER
mérite;meRit;mériter;VER;97,06;39,92;0;6;6;5;2;NOM,VER
mérité;meRite;mériter;VER;97,06;11,34;0;6;0;6;3;VER
mésons;mez§;méson;NOM;0,04;0,01;0;6;0;4;2;NOM
métaux;meto;métal;NOM;14,36;2,19;0;6;0;0;2;NOM
métier;metje;métier;NOM;55,03;53,22;1;6;5;4;2;NOM
métras;metRa;métrer;VER;0,16;0,01;0;6;0;0;2;VER
métros;metRo;métro;NOM;18,17;0,51;0;6;0;5;2;NOM
mêlais;mElE;mêler;VER;53,84;0,21;0;6;0;0;2;VER
mêlait;mElE;mêler;VER;53,84;0,14;0;6;0;0;2;VER
mêlant;mEl@;mêler;VER;53,84;0,7;0;6;0;0;2;VER
mêlent;mEl;mêler;VER;53,84;1,77;0;6;0;0;1;VER
mêlera;mEl°Ra;mêler;VER;53,84;0,41;0;6;0;0;3;VER
mêliez;mElje;mêler;VER;53,84;0,11;0;6;0;0;2;VER
mêlons;mEl§;mêler;VER;53,84;0,19;0;6;0;0;2;VER
mêlées;mele;mêler;VER;53,84;0,23;0;6;0;4;2;VER,NOM
mêlées;mele;mêlée;NOM;0,64;0,01;0;6;0;4;2;VER,NOM
mûrier;myRje;mûrier;NOM;0,48;0,2;1;6;5;5;2;NOM
mûries;myRi;mûrir;VER;3,77;0;0;6;0;0;2;VER
mûrira;myRiRa;mûrir;VER;3,77;0,16;0;6;0;0;3;VER
nababs;nabab;nabab;NOM;0,72;0,18;0;6;0;4;2;NOM
nabote;nabOt;nabot;NOM;2,1;0;0;6;0;0;2;NOM
nabots;nabo;nabot;NOM;2,1;0,08;0;6;0;4;2;NOM
nacres;nakR;nacre;NOM;0,58;0;0;6;0;4;1;NOM
nacrée;nakRe;nacrer;VER;0;0;0;6;0;5;2;VER,ADJ
nacrée;nakRe;nacré;ADJ;0,38;0,01;0;6;0;5;2;VER,ADJ
nacrés;nakRe;nacrer;VER;0;0;0;6;0;5;2;VER,ADJ
nacrés;nakRe;nacré;ADJ;0,38;0,28;0;6;0;5;2;VER,ADJ
naevus;nevys;naevus;NOM;0,03;0,03;1;6;3;4;2;NOM
nageai;naZE;nager;VER;30,36;0;0;6;0;0;2;VER
nagent;naZ;nager;VER;30,36;1,24;0;6;0;3;1;VER
nagera;naZ°Ra;nager;VER;30,36;0,15;0;6;0;0;3;VER
nageur;naZ9R;nageur;NOM;2,72;1,43;1;6;5;4;2;NOM
nageât;naZa;nager;VER;30,36;0;0;6;0;4;2;VER
nagiez;naZje;nager;VER;30,36;0,05;0;6;0;0;2;VER
naines;nEn;nain;ADJ;2,15;0,02;0;6;0;0;1;ADJ,NOM
naines;nEn;nain;NOM;13,9;0,03;0;6;0;0;1;ADJ,NOM
naisse;nEs;naître;VER;116,11;0,92;0;6;0;0;1;VER
nanard;nanaR;nanard;NOM;0,01;0,01;1;6;6;5;2;NOM
nankin;n@k5;nankin;NOM;0,02;0,02;1;6;4;3;2;NOM
nantie;n@ti;nanti;ADJ;0,17;0,01;0;6;0;4;2;ADJ,NOM,VER
nantie;n@ti;nanti;NOM;0,44;0,02;0;6;0;4;2;ADJ,NOM,VER
nantie;n@ti;nantir;VER;0,11;0,05;0;6;0;4;2;ADJ,NOM,VER
nantir;n@tiR;nantir;VER;0,11;0,01;1;6;6;5;2;VER
nantis;n@ti;nanti;ADJ;0,17;0,01;0;6;0;4;2;ADJ,NOM,VER
nantis;n@ti;nanti;NOM;0,44;0,25;0;6;0;4;2;ADJ,NOM,VER
nantis;n@ti;nantir;VER;0,11;0,01;0;6;0;4;2;ADJ,NOM,VER
napalm;napalm;napalm;NOM;0,96;0,96;1;6;4;5;2;NOM
naphte;naft;naphte;NOM;0,1;0,1;1;6;6;4;1;NOM
napper;nape;napper;VER;0,31;0,01;1;6;6;4;2;VER
nappes;nap;nappe;NOM;4,34;1,33;0;6;0;3;1;NOM
nappée;nape;napper;VER;0,31;0,01;0;6;0;4;2;VER
nappés;nape;napper;VER;0,31;0,02;0;6;0;4;2;VER
naquis;naki;naître;VER;116,11;0,25;0;6;0;0;2;VER
naquit;naki;naître;VER;116,11;1,4;0;6;0;0;2;VER
naquît;naki;naître;VER;116,11;0;0;6;0;0;2;VER
nargua;naRga;narguer;VER;1,93;0;0;6;0;0;2;VER
nargue;naRg;narguer;VER;1,93;0,88;0;6;0;0;1;VER
nargué;naRge;narguer;VER;1,93;0,05;0;6;0;5;2;VER
narine;naRin;narine;NOM;3,41;1,11;1;6;4;4;2;NOM
narrai;naRE;narrer;VER;0,24;0;0;6;0;0;2;VER
narrer;naRe;narrer;VER;0,24;0,16;1;6;5;4;2;VER
narrée;naRe;narrer;VER;0,24;0;0;6;0;4;2;VER
narval;naRval;narval;NOM;0,04;0,04;1;6;4;4;2;NOM
nasale;nazal;nasal;ADJ;1,56;0,67;0;6;0;5;2;ADJ
nasard;nazaR;nasard;NOM;0;0;1;6;5;5;2;NOM
nasaux;nazo;nasal;ADJ;1,56;0,05;0;6;0;4;2;ADJ
nasdaq;nazdak;nasdaq;NOM;0,14;0,14;1;6;4;4;2;NOM
naseau;nazo;naseau;NOM;0,35;0,14;1;6;5;4;2;NOM
nasses;nas;nasse;NOM;0,54;0,14;0;6;0;3;1;NOM
natale;natal;natal;ADJ;5,71;3,15;0;6;0;5;2;ADJ
natals;natal;natal;ADJ;5,71;0;0;6;0;5;2;ADJ
natifs;natif;natif;ADJ;0,58;0,07;0;6;0;5;2;ADJ,NOM
natifs;natif;natif;NOM;0,52;0,36;0;6;0;5;2;ADJ,NOM
nation;nasj§;nation;NOM;24,8;16,97;1;6;6;5;2;NOM
native;nativ;natif;ADJ;0,58;0,06;0;6;6;5;2;ADJ,NOM
native;nativ;native;NOM;0,06;0,06;1;6;6;5;2;ADJ,NOM
natron;natR§;natron;NOM;0,04;0,04;1;6;5;5;2;NOM
natrum;natROm;natrum;NOM;0,01;0,01;1;6;5;5;2;NOM
natter;nate;natter;VER;0,11;0,01;1;6;6;4;2;VER
nattes;nat;natte;NOM;1,75;0,87;0;6;0;3;1;NOM
nattée;nate;natter;VER;0,11;0;0;6;0;4;2;VER
nattés;nate;natter;VER;0,11;0,1;0;6;0;4;2;VER
nature;natyR;nature;ADJ;5,52;5,52;1;6;6;5;2;ADJ,NOM
nature;natyR;nature;NOM;60,2;59,8;1;6;6;5;2;ADJ,NOM
nausée;noze;nausée;NOM;6,51;4,75;1;6;6;4;2;NOM
nautes;not;naute;NOM;0;0;0;6;0;0;1;NOM
navaja;navaZa;navaja;NOM;0,15;0,15;1;6;6;5;3;NOM
navajo;navaRo;navajo;ADJ;0,21;0,18;1;6;6;6;3;ADJ,NOM
navajo;navaRo;navajo;NOM;0,13;0,04;1;6;6;6;3;ADJ,NOM
navale;naval;naval;ADJ;4,37;1,56;0;6;6;5;2;ADJ,NOM
navale;naval;navale;NOM;0,05;0,03;1;6;6;5;2;ADJ,NOM
navals;naval;naval;ADJ;4,37;0,46;0;6;0;5;2;ADJ
navets;navE;navet;NOM;3,16;1,9;0;6;0;4;2;NOM
navire;naviR;navire;NOM;21,98;15,83;1;6;6;5;2;NOM
navrer;navRe;navrer;VER;18,68;0;1;6;5;5;2;VER
navres;navR;navrer;VER;18,68;0;0;6;0;0;1;VER
navrez;navRe;navrer;VER;18,68;0,01;0;6;0;5;2;VER
navrée;navRe;navrer;VER;18,68;6,01;0;6;0;5;2;VER,ADJ
navrée;navRe;navré;ADJ;8,94;2,02;0;6;0;5;2;VER,ADJ
navrés;navRe;navrer;VER;18,68;0,31;0;6;0;5;2;VER,ADJ
navrés;navRe;navré;ADJ;8,94;0,11;0;6;0;5;2;VER,ADJ
nazies;nazi;nazi;ADJ;7,11;0,53;0;6;0;4;2;ADJ,NOM
nazies;nazi;nazi;NOM;14,76;0,14;0;6;0;4;2;ADJ,NOM
naîtra;nEtRa;naître;VER;116,11;1,55;0;6;0;0;2;VER
naître;nEtR;naître;VER;116,11;12,74;1;6;3;4;1;VER
naïade;najad;naïade;NOM;0,04;0,03;1;6;4;4;2;NOM
naïves;naiv;naïf;ADJ;7,91;0,17;0;6;0;4;2;ADJ,NOM
naïves;naiv;naïve;NOM;0,19;0,01;0;6;0;4;2;ADJ,NOM
nectar;nEktaR;nectar;NOM;2,28;2,28;1;6;6;6;2;NOM
neiger;neZe;neiger;VER;7,87;0,59;1;6;6;4;2;VER
neiges;nEZ;neige;NOM;39,34;1,82;0;6;0;3;1;NOM,VER
neiges;nEZ;neiger;VER;7,87;0,02;0;6;0;3;1;NOM,VER
nemrod;nEmROd;nemrod;NOM;0;0;1;6;4;4;2;NOM
nerver;n2Rve;nerver;VER;0,35;0,02;1;6;6;4;2;VER
nervis;nERvi;nervi;NOM;0,05;0;0;6;0;5;2;NOM
nestor;nEstOR;nestor;NOM;0,01;0,01;1;6;6;5;2;NOM
nettes;nEt;net;ADJ;19,95;0,79;0;6;0;3;1;ADJ
neuneu;n2n2;neuneu;ADJ;0,49;0,49;1;6;4;3;2;ADJ,NOM
neuneu;n2n2;neuneu;NOM;0,13;0,13;1;6;4;3;2;ADJ,NOM
neural;n2Ral;neural;ADJ;1,21;0,79;1;6;6;5;2;ADJ
neutre;n2tR;neutre;ADJ;5,15;4,32;1;6;6;4;1;ADJ,NOM
neutre;n2tR;neutre;NOM;0,68;0,41;1;6;6;4;1;ADJ,NOM
neuves;n9v;neuf;ADJ;59,45;5,02;0;6;0;0;1;ADJ
neveux;n°v2;neveux;NOM;2,13;2,13;1;6;6;4;2;NOM
niable;njabl;niable;ADJ;0;0;1;6;4;4;1;ADJ
niaise;njEz;niais;ADJ;1,19;0,06;0;6;0;0;1;ADJ,NOM
niaise;njEz;niais;NOM;0,82;0,18;0;6;0;0;1;ADJ,NOM
niaisé;njEze;niaiser;VER;0,3;0,14;0;6;0;5;2;VER
nibard;nibaR;nibard;NOM;1,6;0,13;1;6;4;4;2;NOM
nichan;niS@;nichan;NOM;0;0;1;6;5;4;2;NOM
nicher;niSe;nicher;VER;1,52;0,35;1;6;6;4;2;VER
niches;niS;niche;NOM;2,27;0,1;0;6;0;3;1;NOM
nichon;niS§;nichon;NOM;9,85;0,67;1;6;6;4;2;NOM
nichée;niSe;nicher;VER;1,52;0,14;0;6;5;4;2;VER,NOM
nichée;niSe;nichée;NOM;0,07;0,06;1;6;5;4;2;VER,NOM
nichés;niSe;nicher;VER;1,52;0,02;0;6;0;4;2;VER
nickel;nikEl;nickel;ADJ;2,78;2,78;1;6;6;5;2;ADJ,NOM
nickel;nikEl;nickel;NOM;1,5;1,41;1;6;6;5;2;ADJ,NOM
nielle;njEl;nielle;NOM;0;0;1;6;6;4;1;NOM
niellé;njele;nieller;VER;0;0;0;6;0;0;2;VER
nierai;niRE;nier;VER;24,86;0,62;0;6;0;0;2;VER
nieras;niRa;nier;VER;24,86;0,14;0;6;0;0;2;VER
nierez;niRe;nier;VER;24,86;0,04;0;6;0;0;2;VER
nigaud;nigo;nigaud;ADJ;0,62;0,54;1;6;6;4;2;ADJ,NOM
nigaud;nigo;nigaud;NOM;1,59;1,27;1;6;6;4;2;ADJ,NOM
nikkei;nikEj;nikkei;NOM;0,05;0,05;1;6;3;5;2;NOM
nimber;n5be;nimber;VER;0,17;0;1;6;6;4;2;VER
nimbes;n5b;nimbe;NOM;0,01;0;0;6;0;3;1;NOM
nimbus;n5bys;nimbus;NOM;0,09;0,09;1;6;5;4;2;NOM
nimbée;n5be;nimber;VER;0,17;0,02;0;6;0;4;2;VER,ADJ
nimbée;n5be;nimbé;ADJ;0;0;0;6;0;4;2;VER,ADJ
nimbés;n5be;nimber;VER;0,17;0;0;6;0;4;2;VER
nipper;nipe;nipper;VER;0,38;0,04;1;6;6;4;2;VER
nippes;nip;nippe;NOM;0,14;0,13;0;6;0;3;1;NOM,VER
nippes;nip;nipper;VER;0,38;0,1;0;6;0;3;1;NOM,VER
nippez;nipe;nipper;VER;0,38;0,1;0;6;0;4;2;VER
nippon;nip§;nippon;ADJ;0,34;0,33;1;6;6;4;2;ADJ,NOM
nippon;nip§;nippon;NOM;0,06;0,02;1;6;6;4;2;ADJ,NOM
nippée;nipe;nipper;VER;0,38;0,02;0;6;0;4;2;VER
niquer;nike;niquer;VER;7,57;3,27;1;6;6;4;2;VER
niques;nik;niquer;VER;7,57;0,11;0;6;0;3;1;VER
niquez;nike;niquer;VER;7,57;0,08;0;6;0;4;2;VER
niquée;nike;niquer;VER;7,57;0,11;0;6;0;4;2;VER
niqués;nike;niquer;VER;7,57;0,14;0;6;0;4;2;VER
niveau;nivo;niveau;NOM;50,7;45,46;1;6;5;4;2;NOM
nivelé;niv°le;niveler;VER;0,14;0,02;0;6;0;6;3;VER
nivôse;nivoz;nivôse;NOM;0;0;1;6;4;5;2;NOM
niçois;niswa;niçois;ADJ;0,08;0;1;6;3;4;2;ADJ,NOM
niçois;niswa;niçois;NOM;0,03;0;1;6;3;4;2;ADJ,NOM
nièces;njEs;nièce;NOM;10,1;0,82;0;6;0;4;1;NOM
nobles;nObl;noble;ADJ;28,7;4,97;0;6;0;4;1;ADJ,NOM
nobles;nObl;noble;NOM;6,32;3,86;0;6;0;4;1;ADJ,NOM
noceur;nos9R;noceur;NOM;0,17;0,15;1;6;5;4;2;NOM
nocher;noSe;nocher;NOM;0,02;0,02;1;6;5;3;2;NOM
nocifs;nosif;nocif;ADJ;1,53;0,38;0;6;0;5;2;ADJ
nocive;nosiv;nocif;ADJ;1,53;0,31;0;6;0;0;2;ADJ
nodule;nodyl;nodule;NOM;0,43;0,12;1;6;6;5;2;NOM
noeuds;n2;noeud;NOM;11,12;3,48;0;6;0;2;1;NOM
noient;nwa;noyer;VER;27,29;0,48;0;6;0;3;1;VER
noiera;nwaRa;noyer;VER;27,29;0,14;0;6;0;0;2;VER
noirci;nwaRsi;noirci;ADJ;0,66;0,47;1;6;6;6;2;ADJ,VER
noirci;nwaRsi;noircir;VER;2,14;0,38;0;6;6;6;2;ADJ,VER
noires;nwaR;noir;ADJ;144,81;9,39;0;6;0;4;1;ADJ,NOM
noires;nwaR;noir;NOM;79,75;1,33;0;6;0;4;1;ADJ,NOM
noises;nwaz;noise;NOM;1,14;0,79;0;6;0;4;1;NOM
nomade;nomad;nomade;ADJ;0,4;0,24;1;6;6;5;2;ADJ,NOM
nomade;nomad;nomade;NOM;1,32;0,6;1;6;6;5;2;ADJ,NOM
nombre;n§bR;nombre;NOM;40,16;36,57;1;6;6;4;1;NOM
nomine;nomin;nominer;VER;1,42;0,25;0;6;0;0;2;VER
nominé;nomine;nominer;VER;1,42;0,56;0;6;0;0;3;VER
nommai;nomE;nommer;VER;45,6;0;0;6;0;0;2;VER
nommer;nome;nommer;VER;45,6;7,41;1;6;5;4;2;VER
nommes;nOm;nommer;VER;45,6;0,61;0;6;0;3;1;VER
nommez;nome;nommer;VER;45,6;1,14;0;6;0;4;2;VER
nommât;noma;nommer;VER;45,6;0;0;6;0;0;2;VER
nommée;nome;nommer;VER;45,6;3,01;0;6;0;4;2;VER,ADJ
nommée;nome;nommé;ADJ;4,2;0,38;0;6;0;4;2;VER,ADJ
nommés;nome;nommer;VER;45,6;0,68;0;6;0;4;2;VER,ADJ
nommés;nome;nommé;ADJ;4,2;0,05;0;6;0;4;2;VER,ADJ
nonidi;nonidi;nonidi;NOM;0;0;1;6;4;4;3;NOM
nonnes;nOn;nonne;NOM;8,46;3,01;0;6;0;3;1;NOM
nordet;nORdE;nordet;NOM;0;0;1;6;5;5;2;NOM
norias;noRja;noria;NOM;0,01;0;0;6;0;4;2;NOM
normal;nORmal;normal;ADJ;127,15;90,98;1;6;6;6;2;ADJ,NOM
normal;nORmal;normal;NOM;7,29;7,29;1;6;6;6;2;ADJ,NOM
normes;nORm;norme;NOM;5;3,42;0;6;0;4;1;NOM
noroît;noRwa;noroît;NOM;0;0;1;6;4;4;2;NOM
notais;notE;noter;VER;31,24;0,31;0;6;0;0;2;VER
notait;notE;noter;VER;31,24;0,32;0;6;0;0;2;VER
notant;not@;noter;VER;31,24;0,16;0;6;0;0;2;VER
notent;nOt;noter;VER;31,24;0,28;0;6;0;3;1;VER
notera;nOt°Ra;noter;VER;31,24;0,03;0;6;0;0;3;VER
notice;notis;notice;NOM;1,23;0,92;1;6;5;5;2;NOM
notiez;notje;noter;VER;31,24;0,35;0;6;0;0;2;VER
notion;nosj§;notion;NOM;5,79;4,99;1;6;5;4;2;NOM
notons;not§;noter;VER;31,24;0,18;0;6;0;0;2;VER
notées;note;noter;VER;31,24;0,06;0;6;0;4;2;VER,ADJ
notées;note;noté;ADJ;1,4;0,16;0;6;0;4;2;VER,ADJ
nouage;nwaZ;nouage;NOM;0,01;0,01;1;6;4;4;1;NOM
nouais;nwE;nouer;VER;3,61;0;0;6;0;0;1;VER
nouait;nwE;nouer;VER;3,61;0,03;0;6;0;0;1;VER
nouant;nw@;nouer;VER;3,61;0,01;0;6;0;0;1;VER
noubas;nuba;nouba;NOM;0,98;0,04;0;6;0;3;2;NOM
nouent;nu;nouer;VER;3,61;0,16;0;6;0;2;1;VER
nouera;nuRa;nouer;VER;3,61;0,01;0;6;0;0;2;VER
noueux;nw2;noueux;ADJ;0,22;0,22;1;6;5;3;1;ADJ
nougat;nuga;nougat;NOM;0,94;0,89;1;6;6;4;2;NOM
nounou;nunu;nounou;NOM;4,4;3,87;1;6;6;4;2;NOM
nourri;nuRi;nourri;ADJ;2,98;1,86;1;6;6;4;2;ADJ,VER
nourri;nuRi;nourrir;VER;52,53;6,13;0;6;6;4;2;ADJ,VER
nouvel;nuvEl;nouvel;ADJ;30,59;30,59;1;6;6;5;2;ADJ
nouées;nwe;nouer;VER;3,61;0,17;0;6;0;3;1;VER,ADJ
nouées;nwe;noué;ADJ;1,01;0,14;0;6;0;3;1;VER,ADJ
novice;novis;novice;ADJ;1,29;1,04;1;6;6;5;2;ADJ,NOM
novice;novis;novice;NOM;2,01;1,05;1;6;6;5;2;ADJ,NOM
noyade;nwajad;noyade;NOM;1,96;1,85;1;6;5;5;2;NOM
noyais;nwajE;noyer;VER;27,29;0,3;0;6;0;0;2;VER
noyait;nwajE;noyer;VER;27,29;0,38;0;6;0;0;2;VER
noyant;nwaj@;noyer;VER;27,29;0,18;0;6;0;0;2;VER
noyaux;nwajo;noyau;NOM;4,15;0,45;0;6;0;5;2;NOM
noyers;nwaje;noyer;NOM;0,55;0,03;0;6;0;5;2;NOM
noyons;nwaj§;noyer;VER;27,29;0,13;0;6;0;0;2;VER
noyées;nwaje;noyer;VER;27,29;0,1;0;6;0;5;2;VER,ADJ,NOM
noyées;nwaje;noyé;ADJ;1,8;0,16;0;6;0;5;2;VER,ADJ,NOM
noyées;nwaje;noyé;NOM;2,18;0;0;6;0;5;2;VER,ADJ,NOM
nuages;n8aZ;nuage;NOM;30,27;18,47;0;6;0;4;1;NOM
nuance;n8@s;nuance;NOM;1,98;1,09;1;6;6;4;1;NOM,VER
nuance;n8@s;nuancer;VER;0,05;0,01;0;6;6;4;1;NOM,VER
nuancé;n8@se;nuancer;VER;0,05;0;0;6;6;5;2;VER,ADJ
nuancé;n8@se;nuancé;ADJ;0,2;0,16;1;6;6;5;2;VER,ADJ
nuança;n8@sa;nuancer;VER;0,05;0;0;6;0;0;2;VER
nubien;nybj5;nubien;ADJ;0,17;0,09;1;6;5;4;2;ADJ,NOM
nubien;nybj5;nubien;NOM;0,13;0,1;1;6;5;4;2;ADJ,NOM
nubile;nybil;nubile;ADJ;0,31;0,25;1;6;6;5;2;ADJ
nubuck;nybyk;nubuck;NOM;0,16;0,16;1;6;4;4;2;NOM
nudité;nydite;nudité;NOM;2,11;2,1;1;6;5;5;3;NOM
nuirai;n8iRE;nuire;VER;14,74;0,01;0;6;0;0;2;VER
nuiras;n8iRa;nuire;VER;14,74;0,11;0;6;0;0;2;VER
nuisez;n8ize;nuire;VER;14,74;0,02;0;6;0;0;2;VER
nuisît;n8izi;nuire;VER;14,74;0;0;6;0;0;2;VER
nuitée;n8ite;nuitée;NOM;0,01;0;1;6;5;5;2;NOM
nulles;nyl;nul;ADJ;44,53;0,96;0;6;6;3;1;ADJ,ADJ:ind
nulles;nyl;nulles;ADJ:ind;0,41;0,41;1;6;6;3;1;ADJ,ADJ:ind
nullos;nylo;nullos;ADJ;0,18;0,18;1;6;5;4;2;ADJ
numide;nymid;numide;ADJ;0;0;1;6;5;5;2;ADJ,NOM
numide;nymid;numide;NOM;0,04;0,04;1;6;5;5;2;ADJ,NOM
numéro;nymeRo;numéro;NOM;173,48;162,08;1;6;6;6;3;NOM
nuques;nyk;nuque;NOM;7,8;0,22;0;6;0;3;1;NOM
nurses;n9Rs;nurse;NOM;2,24;0,1;0;6;0;4;1;NOM
nylons;nil§;nylon;NOM;1,33;0,05;0;6;0;4;2;NOM
nymphe;n5f;nymphe;NOM;1,77;0,88;1;6;6;3;1;NOM
nympho;n5fo;nympho;NOM;0,8;0,69;1;6;6;4;2;NOM
nèfles;nEfl;nèfle;NOM;0,17;0,17;0;6;0;0;1;NOM
nègres;nEgR;nègre;ADJ;1,65;0,28;0;6;0;3;1;ADJ,NOM
nègres;nEgR;nègre;NOM;19,08;6,12;0;6;0;3;1;ADJ,NOM
néants;ne@;néant;NOM;6,62;0;0;6;0;3;2;NOM
nécros;nekRo;nécro;NOM;0,35;0,11;0;6;0;5;2;NOM
négoce;negOs;négoce;NOM;0,2;0,1;1;6;6;4;2;NOM
négril;negRil;négril;NOM;0;0;1;6;6;6;2;NOM
négros;negRo;négro;NOM;6,02;1,38;0;6;0;5;2;NOM
néroli;neROli;néroli;NOM;0,03;0,03;1;6;4;4;3;NOM
nôtres;notR;nôtres;ADJ:pos;0,14;0,14;1;6;6;4;1;ADJ:pos,PRO:pos
nôtres;notR;nôtres;PRO:pos;22,63;22,63;1;6;6;4;1;ADJ:pos,PRO:pos
objets;ObZE;objet;NOM;45,94;19,06;0;6;0;4;2;NOM
oblats;obla;oblat;NOM;0;0;0;6;0;0;2;NOM
oblige;obliZ;obliger;VER;91,63;14,74;0;6;0;0;2;VER
obligé;obliZe;obliger;VER;91,63;36,43;0;6;6;6;3;VER,ADJ,NOM
obligé;obliZe;obligé;ADJ;10,24;5,48;1;6;6;6;3;VER,ADJ,NOM
obligé;obliZe;obligé;NOM;1,65;1,24;1;6;6;6;3;VER,ADJ,NOM
oblong;obl§;oblong;ADJ;0,05;0,02;1;6;4;4;2;ADJ
oboles;obOl;obole;NOM;0,11;0;0;6;0;3;2;NOM
obscur;OpskyR;obscur;ADJ;11,06;5;1;6;6;6;2;ADJ
obsède;opsEd;obséder;VER;11,53;2,15;0;6;0;0;2;VER
obséda;opseda;obséder;VER;11,53;0;0;6;0;0;3;VER
obsédé;opsede;obséder;VER;11,53;5,12;0;6;6;6;3;VER,ADJ,NOM
obsédé;opsede;obsédé;ADJ;1,52;0,96;1;6;6;6;3;VER,ADJ,NOM
obsédé;opsede;obsédé;NOM;3,73;2,4;1;6;6;6;3;VER,ADJ,NOM
obtenu;Opt°ny;obtenir;VER;88,08;20,36;0;6;0;0;3;VER
obtins;Opt5;obtenir;VER;88,08;0,16;0;6;0;0;2;VER
obtint;Opt5;obtenir;VER;88,08;0,74;0;6;0;0;2;VER
obtura;OptyRa;obturer;VER;0,13;0;0;6;0;0;3;VER
obture;OptyR;obturer;VER;0,13;0,01;0;6;0;0;2;VER
obturé;OptyRe;obturer;VER;0,13;0,03;0;6;0;6;3;VER
obtuse;Optyz;obtus;ADJ;1,17;0,32;0;6;0;0;2;ADJ
obtînt;Opt5;obtenir;VER;88,08;0;0;6;0;0;2;VER
obvier;Obvje;obvier;VER;0;0;1;6;6;4;2;VER
obèses;obEz;obèse;ADJ;1,4;0,29;0;6;0;4;2;ADJ,NOM
obèses;obEz;obèse;NOM;0,9;0,28;0;6;0;4;2;ADJ,NOM
obéira;obeiRa;obéir;VER;45,12;0,86;0;6;0;0;4;VER
obérer;obeRe;obérer;VER;0;0;1;6;4;4;3;VER
occase;okaz;occase;NOM;1,25;1,14;1;6;6;4;2;NOM
occire;OksiR;occire;VER;0,1;0,1;1;6;5;5;2;VER
occlut;okly;occlure;VER;0;0;0;6;0;0;2;VER
occupa;okypa;occuper;VER;375,14;0,1;0;6;0;0;3;VER
occupe;okyp;occuper;VER;375,14;139,84;0;6;0;0;2;VER
occupé;okype;occuper;VER;375,14;41,37;0;6;6;5;3;VER,ADJ
occupé;okype;occupé;ADJ;20,63;13,11;1;6;6;5;3;VER,ADJ
ocelot;Os°lo;ocelot;NOM;0,2;0,17;1;6;5;5;3;NOM
ocreux;okR2;ocreux;ADJ;0;0;1;6;5;3;2;ADJ
ocrées;okRe;ocrer;VER;0;0;0;6;0;0;2;VER
octane;Oktan;octane;NOM;0,09;0,09;1;6;6;5;2;NOM
octant;Okt@;octant;NOM;0;0;1;6;6;4;2;NOM
octave;Oktav;octave;NOM;1,11;1,07;1;6;6;5;2;NOM
octavo;Oktavo;octavo;ADV;0,01;0,01;1;6;6;6;3;ADV
octets;OktE;octet;NOM;0,02;0,01;0;6;0;4;2;NOM
octidi;Oktidi;octidi;NOM;0;0;1;6;4;4;3;NOM
octroi;OktRwa;octroi;NOM;0,18;0,17;1;6;6;6;2;NOM
octuor;Okt8OR;octuor;NOM;0,01;0,01;1;6;5;4;2;NOM
oculus;okylys;oculus;NOM;0,02;0,01;1;6;5;5;3;NOM
océane;osean;océan;ADJ;0,02;0,02;0;6;0;0;3;ADJ
océans;ose@;océan;NOM;24,89;2,03;0;6;0;4;3;NOM
odeurs;od9R;odeur;NOM;49,57;2,38;0;6;0;3;2;NOM
odieux;odj2;odieux;ADJ;8,59;6,22;1;6;6;4;2;ADJ
odorat;odoRa;odorat;NOM;1,28;1,28;1;6;6;5;3;NOM
oedipe;2dip;oedipe;NOM;0,14;0,14;1;6;6;4;2;NOM
oedème;2dEm;oedème;NOM;1,26;1,25;1;6;4;3;2;NOM
oeuvre;9vR;oeuvre;NOM;41,96;35,24;1;6;6;3;1;NOM,VER
oeuvre;9vR;oeuvrer;VER;2,26;1,2;0;6;6;3;1;NOM,VER
oeuvré;9vRe;oeuvrer;VER;2,26;0,11;0;6;0;4;2;VER
offert;ofER;offrir;VER;177,8;34,01;0;6;0;0;2;VER
office;ofis;office;NOM;6,37;6,13;1;6;6;4;2;NOM
offres;OfR;offre;NOM;34,55;4,32;0;6;0;3;1;NOM,VER
offres;OfR;offrir;VER;177,8;4,78;0;6;0;3;1;NOM,VER
offrez;ofRe;offrir;VER;177,8;5,5;0;6;0;0;2;VER
offrir;ofRiR;offrir;VER;177,8;52,06;1;6;5;4;2;VER
offris;ofRi;offrir;VER;177,8;0,06;0;6;0;0;2;VER
offrit;ofRi;offrir;VER;177,8;1,55;0;6;0;0;2;VER
offrît;ofRi;offrir;VER;177,8;0;0;6;0;0;2;VER
offset;OfsEt;offset;ADJ;0,01;0,01;1;6;5;3;2;ADJ,NOM
offset;OfsEt;offset;NOM;0,01;0,01;1;6;5;3;2;ADJ,NOM
oflags;Oflag;oflag;NOM;0;0;0;6;0;3;2;NOM
ogival;oZival;ogival;ADJ;0;0;1;6;5;5;3;ADJ
ogives;oZiv;ogive;NOM;2,35;0,95;0;6;0;4;2;NOM
ognons;oN§;ognon;NOM;0,11;0,11;0;6;0;0;2;NOM
oignes;waN;oindre;VER;0,56;0;0;6;0;0;1;VER
oignez;waNe;oindre;VER;0,56;0,03;0;6;0;0;2;VER
oignit;waNi;oindre;VER;0,56;0;0;6;0;0;2;VER
oignon;ON§;oignon;NOM;19,98;4,35;1;6;3;2;2;NOM
oindra;w5dRa;oindre;VER;0,56;0;0;6;0;0;2;VER
oindre;w5dR;oindre;VER;0,56;0,12;1;6;4;3;1;VER
ointes;w5t;oindre;VER;0,56;0;0;6;0;0;1;VER,ADJ
ointes;w5t;oint;ADJ;0;0;0;6;0;0;1;VER,ADJ
oiseau;wazo;oiseau;NOM;77,73;43,78;1;6;6;4;2;NOM
oiseux;waz2;oiseux;ADJ;0,28;0,14;1;6;5;4;2;ADJ
oisifs;wazif;oisif;ADJ;0,85;0,06;0;6;0;5;2;ADJ,NOM
oisifs;wazif;oisif;NOM;0,1;0,06;0;6;0;5;2;ADJ,NOM
oisive;waziv;oisif;ADJ;0,85;0,35;0;6;0;0;2;ADJ
oisons;waz§;oison;NOM;0,02;0;0;6;0;4;2;NOM
okoumé;okume;okoumé;NOM;0;0;1;6;3;3;3;NOM
oliver;Olive;oliver;NOM;0,06;0,06;1;6;6;5;3;NOM
olives;oliv;olive;NOM;5,42;2,88;0;6;0;4;2;NOM
olympe;ol5p;olympe;NOM;0,01;0,01;1;6;6;4;2;NOM
oléine;olein;oléine;NOM;0;0;1;6;5;4;3;NOM
ombles;§bl;omble;NOM;0,03;0,02;0;6;0;3;1;NOM
ombrer;§bRe;ombrer;VER;0,54;0,13;1;6;6;4;2;VER
ombres;§bR;ombre;NOM;45,67;9,7;0;6;0;3;1;NOM,VER
ombres;§bR;ombrer;VER;0,54;0,14;0;6;0;3;1;NOM,VER
ombrée;§bRe;ombrer;VER;0,54;0;0;6;6;4;2;VER,NOM
ombrée;§bRe;ombrée;NOM;0,54;0;1;6;6;4;2;VER,NOM
ombrés;§bRe;ombrer;VER;0,54;0;0;6;0;4;2;VER,ADJ
ombrés;§bRe;ombré;ADJ;0;0;0;6;0;4;2;VER,ADJ
omerta;omERta;omerta;NOM;0,14;0,14;1;6;4;4;3;NOM
omette;omEt;omettre;VER;2,73;0;0;6;0;0;2;VER
omises;omiz;omettre;VER;2,73;0,03;0;6;0;0;2;VER
omnium;OmnjOm;omnium;NOM;0;0;1;6;5;4;2;NOM
onagre;onagR;onagre;NOM;0;0;1;6;4;4;2;NOM
oncles;§kl;oncle;NOM;126,71;2,6;0;6;0;3;1;NOM
ondine;§din;ondine;NOM;0,21;0,2;1;6;6;4;2;NOM
ondins;§d5;ondin;NOM;0;0;0;6;0;3;2;NOM
ondoie;§dwa;ondoyer;VER;0,01;0;0;6;0;0;2;VER
ondoyé;§dwaje;ondoyer;VER;0,01;0;0;6;0;6;3;VER
ondula;§dyla;onduler;VER;1,28;0;0;6;0;0;3;VER
ondule;§dyl;onduler;VER;1,28;0,27;0;6;0;0;2;VER
ondulé;§dyle;onduler;VER;1,28;0;0;6;6;5;3;VER,ADJ
ondulé;§dyle;ondulé;ADJ;0,73;0,04;1;6;6;5;3;VER,ADJ
ondées;§de;ondée;ADJ;0,01;0;0;6;0;3;2;ADJ,NOM
ondées;§de;ondée;NOM;0,16;0,16;0;6;0;3;2;ADJ,NOM
ongles;§gl;ongle;NOM;20,37;18,02;0;6;0;3;1;NOM
onglet;§glE;onglet;NOM;0,67;0,52;1;6;6;4;2;NOM
onglon;§gl§;onglon;NOM;0;0;1;6;5;4;2;NOM
onglée;§gle;onglée;ADJ;0,01;0,01;1;6;5;4;2;ADJ,NOM
onglée;§gle;onglée;NOM;0;0;1;6;5;4;2;ADJ,NOM
ongulé;§gyle;ongulé;ADJ;0,07;0,07;1;6;5;3;3;ADJ,NOM
ongulé;§gyle;ongulé;NOM;0,09;0,08;1;6;5;3;3;ADJ,NOM
opales;opal;opale;NOM;0,24;0,08;0;6;0;4;2;NOM
opalin;opal5;opalin;ADJ;0,02;0;1;6;5;5;3;ADJ
opaque;opak;opaque;ADJ;0,5;0,31;1;6;4;4;2;ADJ
ophite;ofit;ophite;NOM;0;0;1;6;5;4;2;NOM
opiacé;opjase;opiacer;VER;0,01;0,01;0;6;6;4;3;VER,ADJ,NOM
opiacé;opjase;opiacé;ADJ;0,19;0,02;1;6;6;4;3;VER,ADJ,NOM
opiacé;opjase;opiacé;NOM;0,58;0,06;1;6;6;4;3;VER,ADJ,NOM
opiats;opja;opiat;NOM;0,03;0,01;0;6;0;0;2;NOM
opimes;opim;opimes;ADJ;0,01;0,01;1;6;4;4;2;ADJ
opinai;opinE;opiner;VER;0,38;0;0;6;0;0;3;VER
opinel;opinEl;opinel;NOM;0;0;1;6;6;5;3;NOM
opiner;opine;opiner;VER;0,38;0,02;1;6;6;5;3;VER
opines;opin;opiner;VER;0,38;0,11;0;6;0;0;2;VER
opposa;opoza;opposer;VER;18,2;0,12;0;6;0;0;3;VER
oppose;opoz;opposer;VER;18,2;4,27;0;6;0;0;2;VER
opposé;opoze;opposer;VER;18,2;1,67;0;6;6;5;3;VER,ADJ,NOM
opposé;opoze;opposé;ADJ;3,51;1,32;1;6;6;5;3;VER,ADJ,NOM
opposé;opoze;opposé;NOM;2,38;2,13;1;6;6;5;3;VER,ADJ,NOM
optais;OptE;opter;VER;1,98;0,03;0;6;0;0;2;VER
optait;OptE;opter;VER;1,98;0,01;0;6;0;0;2;VER
optant;Opt@;optant;NOM;0;0;1;6;5;4;2;NOM
optent;Opt;opter;VER;1,98;0,14;0;6;0;0;1;VER
optima;Optima;optimum;NOM;0,15;0;0;6;0;0;3;NOM
optime;Optim;optime;ADV;0;0;1;6;6;5;2;ADV
option;Opsj§;option;NOM;12,31;7,37;1;6;6;5;2;NOM
optons;Opt§;opter;VER;1,98;0,03;0;6;0;0;2;VER
opéras;opeRa;opéra;NOM;19,61;0,68;0;6;0;5;3;NOM
opérer;opeRe;opérer;VER;29,59;14,94;1;6;6;5;3;VER
opérez;opeRe;opérer;VER;29,59;0,49;0;6;0;5;3;VER
opérât;opeRa;opérer;VER;29,59;0;0;6;0;5;3;VER
opérée;opeRe;opérer;VER;29,59;1;0;6;0;5;3;VER,ADJ
opérée;opeRe;opéré;ADJ;0,49;0,19;0;6;0;5;3;VER,ADJ
opérés;opeRe;opérer;VER;29,59;0,06;0;6;0;5;3;VER,ADJ,NOM
opérés;opeRe;opéré;ADJ;0,49;0,02;0;6;0;5;3;VER,ADJ,NOM
opérés;opeRe;opéré;NOM;0,07;0,04;0;6;0;5;3;VER,ADJ,NOM
oracle;oRakl;oracle;NOM;3,21;2,32;1;6;4;4;2;NOM
orages;oRaZ;orage;NOM;17,14;2,64;0;6;0;4;2;NOM
orales;oRal;oral;ADJ;2,31;0,22;0;6;0;4;2;ADJ
orange;oR@Z;orange;ADJ;4,62;4,62;1;6;6;4;2;ADJ,NOM
orange;oR@Z;orange;NOM;16,29;11,56;1;6;6;4;2;ADJ,NOM
orangé;oR@Ze;oranger;VER;0,04;0,03;0;6;6;5;3;VER,ADJ
orangé;oR@Ze;orangé;ADJ;0,32;0,17;1;6;6;5;3;VER,ADJ
orante;oR@t;orant;NOM;0;0;0;6;0;0;2;NOM
orants;oR@;orant;ADJ;0,02;0;0;6;0;3;2;ADJ,NOM
orants;oR@;orant;NOM;0;0;0;6;0;3;2;ADJ,NOM
orbite;ORbit;orbite;NOM;9,81;8,59;1;6;6;5;2;NOM
orchis;ORkis;orchis;NOM;0,14;0,14;1;6;6;5;2;NOM
ordres;ORdR;ordre;NOM;217,25;84,75;0;6;0;4;1;NOM
ordure;ORdyR;ordure;NOM;31,07;16,97;1;6;6;5;2;NOM
organe;ORgan;organe;NOM;13,69;3,14;1;6;6;5;2;NOM
orgeat;ORZa;orgeat;NOM;0,19;0,19;1;6;5;4;2;NOM
orgies;ORZi;orgie;NOM;3,46;1,38;0;6;0;4;2;NOM
orgues;ORg;orgue;NOM;3,12;0,04;0;6;0;3;1;NOM
oribus;oRibys;oribus;NOM;0;0;1;6;4;5;3;NOM
orient;oRj@;orient;NOM;0,78;0,78;1;6;6;4;2;NOM
origan;oRig@;origan;NOM;0,32;0,32;1;6;6;5;3;NOM
ormeau;ORmo;ormeau;NOM;0,03;0,01;1;6;5;4;2;NOM
ornait;ORnE;orner;VER;3,11;0,02;0;6;0;0;2;VER
ornant;ORn@;orner;VER;3,11;0,23;0;6;0;0;2;VER
ornent;ORn;orner;VER;3,11;0,17;0;6;0;0;1;VER
ornera;ORn°Ra;orner;VER;3,11;0,07;0;6;0;0;3;VER
ornées;ORne;orner;VER;3,11;0,26;0;6;0;4;2;VER,ADJ
ornées;ORne;orné;ADJ;0,04;0,01;0;6;0;4;2;VER,ADJ
oronge;oR§Z;oronge;NOM;0;0;1;6;4;3;2;NOM
orphie;ORfi;orphie;NOM;0,02;0,02;1;6;6;4;2;NOM
orphée;ORfe;orphée;NOM;0;0;1;6;6;4;2;NOM
orques;ORk;orque;NOM;1,43;0,82;0;6;0;3;1;NOM
orteil;ORtEj;orteil;NOM;9,71;4,04;1;6;4;4;2;NOM
orties;ORti;ortie;NOM;2,04;1,63;0;6;0;4;2;NOM
oréade;oRead;oréade;NOM;0;0;1;6;4;4;3;NOM
orémus;oRemys;orémus;NOM;0;0;1;6;4;4;3;NOM
oscars;OskaR;oscar;NOM;1,71;1,07;0;6;0;3;2;NOM
oserai;oz°RE;oser;VER;90,2;1,6;0;6;0;5;3;VER
oseras;oz°Ra;oser;VER;90,2;1,42;0;6;0;0;3;VER
oserez;oz°Re;oser;VER;90,2;0,33;0;6;0;5;3;VER
osiers;ozje;osier;NOM;0,35;0;0;6;0;3;2;NOM
osions;ozj§;oser;VER;90,2;0,16;0;6;0;0;2;VER
osmium;OsmjOm;osmium;NOM;0,02;0,02;1;6;4;4;2;NOM
osmose;Osmoz;osmose;NOM;0,5;0,5;1;6;5;4;2;NOM
osseux;os2;osseux;ADJ;1,73;0,32;1;6;5;3;2;ADJ
osâmes;ozam;oser;VER;90,2;0;0;6;0;0;2;VER
otages;otaZ;otage;NOM;26,4;11,17;0;6;0;4;2;NOM
otarie;otaRi;otarie;NOM;1,05;0,13;1;6;4;5;3;NOM
otites;otit;otite;NOM;1,16;0,31;0;6;0;4;2;NOM
ouates;wat;ouate;NOM;0,27;0,01;0;6;0;3;1;NOM
ouatée;wate;ouater;VER;0;0;0;6;0;4;2;VER,ADJ
ouatée;wate;ouaté;ADJ;0,01;0;0;6;0;4;2;VER,ADJ
ouatés;wate;ouater;VER;0;0;0;6;0;4;2;VER,ADJ
ouatés;wate;ouaté;ADJ;0,01;0;0;6;0;4;2;VER,ADJ
oublia;ublija;oublier;VER;486,96;0,58;0;6;0;0;3;VER
oublie;ubli;oublie;NOM;22,56;22,56;1;6;6;4;2;NOM,VER
oublie;ubli;oublier;VER;486,96;104,78;0;6;6;4;2;NOM,VER
oublis;ubli;oubli;NOM;8,02;0,2;0;6;0;4;2;NOM
oublié;ublije;oublier;VER;486,96;154,09;0;6;6;6;3;VER,ADJ
oublié;ublije;oublié;ADJ;6,79;4,03;1;6;6;6;3;VER,ADJ
ouiche;wiS;ouiche;ONO;0,02;0,02;1;6;4;3;1;ONO
ouille;uj;ouille;ONO;0,79;0,79;1;6;6;2;1;ONO,VER
ouille;uj;ouiller;VER;0,14;0,14;0;6;6;2;1;ONO,VER
ouléma;ulema;ouléma;NOM;0,01;0,01;1;6;3;4;3;NOM
ourdie;uRdi;ourdir;VER;0,72;0,1;0;6;0;4;2;VER
ourdir;uRdiR;ourdir;VER;0,72;0,01;1;6;6;5;2;VER
ourdis;uRdi;ourdir;VER;0,72;0,01;0;6;0;4;2;VER
ourdit;uRdi;ourdir;VER;0,72;0,11;0;6;0;4;2;VER
ourdou;uRdu;ourdou;NOM;0,42;0,42;1;6;5;4;2;NOM
ourler;uRle;ourler;VER;0,02;0;1;6;6;4;2;VER
ourlet;uRlE;ourlet;NOM;0,93;0,69;1;6;6;4;2;NOM
ourlée;uRle;ourler;VER;0,02;0;0;6;0;4;2;VER
ourlés;uRle;ourler;VER;0,02;0;0;6;0;4;2;VER
ourses;uRs;ours;NOM;24,57;0,02;0;6;0;3;1;NOM
oursin;uRs5;oursin;NOM;0,38;0,04;1;6;5;4;2;NOM
ourson;uRs§;ourson;NOM;1,63;1,52;1;6;5;4;2;NOM
ousque;usk;ousque;ADV;0,01;0,01;1;6;4;3;1;ADV
outils;uti;outil;NOM;14,18;10,56;0;6;0;3;2;NOM
outlaw;awtlo;outlaw;NOM;0;0;1;6;4;4;2;NOM
outrer;utRe;outrer;VER;0,57;0;1;6;6;4;2;VER
outres;utR;outre;NOM;4,45;0,02;0;6;0;3;1;NOM,VER
outres;utR;outrer;VER;0,57;0;0;6;0;3;1;NOM,VER
outrée;utRe;outrer;VER;0,57;0,1;0;6;0;4;2;VER,ADJ
outrée;utRe;outré;ADJ;0,47;0,26;0;6;0;4;2;VER,ADJ
outrés;utRe;outrer;VER;0,57;0,01;0;6;0;4;2;VER,ADJ
outrés;utRe;outré;ADJ;0,47;0,01;0;6;0;4;2;VER,ADJ
ouvert;uvER;ouvert;ADJ;39,97;13,19;1;6;6;4;2;ADJ,VER
ouvert;uvER;ouvrir;VER;413,32;56,83;0;6;6;4;2;ADJ,VER
ouvrer;uvRe;ouvrer;VER;0,02;0;1;6;6;4;2;VER
ouvres;uvR;ouvrir;VER;413,32;10,2;0;6;0;0;1;VER
ouvrez;uvRe;ouvrir;VER;413,32;64,17;0;6;0;4;2;VER
ouvrir;uvRiR;ouvrir;VER;413,32;79,61;1;6;6;5;2;VER
ouvris;uvRi;ouvrir;VER;413,32;0,36;0;6;0;0;2;VER
ouvrit;uvRi;ouvrir;VER;413,32;2,54;0;6;0;0;2;VER
ouvrés;uvRe;ouvré;ADJ;0,04;0,03;0;6;0;4;2;ADJ
ouvrît;uvRi;ouvrir;VER;413,32;0,01;0;6;0;0;2;VER
ovaire;ovER;ovaire;NOM;1,2;0,49;1;6;4;4;2;NOM
ovales;oval;ovale;ADJ;1,88;0,06;0;6;0;4;2;ADJ,NOM
ovales;oval;ovale;NOM;0,11;0,01;0;6;0;4;2;ADJ,NOM
ovibos;ovibOs;ovibos;NOM;0;0;1;6;4;4;3;NOM
ovoïde;ovoid;ovoïde;ADJ;0;0;1;6;6;5;3;ADJ
ovuler;ovyle;ovuler;VER;0,11;0,04;1;6;6;5;3;VER
ovules;ovyl;ovule;NOM;1,16;0,52;0;6;0;4;2;NOM,VER
ovules;ovyl;ovuler;VER;0,11;0,02;0;6;0;4;2;NOM,VER
oxyder;Okside;oxyder;VER;0,1;0;1;6;6;6;3;VER
oxydes;Oksid;oxyde;NOM;1,03;0,04;0;6;0;5;2;NOM
oxydée;Okside;oxyder;VER;0,1;0;0;6;0;6;3;VER
pacage;pakaZ;pacage;NOM;0;0;1;6;5;5;2;NOM
pachas;paSa;pacha;NOM;7,28;0,17;0;6;0;4;2;NOM
pachon;paS§;pachon;NOM;0;0;1;6;5;4;2;NOM
pacsif;pakif;pacsif;NOM;0;0;1;6;5;5;2;NOM
pacson;paks§;pacson;NOM;0,06;0,04;1;6;5;5;2;NOM
pacsés;pakze;pacser;VER;0,37;0,37;0;6;0;0;2;VER
pactes;pakt;pacte;NOM;8,12;0,83;0;6;0;4;1;NOM
paella;paela;paella;NOM;1,98;1,71;1;6;3;3;3;NOM
pagaie;pagE;pagaie;NOM;0,72;0,65;1;6;6;4;2;NOM,VER
pagaie;pagE;pagayer;VER;0,42;0,08;0;6;6;4;2;NOM,VER
pagaya;pageja;pagayer;VER;0,42;0;0;6;0;0;3;VER
pagaye;pagaj;pagaye;NOM;0,02;0,02;1;6;6;5;2;NOM,VER
pagaye;pagaj;pagayer;VER;0,42;0,01;0;6;6;5;2;NOM,VER
pagayé;pageje;pagayer;VER;0,42;0,05;0;6;0;4;3;VER
pagaïe;pagaj;pagaïe;NOM;0,07;0,07;1;6;5;5;2;NOM
pagels;paZEl;pagel;NOM;0,01;0,01;0;6;0;0;2;NOM
pageot;paZo;pageot;NOM;0,02;0,02;1;6;5;4;2;NOM
pagnes;paN;pagne;NOM;0,4;0,03;0;6;0;3;1;NOM
pagnon;paN§;pagnon;NOM;0;0;1;6;6;4;2;NOM
pagode;pagOd;pagode;NOM;0,4;0,23;1;6;6;4;2;NOM
pagure;pagyR;pagure;NOM;0;0;1;6;5;5;2;NOM
paient;pE;payer;VER;416,68;6,98;0;6;0;2;1;VER
paiera;pERa;payer;VER;416,68;8,71;0;6;0;0;2;VER
paille;paj;paille;ADJ;0,06;0,06;1;6;6;3;1;ADJ,NOM
paille;paj;paille;NOM;9,43;8,57;1;6;6;3;1;ADJ,NOM
paillu;pajy;paillu;ADJ;0;0;1;6;6;4;2;ADJ
paillé;paje;paillé;ADJ;0;0;1;6;6;4;2;ADJ
paires;pER;pair;ADJ;1,96;0,09;0;6;0;3;1;ADJ,NOM
paires;pER;paire;NOM;21,59;3,28;0;6;0;3;1;ADJ,NOM
pairie;peRi;pairie;NOM;0,03;0,03;1;6;5;4;2;NOM
paiute;pajyt;paiute;NOM;0,05;0,04;1;6;4;5;2;NOM
palace;palas;palace;NOM;4,85;4,56;1;6;5;5;2;NOM
palais;palE;palais;NOM;29,55;29,55;1;6;5;4;2;NOM
palans;pal@;palan;NOM;0,11;0,04;0;6;0;4;2;NOM
palets;palE;palet;NOM;1,08;0,15;0;6;0;4;2;NOM
palier;palje;palier;NOM;3,47;3,24;1;6;5;5;2;NOM
pallié;palje;pallier;VER;0,47;0,01;0;6;0;5;2;VER
palmas;palma;palma;NOM;0,04;0,04;0;6;0;0;2;NOM
palmer;palmER;palmer;NOM;0,17;0,17;1;6;6;6;2;NOM,VER
palmer;palme;palmer;VER;0,02;0,01;1;6;6;5;2;NOM,VER
palmes;palm;palme;NOM;2,09;0,84;0;6;0;4;1;NOM
palmée;palme;palmé;ADJ;0,17;0,01;0;6;0;5;2;ADJ
palmés;palme;palmer;VER;0,02;0,01;0;6;0;5;2;VER,ADJ
palmés;palme;palmé;ADJ;0,17;0,16;0;6;0;5;2;VER,ADJ
palots;palo;palot;NOM;0,2;0,15;0;6;0;4;2;NOM
palper;palpe;palper;VER;1,81;0,97;1;6;6;5;2;VER
palpes;palp;palper;VER;1,81;0,08;0;6;0;4;1;VER
palpez;palpe;palper;VER;1,81;0,04;0;6;0;5;2;VER
palpés;palpe;palper;VER;1,81;0,02;0;6;0;5;2;VER
pampas;p@pa;pampa;NOM;0,61;0,28;0;6;0;4;2;NOM
pampre;p@pR;pampre;NOM;0,41;0,27;1;6;5;4;1;NOM
panade;panad;panade;NOM;0,96;0,96;1;6;5;5;2;NOM
panais;panE;panais;NOM;0,01;0,01;1;6;5;4;2;NOM
panama;panama;panama;NOM;0,15;0,15;1;6;6;6;3;NOM
panard;panaR;panard;ADJ;0,01;0,01;1;6;6;5;2;ADJ,NOM
panard;panaR;panard;NOM;0,26;0,19;1;6;6;5;2;ADJ,NOM
pandas;p@da;panda;NOM;1,71;0,26;0;6;0;4;2;NOM
pandit;p@di;pandit;NOM;0,08;0,08;1;6;5;4;2;NOM
panier;panje;panier;NOM;15,72;13,82;1;6;6;5;2;NOM
panini;panini;panini;NOM;0,02;0,02;1;6;5;5;3;NOM
pankas;p@ka;panka;NOM;0;0;0;6;0;4;2;NOM
panner;pane;panner;VER;0,14;0;1;6;6;4;2;VER
pannes;pan;panne;NOM;24,59;0,74;0;6;0;3;1;NOM
pansas;p@sa;panser;VER;1,34;0;0;6;0;0;2;VER
panser;p@se;panser;VER;1,34;0,5;1;6;6;4;2;VER
panses;p@s;panse;NOM;2,13;0,11;0;6;0;3;1;NOM
pansez;p@se;panser;VER;1,34;0,07;0;6;0;4;2;VER
pansue;p@sy;pansu;ADJ;0;0;0;6;0;4;2;ADJ
pansus;p@sy;pansu;ADJ;0;0;0;6;0;4;2;ADJ
pansée;p@se;panser;VER;1,34;0;0;6;0;4;2;VER
pansés;p@se;panser;VER;1,34;0;0;6;0;4;2;VER
pantes;p@t;pante;NOM;0,01;0,01;0;6;0;3;1;NOM
pantin;p@t5;pantin;NOM;3,96;3,25;1;6;6;4;2;NOM
panzer;p@nzER;panzer;NOM;0,71;0,25;1;6;4;3;2;NOM
panées;pane;paner;VER;0,13;0,01;0;6;0;4;2;VER,ADJ
panées;pane;pané;ADJ;0,19;0,01;0;6;0;4;2;VER,ADJ
paonne;pan;paon;NOM;1,3;0,1;0;6;0;3;1;NOM
papale;papal;papal;ADJ;0,41;0,37;0;6;0;5;2;ADJ
papaux;papo;papal;ADJ;0,41;0,02;0;6;0;0;2;ADJ
papaye;papaj;papaye;NOM;0,59;0,49;1;6;6;5;2;NOM
papier;papje;papier;NOM;120,51;56,32;1;6;6;5;2;NOM
papote;papOt;papoter;VER;1,77;0,28;0;6;0;0;2;VER
papoté;papote;papoter;VER;1,77;0,13;0;6;0;6;3;VER
papous;papu;papou;NOM;0,04;0,02;0;6;0;4;2;NOM
paqson;paks§;paqson;NOM;0,01;0,01;1;6;4;5;2;NOM
paquet;pakE;paquet;NOM;44,96;36,9;1;6;6;4;2;NOM
parada;paRada;parader;VER;1,48;0,04;0;6;0;0;3;VER
parade;paRad;parade;NOM;5,1;4,79;1;6;6;5;2;NOM,VER
parade;paRad;parader;VER;1,48;0,32;0;6;6;5;2;NOM,VER
paradé;paRade;parader;VER;1,48;0,01;0;6;0;6;3;VER
parage;paRaZ;parage;NOM;5,99;0,01;1;6;6;5;2;NOM
parais;paRE;paraître;VER;122,14;1,26;0;6;0;4;2;VER
parais;paRE;parer;VER;30,5;1,98;0;6;0;4;2;VER
parait;paRE;parait;VER;0,14;0,14;1;6;5;4;2;VER
parait;paRE;parer;VER;30,5;12,53;0;6;5;4;2;VER
parano;paRano;parano;ADJ;4,23;3,98;1;6;6;6;3;ADJ,NOM
parano;paRano;parano;NOM;1,35;1,16;1;6;6;6;3;ADJ,NOM
parant;paR@;parer;VER;30,5;0,01;0;6;0;4;2;VER
paraît;paRE;paraître;VER;122,14;81,22;0;6;0;4;2;VER
pardon;paRd§;pardon;NOM;55,62;54,7;1;6;6;5;2;NOM,ONO
pardon;paRd§;pardon;ONO;209,13;209,13;1;6;6;5;2;NOM,ONO
pareil;paREj;pareil;ADJ;133,45;95,18;1;6;6;5;2;ADJ,ADV,NOM
pareil;paREj;pareil;ADV;6,63;6,63;1;6;6;5;2;ADJ,ADV,NOM
pareil;paREj;pareil;NOM;12,92;4,9;1;6;6;5;2;ADJ,ADV,NOM
parent;paR;parer;VER;30,5;0,17;0;6;6;3;1;VER,ADJ,NOM
parent;paR@;parent;ADJ;10,37;2,36;1;6;6;4;2;VER,ADJ,NOM
parent;paR@;parent;NOM;188,38;10,03;1;6;6;4;2;VER,ADJ,NOM
pareur;paR9R;pareur;NOM;0,01;0,01;1;6;5;4;2;NOM
parfit;paRfi;parfaire;VER;60,06;0;0;6;0;0;2;VER
parfum;paRf1;parfum;NOM;30;24,44;1;6;6;5;2;NOM
parias;paRja;paria;NOM;1,12;0,29;0;6;0;5;2;NOM
parier;paRje;parier;VER;81,96;9,93;1;6;6;5;2;VER
paries;paRi;parier;VER;81,96;3,61;0;6;0;4;2;VER
pariez;paRje;parier;VER;81,96;1,69;0;6;0;5;2;VER
parité;paRite;parité;NOM;0,31;0,31;1;6;6;6;3;NOM
parlai;paRlE;parler;VER;1970,55;0,59;0;6;0;0;2;VER
parlas;paRla;parler;VER;1970,55;0,01;0;6;0;0;2;VER
parler;paRle;parler;ADJ;0,01;0,01;1;6;6;5;2;ADJ,NOM,VER
parler;paRle;parler;NOM;11,58;11,58;1;6;6;5;2;ADJ,NOM,VER
parler;paRle;parler;VER;1970,55;728,02;1;6;6;5;2;ADJ,NOM,VER
parles;paRl;parler;VER;1970,55;152,2;0;6;0;0;1;VER
parlez;paRle;parler;VER;1970,55;120,79;0;6;0;5;2;VER
parlât;paRla;parler;VER;1970,55;0,1;0;6;0;0;2;VER
parlée;paRle;parler;VER;1970,55;0,39;0;6;0;5;2;VER,ADJ
parlée;paRle;parlé;ADJ;2,81;0,01;0;6;0;5;2;VER,ADJ
parlés;paRle;parler;VER;1970,55;0,65;0;6;0;5;2;VER,ADJ
parlés;paRle;parlé;ADJ;2,81;0,03;0;6;0;5;2;VER,ADJ
paroir;paRwaR;paroir;NOM;0;0;1;6;6;6;2;NOM
parois;paRwa;paroi;NOM;4,88;1,87;0;6;0;5;2;NOM
parole;paROl;parole;NOM;103,48;71,07;1;6;6;5;2;NOM
paroli;paRoli;paroli;NOM;0;0;1;6;6;6;3;NOM
parque;paRk;parque;NOM;0,03;0,03;1;6;6;4;1;NOM,VER
parque;paRk;parquer;VER;0,41;0,06;0;6;6;4;1;NOM,VER
parqué;paRke;parquer;VER;0,41;0,05;0;6;6;5;2;VER
parsec;paRsEk;parsec;NOM;0,27;0,01;1;6;6;6;2;NOM
parsis;paRsi;parsi;NOM;0,02;0;0;6;0;5;2;NOM
partes;paRt;partir;VER;1111,97;7,5;0;6;0;4;1;VER
partez;paRte;partir;VER;1111,97;73,82;0;6;0;0;2;VER
parthe;paRt;parthe;ADJ;0;0;1;6;6;4;1;ADJ
partie;paRti;partie;NOM;191,19;177,81;1;6;6;5;2;NOM,VER
partie;paRti;partir;VER;1111,97;80,41;0;6;6;5;2;NOM,VER
partir;paRtiR;partir;VER;1111,97;388,25;1;6;6;6;2;VER
partis;paRti;parti;ADJ;15,01;3,96;0;6;0;5;2;ADJ,NOM,VER
partis;paRti;parti;NOM;46,59;4,84;0;6;0;5;2;ADJ,NOM,VER
partis;paRti;partir;VER;1111,97;46,29;0;6;0;5;2;ADJ,NOM,VER
partit;paRti;partir;VER;1111,97;4,17;0;6;0;5;2;VER
partît;paRti;partir;VER;1111,97;0;0;6;0;5;2;VER
parure;paRyR;parure;NOM;1;0,48;1;6;5;5;2;NOM
parvis;paRvi;parvis;NOM;0,19;0,19;1;6;5;5;2;NOM
parées;paRe;parer;VER;30,5;0,19;0;6;0;4;2;VER,ADJ
parées;paRe;paré;ADJ;2,11;0,11;0;6;0;4;2;VER,ADJ
paréos;paReo;paréo;NOM;0,01;0;0;6;0;5;3;NOM
pascal;paskal;pascal;ADJ;0,79;0,23;1;6;6;6;2;ADJ,NOM
pascal;paskal;pascal;NOM;0;0;1;6;6;6;2;ADJ,NOM
pasque;pask;pasque;ADV;0,03;0,03;1;6;6;4;1;ADV,CON
pasque;pask;pasque;CON;0,05;0,05;1;6;6;4;1;ADV,CON
passai;pasE;passer;VER;1495,49;0,25;0;6;0;0;2;VER
passas;pasa;passer;VER;1495,49;0;0;6;0;0;2;VER
passer;pase;passer;VER;1495,49;345,68;1;6;6;4;2;VER
passer;pase;prendre;VER;1913,83;0,01;0;6;6;4;2;VER
passes;pas;passe;NOM;47,58;2,71;0;6;0;3;1;NOM,VER
passes;pas;passer;VER;1495,49;21,65;0;6;0;3;1;NOM,VER
passez;pase;passer;VER;1495,49;52,84;0;6;0;4;2;VER
passif;pasif;passif;ADJ;4;1,89;1;6;6;5;2;ADJ,NOM
passif;pasif;passif;NOM;0,7;0,63;1;6;6;5;2;ADJ,NOM
passim;pasim;passim;ADV;0;0;1;6;6;5;2;ADV
passât;pasa;passer;VER;1495,49;0;0;6;0;0;2;VER
passée;pase;passer;VER;1495,49;32,14;0;6;0;4;2;VER,ADJ
passée;pase;passé;ADJ;115,89;5,47;0;6;0;4;2;VER,ADJ
passés;pase;passer;VER;1495,49;18,16;0;6;0;4;2;VER,ADJ,NOM
passés;pase;passé;ADJ;115,89;4,65;0;6;0;4;2;VER,ADJ,NOM
passés;pase;passé;NOM;64,32;0,93;0;6;0;4;2;VER,ADJ,NOM
pastel;pastEl;pastel;ADJ;0,34;0,34;1;6;6;6;2;ADJ,NOM
pastel;pastEl;pastel;NOM;0,55;0,4;1;6;6;6;2;ADJ,NOM
pastis;pastis;pastis;NOM;1,43;1,43;1;6;6;6;2;NOM
patata;patata;patata;ONO;0,32;0,32;1;6;6;6;3;ONO
patate;patat;patate;NOM;14,47;4,59;1;6;6;5;2;NOM
patati;patati;patati;ONO;0,33;0,33;1;6;6;6;3;ONO
pataud;pato;pataud;ADJ;0,03;0,01;1;6;6;4;2;ADJ,NOM
pataud;pato;pataud;NOM;0,01;0,01;1;6;6;4;2;ADJ,NOM
patchs;patS;patch;NOM;1,11;0,22;0;6;0;4;1;NOM
patent;pat@;patent;ADJ;0,41;0,14;1;6;6;4;2;ADJ
pathos;patos;pathos;NOM;0,38;0,38;1;6;6;5;2;NOM
patina;patina;patiner;VER;2,54;0,02;0;6;0;0;3;VER
patine;patin;patine;NOM;0,08;0,08;1;6;6;5;2;NOM,VER
patine;patin;patiner;VER;2,54;0,36;0;6;6;5;2;NOM,VER
patins;pat5;patin;NOM;3,77;2,65;0;6;0;4;2;NOM
patiné;patine;patiner;VER;2,54;0,27;0;6;0;6;3;VER
patios;patjo;patio;NOM;2,02;0;0;6;0;4;2;NOM
patois;patwa;patois;NOM;0,85;0,85;1;6;6;4;2;NOM
patrie;patRi;patrie;NOM;23,36;23,36;1;6;6;5;2;NOM
patron;patR§;patron;NOM;141,53;122,44;1;6;6;5;2;NOM
pattes;pat;patte;NOM;34,6;28,16;0;6;0;3;1;NOM
pattus;paty;pattu;ADJ;0;0;0;6;0;4;2;ADJ
pattée;pate;patté;ADJ;0;0;0;6;0;4;2;ADJ
patène;patEn;patène;NOM;0,1;0,1;1;6;5;5;2;NOM
patère;patER;patère;NOM;0,08;0,08;1;6;5;5;2;NOM
paumer;pome;paumer;VER;4,27;0,38;1;6;6;4;2;VER
paumes;pom;paume;NOM;3,17;0,99;0;6;0;3;1;NOM,VER
paumes;pom;paumer;VER;4,27;0,02;0;6;0;3;1;NOM,VER
paumée;pome;paumer;VER;4,27;0,46;0;6;0;4;2;VER,ADJ,NOM
paumée;pome;paumé;ADJ;2,46;0,28;0;6;0;4;2;VER,ADJ,NOM
paumée;pome;paumé;NOM;2,23;0,29;0;6;0;4;2;VER,ADJ,NOM
paumés;pome;paumer;VER;4,27;0,45;0;6;0;4;2;VER,ADJ,NOM
paumés;pome;paumé;ADJ;2,46;0,25;0;6;0;4;2;VER,ADJ,NOM
paumés;pome;paumé;NOM;2,23;0,9;0;6;0;4;2;VER,ADJ,NOM
pauser;poze;pauser;VER;0,02;0,01;1;6;6;4;2;VER
pauses;poz;pause;NOM;28,24;0,94;0;6;0;3;1;NOM
pausez;poze;pauser;VER;0,02;0,01;0;6;0;4;2;VER
pauvre;povR;pauvre;ADJ;178,03;148,93;1;6;6;4;1;ADJ,NOM
pauvre;povR;pauvre;NOM;68,54;45,73;1;6;6;4;1;ADJ,NOM
pavage;pavaZ;pavage;NOM;0,04;0,04;1;6;5;5;2;NOM
pavait;pavE;paver;VER;0,33;0;0;6;0;0;2;VER
pavana;pavana;pavaner;VER;1,53;0;0;6;0;0;3;VER
pavane;pavan;pavane;NOM;0;0;1;6;6;5;2;NOM,VER
pavane;pavan;pavaner;VER;1,53;0,47;0;6;6;5;2;NOM,VER
pavané;pavane;pavaner;VER;1,53;0,03;0;6;0;6;3;VER
paveur;pav9R;paveur;NOM;0;0;1;6;5;4;2;NOM
pavois;pavwa;pavois;NOM;0,01;0,01;1;6;6;5;2;NOM
pavots;pavo;pavot;NOM;0,85;0,11;0;6;0;4;2;NOM
pavées;pave;pavé;ADJ;0,92;0,17;0;6;0;4;2;ADJ
payais;pejE;payer;VER;416,68;1,07;0;6;0;0;2;VER
payait;pejE;payer;VER;416,68;5,12;0;6;0;0;2;VER
payant;pEj@;payant;ADJ;2,09;1,23;1;6;5;4;2;ADJ,VER
payant;pEj@;payer;VER;416,68;1,2;0;6;5;4;2;ADJ,VER
payent;pej;payer;VER;416,68;4,3;0;6;0;0;1;VER
payera;pej°Ra;payer;VER;416,68;2,24;0;6;0;0;3;VER
payeur;pEj9R;payeur;ADJ;0,06;0,05;1;6;5;4;2;ADJ,NOM
payeur;pEj9R;payeur;NOM;0,21;0,07;1;6;5;4;2;ADJ,NOM
payiez;pEje;payer;VER;416,68;0,55;0;6;0;0;2;VER
payons;pej§;payer;VER;416,68;1,68;0;6;0;0;2;VER
paysan;peiz@;paysan;ADJ;5,54;2,58;1;6;6;5;3;ADJ,NOM
paysan;peiz@;paysan;NOM;23,29;9,06;1;6;6;5;3;ADJ,NOM
payées;peje;payer;VER;416,68;1,53;0;6;0;3;2;VER,ADJ
payées;peje;payé;ADJ;10,72;0,52;0;6;0;3;2;VER,ADJ
paître;pEtR;paître;VER;2,29;0,97;1;6;3;4;1;VER
païens;paj5;païen;ADJ;1,39;0,2;0;6;0;4;2;ADJ,NOM
païens;paj5;païen;NOM;2,22;1,91;0;6;0;4;2;ADJ,NOM
pchitt;pSit;pchitt;ONO;0;0;1;6;3;2;1;ONO
peigna;pENa;peigner;VER;2,25;0;0;6;0;0;2;VER
peigne;pEN;peigne;NOM;6,81;6,07;1;6;6;3;1;NOM,VER
peigne;pEN;peigner;VER;2,25;0,72;0;6;6;3;1;NOM,VER
peigné;peNe;peigner;VER;2,25;0,08;0;6;6;3;2;VER,ADJ,NOM
peigné;peNe;peigné;ADJ;0,06;0,03;1;6;6;3;2;VER,ADJ,NOM
peigné;peNe;peigné;NOM;0;0;1;6;6;3;2;VER,ADJ,NOM
peiner;pene;peiner;VER;7,65;0,45;1;6;6;4;2;VER
peines;pEn;peine;NOM;199,75;6,34;0;6;0;3;1;NOM,VER
peines;pEn;peiner;VER;7,65;0,21;0;6;0;3;1;NOM,VER
peinez;pEne;peiner;VER;7,65;0,54;0;6;0;0;2;VER
peinte;p5t;peindre;VER;36,05;0,95;0;6;0;3;1;VER,ADJ
peinte;p5t;peint;ADJ;2,41;0,33;0;6;0;3;1;VER,ADJ
peints;p5;peindre;VER;36,05;1;0;6;0;2;1;VER,ADJ
peints;p5;peint;ADJ;2,41;0,3;0;6;0;2;1;VER,ADJ
peinât;pEna;peiner;VER;7,65;0;0;6;0;0;2;VER
peinée;pene;peiner;VER;7,65;0,14;0;6;0;4;2;VER
peinés;pene;peiner;VER;7,65;0,22;0;6;0;4;2;VER
pelade;p°lad;pelade;NOM;0,16;0,16;1;6;5;5;2;NOM
pelage;p°laZ;pelage;NOM;0,44;0,44;1;6;5;5;2;NOM
pelait;p°lE;peler;VER;1,78;0,01;0;6;0;0;2;VER
pelant;p°l@;peler;VER;1,78;0;0;6;0;0;2;VER
pelles;pEl;pelle;NOM;10,1;1,35;0;6;0;3;1;NOM
pelota;p°lota;peloter;VER;5,36;0,1;0;6;0;0;3;VER
pelote;p°lOt;pelote;NOM;0,98;0,94;1;6;6;4;2;NOM,VER
pelote;p°lOt;peloter;VER;5,36;0,35;0;6;6;4;2;NOM,VER
peloté;p°lote;peloter;VER;5,36;0,28;0;6;0;6;3;VER
pelure;p°lyR;pelure;NOM;0,37;0,1;1;6;5;5;2;NOM
pelvis;pElvis;pelvis;NOM;0,34;0,34;1;6;6;5;2;NOM
pelées;p°le;peler;VER;1,78;0;0;6;0;4;2;VER,ADJ
pelées;p°le;pelé;ADJ;0,44;0;0;6;0;4;2;VER,ADJ
penaud;p°no;penaud;ADJ;0,21;0,2;1;6;5;4;2;ADJ
pencha;p@Sa;pencher;VER;16,9;0,1;0;6;0;0;2;VER
penche;p@S;pencher;VER;16,9;7,3;0;6;0;0;1;VER
penché;p@Se;pencher;VER;16,9;1,61;0;6;6;4;2;VER,ADJ
penché;p@Se;penché;ADJ;1,3;0,73;1;6;6;4;2;VER,ADJ
pendez;p@de;pendre;VER;42,99;1,6;0;6;0;0;2;VER
pendit;p@di;pendre;VER;42,99;0,09;0;6;0;4;2;VER
pendra;p@dRa;pendre;VER;42,99;1,83;0;6;0;0;2;VER
pendre;p@dR;pendre;VER;42,99;12,4;1;6;5;4;1;VER
pendue;p@dy;pendre;VER;42,99;2,19;0;6;0;4;2;VER,ADJ,NOM
pendue;p@dy;pendu;ADJ;2,9;0,99;0;6;0;4;2;VER,ADJ,NOM
pendue;p@dy;pendu;NOM;2,74;0,29;0;6;0;4;2;VER,ADJ,NOM
pendus;p@dy;pendre;VER;42,99;1,52;0;6;0;4;2;VER,ADJ,NOM
pendus;p@dy;pendu;ADJ;2,9;0,27;0;6;0;4;2;VER,ADJ,NOM
pendus;p@dy;pendu;NOM;2,74;0,97;0;6;0;4;2;VER,ADJ,NOM
pennes;pEn;penne;NOM;0,39;0,05;0;6;0;3;1;NOM
pennon;pEn§;pennon;NOM;0,02;0,01;1;6;5;4;2;NOM
pensai;p@sE;penser;VER;1485,47;0,86;0;6;0;0;2;VER
penser;p@se;penser;VER;1485,47;140,24;1;6;6;4;2;VER
penses;p@s;penser;VER;1485,47;186,9;0;6;0;3;1;VER
pensez;p@se;penser;VER;1485,47;148,7;0;6;0;4;2;VER
pensif;p@sif;pensif;ADJ;0,8;0,58;1;6;6;5;2;ADJ
pensum;p5sOm;pensum;NOM;0,03;0,02;1;6;5;4;2;NOM
pensât;p@sa;penser;VER;1485,47;0;0;6;0;0;2;VER
pensée;p@se;penser;VER;1485,47;0,4;0;6;5;4;2;VER,NOM
pensée;p@se;pensée;NOM;57,87;26,25;1;6;5;4;2;VER,NOM
pensés;p@se;penser;VER;1485,47;0,09;0;6;0;4;2;VER
pentes;p@t;pente;NOM;4,82;0,36;0;6;0;3;1;NOM
pentue;p@ty;pentu;ADJ;0,05;0;0;6;0;4;2;ADJ
pentus;p@ty;pentu;ADJ;0,05;0;0;6;0;4;2;ADJ
people;pip9l;people;ADJ;3,55;3,55;1;6;3;5;2;ADJ,NOM
people;pip9l;people;NOM;0,52;0,52;1;6;3;5;2;ADJ,NOM
percer;pERse;percer;VER;15,77;6,19;1;6;6;5;2;VER
percez;pERse;percer;VER;15,77;0,33;0;6;0;5;2;VER
percha;pERSa;percher;VER;2,37;0,04;0;6;0;0;2;VER
perche;pERS;perche;NOM;6,11;5,67;1;6;6;4;1;NOM,VER
perche;pERS;percher;VER;2,37;0,16;0;6;6;4;1;NOM,VER
perché;pERSe;percher;VER;2,37;1,12;0;6;0;5;2;VER
percos;pERko;perco;NOM;0,07;0;0;6;0;5;2;NOM
percée;pERse;percer;VER;15,77;0,71;0;6;6;5;2;VER,NOM
percée;pERse;percée;NOM;1,37;1,2;1;6;6;5;2;VER,NOM
percés;pERse;percer;VER;15,77;0,51;0;6;0;5;2;VER
perdes;pERd;perdre;VER;546,08;0,89;0;6;0;0;1;VER
perdez;pERde;perdre;VER;546,08;15,04;0;6;0;0;2;VER
perdis;pERdi;perdre;VER;546,08;0,27;0;6;0;0;2;VER
perdit;pERdi;perdre;VER;546,08;1,39;0;6;0;0;2;VER
perdra;pERdRa;perdre;VER;546,08;5,23;0;6;0;0;2;VER
perdre;pERdR;perdre;VER;546,08;131,47;1;6;6;5;1;VER
perdue;pERdy;perdre;VER;546,08;22,38;0;6;0;5;2;VER,ADJ
perdue;pERdy;perdu;ADJ;36,46;10,14;0;6;0;5;2;VER,ADJ
perdus;pERdy;perdre;VER;546,08;12,18;0;6;0;5;2;VER,ADJ
perdus;pERdy;perdu;ADJ;36,46;5,39;0;6;0;5;2;VER,ADJ
perdît;pERdi;perdre;VER;546,08;0;0;6;0;0;2;VER
perler;pERle;perler;VER;0,38;0,02;1;6;6;5;2;VER
perles;pERl;perle;NOM;10,57;6,44;0;6;0;4;1;NOM
perlot;pERlo;perlot;NOM;0;0;1;6;6;5;2;NOM
perlée;pERle;perler;VER;0,38;0,01;0;6;0;5;2;VER,ADJ
perlée;pERle;perlé;ADJ;0,11;0,01;0;6;0;5;2;VER,ADJ
perlés;pERle;perler;VER;0,38;0;0;6;0;5;2;VER,ADJ
perlés;pERle;perlé;ADJ;0,11;0,1;0;6;0;5;2;VER,ADJ
permes;pERm;perme;NOM;0,58;0,01;0;6;0;4;1;NOM
permet;pERmE;permettre;VER;172,86;22,88;0;6;0;0;2;VER
permis;pERmi;permettre;VER;172,86;28,04;0;6;6;5;2;VER,ADJ,NOM
permis;pERmi;permis;ADJ;3,42;3,42;1;6;6;5;2;VER,ADJ,NOM
permis;pERmi;permis;NOM;26,95;26,95;1;6;6;5;2;VER,ADJ,NOM
permit;pERmi;permettre;VER;172,86;1,39;0;6;0;5;2;VER
permît;pERmi;permettre;VER;172,86;0;0;6;0;5;2;VER
pernod;pERno;pernod;NOM;0,17;0,17;1;6;5;5;2;NOM
perron;pER§;perron;NOM;1,27;1,27;1;6;6;4;2;NOM
perrés;pERe;perré;NOM;0;0;0;6;0;4;2;NOM
persan;pERs@;persan;ADJ;0,53;0,25;1;6;5;5;2;ADJ,NOM
persan;pERs@;persan;NOM;0,26;0,09;1;6;5;5;2;ADJ,NOM
perses;pERs;perse;ADJ;0,92;0,44;0;6;0;4;1;ADJ
persil;pERsi;persil;NOM;1,75;1,75;1;6;6;5;2;NOM
persos;pERso;perso;ADJ;2,38;0,06;0;6;0;5;2;ADJ
pertes;pERt;perte;NOM;37,8;7,6;0;6;0;4;1;NOM
perçue;pERsy;percevoir;VER;7,41;0,4;0;6;0;5;2;VER,ADJ
perçue;pERsy;perçu;ADJ;0,31;0,14;0;6;0;5;2;VER,ADJ
perçus;pERsy;percevoir;VER;7,41;0,24;0;6;0;5;2;VER,ADJ
perçus;pERsy;perçu;ADJ;0,31;0,02;0;6;0;5;2;VER,ADJ
perçut;pERsy;percevoir;VER;7,41;0,05;0;6;0;5;2;VER
perçât;pERsa;percer;VER;15,77;0;0;6;0;0;2;VER
perçût;pERsy;percevoir;VER;7,41;0;0;6;0;5;2;VER
pesage;p2zaZ;pesage;NOM;0;0;1;6;5;5;2;NOM
pesais;p2zE;peser;VER;23,41;0,27;0;6;0;0;2;VER
pesait;p2zE;peser;VER;23,41;1,95;0;6;0;0;2;VER
pesant;p2z@;pesant;ADJ;2,62;1,21;1;6;6;4;2;ADJ,VER
pesant;p2z@;peser;VER;23,41;0,77;0;6;6;4;2;ADJ,VER
peseta;pezeta;peseta;NOM;6,92;0,11;1;6;5;4;3;NOM
pesons;p2z§;peser;VER;23,41;0,16;0;6;0;4;2;VER
pessah;pesa;pessah;NOM;0,03;0,03;1;6;6;4;2;NOM
pester;pEste;pester;VER;0,34;0,02;1;6;6;5;2;VER
pestes;pEst;peste;NOM;16,95;0,27;0;6;0;4;1;NOM,VER
pestes;pEst;pester;VER;0,34;0,03;0;6;0;4;1;NOM,VER
pestez;pEste;pester;VER;0,34;0;0;6;0;5;2;VER
pesées;p°ze;peser;VER;23,41;0,02;0;6;0;3;2;VER,NOM
pesées;p°ze;pesée;NOM;0,61;0;0;6;0;3;2;VER,NOM
petiot;p°tjo;petiot;ADJ;0,69;0,56;1;6;5;4;2;ADJ
petite;p°tit;petit;ADJ;1106,8;355,66;0;6;0;0;2;ADJ,NOM
petite;p°tit;petit;NOM;221,75;68,89;0;6;0;0;2;ADJ,NOM
petits;p°ti;petit;ADJ;1106,8;112,92;0;6;0;4;2;ADJ,NOM
petits;p°ti;petit;NOM;221,75;12,89;0;6;0;4;2;ADJ,NOM
petons;p°t§;peton;NOM;0,09;0,08;0;6;0;4;2;NOM
petros;pEtRo;petro;NOM;0;0;0;6;0;0;2;NOM
peupla;p2pla;peupler;VER;4,58;0,02;0;6;0;0;2;VER
peuple;p2pl;peuple;NOM;111,36;105,65;1;6;6;4;1;NOM,VER
peuple;p2pl;peupler;VER;4,58;0,93;0;6;6;4;1;NOM,VER
peuplé;p2ple;peupler;VER;4,58;1,48;0;6;6;5;2;VER,ADJ
peuplé;p2ple;peuplé;ADJ;0,44;0,32;1;6;6;5;2;VER,ADJ
peyotl;pEjOtl;peyotl;NOM;0,16;0,16;1;6;3;4;2;NOM
phallo;falo;phallo;NOM;0,14;0,14;1;6;6;4;2;NOM
phares;faR;phare;NOM;11,88;4,7;0;6;0;3;1;NOM
pharma;faRma;pharma;NOM;0,04;0,04;1;6;6;5;2;NOM
phases;faz;phase;NOM;13,22;0,8;0;6;0;3;1;NOM
philos;filo;philo;NOM;2,35;0;0;6;0;4;2;NOM
phobie;fobi;phobie;NOM;2,62;1,43;1;6;6;4;2;NOM
phones;fon;phone;NOM;0,67;0,04;0;6;0;3;1;NOM
phonos;fono;phono;NOM;0,75;0;0;6;0;4;2;NOM
phoque;fOk;phoque;NOM;2,81;2,24;1;6;4;3;1;NOM
photon;fot§;photon;NOM;0,24;0,09;1;6;6;4;2;NOM
photos;foto;photo;NOM;209,1;86,63;0;6;0;4;2;NOM
phrase;fRaz;phrase;NOM;22,01;15,4;1;6;6;4;1;NOM,VER
phrase;fRaz;phraser;VER;0,19;0,17;0;6;6;4;1;NOM,VER
phrasé;fRaze;phraser;VER;0,19;0,01;0;6;6;5;2;VER,NOM
phrasé;fRaze;phrasé;NOM;0,05;0,05;1;6;6;5;2;VER,NOM
phylum;filOm;phylum;NOM;0,03;0,03;1;6;5;5;2;NOM
physio;fizjo;physio;ADV;0,94;0,94;1;6;6;5;2;ADV
phénix;feniks;phénix;NOM;0,28;0,28;1;6;6;6;2;NOM
phénol;fenOl;phénol;NOM;0,07;0,07;1;6;6;5;2;NOM
piaffa;pjafa;piaffer;VER;0,14;0;0;6;0;0;2;VER
piaffe;pjaf;piaffer;VER;0,14;0,12;0;6;0;4;1;VER
piaffé;pjafe;piaffer;VER;0,14;0;0;6;0;5;2;VER
pianos;pjano;piano;NOM;22,22;0,71;0;6;0;5;2;NOM
piaula;pjola;piauler;VER;0,02;0;0;6;0;0;2;VER
piaule;pjol;piaule;NOM;3,36;3,02;1;6;6;4;1;NOM,VER
piaule;pjol;piauler;VER;0,02;0,01;0;6;6;4;1;NOM,VER
piazza;pjadza;piazza;NOM;1,89;1,89;1;6;6;6;2;NOM
picard;pikaR;picard;ADJ;0;0;1;6;6;5;2;ADJ
picaro;pikaRo;picaro;NOM;0,4;0,4;1;6;6;6;3;NOM
pichet;piSE;pichet;NOM;1,29;1,21;1;6;6;4;2;NOM
picker;pik9R;picker;NOM;0,19;0,19;1;6;5;5;2;NOM
picole;pikOl;picoler;VER;5,89;1,64;0;6;0;0;2;VER
picolo;pikolo;picolo;NOM;0;0;1;6;6;6;3;NOM
picolé;pikole;picoler;VER;5,89;0,77;0;6;0;6;3;VER
picora;pikoRa;picorer;VER;0,74;0;0;6;0;0;3;VER
picore;pikOR;picorer;VER;0,74;0,18;0;6;0;0;2;VER
picoré;pikoRe;picorer;VER;0,74;0,02;0;6;0;6;3;VER
picota;pikota;picoter;VER;0,74;0,04;0;6;0;0;3;VER
picote;pikOt;picote;NOM;0,14;0,14;1;6;6;5;2;NOM,VER
picote;pikOt;picoter;VER;0,74;0,63;0;6;6;5;2;NOM,VER
picots;piko;picot;NOM;0,26;0,23;0;6;0;4;2;NOM
picoté;pikote;picoter;VER;0,74;0,01;0;6;0;6;3;VER
picsou;piksu;picsou;NOM;0,43;0,43;1;6;4;5;2;NOM
picton;pikt§;picton;NOM;0;0;1;6;6;5;2;NOM
pidgin;pidZin;pidgin;NOM;0;0;1;6;3;4;2;NOM
pierre;pjER;pierre;NOM;67,17;40,58;1;6;6;4;1;NOM
pieuse;pj2z;pieux;ADJ;5;2,4;0;6;0;0;1;ADJ
pieute;pj2t;pieuter;VER;1,24;0,2;0;6;0;0;1;VER
pieuté;pj2te;pieuter;VER;1,24;0,04;0;6;0;4;2;VER
piffer;pife;piffer;VER;0,16;0,16;1;6;5;4;2;VER
piffre;pifR;piffre;NOM;0;0;1;6;6;4;1;NOM
pigent;piZ;piger;VER;41,77;0,5;0;6;0;3;1;VER
pigeon;piZ§;pigeon;NOM;15,05;8,56;1;6;6;4;2;NOM
pigera;piZ°Ra;piger;VER;41,77;0,04;0;6;0;0;3;VER
pigner;piNe;pigner;VER;0,01;0,01;1;6;6;4;2;VER
pignes;piN;pigne;NOM;0,07;0,04;0;6;0;3;1;NOM
pignon;piN§;pignon;NOM;4,94;4,79;1;6;6;4;2;NOM
pilait;pilE;piler;VER;3,34;0;0;6;0;0;2;VER
pilant;pil@;piler;VER;3,34;0,07;0;6;0;0;2;VER
pilent;pil;piler;VER;3,34;0;0;6;0;3;1;VER
pileux;pil2;pileux;ADJ;0,06;0,06;1;6;6;4;2;ADJ
pilier;pilje;pilier;NOM;3,82;2,43;1;6;5;4;2;NOM
piller;pije;piller;VER;7,66;2,12;1;6;6;4;2;VER
pilles;pij;piller;VER;7,66;0,04;0;6;0;0;1;VER
pillez;pije;piller;VER;7,66;0,35;0;6;0;4;2;VER
pillée;pije;piller;VER;7,66;0,58;0;6;0;4;2;VER
pillés;pije;piller;VER;7,66;0,18;0;6;0;4;2;VER
pilons;pil§;pilon;NOM;0,62;0,14;0;6;0;4;2;NOM
pilori;piloRi;pilori;NOM;0,79;0,78;1;6;5;6;3;NOM
pilota;pilota;piloter;VER;13,18;0;0;6;0;0;3;VER
pilote;pilOt;pilote;ADJ;12,33;11,49;1;6;6;5;2;ADJ,NOM,VER
pilote;pilOt;pilote;NOM;37,69;29,1;1;6;6;5;2;ADJ,NOM,VER
pilote;pilOt;piloter;VER;13,18;2,77;0;6;6;5;2;ADJ,NOM,VER
piloté;pilote;piloter;VER;13,18;1,65;0;6;0;6;3;VER
pilsen;pilsEn;pilsen;NOM;0;0;1;6;4;4;2;NOM
pilule;pilyl;pilule;NOM;22,64;6,1;1;6;5;4;2;NOM
pilées;pile;piler;VER;3,34;0;0;6;0;4;2;VER,NOM
pilées;pile;pilée;NOM;0,01;0;0;6;0;4;2;VER,NOM
piment;pim@;piment;NOM;4,76;2,94;1;6;6;4;2;NOM
pimpon;p5p§;pimpon;NOM;0,01;0;1;6;5;4;2;NOM
pinard;pinaR;pinard;NOM;0,39;0,39;1;6;6;5;2;NOM
pincer;p5se;pincer;VER;10,84;4,06;1;6;6;4;2;VER
pincer;p5se;pouvoir;VER;5524,47;0,01;0;6;6;4;2;VER
pinces;p5s;pince;NOM;9;3,38;0;6;0;3;1;NOM,VER
pinces;p5s;pincer;VER;10,84;0,65;0;6;0;3;1;NOM,VER
pincez;p5se;pincer;VER;10,84;0,82;0;6;0;4;2;VER
pincée;p5se;pincer;VER;10,84;0,17;0;6;6;4;2;VER,NOM
pincée;p5se;pincée;NOM;1,37;1,3;1;6;6;4;2;VER,NOM
pincés;p5se;pincer;VER;10,84;0,1;0;6;0;4;2;VER,ADJ
pincés;p5se;pincé;ADJ;0,06;0,01;0;6;0;4;2;VER,ADJ
pineau;pino;pineau;NOM;0;0;1;6;5;4;2;NOM
pingre;p5gR;pingre;ADJ;0,58;0,56;1;6;6;4;1;ADJ,NOM
pingre;p5gR;pingre;NOM;0,19;0,04;1;6;6;4;1;ADJ,NOM
pinots;pino;pinot;NOM;0,47;0,01;0;6;0;4;2;NOM
pinson;p5s§;pinson;NOM;2,86;2,68;1;6;4;4;2;NOM
pinter;p5te;pinter;VER;0,33;0,12;1;6;6;4;2;VER
pintes;p5t;pinte;NOM;1,34;0,44;0;6;0;3;1;NOM
pintée;p5te;pinter;VER;0,33;0,01;0;6;0;4;2;VER
pintés;p5te;pinter;VER;0,33;0;0;6;0;4;2;VER
pinçai;p5sE;pincer;VER;10,84;0;0;6;0;0;2;VER
pinçon;p5s§;pinçon;NOM;0,04;0,04;1;6;6;4;2;NOM
pinède;pinEd;pinède;NOM;0,72;0,58;1;6;4;4;2;NOM
pinéal;pineal;pinéal;ADJ;0,23;0,02;1;6;4;5;3;ADJ
pioche;pjOS;pioche;NOM;4,36;4,18;1;6;6;4;1;NOM,VER
pioche;pjOS;piocher;VER;1,11;0,14;0;6;6;4;1;NOM,VER
pioché;pjOSe;piocher;VER;1,11;0,18;0;6;0;0;2;VER
piolet;pjolE;piolet;NOM;0,31;0,31;1;6;4;5;2;NOM
pionce;pj§s;pioncer;VER;1,63;0,28;0;6;0;0;1;VER
pioncé;pj§se;pioncer;VER;1,63;0,05;0;6;0;4;2;VER
pionne;pjOn;pion;NOM;4,91;0,01;0;6;0;0;1;NOM
pipais;pipE;piper;VER;20,6;0,01;0;6;0;0;2;VER
pipait;pipE;piper;VER;20,6;0,01;0;6;0;0;2;VER
pipant;pip@;piper;VER;20,6;0,1;0;6;0;0;2;VER
pipeau;pipo;pipeau;NOM;2,09;1,84;1;6;5;4;2;NOM
pipera;pip°Ra;piper;VER;20,6;0,01;0;6;0;0;3;VER
pipeur;pip9R;pipeur;NOM;0,14;0;1;6;5;5;2;NOM
pipées;pipe;pipée;NOM;0,02;0;0;6;0;4;2;NOM
piquai;pikE;piquer;VER;50,06;0,01;0;6;0;4;2;VER
piquer;pike;piquer;VER;50,06;15,36;1;6;6;4;2;VER
piques;pik;pique;NOM;6,95;0,92;0;6;0;3;1;NOM,VER
piques;pik;piquer;VER;50,06;1,92;0;6;0;3;1;NOM,VER
piquet;pikE;piquet;NOM;3,64;1,48;1;6;6;4;2;NOM
piquez;pike;piquer;VER;50,06;1,15;0;6;0;4;2;VER
piquée;pike;piquer;VER;50,06;2,79;0;6;0;4;2;VER,ADJ
piquée;pike;piqué;ADJ;1,06;0,2;0;6;0;4;2;VER,ADJ
piqués;pike;piquer;VER;50,06;0,58;0;6;0;4;2;VER,ADJ
piqués;pike;piqué;ADJ;1,06;0,08;0;6;0;4;2;VER,ADJ
piqûre;pikyR;piqûre;NOM;11,41;7,59;1;6;4;4;2;NOM
pirate;piRat;pirate;ADJ;2,28;1,54;1;6;6;5;2;ADJ,NOM,VER
pirate;piRat;pirate;NOM;8,14;3,88;1;6;6;5;2;ADJ,NOM,VER
pirate;piRat;pirater;VER;2,84;0,18;0;6;6;5;2;ADJ,NOM,VER
piraté;piRate;pirater;VER;2,84;1,14;0;6;0;6;3;VER
pisans;piz@;pisan;ADJ;0,1;0;0;6;0;4;2;ADJ,NOM
pisans;piz@;pisan;NOM;0;0;0;6;0;4;2;ADJ,NOM
pissat;pisa;pissat;NOM;0,1;0,1;1;6;6;4;2;NOM
pisser;pise;pisser;VER;39,03;20,83;1;6;6;4;2;VER
pisses;pis;pisse;NOM;5,99;0,01;0;6;0;3;1;NOM,VER
pisses;pis;pisser;VER;39,03;1,05;0;6;0;3;1;NOM,VER
pissez;pise;pisser;VER;39,03;1,07;0;6;0;4;2;VER
pissou;pisu;pissou;NOM;5,28;5,28;1;6;6;4;2;NOM
pissât;pisa;pisser;VER;39,03;0;0;6;0;4;2;VER
pissée;pise;pisser;VER;39,03;0,13;0;6;0;4;2;VER
pister;piste;pister;VER;1,9;0,76;1;6;6;5;2;VER
pistes;pist;piste;NOM;51,77;8,77;0;6;0;4;1;NOM,VER
pistes;pist;pister;VER;1,9;0,02;0;6;0;4;1;NOM,VER
pistez;piste;pister;VER;1,9;0,15;0;6;0;5;2;VER
pistil;pistil;pistil;NOM;0,02;0,02;1;6;5;5;2;NOM
piston;pist§;piston;NOM;2,46;1,79;1;6;6;5;2;NOM
pistou;pistu;pistou;NOM;0,38;0,38;1;6;6;5;2;NOM
pistée;piste;pister;VER;1,9;0,03;0;6;0;5;2;VER
pistés;piste;pister;VER;1,9;0,08;0;6;0;5;2;VER
piteux;pit2;piteux;ADJ;0,82;0,7;1;6;6;4;2;ADJ
pitiés;pitje;pitié;NOM;76,38;0;0;6;0;4;2;NOM
pitons;pit§;piton;NOM;0,46;0,06;0;6;0;4;2;NOM
pitres;pitR;pitre;NOM;1,7;0,15;0;6;0;4;1;NOM
pivert;pivER;pivert;NOM;0,22;0,16;1;6;5;4;2;NOM
pivota;pivota;pivoter;VER;1,19;0;0;6;0;0;3;VER
pivote;pivOt;pivoter;VER;1,19;0,36;0;6;0;0;2;VER
pivots;pivo;pivot;NOM;0,68;0,07;0;6;0;4;2;NOM
pivoté;pivote;pivoter;VER;1,19;0,13;0;6;0;6;3;VER
pixels;piksEl;pixel;NOM;0,36;0,34;0;6;0;5;2;NOM
pizzas;pidza;pizza;NOM;23,09;4,49;0;6;0;5;2;NOM
pièces;pjEs;pièce;NOM;151,1;40,44;0;6;0;4;1;NOM
pièges;pjEZ;piège;NOM;33,12;5,59;0;6;0;4;1;NOM,VER
pièges;pjEZ;piéger;VER;21,77;0,07;0;6;0;4;1;NOM,VER
piètre;pjEtR;piètre;ADJ;2,65;2,47;1;6;6;5;1;ADJ
piéger;pjeZe;piéger;VER;21,77;6,33;1;6;6;5;2;VER
piégez;pjeZe;piéger;VER;21,77;0,07;0;6;0;5;2;VER
piégée;pjeZe;piéger;VER;21,77;2,34;0;6;0;5;2;VER
piégés;pjeZe;piéger;VER;21,77;2,53;0;6;0;5;2;VER
piéter;pjete;piéter;VER;0,01;0;1;6;6;5;2;VER
piétin;pjet5;piétin;NOM;0;0;1;6;6;5;2;NOM
piéton;pjet§;piéton;ADJ;0,85;0,54;1;6;6;5;2;ADJ,NOM
piéton;pjet§;piéton;NOM;0,75;0,54;1;6;6;5;2;ADJ,NOM
placer;plasER;placer;NOM;0,22;0,22;1;6;6;6;2;NOM,VER
placer;plase;placer;VER;52,94;10,24;1;6;6;5;2;NOM,VER
places;plas;place;NOM;301,3;20,76;0;6;0;4;1;NOM,VER
places;plas;placer;VER;52,94;0,97;0;6;0;4;1;NOM,VER
placet;plasE;placet;NOM;0,01;0;1;6;6;5;2;NOM
placez;plase;placer;VER;52,94;4,01;0;6;0;5;2;VER
placée;plase;placer;VER;52,94;4,51;0;6;0;5;2;VER,ADJ
placée;plase;placé;ADJ;6,18;1,07;0;6;0;5;2;VER,ADJ
placés;plase;placer;VER;52,94;2,19;0;6;0;5;2;VER,ADJ
placés;plase;placé;ADJ;6,18;1,78;0;6;0;5;2;VER,ADJ
plages;plaZ;plage;NOM;48,19;3,2;0;6;0;4;1;NOM
plagie;plaZi;plagier;VER;0,4;0,03;0;6;0;0;2;VER
plagié;plaZje;plagier;VER;0,4;0,25;0;6;0;6;2;VER
plaida;plEda;plaider;VER;11,46;0,14;0;6;0;0;2;VER
plaide;plEd;plaider;VER;11,46;2,75;0;6;0;4;1;VER
plaids;plEd;plaid;NOM;0,34;0,05;0;6;0;4;1;NOM
plaidé;plede;plaider;VER;11,46;1,03;0;6;0;4;2;VER
plaies;plE;plaie;NOM;15,02;4,59;0;6;0;3;1;NOM
plaine;plEn;plaine;ADJ;0,71;0,41;1;6;6;4;1;ADJ,NOM
plaine;plEn;plaine;NOM;3,52;3,52;1;6;6;4;1;ADJ,NOM
plains;pl5;plain;ADJ;0,6;0,29;0;6;0;3;1;ADJ,VER
plains;pl5;plaindre;VER;61,25;12,84;0;6;0;3;1;ADJ,VER
plaint;pl5;plaindre;VER;61,25;7,28;0;6;0;3;1;VER
plaira;plERa;plaire;VER;607,21;12,63;0;6;0;0;2;VER
plaire;plER;plaire;VER;607,21;19;1;6;5;4;1;VER
plaise;plEz;plaire;VER;607,21;6,49;0;6;0;0;1;VER
planas;plana;planer;VER;7,86;0;0;6;0;0;2;VER
planer;plane;planer;VER;7,86;2,25;1;6;6;5;2;VER
planes;plan;plan;ADJ;4,08;0,01;0;6;0;4;1;ADJ,NOM,VER
planes;plan;plane;NOM;0,48;0;0;6;0;4;1;ADJ,NOM,VER
planes;plan;planer;VER;7,86;0,58;0;6;0;4;1;ADJ,NOM,VER
planez;plane;planer;VER;7,86;0,12;0;6;0;5;2;VER
planta;pl@ta;planter;VER;38,29;0,19;0;6;0;0;2;VER
plante;pl@t;plante;NOM;21,86;9;1;6;6;4;1;NOM,VER
plante;pl@t;planter;VER;38,29;4,73;0;6;6;4;1;NOM,VER
plants;pl@;plant;NOM;2,54;1,47;0;6;0;3;1;NOM
planté;pl@te;planter;VER;38,29;11,2;0;6;6;5;2;VER,ADJ
planté;pl@te;planté;ADJ;3,39;2,25;1;6;6;5;2;VER,ADJ
plaqua;plaka;plaquer;VER;12,46;0,01;0;6;0;0;2;VER
plaque;plak;plaque;NOM;20,48;13,87;1;6;6;4;1;NOM,VER
plaque;plak;plaquer;VER;12,46;1,95;0;6;6;4;1;NOM,VER
plaqué;plake;plaquer;VER;12,46;4,37;0;6;6;5;2;VER,ADJ
plaqué;plake;plaqué;ADJ;0,42;0,15;1;6;6;5;2;VER,ADJ
plasma;plasma;plasma;NOM;2,85;2,85;1;6;6;6;2;NOM
plaste;plast;plaste;NOM;0,01;0,01;1;6;6;5;1;NOM
plates;plat;plat;ADJ;14,66;0,92;0;6;0;4;1;ADJ,NOM
plates;plat;plate;NOM;0,54;0,02;0;6;0;4;1;ADJ,NOM
platée;plate;platée;NOM;0,04;0,04;1;6;5;5;2;NOM
playon;plEj§;playon;NOM;0,02;0,02;1;6;5;5;2;NOM
plazza;pladza;plazza;NOM;0,05;0,05;1;6;5;4;2;NOM
plaçai;plasE;placer;VER;52,94;0,02;0;6;0;5;2;VER
plaçât;plasa;placer;VER;52,94;0;0;6;0;0;2;VER
please;pliz;please;ADV;3,18;3,18;1;6;4;4;1;ADV
pleine;plEn;plein;ADJ;208,75;82,13;0;6;0;4;1;ADJ
pleins;pl5;plein;ADJ;208,75;13,46;0;6;0;3;1;ADJ,NOM
pleins;pl5;plein;NOM;9,7;0,53;0;6;0;3;1;ADJ,NOM
pleura;pl2Ra;pleurer;VER;191,64;0,81;0;6;0;0;2;VER
pleure;pl9R;pleurer;VER;191,64;60,17;0;6;0;4;1;VER
pleurs;pl9R;pleur;NOM;9,52;9,32;0;6;0;4;1;NOM
pleuré;pl9Re;pleurer;VER;191,64;16,91;0;6;0;0;2;VER
pleuve;pl2v;pleuvoir;VER;67,17;3,29;0;6;0;0;1;VER
plexus;plEksys;plexus;NOM;0,43;0,43;1;6;5;6;2;NOM
pleyel;plEjEl;pleyel;NOM;0,02;0,02;1;6;4;5;2;NOM
pliage;plijaZ;pliage;NOM;0,12;0,11;1;6;5;5;2;NOM
pliais;plijE;plier;VER;14,37;0,01;0;6;0;0;2;VER
pliait;plijE;plier;VER;14,37;0,13;0;6;0;0;2;VER
pliant;plij@;pliant;ADJ;0,54;0,34;1;6;5;5;2;ADJ,NOM,VER
pliant;plij@;pliant;NOM;0,28;0,27;1;6;5;5;2;ADJ,NOM,VER
pliant;plij@;plier;VER;14,37;0,17;0;6;5;5;2;ADJ,NOM,VER
plient;pli;plier;VER;14,37;0,22;0;6;0;3;1;VER
pliera;pliRa;plier;VER;14,37;0,08;0;6;0;0;2;VER
plieur;plij9R;plieur;NOM;0,02;0,01;1;6;5;5;2;NOM
plioir;plijwaR;plioir;NOM;0;0;1;6;5;5;2;NOM
plions;plij§;plier;VER;14,37;0,22;0;6;0;0;2;VER,NOM
plions;plij§;plion;NOM;0,03;0,03;0;6;0;0;2;VER,NOM
plique;plik;plique;NOM;0,03;0,03;1;6;4;4;1;NOM
plissa;plisa;plisser;VER;0,59;0;0;6;0;0;2;VER
plisse;plis;plisser;VER;0,59;0,1;0;6;0;0;1;VER
plissé;plise;plisser;VER;0,59;0,12;0;6;6;5;2;VER,ADJ,NOM
plissé;plise;plissé;ADJ;0,33;0,06;1;6;6;5;2;VER,ADJ,NOM
plissé;plise;plissé;NOM;0,04;0,04;1;6;6;5;2;VER,ADJ,NOM
pliure;plijyR;pliure;NOM;0,03;0,03;1;6;4;5;2;NOM
pliées;plije;plier;VER;14,37;0,37;0;6;0;5;2;VER
plombe;pl§b;plombe;NOM;1;0,45;1;6;6;4;1;NOM,VER
plombe;pl§b;plomber;VER;1,77;0,44;0;6;6;4;1;NOM,VER
plombs;pl§;plomb;NOM;20,24;9,62;0;6;0;3;1;NOM
plombé;pl§be;plomber;VER;1,77;0,32;0;6;6;5;2;VER,ADJ
plombé;pl§be;plombé;ADJ;0,2;0,13;1;6;6;5;2;VER,ADJ
plonge;pl§Z;plonge;NOM;2,29;2,29;1;6;6;4;1;NOM,VER
plonge;pl§Z;plonger;VER;31,96;5,37;0;6;6;4;1;NOM,VER
plongé;pl§Ze;plonger;VER;31,96;5,87;0;6;0;5;2;VER
ploucs;pluk;plouc;ADJ;1,18;0,24;0;6;0;4;1;ADJ,NOM
ploucs;pluk;plouc;NOM;3,9;1,55;0;6;0;4;1;ADJ,NOM
ployer;plwaje;ployer;VER;0,44;0,14;1;6;5;6;2;VER
ployée;plwaje;ployer;VER;0,44;0;0;6;0;6;2;VER
ployés;plwaje;ployer;VER;0,44;0;0;6;0;6;2;VER
pluche;plyS;plucher;VER;0,01;0,01;0;6;0;4;1;VER
pluies;pl8i;pluie;NOM;46,1;3,19;0;6;0;3;1;NOM
plumer;plyme;plumer;VER;2,44;1,06;1;6;6;5;2;VER
plumes;plym;plume;NOM;15,29;8,69;0;6;0;4;1;NOM,VER
plumes;plym;plumer;VER;2,44;0,07;0;6;0;4;1;NOM,VER
plumet;plymE;plumet;NOM;0,23;0,23;1;6;6;5;2;NOM
plumez;plyme;plumer;VER;2,44;0,04;0;6;0;5;2;VER
plumée;plyme;plumer;VER;2,44;0,26;0;6;5;5;2;VER,NOM
plumée;plyme;plumée;NOM;0,02;0,02;1;6;5;5;2;VER,NOM
plumés;plyme;plumer;VER;2,44;0,08;0;6;0;5;2;VER
plusse;plys;plaire;VER;607,21;0;0;6;0;4;1;VER
pluton;plyt§;pluton;NOM;0,14;0,14;1;6;6;5;2;NOM
plutôt;plyto;plutôt;ADV;210,4;210,4;1;6;5;5;2;ADV
plâtra;platRa;plâtrer;VER;0,6;0;0;6;0;6;2;VER
plâtre;platR;plâtre;NOM;5,42;5,06;1;6;6;5;1;NOM,VER
plâtre;platR;plâtrer;VER;0,6;0,11;0;6;6;5;1;NOM,VER
plâtré;platRe;plâtrer;VER;0,6;0,12;0;6;6;6;2;VER,ADJ
plâtré;platRe;plâtré;ADJ;0,25;0,13;1;6;6;6;2;VER,ADJ
plèvre;plEvR;plèvre;NOM;0,31;0,31;1;6;4;4;1;NOM
plénum;plenOm;plénum;NOM;0,11;0,11;1;6;5;5;2;NOM
pneumo;pn2mo;pneumo;NOM;0,26;0,26;1;6;6;5;2;NOM
pocher;poSe;pocher;VER;0,36;0,07;1;6;6;4;2;VER
poches;pOS;poche;NOM;49,65;13,42;0;6;0;3;1;NOM,VER
poches;pOS;pocher;VER;0,36;0,02;0;6;0;3;1;NOM,VER
pochon;poS§;pochon;NOM;0,01;0,01;1;6;6;4;2;NOM
pochée;poSe;pocher;VER;0,36;0,01;0;6;0;4;2;VER,ADJ
pochée;poSe;poché;ADJ;0,61;0,01;0;6;0;4;2;VER,ADJ
pochés;poSe;pocher;VER;0,36;0,03;0;6;0;4;2;VER,ADJ
pochés;poSe;poché;ADJ;0,61;0,28;0;6;0;4;2;VER,ADJ
podium;podjOm;podium;NOM;2,16;2,12;1;6;4;4;2;NOM
pognes;pON;pogne;NOM;0,76;0,07;0;6;0;3;1;NOM
pognon;poN§;pognon;NOM;13,85;13,85;1;6;5;3;2;NOM
pogrom;pogROm;pogrom;NOM;0,05;0,04;1;6;6;3;2;NOM
poigne;pwaN;poigne;NOM;1,96;1,95;1;6;6;4;1;NOM
poiler;pwale;poiler;VER;0,06;0,03;1;6;6;5;2;VER
poilue;pwaly;poilu;ADJ;4,3;0,75;0;6;0;5;2;ADJ
poilus;pwaly;poilu;ADJ;4,3;0,92;0;6;0;5;2;ADJ
poilés;pwale;poiler;VER;0,06;0;0;6;0;5;2;VER
poings;pw5;poing;NOM;17,52;4,27;0;6;0;3;1;NOM
pointa;pw5ta;pointer;VER;25,45;0,03;0;6;0;0;2;VER
pointe;pw5t;pointe;NOM;13,32;11,37;1;6;6;4;1;NOM,VER
pointe;pw5t;pointer;VER;25,45;8,45;0;6;6;4;1;NOM,VER
points;pw5;point;NOM;225,32;38,62;0;6;0;3;1;NOM
pointu;pw5ty;pointu;ADJ;4,38;2,17;1;6;6;5;2;ADJ
pointé;pw5te;pointer;VER;25,45;3,17;0;6;6;5;2;VER,ADJ
pointé;pw5te;pointé;ADJ;1,36;0,97;1;6;6;5;2;VER,ADJ
poirer;pwaRe;poirer;VER;0;0;1;6;6;5;2;VER
poires;pwaR;poire;NOM;7,58;1,91;0;6;0;4;1;NOM
poirée;pwaRe;poiré;NOM;0;0;0;6;0;5;2;NOM
poison;pwaz§;poison;NOM;19,76;18,59;1;6;5;4;2;NOM
poisse;pwas;poisse;NOM;5,62;5,61;1;6;6;4;1;NOM,VER
poisse;pwas;poisser;VER;0,33;0,15;0;6;6;4;1;NOM,VER
poissé;pwase;poisser;VER;0,33;0;0;6;0;5;2;VER
poivra;pwavRa;poivrer;VER;0,17;0;0;6;0;0;2;VER
poivre;pwavR;poivre;NOM;3,8;3,79;1;6;6;5;1;NOM,VER
poivre;pwavR;poivrer;VER;0,17;0,06;0;6;6;5;1;NOM,VER
poivré;pwavRe;poivrer;VER;0,17;0,04;0;6;6;6;2;VER,ADJ
poivré;pwavRe;poivré;ADJ;0,11;0,02;1;6;6;6;2;VER,ADJ
pokers;pokER;poker;NOM;10,76;0,14;0;6;0;3;2;NOM
polack;polak;polack;ADJ;0,06;0,04;1;6;5;5;2;ADJ,NOM
polack;polak;polack;NOM;1,48;1,37;1;6;5;5;2;ADJ,NOM
polaks;polak;polak;NOM;0,17;0,05;0;6;0;5;2;NOM
polars;polaR;polar;NOM;0,86;0,63;0;6;0;5;2;NOM
polder;pOldER;polder;NOM;0;0;1;6;4;4;2;NOM
police;polis;police;NOM;276,21;274,31;1;6;6;5;2;NOM,VER
police;polis;policer;VER;1,27;1,21;0;6;6;5;2;NOM,VER
policé;polise;policer;VER;1,27;0,01;0;6;6;6;3;VER,ADJ
policé;polise;policé;ADJ;0,02;0;1;6;6;6;3;VER,ADJ
polies;poli;poli;ADJ;4,68;0,08;0;6;0;4;2;ADJ,VER
polies;poli;polir;VER;9,45;0,01;0;6;0;4;2;ADJ,VER
polios;poljo;polio;NOM;1,1;0,02;0;6;0;5;2;NOM
polish;pOliS;polish;NOM;0,06;0,06;1;6;6;5;2;NOM
polkas;pOlka;polka;NOM;1,98;0,08;0;6;0;4;2;NOM
pollen;polEn;pollen;NOM;1,37;1,2;1;6;5;5;2;NOM
pollue;poly;polluer;VER;3,38;0,45;0;6;0;0;2;VER
pollué;pol8e;polluer;VER;3,38;0,57;0;6;0;5;2;VER
polope;polOp;polope;ONO;0;0;1;6;5;4;2;ONO
polski;pOlski;polski;NOM;0,14;0,14;1;6;4;4;2;NOM
polype;polip;polype;NOM;0,32;0,23;1;6;6;5;2;NOM
pomelo;pOmelo;pomelo;NOM;0,01;0,01;1;6;5;5;3;NOM
pommer;pOme;pommer;VER;0,38;0,04;1;6;6;4;2;VER
pommes;pOm;pomme;NOM;42,35;22,57;0;6;0;3;1;NOM,VER
pommes;pOm;pommer;VER;0,38;0,18;0;6;0;3;1;NOM,VER
pommée;pome;pommer;VER;0,38;0;0;6;0;4;2;VER,ADJ
pommée;pome;pommé;ADJ;0,01;0,01;0;6;0;4;2;VER,ADJ
pommés;pome;pommé;ADJ;0,01;0;0;6;0;4;2;ADJ
pompai;p§pE;pomper;VER;5,24;0;0;6;0;0;2;VER
pomper;p§pe;pomper;VER;5,24;1,72;1;6;6;4;2;VER
pompes;p§p;pompe;NOM;22,92;12,41;0;6;0;3;1;NOM,VER
pompes;p§p;pomper;VER;5,24;0,55;0;6;0;3;1;NOM,VER
pompez;p§pe;pomper;VER;5,24;0,66;0;6;0;4;2;VER
pompon;p§p§;pompon;NOM;1,56;1,22;1;6;6;4;2;NOM
pompée;p§pe;pomper;VER;5,24;0,25;0;6;0;4;2;VER
pompés;p§pe;pomper;VER;5,24;0,01;0;6;0;4;2;VER,ADJ
pompés;p§pe;pompé;ADJ;0,04;0;0;6;0;4;2;VER,ADJ
pomélo;pomelo;pomélo;NOM;0,01;0,01;1;6;5;5;3;NOM
ponant;pon@;ponant;NOM;0,04;0,04;1;6;4;4;2;NOM
poncer;p§se;poncer;VER;0,42;0,16;1;6;6;4;2;VER
ponces;p§s;poncer;VER;0,42;0;0;6;0;3;1;VER
poncho;p§tSo;poncho;NOM;1,04;1;1;6;5;4;2;NOM
poncif;p§sif;poncif;NOM;0,01;0;1;6;5;4;2;NOM
poncée;p§se;poncer;VER;0,42;0;0;6;0;4;2;VER
poncés;p§se;poncer;VER;0,42;0;0;6;0;4;2;VER
pondes;p§d;pondre;VER;5,41;0;0;6;0;0;1;VER
pondez;p§de;pondre;VER;5,41;0,06;0;6;0;0;2;VER
pondra;p§dRa;pondre;VER;5,41;0,04;0;6;0;0;2;VER
pondre;p§dR;pondre;VER;5,41;1,64;1;6;5;4;1;VER
pondue;p§dy;pondre;VER;5,41;0,01;0;6;0;0;2;VER
pondus;p§dy;pondre;VER;5,41;0,02;0;6;0;0;2;VER
poneys;ponE;poney;NOM;4,8;1,1;0;6;0;4;2;NOM
ponter;p§te;ponter;VER;0,52;0,21;1;6;6;4;2;VER
pontes;p§t;ponte;NOM;2,35;0,89;0;6;0;3;1;NOM
pontet;p§tE;pontet;NOM;0,01;0,01;1;6;6;4;2;NOM
pontil;p§til;pontil;NOM;0;0;1;6;6;5;2;NOM
pontin;p§t5;pontin;ADJ;0,11;0,1;1;6;6;4;2;ADJ
ponton;p§t§;ponton;NOM;1,01;0,98;1;6;6;4;2;NOM
popaul;popOl;popaul;NOM;0,28;0,28;1;6;4;5;2;NOM
popote;popOt;popote;ADJ;0,01;0,01;1;6;6;5;2;ADJ,NOM
popote;popOt;popote;NOM;0,4;0,39;1;6;6;5;2;ADJ,NOM
populo;popylo;populo;NOM;0,17;0,17;1;6;6;6;3;NOM
porche;pORS;porche;NOM;3,1;2,95;1;6;6;4;1;NOM
porcif;pORsif;porcif;NOM;0;0;1;6;6;5;2;NOM
porcin;pORs5;porcin;ADJ;0,29;0,19;1;6;6;5;2;ADJ,NOM
porcin;pORs5;porcin;NOM;0,12;0,02;1;6;6;5;2;ADJ,NOM
poreux;poR2;poreux;ADJ;0,7;0,49;1;6;5;4;2;ADJ
pornos;pORno;porno;ADJ;7,2;2,07;0;6;0;5;2;ADJ,NOM
pornos;pORno;porno;NOM;9,77;1,03;0;6;0;5;2;ADJ,NOM
porque;pORk;porque;NOM;0,32;0,32;1;6;4;4;1;NOM
portai;pORtE;porter;VER;319,98;0,12;0;6;0;0;2;VER
portal;pORtal;portal;ADJ;0,05;0,05;1;6;6;6;2;ADJ
porter;pORtER;porter;NOM;3,87;3,87;1;6;6;5;2;NOM,VER
porter;poRte;porter;VER;319,98;79,04;1;6;6;4;2;NOM,VER
portes;pORt;porte;NOM;333,85;45,46;0;6;0;4;1;NOM,VER
portes;pORt;porter;VER;319,98;17,94;0;6;0;4;1;NOM,VER
portez;pORte;porter;VER;319,98;16,22;0;6;0;5;2;VER
portor;pORtOR;portor;NOM;0;0;1;6;6;6;2;NOM
portos;pORto;porto;NOM;2,3;0,03;0;6;0;5;2;NOM
portus;pORty;portus;NOM;0;0;1;6;6;5;2;NOM
portât;pORta;porter;VER;319,98;0,01;0;6;0;0;2;VER
portée;pORte;porter;VER;319,98;4,48;0;6;6;5;2;VER,ADJ,NOM
portée;pORte;portée;ADJ;1,46;1,44;1;6;6;5;2;VER,ADJ,NOM
portée;pORte;portée;NOM;13,38;13,05;1;6;6;5;2;VER,ADJ,NOM
portés;pORte;porter;VER;319,98;2,7;0;6;0;5;2;VER
posada;pozada;posada;NOM;0,12;0,12;1;6;4;4;3;NOM
posais;pozE;poser;VER;217,2;1,77;0;6;0;0;2;VER
posait;pozE;poser;VER;217,2;3,38;0;6;0;0;2;VER
posant;poz@;poser;VER;217,2;1,47;0;6;0;0;2;VER
posent;poz;poser;VER;217,2;3,54;0;6;0;3;1;VER
posera;poz°Ra;poser;VER;217,2;3,04;0;6;0;0;3;VER
poseur;poz9R;poseur;ADJ;0,33;0,22;1;6;5;4;2;ADJ,NOM
poseur;poz9R;poseur;NOM;0,96;0,67;1;6;5;4;2;ADJ,NOM
posiez;pozje;poser;VER;217,2;0,47;0;6;0;0;2;VER
posons;poz§;poser;VER;217,2;1,38;0;6;0;0;2;VER
postai;pOstE;poster;VER;9,54;0,01;0;6;0;0;2;VER
postal;pOstal;postal;ADJ;9,04;1,69;1;6;6;6;2;ADJ
poster;pOste;poster;ADJ;0,82;0,81;1;6;6;5;2;ADJ,NOM,VER
poster;pOste;poster;NOM;2,41;1,6;1;6;6;5;2;ADJ,NOM,VER
poster;pOste;poster;VER;9,54;2,51;1;6;6;5;2;ADJ,NOM,VER
postes;pOst;poste;NOM;82,87;10,23;0;6;0;4;1;NOM,VER
postes;pOst;poster;VER;9,54;0,18;0;6;0;4;1;NOM,VER
postez;pOste;poster;VER;9,54;0,8;0;6;0;5;2;VER
postée;pOste;poster;VER;9,54;0,68;0;6;0;5;2;VER,ADJ
postée;pOste;posté;ADJ;0,34;0,07;0;6;0;5;2;VER,ADJ
postés;pOste;poster;VER;9,54;0,7;0;6;0;5;2;VER,ADJ
postés;pOste;posté;ADJ;0,34;0,16;0;6;0;5;2;VER,ADJ
posées;poze;poser;VER;217,2;1,13;0;6;0;4;2;VER,ADJ
posées;poze;posé;ADJ;2,01;0,51;0;6;0;4;2;VER,ADJ
potage;potaZ;potage;NOM;3,28;3,07;1;6;6;5;2;NOM
potard;potaR;potard;NOM;0;0;1;6;5;5;2;NOM
poteau;poto;poteau;NOM;5,17;3,88;1;6;5;4;2;NOM
potelé;pOt°le;potelé;ADJ;0,79;0,33;1;6;5;5;3;ADJ
potier;potje;potier;NOM;0,47;0,26;1;6;5;4;2;NOM
potine;potin;potiner;VER;0,01;0,01;0;6;0;0;2;VER
potins;pot5;potin;NOM;2,02;1,41;0;6;0;4;2;NOM
potion;posj§;potion;NOM;11,59;10,01;1;6;5;5;2;NOM
potées;pote;potée;NOM;0,04;0;0;6;0;4;2;NOM
pouces;pus;pouce;NOM;15,72;3,83;0;6;0;3;1;NOM
poucet;pusE;poucet;NOM;0,84;0,84;1;6;6;4;2;NOM
poudra;pudRa;poudrer;VER;0,95;0;0;6;0;0;2;VER
poudre;pudR;poudre;NOM;23,11;22,09;1;6;6;4;1;NOM,VER
poudre;pudR;poudrer;VER;0,95;0,2;0;6;6;4;1;NOM,VER
poudré;pudRe;poudrer;VER;0,95;0,19;0;6;6;5;2;VER,ADJ
poudré;pudRe;poudré;ADJ;0,09;0,02;1;6;6;5;2;VER,ADJ
pouffa;pufa;pouffer;VER;0,98;0;0;6;0;0;2;VER
pouffe;puf;pouffer;VER;0,98;0,41;0;6;0;3;1;VER
pouffé;pufe;pouffer;VER;0,98;0;0;6;0;4;2;VER
poules;pul;poule;NOM;36,7;13,21;0;6;0;3;1;NOM
poulet;pulE;poulet;NOM;41,25;32,33;1;6;6;4;2;NOM
poulie;puli;poulie;NOM;0,83;0,57;1;6;6;4;2;NOM
poulot;pulo;poulot;NOM;0;0;1;6;6;4;2;NOM
poulpe;pulp;poulpe;NOM;1,77;1,48;1;6;5;4;1;NOM
poumon;pum§;poumon;NOM;16,65;4,55;1;6;4;3;2;NOM
pounds;pawndz;pound;NOM;0,2;0,16;0;6;0;0;1;NOM
poupin;pup5;poupin;ADJ;0;0;1;6;5;4;2;ADJ
poupon;pup§;poupon;NOM;0,33;0,33;1;6;6;4;2;NOM
poupée;pupe;poupée;NOM;27,59;22,05;1;6;5;4;2;NOM
pourim;puRim;pourim;NOM;0,68;0,68;1;6;5;5;2;NOM
pourra;puRa;pouvoir;VER;5524,47;85,18;0;6;0;0;2;VER
pourri;puRi;pourri;ADJ;18,09;9,23;1;6;6;4;2;ADJ,NOM,VER
pourri;puRi;pourri;NOM;4,59;3,36;1;6;6;4;2;ADJ,NOM,VER
pourri;puRi;pourrir;VER;22,86;6,46;0;6;6;4;2;ADJ,NOM,VER
pourvu;puRvy;pourvoir;VER;21,48;18,5;0;6;0;0;2;VER
poussa;pusa;pousser;VER;125,61;0,98;0;6;0;4;2;VER
pousse;pus;pousse;NOM;8,57;7,3;1;6;6;3;1;NOM,VER
pousse;pus;pousser;VER;125,61;29,6;0;6;6;3;1;NOM,VER
poussé;puse;pousser;VER;125,61;18,46;0;6;6;4;2;VER,ADJ
poussé;puse;poussé;ADJ;1,34;0,47;1;6;6;4;2;VER,ADJ
poutou;putu;poutou;NOM;0,06;0,06;1;6;5;4;2;NOM
poutre;putR;poutre;NOM;2,04;1,38;1;6;6;4;1;NOM
pouvez;puve;pouvoir;VER;5524,47;353,43;0;6;0;0;2;VER
poèmes;poEm;poème;NOM;27,03;11,05;0;6;0;4;2;NOM
poètes;poEt;poète;NOM;22,65;5,17;0;6;0;4;2;NOM
poésie;poezi;poésie;NOM;19,07;17,56;1;6;4;4;3;NOM
poêles;pwal;poêle;NOM;5,12;0,55;0;6;0;4;1;NOM
poêlon;pwal§;poêlon;NOM;0,16;0,16;1;6;5;5;2;NOM
praire;pRER;praire;NOM;0,13;0,01;1;6;6;4;1;NOM
praxie;pRaksi;praxie;NOM;0,1;0,1;1;6;4;5;2;NOM
prends;pR@;prendre;VER;1913,83;431,5;0;6;0;0;1;VER
prenez;pR°ne;prendre;VER;1913,83;175,12;0;6;0;0;2;VER
prenne;pREn;prendre;VER;1913,83;21,02;0;6;0;0;1;VER
pressa;pREsa;presser;VER;52,28;0,03;0;6;0;0;2;VER
presse;pREs;presse;NOM;45,77;45,1;1;6;6;4;1;NOM,VER
presse;pREs;presser;VER;52,28;18,49;0;6;6;4;1;NOM,VER
pressé;pRese;presser;VER;52,28;17,12;0;6;6;5;2;VER,ADJ,NOM
pressé;pRese;pressé;ADJ;25,09;9,96;1;6;6;5;2;VER,ADJ,NOM
pressé;pRese;pressé;NOM;0,4;0,2;1;6;6;5;2;VER,ADJ,NOM
preste;pREst;preste;ADJ;0,04;0,04;1;6;6;5;1;ADJ
presto;pREsto;presto;ADV;1,18;1,18;1;6;6;6;2;ADV
preuve;pR9v;preuve;NOM;107,54;60,79;1;6;5;3;1;NOM
priais;pRijE;prier;VER;313,12;1,16;0;6;0;0;2;VER
priait;pRijE;prier;VER;313,12;1,34;0;6;0;0;2;VER
priant;pRij@;priant;ADJ;0,1;0,1;1;6;5;5;2;ADJ,NOM,VER
priant;pRij@;priant;NOM;0;0;1;6;5;5;2;ADJ,NOM,VER
priant;pRij@;prier;VER;313,12;1,61;0;6;5;5;2;ADJ,NOM,VER
prient;pRi;prier;VER;313,12;1,52;0;6;0;3;1;VER
priera;pRiRa;prier;VER;313,12;0,29;0;6;0;0;2;VER
prieur;pRij9R;prieur;ADJ;0,38;0,38;1;6;6;6;2;ADJ,NOM
prieur;pRij9R;prieur;NOM;0,29;0,29;1;6;6;6;2;ADJ,NOM
primal;pRimal;primal;ADJ;0,29;0,11;1;6;6;6;2;ADJ
primat;pRima;primat;NOM;0,09;0,09;1;6;6;5;2;NOM
primer;pRime;primer;VER;2,01;0,15;1;6;6;5;2;VER
primes;pRim;prime;ADJ;2,37;0,81;0;6;0;4;1;ADJ,NOM
primes;pRim;prime;NOM;17,79;7,17;0;6;0;4;1;ADJ,NOM
primée;pRime;primer;VER;2,01;0,05;0;6;0;5;2;VER,ADJ
primée;pRime;primé;ADJ;0,14;0,03;0;6;0;5;2;VER,ADJ
primés;pRime;primé;ADJ;0,14;0,03;0;6;0;5;2;ADJ
prince;pR5s;prince;NOM;98,9;44,83;1;6;6;4;1;NOM
prions;pRij§;prier;VER;313,12;6,14;0;6;0;5;2;VER,NOM
prions;pRij§;prion;NOM;3,11;2,69;0;6;0;5;2;VER,NOM
priser;pRize;priser;VER;2,59;0,06;1;6;6;5;2;VER
prises;pRiz;prendre;VER;1913,83;8,42;0;6;0;4;1;VER,ADJ,NOM
prises;pRiz;pris;ADJ;12,4;1,7;0;6;0;4;1;VER,ADJ,NOM
prises;pRiz;prise;NOM;28,25;5,33;0;6;0;4;1;VER,ADJ,NOM
prises;pRiz;priser;VER;2,59;0,02;0;6;0;4;1;VER,ADJ,NOM
prisez;pRize;priser;VER;2,59;0;0;6;0;5;2;VER
prisme;pRizm;prisme;NOM;0,11;0,1;1;6;6;5;1;NOM
prison;pRiz§;prison;NOM;147,49;142,97;1;6;6;5;2;NOM
prisse;pRis;prendre;VER;1913,83;0,01;0;6;0;0;1;VER
pristi;pRisti;pristi;ONO;0;0;1;6;5;5;2;ONO
prisée;pRize;priser;VER;2,59;0,06;0;6;5;5;2;VER
prisés;pRize;priser;VER;2,59;0,28;0;6;0;5;2;VER
privai;pRivE;priver;VER;24,06;0;0;6;0;0;2;VER
priver;pRive;priver;VER;24,06;4,19;1;6;5;5;2;VER
prives;pRiv;priver;VER;24,06;0,47;0;6;0;0;1;VER
privez;pRive;priver;VER;24,06;0,54;0;6;0;5;2;VER
privât;pRiva;priver;VER;24,06;0;0;6;0;0;2;VER
privée;pRive;priver;VER;24,06;4,59;0;6;0;5;2;VER,ADJ
privée;pRive;privé;ADJ;36,44;18,8;0;6;0;5;2;VER,ADJ
privés;pRive;priver;VER;24,06;1,44;0;6;0;5;2;VER,ADJ,NOM
privés;pRive;privé;ADJ;36,44;3,04;0;6;0;5;2;VER,ADJ,NOM
privés;pRive;privé;NOM;10,77;0,29;0;6;0;5;2;VER,ADJ,NOM
prière;pRijER;prière;NOM;32,73;19,15;1;6;4;5;2;NOM
priées;pRije;prier;VER;313,12;0,05;0;6;0;5;2;VER
probes;pROb;probe;ADJ;0,38;0,01;0;6;0;4;1;ADJ
proche;pROS;proche;ADJ;55,34;38,29;1;6;6;4;1;ADJ,NOM
proche;pROS;proche;NOM;11,31;3,75;1;6;6;4;1;ADJ,NOM
procès;pRosE;procès;NOM;45,41;45,41;1;6;6;5;2;NOM
profil;pRofil;profil;NOM;14,44;13,38;1;6;6;6;2;NOM
profit;pRofi;profit;NOM;14,29;12,26;1;6;6;5;2;NOM
profus;pRofy;profus;ADJ;0,01;0;1;6;6;5;2;ADJ
proies;pRwa;proie;NOM;10,61;1,42;0;6;0;3;1;NOM
projet;pRoZE;projet;NOM;69,59;44,18;1;6;6;5;2;NOM
projos;pRoZo;projo;NOM;0,66;0,3;0;6;0;5;2;NOM
prolos;pRolo;prolo;NOM;0,9;0,32;0;6;0;5;2;NOM
promet;pRomE;promettre;VER;185,26;8,16;0;6;0;0;2;VER
promis;pRomi;promettre;VER;185,26;82,83;0;6;6;5;2;VER,ADJ,NOM
promis;pRomi;promis;ADJ;10,21;7,92;1;6;6;5;2;VER,ADJ,NOM
promis;pRomi;promis;NOM;21,65;19,93;1;6;6;5;2;VER,ADJ,NOM
promit;pRomi;promettre;VER;185,26;0,52;0;6;0;5;2;VER
promos;pRomo;promo;NOM;4,86;0,12;0;6;0;5;2;NOM
prompt;pR§;prompt;ADJ;2,06;1,7;1;6;6;3;1;ADJ
promue;pRomy;promouvoir;VER;6,08;0,65;0;6;0;5;2;VER,ADJ
promue;pRomy;promu;ADJ;0,52;0,07;0;6;0;5;2;VER,ADJ
promus;pRomy;promouvoir;VER;6,08;0,23;0;6;0;5;2;VER,ADJ
promus;pRomy;promu;ADJ;0,52;0,06;0;6;0;5;2;VER,ADJ
promut;pRomy;promouvoir;VER;6,08;0,01;0;6;0;5;2;VER
promît;pRomi;promettre;VER;185,26;0;0;6;0;5;2;VER
pronom;pRon§;pronom;NOM;0,22;0,12;1;6;6;5;2;NOM
propos;pRopo;propos;NOM;115,21;115,21;1;6;6;5;2;NOM
propre;pROpR;propre;ADJ;163,24;120,61;1;6;6;5;1;ADJ,NOM
propre;pROpR;propre;NOM;10,04;8,21;1;6;6;5;1;ADJ,NOM
prosit;pROzit;prosit;ONO;0,38;0,38;1;6;5;5;2;ONO
protal;pROtal;protal;NOM;0,01;0,01;1;6;6;5;2;NOM
protes;pROt;prote;NOM;0;0;0;6;0;4;1;NOM
proton;pRot§;proton;NOM;0,53;0,21;1;6;6;5;2;NOM
protêt;pRotE;protêt;NOM;0;0;1;6;5;5;2;NOM
proues;pRu;proue;NOM;1,3;0;0;6;0;3;1;NOM
prouts;pRut;prout;NOM;0,32;0,07;0;6;0;4;1;NOM
prouva;pRuva;prouver;VER;88,83;0,04;0;6;0;0;2;VER
prouve;pRuv;prouver;VER;88,83;23,25;0;6;0;0;1;VER
prouvé;pRuve;prouver;VER;88,83;8,53;0;6;6;5;2;VER,ADJ
prouvé;pRuve;prouvé;ADJ;0,97;0,83;1;6;6;5;2;VER,ADJ
provoc;pRovOk;provoc;NOM;0,21;0,21;1;6;6;5;2;NOM
provos;pRovo;provo;NOM;0,17;0,05;0;6;0;5;2;NOM
proxos;pROkso;proxo;NOM;0,06;0;0;6;0;6;2;NOM
prudes;pRyd;prude;ADJ;0,52;0,02;0;6;0;4;1;ADJ,NOM
prudes;pRyd;prude;NOM;0,51;0,2;0;6;0;4;1;ADJ,NOM
prunes;pRyn;prune;NOM;2,94;1,87;0;6;0;4;1;NOM
prunus;pRynys;prunus;NOM;0;0;1;6;5;5;2;NOM
prurit;pRyRit;prurit;NOM;2,15;2,15;1;6;6;6;2;NOM
préaux;pReo;préau;NOM;0,1;0;0;6;0;4;2;NOM
précis;pResi;précis;ADJ;31,59;20,18;1;6;6;5;2;ADJ,NOM
précis;pResi;précis;NOM;0,84;0,84;1;6;6;5;2;ADJ,NOM
prédis;pRedi;prédire;VER;9,05;1,02;0;6;0;5;2;VER
prédit;pRedi;prédire;VER;9,05;4,46;0;6;6;5;2;VER,ADJ
prédit;pRedi;prédit;ADJ;0,03;0,02;1;6;6;5;2;VER,ADJ
préfet;pRefE;préfet;NOM;7,56;7,42;1;6;6;5;2;NOM
préfix;pRefiks;préfix;ADJ;0,01;0,01;1;6;6;7;2;ADJ
prélat;pRela;prélat;NOM;0,14;0,04;1;6;6;5;2;NOM
prénom;pRen§;prénom;NOM;25,88;23,18;1;6;6;5;2;NOM
prévis;pRevi;prévis;NOM;0;0;1;6;6;5;2;NOM
prévit;pRevi;prévoir;VER;78,22;0;0;6;0;5;2;VER
prévue;pRevy;prévoir;VER;78,22;4,35;0;6;0;0;2;VER
prévus;pRevy;prévoir;VER;78,22;0,76;0;6;0;0;2;VER
prévôt;pRevo;prévôt;NOM;0,47;0,39;1;6;6;5;2;NOM
prêcha;pRESa;prêcher;VER;7,82;0,12;0;6;0;0;2;VER
prêche;pRES;prêche;NOM;0,24;0,23;1;6;6;4;1;NOM,VER
prêche;pRES;prêcher;VER;7,82;1,7;0;6;6;4;1;NOM,VER
prêché;pReSe;prêcher;VER;7,82;0,63;0;6;0;5;2;VER
prêles;pREl;prêle;NOM;0;0;0;6;0;4;1;NOM
prêtai;pREtE;prêter;VER;62;0;0;6;0;0;2;VER
prêter;pRete;prêter;VER;62;14,4;1;6;6;5;2;VER
prêtes;pREt;prêt;ADJ;314,64;10,78;0;6;0;0;1;ADJ,VER
prêtes;pREt;prêter;VER;62;3,76;0;6;0;0;1;ADJ,VER
prêtez;pREte;prêter;VER;62;4,16;0;6;0;0;2;VER
prêtre;pREtR;prêtre;NOM;51,69;38,37;1;6;6;5;1;NOM
prêtât;pREta;prêter;VER;62;0;0;6;0;0;2;VER
prêtée;pRete;prêter;VER;62;1,28;0;6;0;5;2;VER,ADJ
prêtée;pRete;prêté;ADJ;0,17;0,11;0;6;0;5;2;VER,ADJ
prêtés;pRete;prêter;VER;62;0,37;0;6;0;5;2;VER,ADJ,NOM
prêtés;pRete;prêté;ADJ;0,17;0,01;0;6;0;5;2;VER,ADJ,NOM
prêtés;pRete;prêté;NOM;0,29;0,01;0;6;0;5;2;VER,ADJ,NOM
prîmes;pRim;prendre;VER;1913,83;0,22;0;6;0;4;1;VER
prôner;pRone;prôner;VER;1,34;0,1;1;6;6;5;2;VER
prônes;pRon;prône;NOM;0,01;0;0;6;0;4;1;NOM,VER
prônes;pRon;prôner;VER;1,34;0,05;0;6;0;4;1;NOM,VER
prônez;pRone;prôner;VER;1,34;0,05;0;6;0;5;2;VER
prônée;pRone;prôner;VER;1,34;0,14;0;6;0;5;2;VER
prônés;pRone;prôner;VER;1,34;0;0;6;0;5;2;VER
psaume;psom;psaume;NOM;1,73;0,83;1;6;5;4;1;NOM
pseudo;ps2do;pseudo;NOM;1,62;1,37;1;6;6;5;2;NOM
psycho;psiko;psycho;ADV;2,11;2,11;1;6;6;5;2;ADV
psyché;psiSe;psyché;NOM;0,73;0,7;1;6;6;5;2;NOM
ptosis;ptozis;ptosis;NOM;0,01;0,01;1;6;3;3;2;NOM
puante;p8@t;puant;ADJ;7,02;1,91;0;6;0;0;1;ADJ
puants;p8@;puant;ADJ;7,02;1,6;0;6;0;3;1;ADJ
pubien;pybj5;pubien;ADJ;1,51;0,57;1;6;5;4;2;ADJ
publia;pyblija;publier;VER;21,07;0,03;0;6;0;0;3;VER
public;pyblik;public;ADJ;44,81;17,9;1;6;6;6;2;ADJ,NOM
public;pyblik;public;NOM;46,97;46,72;1;6;6;6;2;ADJ,NOM
publie;pybli;publier;VER;21,07;1,71;0;6;0;0;2;VER
publié;pyblije;publier;VER;21,07;6,54;0;6;0;7;3;VER
pubère;pybER;pubère;ADJ;0,28;0,2;1;6;4;5;2;ADJ
puceau;pyso;puceau;ADJ;2,92;2,15;1;6;5;4;2;ADJ,NOM
puceau;pyso;puceau;NOM;2,3;0,6;1;6;5;4;2;ADJ,NOM
pucher;pySe;pucher;VER;0,02;0,02;1;6;6;4;2;VER
pucier;pysje;pucier;NOM;0,05;0,05;1;6;4;4;2;NOM
puddle;p9dl;puddler;VER;0,16;0,16;0;6;0;0;1;VER
pudeur;pyd9R;pudeur;NOM;5,08;4,98;1;6;4;4;2;NOM
pueblo;py°blo;pueblo;ADJ;0,05;0,05;1;6;4;3;3;ADJ
pueras;pyRa;puer;VER;36,29;0,23;0;6;0;0;2;VER
puerez;pyRe;puer;VER;36,29;0,01;0;6;0;4;2;VER
puffin;pyf5;puffin;NOM;0,54;0,54;1;6;5;3;2;NOM
puisai;p8izE;puiser;VER;2,97;0,14;0;6;0;0;2;VER
puiser;p8ize;puiser;VER;2,97;1,08;1;6;6;5;2;VER
puises;p8iz;puiser;VER;2,97;0,08;0;6;0;0;1;VER
puisez;p8ize;puiser;VER;2,97;0,04;0;6;0;5;2;VER
puisqu;p8isk;puisqu;CON;0,03;0,03;1;6;6;5;1;CON
puisse;p8is;pouvoir;VER;5524,47;90,37;0;6;0;0;1;VER
puisée;p8ize;puiser;VER;2,97;0,01;0;6;0;5;2;VER
puisés;p8ize;puiser;VER;2,97;0;0;6;0;5;2;VER
pulpes;pylp;pulpe;NOM;0,72;0,1;0;6;0;4;1;NOM
pulque;pylk;pulque;NOM;0,6;0,6;1;6;4;4;1;NOM
pulsar;pylsaR;pulsar;NOM;0,46;0,46;1;6;6;6;2;NOM
pulser;pylse;pulser;VER;0,51;0,11;1;6;6;5;2;VER
punais;pynE;punais;ADJ;0;0;1;6;6;4;2;ADJ
punchs;p9nS;punch;NOM;3,67;0,02;0;6;0;0;1;NOM
punies;pyni;puni;ADJ;1,82;0,02;0;6;0;4;2;ADJ,VER
punies;pyni;punir;VER;41,7;0,2;0;6;0;4;2;ADJ,VER
punira;pyniRa;punir;VER;41,7;1,89;0;6;0;0;3;VER
pureau;pyRo;pureau;NOM;0;0;1;6;5;4;2;NOM
purent;pyR;pouvoir;VER;5524,47;0,24;0;6;0;3;1;VER
pureté;pyR°te;pureté;NOM;6,77;6,77;1;6;5;5;3;NOM
purgea;pyRZa;purger;VER;5,46;0,02;0;6;0;0;2;VER
purger;pyRZe;purger;VER;5,46;1,59;1;6;6;5;2;VER
purges;pyRZ;purge;NOM;1,34;0,84;0;6;0;4;1;NOM,VER
purges;pyRZ;purger;VER;5,46;0,07;0;6;0;4;1;NOM,VER
purgez;pyRZe;purger;VER;5,46;0,23;0;6;0;5;2;VER
purgée;pyRZe;purger;VER;5,46;0,21;0;6;0;5;2;VER
purgés;pyRZe;purger;VER;5,46;0,23;0;6;0;5;2;VER
purées;pyRe;purée;NOM;5,75;0,01;0;6;0;4;2;NOM
pusses;pys;pouvoir;VER;5524,47;0;0;6;0;3;1;VER
putain;pyt5;putain;NOM;306,74;287,83;1;6;5;4;2;NOM
putier;pytje;putier;NOM;0;0;1;6;4;4;2;NOM
putois;pytwa;putois;NOM;1,06;1,06;1;6;4;4;2;NOM
putsch;putS;putsch;NOM;1,46;1,46;1;6;6;4;1;NOM
putter;p9te;putter;VER;0,35;0,35;1;6;5;4;2;VER
puzzle;p9z9l;puzzle;NOM;4,81;4,38;1;6;3;3;2;NOM
puéril;p8eRil;puéril;ADJ;3,73;2,08;1;6;6;6;2;ADJ
puînée;p8ine;puîné;ADJ;0;0;0;6;0;4;2;ADJ
puînés;p8ine;puîné;NOM;0;0;0;6;0;4;2;NOM
pygmée;pigme;pygmée;ADJ;0,1;0,06;1;6;3;5;2;ADJ,NOM
pygmée;pigme;pygmée;NOM;0,58;0,28;1;6;3;5;2;ADJ,NOM
pyjama;piZama;pyjama;NOM;8,11;7,1;1;6;3;4;3;NOM
pylore;pilOR;pylore;NOM;0,02;0,02;1;6;6;5;2;NOM
pylône;pilon;pylône;NOM;0,36;0,31;1;6;4;5;2;NOM
pyrame;piRam;pyrame;NOM;0,01;0,01;1;6;6;5;2;NOM
pyrite;piRit;pyrite;NOM;0,06;0,04;1;6;5;5;2;NOM
pythie;piti;pythie;NOM;0,02;0,02;1;6;5;4;2;NOM
python;pit§;python;NOM;2,33;2,21;1;6;6;4;2;NOM
pâleur;pal9R;pâleur;NOM;1,38;1,38;1;6;5;4;2;NOM
pâlies;pali;pâlir;VER;1,19;0;0;6;0;4;2;VER
pâlots;palo;pâlot;ADJ;0,6;0,01;0;6;0;4;2;ADJ
pâmait;pamE;pâmer;VER;0,47;0,02;0;6;0;0;2;VER
pâmant;pam@;pâmer;VER;0,47;0;0;6;0;0;2;VER
pâment;pam;pâmer;VER;0,47;0,04;0;6;0;0;1;VER
pâmées;pame;pâmer;VER;0,47;0,01;0;6;0;4;2;VER
pâques;pak;pâques;NOM;0,26;0,26;1;6;6;3;1;NOM
pâquis;paki;pâquis;NOM;0;0;1;6;5;4;2;NOM
pâteux;pat2;pâteux;ADJ;0,08;0,02;1;6;6;4;2;ADJ
pâtira;patiRa;pâtir;VER;1,41;0,28;0;6;0;0;3;VER
pâtons;pat§;pâton;NOM;0;0;0;6;0;4;2;NOM
pâtour;patuR;pâtour;NOM;0;0;1;6;5;5;2;NOM
pâtres;patR;pâtre;NOM;0,11;0;0;6;0;4;1;NOM
pâture;patyR;pâture;NOM;1,94;1,73;1;6;6;5;2;NOM
pâturé;patyRe;pâturer;VER;0,03;0,01;0;6;0;6;3;VER
pâtées;pate;pâtée;NOM;1,78;0;0;6;0;4;2;NOM
pèlent;pEl;peler;VER;1,78;0,27;0;6;0;3;1;VER
pèsent;pEz;peser;VER;23,41;2,02;0;6;0;3;1;VER
pèsera;pEz°Ra;peser;VER;23,41;0,3;0;6;0;0;3;VER
pètent;pEt;péter;VER;31,66;0,79;0;6;0;0;1;VER
péages;peaZ;péage;NOM;1,08;0,18;0;6;0;4;2;NOM
pébroc;pebROk;pébroc;NOM;0;0;1;6;6;3;2;NOM
pécari;pekaRi;pécari;NOM;0;0;1;6;5;5;3;NOM
pécher;peSe;pécher;VER;9,87;1,88;1;6;6;4;2;VER
péchez;peSe;pécher;VER;9,87;0,01;0;6;0;4;2;VER
péchés;peSe;pécher;VER;9,87;0,05;0;6;0;4;2;VER,NOM
péchés;peSe;péché;NOM;41,22;15,08;0;6;0;4;2;VER,NOM
pécore;pekOR;pécore;NOM;0,62;0,49;1;6;4;4;2;NOM
pécule;pekyl;pécule;NOM;0,64;0,64;1;6;5;5;2;NOM
pécune;pekyn;pécune;NOM;0;0;1;6;6;5;2;NOM
pédala;pedala;pédaler;VER;1,58;0,01;0;6;0;0;3;VER
pédale;pedal;pédal;NOM;3,38;3,38;0;6;6;5;2;NOM,VER
pédale;pedal;pédale;NOM;6,62;1,7;1;6;6;5;2;NOM,VER
pédale;pedal;pédaler;VER;1,58;0,44;0;6;6;5;2;NOM,VER
pédalo;pedalo;pédalo;NOM;0,05;0,03;1;6;6;6;3;NOM
pédalé;pedale;pédaler;VER;1,58;0,14;0;6;0;6;3;VER
pédant;ped@;pédant;ADJ;0,43;0,18;1;6;6;4;2;ADJ,NOM
pédant;ped@;pédant;NOM;0,16;0,11;1;6;6;4;2;ADJ,NOM
pédégé;pedeZe;pédégé;NOM;0;0;1;6;5;5;3;NOM
pékins;pek5;pékin;NOM;0,32;0,05;0;6;0;4;2;NOM
pénale;penal;pénal;ADJ;4,64;0,54;0;6;0;5;2;ADJ
pénard;penaR;pénard;ADJ;0,02;0,01;1;6;6;5;2;ADJ
pénaux;peno;pénal;ADJ;4,64;0,14;0;6;0;0;2;ADJ
pénien;penj5;pénien;ADJ;0,04;0,02;1;6;5;4;2;ADJ
pépier;pepje;pépier;VER;0,35;0,11;1;6;6;5;2;VER
pépins;pep5;pépin;NOM;5,15;0,84;0;6;0;4;2;NOM
pépite;pepit;pépite;NOM;2,04;0,77;1;6;5;5;2;NOM
pépiés;pepje;pépier;VER;0,35;0;0;6;0;5;2;VER
péplum;peplOm;péplum;NOM;0,1;0;1;6;4;4;2;NOM
pépère;pepER;pépère;ADJ;1,21;1;1;6;5;5;2;ADJ,NOM
pépère;pepER;pépère;NOM;0,86;0,86;1;6;5;5;2;ADJ,NOM
pépées;pepe;pépée;NOM;0,69;0,2;0;6;0;4;2;NOM
péquin;pek5;péquin;NOM;0;0;1;6;5;4;2;NOM
périls;peRil;péril;NOM;7,76;1,45;0;6;0;5;2;NOM
périme;peRim;périmer;VER;1,68;0,02;0;6;0;0;2;VER
périmé;peRime;périmer;VER;1,68;0,69;0;6;6;6;3;VER,ADJ
périmé;peRime;périmé;ADJ;0,79;0,22;1;6;6;6;3;VER,ADJ
périph;peRif;périph;NOM;0,16;0,16;1;6;6;5;2;NOM
périra;peRiRa;périr;VER;11,2;1,01;0;6;0;0;3;VER
péroné;peRone;péroné;NOM;0,27;0,27;1;6;6;6;3;NOM
pérore;peROR;pérorer;VER;0,22;0,15;0;6;0;0;2;VER
pétais;petE;péter;VER;31,66;0,13;0;6;0;0;2;VER
pétait;petE;péter;VER;31,66;0,38;0;6;0;0;2;VER
pétale;petal;pétale;NOM;3,47;1,17;1;6;6;5;2;NOM
pétant;pet@;pétant;ADJ;0,33;0,19;1;6;6;4;2;ADJ,VER
pétant;pet@;péter;VER;31,66;0,25;0;6;6;4;2;ADJ,VER
pétard;petaR;pétard;NOM;7,19;4,77;1;6;6;5;2;NOM
pétase;petaz;pétase;NOM;0;0;1;6;6;5;2;NOM
pétera;pet°Ra;péter;VER;31,66;0,34;0;6;0;0;3;VER
péteur;pet9R;péteur;NOM;0,11;0,11;1;6;6;4;2;NOM
péteux;pet2;péteux;ADJ;0,1;0,06;1;6;6;4;2;ADJ,NOM
péteux;pet2;péteux;NOM;0,3;0,3;1;6;6;4;2;ADJ,NOM
pétiez;petje;péter;VER;31,66;0,02;0;6;0;0;2;VER
pétons;pet§;péter;VER;31,66;0,01;0;6;0;0;2;VER
pétrel;petREl;pétrel;NOM;0,02;0,02;1;6;6;5;2;NOM
pétrie;petRi;pétri;ADJ;0,27;0,06;0;6;0;5;2;ADJ,VER
pétrie;petRi;pétrir;VER;1,48;0,17;0;6;0;5;2;ADJ,VER
pétrin;petR5;pétrin;NOM;10,89;10,82;1;6;6;5;2;NOM
pétrir;petRiR;pétrir;VER;1,48;0,68;1;6;6;6;2;VER
pétris;petRi;pétri;ADJ;0,27;0,14;0;6;0;5;2;ADJ,VER
pétris;petRi;pétrir;VER;1,48;0,06;0;6;0;5;2;ADJ,VER
pétrit;petRi;pétrir;VER;1,48;0,03;0;6;0;5;2;VER
pétrus;petRy;pétrus;NOM;0,03;0,03;1;6;5;5;2;NOM
pétrée;petRe;pétré;ADJ;0;0;0;6;0;0;2;ADJ
pétuné;petyne;pétuner;VER;0,01;0;0;6;0;6;3;VER
pétées;pete;pété;ADJ;1,66;0,11;0;6;0;4;2;ADJ
pêcher;peSe;pêcher;NOM;0,58;0,24;1;6;6;4;2;NOM,VER
pêcher;peSe;pêcher;VER;16,52;9,04;1;6;6;4;2;NOM,VER
pêches;pES;pêche;NOM;24,39;3,25;0;6;0;3;1;NOM,VER
pêches;pES;pêcher;VER;16,52;0,13;0;6;0;3;1;NOM,VER
pêchez;pESe;pêcher;VER;16,52;0,45;0;6;0;0;2;VER
pêchée;peSe;pêcher;VER;16,52;0,04;0;6;0;4;2;VER
pêchés;peSe;pêcher;VER;16,52;0,25;0;6;0;4;2;VER,ADJ
pêchés;peSe;pêché;ADJ;1,77;0,83;0;6;0;4;2;VER,ADJ
quadra;kwadRa;quadra;NOM;0,05;0,03;1;6;6;6;2;NOM
quadri;kadRi;quadri;NOM;0,02;0,02;1;6;6;5;2;NOM
quaker;kwEk9R;quaker;NOM;0,67;0,49;1;6;6;5;2;NOM
quanta;kw@ta;quantum;NOM;0,48;0,04;0;6;0;0;2;NOM
quanto;k@to;quanto;ADV;0,01;0,01;1;6;6;4;2;ADV
quarks;kwaRk;quark;NOM;0,22;0,09;0;6;0;5;1;NOM
quarre;kaR;quarre;NOM;0,04;0,04;1;6;6;3;1;NOM
quarte;kaRt;quarte;ADJ;0,01;0,01;1;6;6;4;1;ADJ,NOM
quarte;kaRt;quarte;NOM;0,04;0,04;1;6;6;4;1;ADJ,NOM
quarto;kwaRto;quarto;ADV;0,02;0,02;1;6;6;6;2;ADV
quarts;kaR;quart;NOM;23,02;2,43;0;6;0;3;1;NOM
quartz;kwaRts;quartz;NOM;0,45;0,45;1;6;6;6;1;NOM
quarté;kaRte;quarté;NOM;0,01;0,01;1;6;6;5;2;NOM
quasar;kazaR;quasar;NOM;0,09;0,09;1;6;5;5;2;NOM
quater;kwatER;quater;ADV;0,01;0,01;1;6;6;6;2;ADV
quatre;katR;quatre;ADJ:num;150,93;150,93;1;6;6;4;1;ADJ:num,NOM
quatre;katR;quatre;NOM;0,01;0,01;1;6;6;4;1;ADJ:num,NOM
quelle;kEl;quelle;ADJ:int;512,55;512,55;1;6;6;3;1;ADJ:int
quette;kEt;quette;NOM;0,01;0,01;1;6;5;3;1;NOM
queues;k2;queue;NOM;41,59;2,66;0;6;0;2;1;NOM
queuté;k2te;queuter;VER;0;0;0;6;0;0;2;VER
quibus;k8ibys;quibus;NOM;0;0;1;6;4;4;2;NOM
quiche;kiS;quiche;NOM;1,21;1,1;1;6;6;3;1;NOM
quidam;k8idam;quidam;NOM;0,7;0,66;1;6;4;4;2;NOM
quiets;kjE;quiet;ADJ;0,39;0;0;6;0;3;1;ADJ
quille;kij;quille;NOM;2,89;1,49;1;6;6;3;1;NOM
quimpe;k5p;quimper;VER;0;0;0;6;0;0;1;VER
quimpé;k5pe;quimper;VER;0;0;0;6;0;3;2;VER
quinoa;kinOa;quinoa;NOM;0,01;0,01;1;6;5;5;3;NOM
quinte;k5t;quinte;NOM;1,42;1,25;1;6;6;3;1;NOM
quinto;k5to;quinto;ADV;0,22;0,22;1;6;6;4;2;ADV
quinté;k5te;quinté;NOM;0,14;0,14;1;6;6;4;2;NOM
quinze;k5z;quinze;ADJ:num;21,92;21,92;1;6;6;3;1;ADJ:num
quipos;kipo;quipo;NOM;0;0;0;6;0;0;2;NOM
quiqui;kiki;quiqui;NOM;0;0;1;6;6;4;2;NOM
quitta;kita;quitter;VER;276,23;1,82;0;6;0;0;2;VER
quitte;kit;quitte;ADJ;11,04;6,17;1;6;6;3;1;ADJ,VER
quitte;kit;quitter;VER;276,23;49,07;0;6;6;3;1;ADJ,VER
quitté;kite;quitter;VER;276,23;62,92;0;6;0;4;2;VER
quitus;kitys;quitus;NOM;0,14;0,14;1;6;5;4;2;NOM
quiète;kjEt;quiet;ADJ;0,39;0;0;6;0;0;1;ADJ
quorum;koROm;quorum;NOM;0,67;0,67;1;6;4;5;2;NOM
quotas;kota;quota;NOM;2,12;0,73;0;6;0;4;2;NOM
quérir;keRiR;quérir;VER;0,65;0,65;1;6;4;4;2;VER
quêtai;kEtE;quêter;VER;0,21;0;0;6;0;0;2;VER
quêter;kete;quêter;VER;0,21;0,13;1;6;6;3;2;VER
quêtes;kEt;quête;NOM;10,24;0,28;0;6;0;3;1;NOM
quêtez;kEte;quêter;VER;0,21;0;0;6;0;0;2;VER
rabais;RabE;rabais;NOM;1,57;1,57;1;6;6;4;2;NOM
rabane;Raban;rabane;NOM;0;0;1;6;6;5;2;NOM
rabans;Rab@;raban;NOM;0,32;0,24;0;6;0;4;2;NOM
rabats;Raba;rabat;NOM;0,38;0,14;0;6;0;4;2;NOM,VER
rabats;Raba;rabattre;VER;2,21;0,21;0;6;0;4;2;NOM,VER
rabbin;Rab5;rabbin;NOM;9,36;9,04;1;6;6;4;2;NOM
rabiot;Rabjo;rabiot;NOM;0,06;0,06;1;6;6;5;2;NOM
rabots;Rabo;rabot;NOM;0,01;0;0;6;0;4;2;NOM
raboté;Rabote;raboter;VER;0,15;0,01;0;6;0;6;3;VER
rachat;RaSa;rachat;NOM;1,79;1,75;1;6;5;4;2;NOM
rachis;RaSis;rachis;NOM;0,04;0,04;1;6;6;5;2;NOM
racial;Rasjal;racial;ADJ;3,08;0,66;1;6;6;6;2;ADJ
racine;Rasin;racine;NOM;12,53;5,17;1;6;6;5;2;NOM
racket;RakEt;racket;NOM;2,33;2,07;1;6;6;5;2;NOM
racler;Rakle;racler;VER;1,36;0,51;1;6;6;5;2;VER
racles;Rakl;racler;VER;1,36;0,01;0;6;0;4;1;VER
raclée;Rakle;racler;VER;1,36;0;0;6;5;5;2;VER,NOM
raclée;Rakle;raclée;NOM;6,88;6,43;1;6;5;5;2;VER,NOM
raclés;Rakle;racler;VER;1,36;0;0;6;0;5;2;VER
racole;RakOl;racoler;VER;0,59;0,12;0;6;0;0;2;VER
racolé;Rakole;racoler;VER;0,59;0,16;0;6;0;6;3;VER
radada;Radada;radada;NOM;0;0;1;6;5;5;3;NOM
radars;RadaR;radar;NOM;10,36;2,31;0;6;0;5;2;NOM
radeau;Rado;radeau;NOM;3,27;2,97;1;6;6;4;2;NOM
radial;Radjal;radial;ADJ;0,34;0,12;1;6;6;6;2;ADJ
radier;Radje;radier;NOM;0,03;0,03;1;6;6;5;2;NOM,VER
radier;Radje;radier;VER;1,33;0,2;1;6;6;5;2;NOM,VER
radine;Radin;radin;ADJ;3,51;0,5;0;6;0;0;2;ADJ,NOM,VER
radine;Radin;radin;NOM;1,1;0,02;0;6;0;0;2;ADJ,NOM,VER
radine;Radin;radiner;VER;0,29;0,04;0;6;0;0;2;ADJ,NOM,VER
radins;Rad5;radin;ADJ;3,51;0,31;0;6;0;4;2;ADJ,NOM
radins;Rad5;radin;NOM;1,1;0,15;0;6;0;4;2;ADJ,NOM
radiné;Radine;radiner;VER;0,29;0,14;0;6;0;6;3;VER
radios;Radjo;radio;NOM;78,23;6,92;0;6;0;5;2;NOM
radium;RadjOm;radium;NOM;0,32;0,32;1;6;6;6;2;NOM
radius;Radjys;radius;NOM;0,15;0,15;1;6;6;5;2;NOM
radiée;Radje;radier;VER;1,33;0,09;0;6;0;5;2;VER,ADJ
radiée;Radje;radié;ADJ;0,18;0,01;0;6;0;5;2;VER,ADJ
radiés;Radje;radier;VER;1,33;0,05;0;6;0;5;2;VER,ADJ
radiés;Radje;radié;ADJ;0,18;0,14;0;6;0;5;2;VER,ADJ
radjah;RadZa;radjah;NOM;0;0;1;6;6;4;2;NOM
radote;RadOt;radoter;VER;2,04;0,69;0;6;0;0;2;VER
radoté;Radote;radoter;VER;2,04;0;0;6;0;6;3;VER
radoub;Radu;radoub;NOM;0,03;0,03;1;6;6;4;2;NOM
radôme;Radom;radôme;NOM;0,01;0,01;1;6;4;5;2;NOM
rafale;Rafal;rafale;NOM;1,59;0,79;1;6;4;5;2;NOM
raffut;Rafy;raffut;NOM;1,56;1,56;1;6;5;4;2;NOM
rafiau;Rafjo;rafiau;NOM;0;0;1;6;5;5;2;NOM
rafiot;Rafjo;rafiot;NOM;1,08;0,91;1;6;5;5;2;NOM
rafler;Rafle;rafler;VER;3,56;0,81;1;6;6;5;2;VER
rafles;Rafl;rafle;NOM;1,23;0,46;0;6;0;4;1;NOM,VER
rafles;Rafl;rafler;VER;3,56;0,17;0;6;0;4;1;NOM,VER
raflez;Rafle;rafler;VER;3,56;0,04;0;6;0;5;2;VER
raflée;Rafle;rafler;VER;3,56;0,16;0;6;0;5;2;VER
raflés;Rafle;rafler;VER;3,56;0;0;6;0;5;2;VER
ragent;RaZ;rager;VER;0,71;0,02;0;6;0;3;1;VER
rageur;RaZ9R;rageur;ADJ;0,07;0,05;1;6;6;5;2;ADJ
raglan;Ragl@;raglan;NOM;0;0;1;6;4;4;2;NOM
ragota;Ragota;ragoter;VER;0,04;0;0;6;0;0;3;VER
ragote;RagOt;ragoter;VER;0,04;0,01;0;6;0;0;2;VER
ragots;Rago;ragot;ADJ;0,12;0,11;0;6;0;4;2;ADJ,NOM
ragots;Rago;ragot;NOM;5,67;5,6;0;6;0;4;2;ADJ,NOM
ragoût;Ragu;ragoût;NOM;3,44;3,37;1;6;6;4;2;NOM
raider;Rajd9R;raider;NOM;1,57;0,9;1;6;6;4;2;NOM
raides;REd;raide;ADJ;7,76;1,15;0;6;0;3;1;ADJ
raidie;REdi;raidir;VER;0,57;0;0;6;0;0;2;VER
raidir;RediR;raidir;VER;0,57;0,17;1;6;6;5;2;VER
raidis;REdi;raidir;VER;0,57;0,03;0;6;0;0;2;VER
raidit;REdi;raidir;VER;0,57;0,27;0;6;0;0;2;VER
raient;RE;rayer;VER;7,42;0;0;6;0;2;1;VER
railla;Raja;railler;VER;2,77;0;0;6;0;4;2;VER
raille;Raj;railler;VER;2,77;0,38;0;6;0;3;1;VER
raillé;Raje;railler;VER;2,77;0,81;0;6;0;4;2;VER
rainer;Rene;rainer;VER;0,82;0;1;6;6;4;2;VER
raines;REn;rainer;VER;0,82;0,82;0;6;0;3;1;VER
raisin;REz5;raisin;NOM;9,4;5,88;1;6;6;4;2;NOM
raison;REz§;raison;NOM;467,94;424,28;1;6;6;4;2;NOM
raites;REt;raire;VER;0,31;0,01;0;6;0;0;1;VER
rajahs;RaZa;rajah;NOM;0,06;0,01;0;6;0;4;2;NOM
rajout;RaZu;rajout;NOM;0,27;0,23;1;6;6;4;2;NOM
ralbol;RalbOl;ralbol;NOM;0;0;1;6;4;4;2;NOM
raller;Rale;raller;VER;0,01;0,01;1;6;5;4;2;VER
rallia;Ralja;rallier;VER;2,35;0,1;0;6;0;0;2;VER
rallie;Rali;rallier;VER;2,35;0,37;0;6;0;4;2;VER
rallié;Ralje;rallier;VER;2,35;0,17;0;6;6;4;2;VER,ADJ,NOM
rallié;Ralje;rallié;ADJ;0,11;0,01;1;6;6;4;2;VER,ADJ,NOM
rallié;Ralje;rallié;NOM;0,01;0,01;1;6;6;4;2;VER,ADJ,NOM
rallye;Rali;rallye;NOM;1,74;1,68;1;6;5;4;2;NOM
ramage;RamaZ;ramage;NOM;0,16;0,16;1;6;6;5;2;NOM
ramais;RamE;ramer;VER;5,37;0,04;0;6;0;0;2;VER
ramait;RamE;ramer;VER;5,37;0,03;0;6;0;0;2;VER
ramant;Ram@;ramer;VER;5,37;0,02;0;6;0;0;2;VER
rambin;R@b5;rambin;NOM;0;0;1;6;6;4;2;NOM
rambla;Rambla;rambla;NOM;0;0;1;6;5;4;2;NOM
rambot;R@bo;rambot;NOM;0,01;0,01;1;6;6;4;2;NOM
ramdam;Ramdam;ramdam;NOM;0,21;0,21;1;6;4;4;2;NOM
rameau;Ramo;rameau;NOM;1,92;1,29;1;6;5;4;2;NOM
ramena;Ramna;ramener;VER;172,7;0,7;0;6;0;0;2;VER
rament;Ram;ramer;VER;5,37;0,17;0;6;0;3;1;VER
ramené;Ram°ne;ramener;VER;172,7;23,84;0;6;0;4;3;VER
ramera;Ram°Ra;ramer;VER;5,37;0;0;6;0;0;3;VER
rameur;Ram9R;rameur;NOM;1;0,4;1;6;6;4;2;NOM
ramier;Ramje;ramier;ADJ;0,01;0,01;1;6;6;4;2;ADJ,NOM
ramier;Ramje;ramier;NOM;0;0;1;6;6;4;2;ADJ,NOM
ramies;Rami;ramie;NOM;0;0;0;6;0;4;2;NOM
ramone;RamOn;ramoner;VER;0,6;0,26;0;6;0;0;2;VER
ramons;Ram§;ramer;VER;5,37;0,04;0;6;0;4;2;VER
ramoné;Ramone;ramoner;VER;0,6;0,03;0;6;0;6;3;VER
rampai;R@pE;ramper;VER;11,55;0,01;0;6;0;0;2;VER
ramper;R@pe;ramper;VER;11,55;3,32;1;6;6;4;2;VER
rampes;R@p;rampe;NOM;5,76;0,44;0;6;0;3;1;NOM,VER
rampes;R@p;ramper;VER;11,55;0,95;0;6;0;3;1;NOM,VER
rampez;R@pe;ramper;VER;11,55;1,32;0;6;0;4;2;VER
rampée;R@pe;ramper;VER;11,55;0,01;0;6;0;4;2;VER
ramser;Ramse;ramser;VER;0,01;0,01;1;6;5;4;2;VER
ramure;RamyR;ramure;NOM;0,12;0,01;1;6;4;4;2;NOM
ramène;RamEn;ramener;VER;172,7;49,52;0;6;0;0;2;VER
ramées;Rame;ramer;VER;5,37;0;0;6;0;4;2;VER,NOM
ramées;Rame;ramée;NOM;0;0;0;6;0;4;2;VER,NOM
rances;R@s;rance;ADJ;1,34;0,16;0;6;0;3;1;ADJ
ranche;R@S;ranche;NOM;0,2;0,1;1;6;6;3;1;NOM
rancho;R@tSo;rancho;NOM;0,87;0,87;1;6;6;4;2;NOM
ranchs;R@tS;ranch;NOM;7,21;0,26;0;6;0;0;1;NOM
rancie;R@si;ranci;ADJ;0,04;0,01;0;6;0;4;2;ADJ
rancio;R@sjo;rancio;NOM;0;0;1;6;6;4;2;NOM
rancir;R@siR;rancir;VER;0,01;0;1;6;6;5;2;VER
rancis;R@si;ranci;ADJ;0,04;0;0;6;0;4;2;ADJ,VER
rancis;R@si;rancir;VER;0,01;0,01;0;6;0;4;2;ADJ,VER
rancit;R@si;rancir;VER;0,01;0;0;6;0;4;2;VER
rangea;R@Za;ranger;VER;47,67;0,02;0;6;0;0;2;VER
ranger;R@ZER;ranger;NOM;4,6;2,24;1;6;6;4;2;NOM,VER
ranger;R@Ze;ranger;VER;47,67;14,95;1;6;6;4;2;NOM,VER
ranges;R@Z;ranger;VER;47,67;1,21;0;6;0;0;1;VER
rangez;R@Ze;ranger;VER;47,67;4,54;0;6;0;4;2;VER
rangée;R@Ze;ranger;VER;47,67;1,03;0;6;6;4;2;VER,ADJ,NOM
rangée;R@Ze;rangé;ADJ;2,92;1,17;0;6;6;4;2;VER,ADJ,NOM
rangée;R@Ze;rangée;NOM;3,29;2,54;1;6;6;4;2;VER,ADJ,NOM
rangés;R@Ze;ranger;VER;47,67;1,03;0;6;0;4;2;VER,ADJ
rangés;R@Ze;rangé;ADJ;2,92;0,23;0;6;0;4;2;VER,ADJ
ranima;Ranima;ranimer;VER;2,92;0,14;0;6;0;0;3;VER
ranime;Ranim;ranimer;VER;2,92;0,77;0;6;0;0;2;VER
ranimé;Ranime;ranimer;VER;2,92;0,22;0;6;0;6;3;VER
rançon;R@s§;rançon;NOM;10,6;10,49;1;6;6;4;2;NOM
raouts;Raut;raout;NOM;0,1;0,02;0;6;0;3;2;NOM
rapace;Rapas;rapace;ADJ;0,95;0,86;1;6;6;5;2;ADJ,NOM
rapace;Rapas;rapace;NOM;0,92;0,53;1;6;6;5;2;ADJ,NOM
raphia;Rafja;raphia;NOM;0,16;0,16;1;6;5;5;2;NOM
rapiat;Rapja;rapiat;ADJ;0,03;0,03;1;6;6;5;2;ADJ,NOM
rapiat;Rapja;rapiat;NOM;0,2;0,05;1;6;6;5;2;ADJ,NOM
rapide;Rapid;rapide;ADJ;48,73;42,28;1;6;6;5;2;ADJ,NOM
rapide;Rapid;rapide;NOM;4,05;2,29;1;6;6;5;2;ADJ,NOM
rapine;Rapin;rapine;NOM;0,13;0,08;1;6;6;5;2;NOM
rapins;Rap5;rapin;NOM;0;0;0;6;0;4;2;NOM
rappel;RapEl;rappel;NOM;4,24;3,77;1;6;6;4;2;NOM
rapper;Rape;rapper;VER;0,4;0,4;1;6;6;4;2;VER
raquer;Rake;raquer;VER;0,93;0,4;1;6;6;4;2;VER
raques;Rak;raquer;VER;0,93;0,07;0;6;0;3;1;VER
raquez;Rake;raquer;VER;0,93;0,02;0;6;0;4;2;VER
raquée;Rake;raquer;VER;0,93;0,01;0;6;0;4;2;VER
rareté;RaR°te;rareté;NOM;0,63;0,51;1;6;5;5;3;NOM
rasade;Razad;rasade;NOM;0,47;0,46;1;6;5;5;2;NOM
rasage;RazaZ;rasage;NOM;0,95;0,83;1;6;5;5;2;NOM
rasais;RazE;raser;VER;28,54;0,51;0;6;0;0;2;VER
rasait;RazE;raser;VER;28,54;0,44;0;6;0;0;2;VER
rasant;Raz@;rasant;ADJ;0,33;0,17;1;6;5;4;2;ADJ,VER
rasant;Raz@;raser;VER;28,54;0,64;0;6;5;4;2;ADJ,VER
rasent;Raz;raser;VER;28,54;0,5;0;6;0;0;1;VER
rasera;Raz°Ra;raser;VER;28,54;0,32;0;6;0;0;3;VER
raseur;Raz9R;raseur;ADJ;0,07;0,04;1;6;5;4;2;ADJ,NOM
raseur;Raz9R;raseur;NOM;0,65;0,46;1;6;5;4;2;ADJ,NOM
rasiez;Razje;raser;VER;28,54;0,04;0;6;0;0;2;VER
rasifs;Razif;rasif;NOM;0;0;0;6;0;5;2;NOM
rasoir;RazwaR;rasoir;ADJ;0,8;0,8;1;6;4;4;2;ADJ,NOM
rasoir;RazwaR;rasoir;NOM;8,92;8,18;1;6;4;4;2;ADJ,NOM
rasons;Raz§;raser;VER;28,54;0,29;0;6;0;0;2;VER
rassir;RasiR;rassir;VER;0,01;0,01;1;6;6;5;2;VER
rassis;Rasi;rasseoir;VER;1,97;0,47;0;6;6;4;2;VER,ADJ
rassis;Rasi;rassis;ADJ;0,17;0,17;1;6;6;4;2;VER,ADJ
rassit;Rasi;rasseoir;VER;1,97;0,01;0;6;0;4;2;VER
rastas;Rasta;rasta;NOM;0,43;0,12;0;6;0;5;2;NOM
rasées;Raze;raser;VER;28,54;0,16;0;6;0;4;2;VER
ratage;RataZ;ratage;NOM;0,63;0,16;1;6;5;5;2;NOM
ratais;RatE;rater;VER;80,45;0,31;0;6;0;0;2;VER
ratait;RatE;rater;VER;80,45;0,23;0;6;0;0;2;VER
ratant;Rat@;rater;VER;80,45;0,09;0;6;0;0;2;VER
ratent;Rat;rater;VER;80,45;0,54;0;6;0;3;1;VER
ratera;Rat°Ra;rater;VER;80,45;0,42;0;6;0;0;3;VER
ratier;Ratje;ratier;NOM;0;0;1;6;5;5;2;NOM
ratiez;Ratje;rater;VER;80,45;0,2;0;6;0;5;2;VER
ratine;Ratin;ratine;NOM;0;0;1;6;5;5;2;NOM
ration;Rasj§;ration;NOM;3,54;2,24;1;6;6;5;2;NOM
ratite;Ratit;ratite;NOM;0,05;0,03;1;6;5;5;2;NOM
ratons;Rat§;rater;VER;80,45;0,22;0;6;0;4;2;VER,NOM
ratons;Rat§;raton;NOM;1,7;0,33;0;6;0;4;2;VER,NOM
ratura;RatyRa;raturer;VER;0,04;0;0;6;0;0;3;VER
rature;RatyR;rature;NOM;0,13;0,01;1;6;6;5;2;NOM,VER
rature;RatyR;raturer;VER;0,04;0,02;0;6;6;5;2;NOM,VER
raturé;RatyRe;raturer;VER;0,04;0,02;0;6;0;6;3;VER
ratées;Rate;rater;VER;80,45;0,08;0;6;0;4;2;VER,ADJ,NOM
ratées;Rate;raté;ADJ;4,52;0,44;0;6;0;4;2;VER,ADJ,NOM
ratées;Rate;raté;NOM;8,45;0,05;0;6;0;4;2;VER,ADJ,NOM
rauqua;Roka;rauquer;VER;0;0;0;6;0;0;2;VER
rauque;Rok;rauque;ADJ;0,44;0,3;1;6;6;3;1;ADJ,VER
rauque;Rok;rauquer;VER;0;0;0;6;6;3;1;ADJ,VER
ravage;RavaZ;ravage;NOM;2,16;0,12;1;6;6;5;2;NOM,VER
ravage;RavaZ;ravager;VER;3,65;0,34;0;6;6;5;2;NOM,VER
ravagé;RavaZe;ravager;VER;3,65;1,03;0;6;6;6;3;VER,ADJ
ravagé;RavaZe;ravagé;ADJ;0,21;0,09;1;6;6;6;3;VER,ADJ
ravala;Ravala;ravaler;VER;1,42;0;0;6;0;0;3;VER
ravale;Raval;ravaler;VER;1,42;0,46;0;6;0;5;2;VER
ravalé;Ravale;ravaler;VER;1,42;0,07;0;6;0;6;3;VER
ravier;Ravje;ravier;NOM;0;0;1;6;5;5;2;NOM
ravies;Ravi;ravi;ADJ;5,02;0,14;0;6;0;4;2;ADJ,VER
ravies;Ravi;ravir;VER;72,67;0,82;0;6;0;4;2;ADJ,VER
ravina;Ravina;raviner;VER;0,08;0,04;0;6;0;0;3;VER
ravine;Ravin;ravine;NOM;0,3;0,25;1;6;6;5;2;NOM,VER
ravine;Ravin;raviner;VER;0,08;0,01;0;6;6;5;2;NOM,VER
ravins;Rav5;ravin;NOM;4,93;0,63;0;6;0;4;2;NOM
raviné;Ravine;raviner;VER;0,08;0;0;6;0;6;3;VER
ravisa;Raviza;raviser;VER;0,99;0,02;0;6;0;0;3;VER
ravise;Raviz;raviser;VER;0,99;0,22;0;6;0;0;2;VER
ravisé;Ravize;raviser;VER;0,99;0,32;0;6;0;5;3;VER
raviva;Raviva;raviver;VER;2,17;0,01;0;6;0;0;3;VER
ravive;Raviv;raviver;VER;2,17;0,7;0;6;0;0;2;VER
ravivé;Ravive;raviver;VER;2,17;0,12;0;6;0;6;3;VER
ravoir;RavwaR;ravoir;VER;1,16;1,16;1;6;4;4;2;VER
rayait;RejE;rayer;VER;7,42;0,02;0;6;0;0;2;VER
rayant;Rej@;rayer;VER;7,42;0,14;0;6;0;0;2;VER
rayent;Rej;rayer;VER;7,42;0,09;0;6;0;0;1;VER
rayera;REj°Ra;rayer;VER;7,42;0,02;0;6;0;0;3;VER
rayons;REj§;rayer;VER;7,42;0,02;0;6;0;4;2;VER,NOM
rayons;REj§;rayon;NOM;27;7,62;0;6;0;4;2;VER,NOM
rayure;RejyR;rayure;NOM;2,82;0,36;1;6;4;4;2;NOM
rayées;Reje;rayer;VER;7,42;0,2;0;6;0;4;2;VER,ADJ
rayées;Reje;rayé;ADJ;2,02;0,05;0;6;0;4;2;VER,ADJ
razzia;Radzja;razzia;NOM;0,55;0,45;1;6;6;6;2;NOM
reader;Rid9R;reader;NOM;0,11;0,11;1;6;5;4;2;NOM
rebats;R°ba;rebattre;VER;0,22;0,02;0;6;0;0;2;VER
rebois;R°bwa;reboire;VER;0,4;0;0;6;0;0;2;VER
reboit;R°bwa;reboire;VER;0,4;0,04;0;6;0;0;2;VER
rebond;R°b§;rebond;NOM;0,62;0,55;1;6;6;4;2;NOM
rebord;R°bOR;rebord;NOM;2,69;2,66;1;6;6;5;2;NOM
rebuta;R°byta;rebuter;VER;0,71;0;0;6;0;0;3;VER
rebute;R°byt;rebuter;VER;0,71;0,45;0;6;0;0;2;VER
rebuts;R°by;rebut;NOM;2,15;0,72;0;6;0;4;2;NOM
rebuté;R°byte;rebuter;VER;0,71;0,06;0;6;0;6;3;VER
rebâti;R°bati;rebâtir;VER;0,97;0,04;0;6;0;0;3;VER
recala;R°kala;recaler;VER;1,72;0;0;6;0;0;3;VER
recalé;R°kale;recaler;VER;1,72;1,03;0;6;6;6;3;VER,ADJ
recalé;R°kale;recalé;ADJ;0,54;0,26;1;6;6;6;3;VER,ADJ
recasa;R°kaza;recaser;VER;0,23;0;0;6;0;0;3;VER
recasé;R°kaze;recaser;VER;0,23;0,01;0;6;0;5;3;VER
recelé;R°s°le;receler;VER;1,02;0;0;6;0;6;3;VER
reclus;R°kly;reclus;ADJ;0,56;0,37;1;6;6;5;2;ADJ,NOM
reclus;R°kly;reclus;NOM;0,7;0,34;1;6;6;5;2;ADJ,NOM
recoin;R°kw5;recoin;NOM;2,27;0,83;1;6;6;5;2;NOM
record;R°kOR;record;NOM;13,34;10,14;1;6;6;5;2;NOM
recors;R°kOR;recors;NOM;0,01;0,01;1;6;6;5;2;NOM
recoud;R°ku;recoudre;VER;5,8;0,11;0;6;0;0;2;VER
recrue;R°kRy;recru;ADJ;0,22;0,14;0;6;6;5;2;ADJ,NOM
recrue;R°kRy;recrue;NOM;4,61;1,73;1;6;6;5;2;ADJ,NOM
recrus;R°kRy;recroître;VER;0;0;0;6;0;5;2;VER,ADJ
recrus;R°kRy;recru;ADJ;0,22;0;0;6;0;5;2;VER,ADJ
recréa;R°kRea;recréer;VER;2,23;0;0;6;0;0;3;VER
recrée;R°kRe;recréer;VER;2,23;0,28;0;6;0;0;2;VER
recréé;R°kRee;recréer;VER;2,23;0,16;0;6;0;6;3;VER
rectal;REktal;rectal;ADJ;0,66;0,33;1;6;6;6;2;ADJ
rectos;REkto;recto;NOM;0,3;0;0;6;0;5;2;NOM
rectum;REktOm;rectum;NOM;0,5;0,5;1;6;5;5;2;NOM
recuit;R°k8i;recuire;VER;0,02;0;0;6;6;5;2;VER,ADJ
recuit;R°k8i;recuit;ADJ;0,03;0,03;1;6;6;5;2;VER,ADJ
recula;R°kyla;reculer;VER;52,15;0,02;0;6;0;0;3;VER
recule;R°kyl;reculer;VER;52,15;15,11;0;6;0;5;2;VER
reculs;R°kyl;recul;NOM;3,59;0;0;6;0;5;2;NOM
reculé;R°kyle;reculer;VER;52,15;1,71;0;6;6;6;3;VER,ADJ
reculé;R°kyle;reculé;ADJ;0,71;0,39;1;6;6;6;3;VER,ADJ
recèle;R°sEl;receler;VER;1,02;0,58;0;6;0;5;2;VER
redire;R°diR;redire;VER;8,61;3,04;1;6;6;5;2;VER
redise;R°diz;redire;VER;8,61;0,02;0;6;0;0;2;VER
redite;R°dit;redire;VER;8,61;0,01;0;6;5;5;2;VER,NOM
redite;R°dit;redite;NOM;0,33;0;1;6;5;5;2;VER,NOM
redits;R°di;redire;VER;8,61;0;0;6;0;0;2;VER
redors;R°dOR;redormir;VER;0,01;0;0;6;0;0;2;VER
redort;R°dOR;redormir;VER;0,01;0;0;6;0;0;2;VER
redoré;R°doRe;redorer;VER;0,18;0;0;6;0;5;3;VER
redoux;R°du;redoux;NOM;0,01;0,01;1;6;6;4;2;NOM
refais;R°fE;refaire;VER;58,27;8,71;0;6;0;4;2;VER
refait;R°fE;refaire;VER;58,27;11,23;0;6;6;4;2;VER,ADJ
refait;R°fE;refait;ADJ;0,35;0,06;1;6;6;4;2;VER,ADJ
refera;R°f°Ra;refaire;VER;58,27;1,28;0;6;0;0;3;VER
refila;R°fila;refiler;VER;9,7;0,14;0;6;0;0;3;VER
refile;R°fil;refiler;VER;9,7;2;0;6;0;0;2;VER
refilé;R°file;refiler;VER;9,7;3,13;0;6;0;4;3;VER
reflet;R°flE;reflet;NOM;6,41;5,63;1;6;6;5;2;NOM
reflex;ReflEks;reflex;ADJ;0,01;0,01;1;6;6;7;2;ADJ,NOM
reflex;ReflEks;reflex;NOM;0,14;0,14;1;6;6;7;2;ADJ,NOM
reflua;R°fl8a;refluer;VER;0,4;0;0;6;0;0;2;VER
reflue;R°fly;refluer;VER;0,4;0;0;6;0;5;2;VER
reflux;R°fly;reflux;NOM;0,47;0,47;1;6;6;5;2;NOM
reflué;R°flye;refluer;VER;0,4;0,16;0;6;0;6;3;VER
refont;R°f§;refaire;VER;58,27;0,42;0;6;0;0;2;VER
refous;R°fu;refoutre;VER;0,11;0,06;0;6;0;0;2;VER
refout;R°fu;refoutre;VER;0,11;0;0;6;0;0;2;VER
refuge;R°fyZ;refuge;NOM;8,38;8,02;1;6;5;5;2;NOM
refusa;R°fyza;refuser;VER;143,96;1,82;0;6;0;0;3;VER
refuse;R°fyz;refuser;VER;143,96;49,29;0;6;0;0;2;VER
refusé;R°fyze;refuser;VER;143,96;26,03;0;6;6;5;3;VER,ADJ,NOM
refusé;R°fyze;refusé;ADJ;2,15;1,3;1;6;6;5;3;VER,ADJ,NOM
refusé;R°fyze;refusé;NOM;0,9;0,49;1;6;6;5;3;VER,ADJ,NOM
regain;R°g5;regain;NOM;0,14;0,14;1;6;5;4;2;NOM
regard;R°gaR;regard;NOM;61,35;52,39;1;6;6;5;2;NOM
reggae;Rege;reggae;NOM;1,79;1,79;1;6;4;4;2;NOM
regret;R°gRE;regret;NOM;13,77;7,25;1;6;6;5;2;NOM
regréé;R°gRee;regréer;VER;0;0;0;6;0;6;3;VER
rehaut;R2o;rehaut;NOM;0;0;1;6;6;3;2;NOM
reines;REn;reine;NOM;59,05;2,79;0;6;0;3;1;NOM
rejeta;R°Zta;rejeter;VER;23,16;0,18;0;6;0;0;2;VER
rejets;R°ZE;rejet;NOM;2,94;0,23;0;6;0;4;2;NOM
rejeté;R°Zte;rejeter;VER;23,16;5,65;0;6;6;5;2;VER,ADJ
rejeté;R°Zte;rejeté;ADJ;4,03;1,33;1;6;6;5;2;VER,ADJ
rejoua;R°Zwa;rejouer;VER;3,51;0;0;6;0;0;2;VER
rejoue;R°Zu;rejouer;VER;3,51;1,18;0;6;0;0;2;VER
rejoué;R°Zwe;rejouer;VER;3,51;0,19;0;6;0;5;2;VER
rejugé;R°ZyZe;rejuger;VER;0,34;0,22;0;6;0;4;3;VER
relaie;R°lE;relayer;VER;2,63;0,27;0;6;0;4;2;VER
relais;R°lE;relais;NOM;7,09;7,09;1;6;6;4;2;NOM
relaps;R°laps;relaps;ADJ;0;0;1;6;5;5;2;ADJ,NOM
relaps;R°laps;relaps;NOM;0,01;0;1;6;5;5;2;ADJ,NOM
relata;R°lata;relater;VER;1,18;0,03;0;6;0;0;3;VER
relate;R°lat;relater;VER;1,18;0,19;0;6;0;0;2;VER
relaté;R°late;relater;VER;1,18;0,13;0;6;0;6;3;VER
relave;R°lav;relaver;VER;0,13;0,07;0;6;0;0;2;VER
relaxe;R°laks;relaxe;ADJ;1,05;1,04;1;6;6;6;2;ADJ,NOM,VER
relaxe;R°laks;relaxe;NOM;1,63;1,42;1;6;6;6;2;ADJ,NOM,VER
relaxe;R°laks;relaxer;VER;5,48;1,47;0;6;6;6;2;ADJ,NOM,VER
relaxé;R°lakse;relaxer;VER;5,48;0,27;0;6;0;7;3;VER
relaya;R°leja;relayer;VER;2,63;0;0;6;0;0;3;VER
relaye;R°lej;relayer;VER;2,63;0,01;0;6;0;0;2;VER
relayé;R°leje;relayer;VER;2,63;0,14;0;6;0;5;3;VER
relaça;R°lasa;relacer;VER;0,01;0;0;6;0;0;3;VER
relent;R°l@;relent;NOM;0,32;0,1;1;6;5;4;2;NOM
releva;R°l°va;relever;VER;39,49;0,05;0;6;0;0;3;VER
relevé;R°l°ve;relever;VER;39,49;6,04;0;6;6;6;3;VER,ADJ,NOM
relevé;R°l°ve;relevé;ADJ;2,3;1,05;1;6;6;6;3;VER,ADJ,NOM
relevé;R°l°ve;relevé;NOM;5;1,88;1;6;6;6;3;VER,ADJ,NOM
relief;R°ljEf;relief;NOM;1,25;1,11;1;6;6;5;2;NOM
relier;R°lje;relier;VER;12,83;2,34;1;6;6;5;2;VER
reliez;R°lie;relier;VER;12,83;0,11;0;6;0;0;3;VER
relire;R°liR;relire;VER;6,31;1,84;1;6;5;5;2;VER
relise;R°liz;relire;VER;6,31;0,07;0;6;0;0;2;VER
reliât;R°lja;relier;VER;12,83;0;0;6;0;0;2;VER
reliée;R°lje;relier;VER;12,83;0,95;0;6;0;5;2;VER,ADJ
reliée;R°lje;relié;ADJ;0,87;0,07;0;6;0;5;2;VER,ADJ
reliés;R°lje;relier;VER;12,83;2,12;0;6;0;5;2;VER,ADJ
reliés;R°lje;relié;ADJ;0,87;0,45;0;6;0;5;2;VER,ADJ
reloge;R°lOZ;reloger;VER;0,52;0,14;0;6;0;0;2;VER
relogé;R°loZe;reloger;VER;0,52;0,15;0;6;0;5;3;VER
reloué;R2lwe;relouer;VER;0,14;0,1;0;6;0;0;2;VER
relues;R°ly;relire;VER;6,31;0,01;0;6;0;4;2;VER
reluis;R°l8i;reluire;VER;0,54;0;0;6;0;0;2;VER
reluit;R°l8i;reluire;VER;0,54;0;0;6;0;0;2;VER
relève;R°lEv;relever;VER;39,49;11,74;0;6;6;5;2;VER,NOM
relève;R°lEv;relève;NOM;5,22;5,18;1;6;6;5;2;VER,NOM
remake;RimEk;remake;NOM;0,66;0,66;1;6;5;5;2;NOM
remets;R°mE;remettre;VER;144,99;24,72;0;6;0;0;2;VER
remisa;R°miza;remiser;VER;1,43;0;0;6;0;0;3;VER
remise;R°miz;remettre;VER;144,99;5,54;0;6;6;5;2;VER,ADJ,NOM
remise;R°miz;remis;ADJ;2,38;1,07;0;6;6;5;2;VER,ADJ,NOM
remise;R°miz;remise;NOM;9,77;8,81;1;6;6;5;2;VER,ADJ,NOM
remise;R°miz;remiser;VER;1,43;0,98;0;6;6;5;2;VER,ADJ,NOM
remisé;R°mize;remiser;VER;1,43;0,12;0;6;0;6;3;VER
remord;R°mOR;remordre;VER;0,61;0,43;0;6;0;5;2;VER
remous;R°mu;remous;NOM;1,49;1,49;1;6;6;4;2;NOM
rempli;R@pli;rempli;ADJ;12,74;1,71;1;6;6;5;2;ADJ,VER
rempli;R@pli;remplir;VER;61,21;16,17;0;6;6;5;2;ADJ,VER
remuai;R°m8E;remuer;VER;24,42;0,02;0;6;0;0;2;VER
remuer;R°m8e;remuer;VER;24,42;6,38;1;6;6;5;2;VER
remues;R°my;remue;NOM;0,23;0,01;0;6;0;4;2;NOM,VER
remues;R°my;remuer;VER;24,42;1,14;0;6;0;4;2;NOM,VER
remuez;R°mye;remuer;VER;24,42;4,06;0;6;0;0;3;VER
remuât;R°m8a;remuer;VER;24,42;0;0;6;0;0;2;VER
remuée;R°m8e;remuer;VER;24,42;0,44;0;6;0;5;2;VER
remués;R°m8e;remuer;VER;24,42;0,06;0;6;0;5;2;VER
remède;R°mEd;remède;NOM;16,14;14,09;1;6;6;5;2;NOM
renais;R°nE;renaître;VER;7,45;0,35;0;6;0;0;2;VER
renard;R°naR;renard;NOM;6,66;4,69;1;6;6;5;2;NOM
renaud;R2no;renaud;NOM;0;0;1;6;6;4;2;NOM
renaît;R°nE;renaître;VER;7,45;0,96;0;6;0;0;2;VER
rendes;R@d;rendre;VER;508,81;2,06;0;6;0;0;1;VER
rendez;R@de;rendre;VER;508,81;46,77;0;6;0;0;2;VER
rendis;R@di;rendre;VER;508,81;0,37;0;6;0;0;2;VER
rendit;R@di;rendre;VER;508,81;2,13;0;6;0;0;2;VER
rendra;R@dRa;rendre;VER;508,81;13,01;0;6;0;0;2;VER
rendre;R@dR;rendre;VER;508,81;141,31;1;6;5;4;1;VER
rendue;R@dy;rendre;VER;508,81;8,88;0;6;0;4;2;VER,ADJ
rendue;R@dy;rendu;ADJ;5,36;0,73;0;6;0;4;2;VER,ADJ
rendus;R@dy;rendre;VER;508,81;4;0;6;0;4;2;VER,ADJ,NOM
rendus;R@dy;rendu;ADJ;5,36;1,52;0;6;0;4;2;VER,ADJ,NOM
rendus;R@dy;rendu;NOM;0,88;0,17;0;6;0;4;2;VER,ADJ,NOM
rendît;R@di;rendre;VER;508,81;0;0;6;0;0;2;VER
renflé;R@fle;renfler;VER;0;0;0;6;6;5;2;VER,ADJ
renflé;R@fle;renflé;ADJ;0;0;1;6;6;5;2;VER,ADJ
reniai;R°njE;renier;VER;6,88;0;0;6;0;0;2;VER
renier;R°nje;renier;VER;6,88;1,93;1;6;6;4;2;VER
renies;R°ni;renier;VER;6,88;0,25;0;6;0;0;2;VER
reniez;R°nje;renier;VER;6,88;0,03;0;6;0;4;2;VER
reniée;R°nje;renier;VER;6,88;0,3;0;6;0;4;2;VER
reniés;R°nje;renier;VER;6,88;0,03;0;6;0;4;2;VER
rennes;REn;renne;NOM;1,79;0,98;0;6;0;3;1;NOM
renoua;R°nwa;renouer;VER;1,56;0;0;6;0;0;2;VER
renoue;R°nu;renouer;VER;1,56;0,4;0;6;0;0;2;VER
renoué;R°nwe;renouer;VER;1,56;0,32;0;6;0;4;2;VER
renter;R@te;renter;VER;0,47;0,34;1;6;6;4;2;VER
rentes;R@t;rente;NOM;1,61;0,44;0;6;0;3;1;NOM
rentra;R@tRa;rentrer;VER;532,51;1,11;0;6;0;0;2;VER
rentre;R@tR;rentrer;VER;532,51;151,42;0;6;0;0;1;VER
rentré;R@tRe;rentrer;VER;532,51;44,27;0;6;6;5;2;VER,ADJ,NOM
rentré;R@tRe;rentré;ADJ;4,86;4,05;1;6;6;5;2;VER,ADJ,NOM
rentré;R@tRe;rentré;NOM;0,81;0,34;1;6;6;5;2;VER,ADJ,NOM
rentée;R@te;renter;VER;0,47;0,02;0;6;0;4;2;VER
renvoi;R@vwa;renvoi;NOM;3,5;3,19;1;6;6;5;2;NOM
repaie;R°pE;repayer;VER;0,23;0,01;0;6;0;0;2;VER
repais;R°pE;repaître;VER;0,48;0,01;0;6;0;0;2;VER
repars;R°paR;repartir;VER;58,84;6,61;0;6;0;0;2;VER
repart;R°paR;repartir;VER;58,84;8,08;0;6;0;0;2;VER
reparu;R°paRy;reparaître;VER;0,8;0,32;0;6;0;0;3;VER
repavé;R°pave;repaver;VER;0,01;0;0;6;0;0;3;VER
repaye;R°pEj;repayer;VER;0,23;0;0;6;0;0;2;VER
repayé;R°pEje;repayer;VER;0,23;0;0;6;0;5;3;VER
repaît;R°pE;repaître;VER;0,48;0,12;0;6;0;0;2;VER
repens;R°p@;repentir;VER;9,49;1,47;0;6;0;0;2;VER
repent;R°p@;repentir;VER;9,49;0,96;0;6;0;0;2;VER
replat;R°pla;replat;NOM;0,16;0,16;1;6;6;5;2;NOM
replet;R°plE;replet;ADJ;0,14;0,03;1;6;5;5;2;ADJ
replia;R°plija;replier;VER;6,78;0;0;6;0;0;3;VER
replie;R°pli;replier;VER;6,78;1,42;0;6;0;5;2;VER
replis;R°pli;repli;NOM;1,4;0,28;0;6;0;5;2;NOM
replié;R°plije;replier;VER;6,78;0,37;0;6;0;6;3;VER
report;R°pOR;report;NOM;1,03;0,61;1;6;6;5;2;NOM
reposa;R°poza;reposer;VER;95,2;0,03;0;6;0;0;3;VER
repose;R°poz;repose;NOM;0,99;0,96;1;6;6;5;2;NOM,VER
repose;R°poz;reposer;VER;95,2;33,27;0;6;6;5;2;NOM,VER
reposé;R°poze;reposer;VER;95,2;0,76;0;6;6;6;3;VER,ADJ
reposé;R°poze;reposé;ADJ;0,43;0,23;1;6;6;6;3;VER,ADJ
repris;R°pRi;reprendre;VER;126,92;16,65;0;6;6;5;2;VER,ADJ,NOM
repris;R°pRi;repris;ADJ;1,08;0,23;1;6;6;5;2;VER,ADJ,NOM
repris;R°pRi;repris;NOM;0,7;0,7;1;6;6;5;2;VER,ADJ,NOM
reprit;R°pRi;reprendre;VER;126,92;0,52;0;6;0;5;2;VER
reprît;R°pRi;reprendre;VER;126,92;0;0;6;0;5;2;VER
repues;R°py;repu;ADJ;1,1;0,14;0;6;0;4;2;ADJ
repère;R°pER;repère;NOM;3,52;2,44;1;6;4;5;2;NOM,VER
repère;R°pER;repérer;VER;27,23;2,17;0;6;4;5;2;NOM,VER
repéra;R°peRa;repérer;VER;27,23;0,02;0;6;0;0;3;VER
repéré;R°peRe;repérer;VER;27,23;9,98;0;6;0;6;3;VER
requin;R°k5;requin;NOM;12,24;8,15;1;6;6;4;2;NOM
requis;R°ki;requis;ADJ;1,17;0,11;1;6;6;4;2;ADJ,NOM,VER
requis;R°ki;requis;NOM;0,02;0,02;1;6;6;4;2;ADJ,NOM,VER
requis;R°ki;requérir;VER;6,24;1,63;0;6;6;4;2;ADJ,NOM,VER
resape;R°sap;resaper;VER;0;0;0;6;0;0;2;VER
respir;REspiR;respir;NOM;0;0;1;6;6;6;2;NOM
ressac;R°sak;ressac;NOM;0,14;0,14;1;6;6;5;2;NOM
ressui;R°s8i;ressui;NOM;0;0;1;6;6;4;2;NOM
ressué;R°s8e;ressuer;VER;0;0;0;6;0;0;2;VER
restai;REstE;rester;VER;1003,56;1,27;0;6;0;0;2;VER
restau;REsto;restau;NOM;3,65;3,31;1;6;6;5;2;NOM
rester;REste;rester;VER;1003,56;310,38;1;6;6;5;2;VER
restes;REst;reste;NOM;214,54;11,44;0;6;0;4;1;NOM,VER
restes;REst;rester;VER;1003,56;44,15;0;6;0;4;1;NOM,VER
restez;REste;rester;VER;1003,56;105,52;0;6;0;5;2;VER
restos;REsto;resto;NOM;10,47;1,1;0;6;0;5;2;NOM
restât;REsta;rester;VER;1003,56;0,03;0;6;0;0;2;VER
restée;REste;rester;VER;1003,56;19,08;0;6;0;5;2;VER
restés;REste;rester;VER;1003,56;10,74;0;6;0;5;2;VER
retapa;R°tapa;retaper;VER;3,5;0;0;6;0;0;3;VER
retape;R°tap;retape;NOM;0,06;0,06;1;6;6;5;2;NOM,VER
retape;R°tap;retaper;VER;3,5;0,36;0;6;6;5;2;NOM,VER
retapé;R°tape;retaper;VER;3,5;1,14;0;6;0;6;3;VER
retard;R°taR;retard;NOM;126,45;125,65;1;6;6;5;2;NOM
retenu;R°t°ny;retenir;VER;71,58;10,2;0;6;6;6;3;VER,ADJ
retenu;R°t°ny;retenu;ADJ;1,46;0,69;1;6;6;6;3;VER,ADJ
retins;R°t5;retenir;VER;71,58;0,02;0;6;0;0;2;VER
retint;R°t5;retenir;VER;71,58;0,35;0;6;0;0;2;VER
retira;R°tiRa;retirer;VER;80,26;0,45;0;6;0;0;3;VER
retire;R°tiR;retirer;VER;80,26;21,56;0;6;0;0;2;VER
retiro;RetiRo;retiro;NOM;0,1;0,1;1;6;6;5;3;NOM
retiré;R°tiRe;retirer;VER;80,26;12,7;0;6;6;5;3;VER,ADJ
retiré;R°tiRe;retiré;ADJ;1,44;0,7;1;6;6;5;3;VER,ADJ
retors;R°tOR;retors;ADJ;0,53;0,48;1;6;6;5;2;ADJ
retour;R°tuR;retour;NOM;138,94;138,02;1;6;6;5;2;NOM
retuer;R2t8e;retuer;VER;0,08;0,01;1;6;5;4;2;VER
retâté;R°tate;retâter;VER;0;0;0;6;0;0;3;VER
retînt;R°t5;retenir;VER;71,58;0;0;6;0;0;2;VER
reubeu;R9b2;reubeu;NOM;0,01;0,01;1;6;3;3;2;NOM
revend;R°v@;revendre;VER;6,75;0,51;0;6;0;0;2;VER
revenu;R°v°ny;revenir;VER;618,62;57,3;0;6;6;6;3;VER,ADJ,NOM
revenu;R°v°ny;revenu;ADJ;6,5;4,21;1;6;6;6;3;VER,ADJ,NOM
revenu;R°v°ny;revenu;NOM;6,72;2,23;1;6;6;6;3;VER,ADJ,NOM
revers;R°vER;revers;NOM;3,6;3,6;1;6;6;5;2;NOM
reveux;R°v2;revouloir;VER;0,45;0,24;0;6;0;0;2;VER
revida;R°vida;revider;VER;0;0;0;6;0;0;3;VER
revins;R°v5;revenir;VER;618,62;0,5;0;6;0;0;2;VER
revint;R°v5;revenir;VER;618,62;2,24;0;6;0;0;2;VER
revive;R°viv;revivre;VER;10,37;0,47;0;6;0;0;2;VER
revoie;R°vwa;revoir;VER;162,84;3,92;0;6;0;0;2;VER
revoir;R°vwaR;revoir;NOM;262,05;262,05;1;6;6;6;2;NOM,VER
revoir;R°vwaR;revoir;VER;162,84;75,13;1;6;6;6;2;NOM,VER
revois;R°vwa;revoir;VER;162,84;10,32;0;6;0;0;2;VER
revoit;R°vwa;revoir;VER;162,84;5,92;0;6;0;0;2;VER
revole;R°vOl;revoler;VER;0,08;0,01;0;6;0;0;2;VER
revolé;R°vole;revoler;VER;0,08;0,02;0;6;0;0;3;VER
revues;R°vy;revoir;VER;162,84;0,17;0;6;0;4;2;VER,ADJ,NOM
revues;R°vy;revu;ADJ;0,72;0,12;0;6;0;4;2;VER,ADJ,NOM
revues;R°vy;revue;NOM;10,1;2,31;0;6;0;4;2;VER,ADJ,NOM
revécu;R°veky;revivre;VER;10,37;0,27;0;6;5;0;3;VER
revêts;R°vE;revêtir;VER;2,68;0,03;0;6;0;0;2;VER
revêtu;R°vEty;revêtir;VER;2,68;1,16;0;6;6;6;3;VER,ADJ
revêtu;R°vEty;revêtu;ADJ;0;0;1;6;6;6;3;VER,ADJ
revînt;R°v5;revenir;VER;618,62;0;0;6;0;0;2;VER
rezzou;R°zu;rezzou;NOM;0;0;1;6;4;4;2;NOM
reçois;R°swa;recevoir;VER;192,73;17,48;0;6;0;0;2;VER
reçoit;R°swa;recevoir;VER;192,73;14,9;0;6;0;0;2;VER
reçues;R°sy;recevoir;VER;192,73;1,29;0;6;0;4;2;VER,ADJ
reçues;R°sy;reçu;ADJ;17,39;0,15;0;6;0;4;2;VER,ADJ
reître;REtR;reître;NOM;0;0;1;6;3;3;1;NOM
rhinos;Rino;rhino;NOM;0,9;0,07;0;6;0;4;2;NOM
rhodia;Rodja;rhodia;NOM;0;0;1;6;6;4;2;NOM
rhombe;R§b;rhombe;NOM;0;0;1;6;6;3;1;NOM
rhovyl;Rovil;rhovyl;NOM;0;0;1;6;4;3;2;NOM
rhumbs;R§b;rhumb;NOM;0;0;0;6;0;3;1;NOM
rhumes;Rym;rhume;NOM;8,17;0,45;0;6;0;3;1;NOM
rhénan;Ren@;rhénan;ADJ;0;0;1;6;4;4;2;ADJ
rhésus;Rezys;rhésus;NOM;0,37;0,37;1;6;4;5;2;NOM
riante;Rj@t;riant;ADJ;0,53;0,28;0;6;0;0;1;ADJ
riants;Rj@;riant;ADJ;0,53;0;0;6;0;3;1;ADJ
ribaud;Ribo;ribaud;NOM;0,15;0,14;1;6;5;4;2;NOM
ribote;RibOt;ribot;NOM;0;0;0;6;0;0;2;NOM
ricain;Rik5;ricain;ADJ;0,36;0,17;1;6;5;4;2;ADJ,NOM
ricain;Rik5;ricain;NOM;2,55;0,33;1;6;5;4;2;ADJ,NOM
ricana;Rikana;ricaner;VER;2,04;0,02;0;6;0;0;3;VER
ricane;Rikan;ricaner;VER;2,04;1,17;0;6;0;0;2;VER
ricané;Rikane;ricaner;VER;2,04;0,12;0;6;0;6;3;VER
riches;RiS;riche;ADJ;73,85;19,57;0;6;0;3;1;ADJ,NOM
riches;RiS;riche;NOM;20,95;13,83;0;6;0;3;1;ADJ,NOM
rictus;Riktys;rictus;NOM;0,25;0,25;1;6;4;4;2;NOM
ridait;RidE;rider;VER;2,06;0,01;0;6;0;0;2;VER
ridant;Rid@;rider;VER;2,06;0,01;0;6;0;0;2;VER
rideau;Rido;rideau;NOM;19,11;10,81;1;6;5;4;2;NOM
rident;Rid;rider;VER;2,06;0,01;0;6;0;3;1;VER
ridule;Ridyl;ridule;NOM;0,16;0,01;1;6;4;4;2;NOM
ridées;Ride;rider;VER;2,06;0,02;0;6;0;4;2;VER,ADJ
ridées;Ride;ridé;ADJ;1,04;0,14;0;6;0;4;2;VER,ADJ
rieurs;Rj9R;rieur;ADJ;0,45;0,04;0;6;0;3;1;ADJ,NOM
rieurs;Rj9R;rieur;NOM;0,06;0,04;0;6;0;3;1;ADJ,NOM
rieuse;Rj2z;rieur;NOM;0,06;0;0;6;0;0;1;NOM,ADJ
rieuse;Rj2z;rieux;ADJ;0,07;0,06;0;6;0;0;1;NOM,ADJ
rifain;Rif5;rifain;NOM;0,03;0,01;1;6;4;4;2;NOM
rififi;Rififi;rififi;NOM;0,09;0,09;1;6;4;4;3;NOM
rifles;Rifl;rifle;NOM;0,12;0,1;0;6;0;4;1;NOM
rigide;RiZid;rigide;ADJ;3,27;2,96;1;6;6;5;2;ADJ
rigola;Rigola;rigoler;VER;47,56;0,02;0;6;0;0;3;VER
rigole;RigOl;rigole;NOM;1,92;1,71;1;6;6;4;2;NOM,VER
rigole;RigOl;rigoler;VER;47,56;12,08;0;6;6;4;2;NOM,VER
rigolo;Rigolo;rigolo;ADJ;6,25;5;1;6;6;6;3;ADJ,NOM
rigolo;Rigolo;rigolo;NOM;3,99;2,82;1;6;6;6;3;ADJ,NOM
rigolé;Rigole;rigoler;VER;47,56;1,82;0;6;0;6;3;VER
riions;Rij§;rire;VER;140,24;0;0;6;0;4;2;VER
rikiki;Rikiki;rikiki;ADJ;0,09;0,09;1;6;3;4;3;ADJ
rimait;RimE;rimer;VER;6,89;0,28;0;6;0;0;2;VER
rimaye;Rimaj;rimaye;NOM;0,01;0,01;1;6;5;5;2;NOM
riment;Rim;rimer;VER;6,89;0,5;0;6;0;3;1;VER
rimeur;Rim9R;rimeur;NOM;0,04;0,02;1;6;5;4;2;NOM
rimmel;RimEl;rimmel;NOM;0,16;0,16;1;6;4;5;2;NOM
rincer;R5se;rincer;VER;4,46;1,86;1;6;6;4;2;VER
rinces;R5s;rincer;VER;4,46;0,28;0;6;0;0;1;VER
rincez;R5se;rincer;VER;4,46;0,27;0;6;0;4;2;VER
rincée;R5se;rincer;VER;4,46;0,02;0;6;5;4;2;VER,NOM
rincée;R5se;rincée;NOM;0;0;1;6;5;4;2;VER,NOM
rincés;R5se;rincer;VER;4,46;0,14;0;6;0;4;2;VER
rinker;Rinke;rinker;VER;0,02;0,02;1;6;5;5;2;VER
ripant;Rip@;riper;VER;0,35;0;0;6;0;0;2;VER
ripeur;Rip9R;ripeur;NOM;0;0;1;6;5;4;2;NOM
ripoux;Ripu;ripoux;NOM;1,54;1,54;1;6;6;4;2;NOM
ripper;Rip9R;ripper;NOM;0,31;0,31;1;6;4;4;2;NOM
rirais;RiRE;rire;VER;140,24;0,66;0;6;0;0;2;VER
rirait;RiRE;rire;VER;140,24;0,2;0;6;0;0;2;VER
rirent;RiR;rire;VER;140,24;0,01;0;6;0;3;1;VER
rirons;RiR§;rire;VER;140,24;0,23;0;6;0;0;2;VER
riront;RiR§;rire;VER;140,24;0,3;0;6;0;0;2;VER
risqua;Riska;risquer;VER;100,4;0,45;0;6;0;0;2;VER
risque;Risk;risque;NOM;69,33;45,98;1;6;6;4;1;NOM,VER
risque;Risk;risquer;VER;100,4;42,32;0;6;6;4;1;NOM,VER
risqué;Riske;risquer;VER;100,4;10,77;0;6;6;5;2;VER,ADJ
risqué;Riske;risqué;ADJ;8,29;7,61;1;6;6;5;2;VER,ADJ
risées;Rize;risée;NOM;2,22;0,1;0;6;0;4;2;NOM
ritale;Rital;rital;NOM;2,66;0,14;0;6;0;4;2;NOM
ritals;Rital;rital;NOM;2,66;1,16;0;6;0;4;2;NOM
rittes;Rit;ritt;NOM;0;0;0;6;0;3;1;NOM
rituel;Rit8El;rituel;ADJ;3,29;1,82;1;6;6;6;2;ADJ,NOM
rituel;Rit8El;rituel;NOM;8,82;7,03;1;6;6;6;2;ADJ,NOM
rivage;RivaZ;rivage;NOM;5,46;4,38;1;6;5;5;2;NOM
rivais;RivE;river;VER;3,47;0;0;6;0;4;2;VER
rivait;RivE;river;VER;3,47;0;0;6;0;4;2;VER
rivale;Rival;rival;ADJ;1,34;0,16;0;6;0;5;2;ADJ,NOM
rivale;Rival;rival;NOM;4,75;1,23;0;6;0;5;2;ADJ,NOM
rivant;Riv@;river;VER;3,47;0;0;6;0;0;2;VER
rivaux;Rivo;rival;ADJ;1,34;0,48;0;6;0;0;2;ADJ,NOM
rivaux;Rivo;rival;NOM;4,75;0,69;0;6;0;0;2;ADJ,NOM
rivets;RivE;rivet;NOM;0,56;0,22;0;6;0;4;2;NOM
riveté;Riv°te;riveter;VER;0,16;0;0;6;0;0;3;VER
rivoir;RivwaR;rivoir;NOM;0,01;0,01;1;6;4;4;2;NOM
rivées;Rive;river;VER;3,47;0;0;6;0;4;2;VER
robert;RobER;robert;NOM;1,51;1,44;1;6;6;4;2;NOM
robins;Rob5;robin;NOM;0,41;0,38;0;6;0;4;2;NOM
roblot;ROblo;roblot;NOM;0;0;1;6;4;4;2;NOM
robots;Robo;robot;NOM;22,89;7,92;0;6;0;4;2;NOM
rocade;Rokad;rocade;NOM;0,27;0,27;1;6;5;5;2;NOM
rochas;RoSa;rocher;VER;0,08;0;0;6;0;0;2;VER
rocher;RoSe;rocher;NOM;16,97;10,37;1;6;6;4;2;NOM,VER
rocher;RoSe;rocher;VER;0,08;0,07;1;6;6;4;2;NOM,VER
roches;ROS;roche;NOM;5,81;2,13;0;6;0;3;1;NOM
rochet;RoSE;rochet;NOM;0,01;0,01;1;6;6;4;2;NOM
rocker;Rok9R;rocker;NOM;1,52;0,86;1;6;6;4;2;NOM
rocket;RokEt;rocket;NOM;1,4;1,04;1;6;6;5;2;NOM
rococo;Rokoko;rococo;ADJ;0,01;0,01;1;6;4;4;3;ADJ,NOM
rococo;Rokoko;rococo;NOM;0,14;0,13;1;6;4;4;3;ADJ,NOM
rodage;RodaZ;rodage;NOM;0,32;0,32;1;6;4;5;2;NOM
rodait;RodE;roder;VER;1,35;0,17;0;6;0;0;2;VER
rodées;Rode;roder;VER;1,35;0;0;6;0;4;2;VER
rodéos;Rodeo;rodéo;NOM;2,01;0,09;0;6;0;5;3;NOM
rogner;RoNe;rogner;VER;0,39;0,09;1;6;6;4;2;VER
rognes;RON;rogne;NOM;3,68;0,01;0;6;0;3;1;NOM
rognez;RoNe;rogner;VER;0,39;0,01;0;6;0;4;2;VER
rognon;RoN§;rognon;NOM;1,12;0,06;1;6;6;4;2;NOM
rognée;RoNe;rogner;VER;0,39;0;0;6;0;4;2;VER
rognés;RoNe;rogner;VER;0,39;0;0;6;0;4;2;VER
rogues;ROg;rogue;ADJ;0,66;0,01;0;6;0;3;1;ADJ,NOM
rogues;ROg;rogue;NOM;0,36;0,01;0;6;0;3;1;ADJ,NOM
roides;Rwad;roide;ADJ;0,04;0,01;0;6;0;4;1;ADJ
roidie;Rwadi;roidir;VER;0,02;0;0;6;0;0;2;VER
roidir;RwadiR;roidir;VER;0,02;0,01;1;6;5;5;2;VER
roller;ROl9R;roller;NOM;1,41;0,88;1;6;6;4;2;NOM
romain;Rom5;romain;ADJ;11,02;5,28;1;6;5;4;2;ADJ,NOM
romain;Rom5;romain;NOM;1,99;0,64;1;6;5;4;2;ADJ,NOM
romane;Roman;roman;ADJ;2,09;0,02;0;6;0;0;2;ADJ
romani;Romani;romani;NOM;0,11;0,11;1;6;6;6;3;NOM
romano;Romano;romano;NOM;0,28;0,22;1;6;6;6;3;NOM
romans;Rom@;roman;ADJ;2,09;0,95;0;6;0;4;2;ADJ,NOM
romans;Rom@;roman;NOM;23,73;5,94;0;6;0;4;2;ADJ,NOM
rompez;R§pe;rompre;VER;41,37;6,2;0;6;0;0;2;VER
rompis;R§pi;rompre;VER;41,37;0;0;6;0;0;2;VER
rompit;R§pi;rompre;VER;41,37;0,28;0;6;0;0;2;VER
rompra;R§pRa;rompre;VER;41,37;0,2;0;6;0;0;2;VER
rompre;R§pR;rompre;VER;41,37;12,61;1;6;5;4;1;VER
rompue;R§py;rompre;VER;41,37;0,84;0;6;0;4;2;VER,ADJ
rompue;R§py;rompu;ADJ;1,13;0,33;0;6;0;4;2;VER,ADJ
rompus;R§py;rompre;VER;41,37;0,31;0;6;0;4;2;VER,ADJ
rompus;R§py;rompu;ADJ;1,13;0,33;0;6;0;4;2;VER,ADJ
rompît;R§pi;rompre;VER;41,37;0,01;0;6;0;0;2;VER
ronces;R§s;ronce;NOM;1,1;0,95;0;6;0;3;1;NOM
roncet;R§sE;roncet;NOM;0;0;1;6;6;4;2;NOM
rondes;R§d;rond;ADJ;12,31;1,19;0;6;0;3;1;ADJ,NOM
rondes;R§d;ronde;NOM;9,54;1,61;0;6;0;3;1;ADJ,NOM
rondin;R§d5;rondin;NOM;0,76;0,23;1;6;5;4;2;NOM
rondos;R§do;rondo;NOM;0,34;0;0;6;0;4;2;NOM
ronfla;R§fla;ronfler;VER;6,62;0;0;6;0;0;2;VER
ronfle;R§fl;ronfler;VER;6,62;2,52;0;6;0;0;1;VER
ronflé;R§fle;ronfler;VER;6,62;0,9;0;6;0;5;2;VER
rongea;R§Za;ronger;VER;11,68;0;0;6;0;0;2;VER
ronger;R§Ze;ronger;VER;11,68;1,54;1;6;6;4;2;VER
ronges;R§Z;ronger;VER;11,68;0,38;0;6;0;0;1;VER
rongez;R§Ze;ronger;VER;11,68;0,21;0;6;0;4;2;VER
rongée;R§Ze;ronger;VER;11,68;0,68;0;6;0;4;2;VER
rongés;R§Ze;ronger;VER;11,68;0,19;0;6;0;4;2;VER
ronron;R§R§;ronron;NOM;0,16;0,16;1;6;6;4;2;NOM
roquer;Roke;roquer;VER;0,2;0;1;6;6;4;2;VER
roques;ROk;roque;NOM;1,14;0;0;6;0;3;1;NOM
roquet;RokE;roquet;NOM;0,25;0,23;1;6;6;4;2;NOM
rosace;Rozas;rosace;NOM;0;0;1;6;5;5;2;NOM
rosbif;ROsbif;rosbif;NOM;1,81;1,38;1;6;4;4;2;NOM
roseau;Rozo;roseau;NOM;1,13;0,63;1;6;5;4;2;NOM
roseur;Roz9R;roseur;NOM;0;0;1;6;5;4;2;NOM
rosier;Rozje;rosier;NOM;0,85;0,24;1;6;5;5;2;NOM
rosies;Rozi;rosir;VER;1,44;0;0;6;0;0;2;VER
rosser;Rose;rosser;VER;2,49;0,79;1;6;6;4;2;VER
rosses;ROs;rosse;ADJ;0,61;0,2;0;6;0;3;1;ADJ,NOM,VER
rosses;ROs;rosse;NOM;0,37;0,11;0;6;0;3;1;ADJ,NOM,VER
rosses;ROs;rosser;VER;2,49;0,01;0;6;0;3;1;ADJ,NOM,VER
rossez;Rose;rosser;VER;2,49;0,16;0;6;0;4;2;VER
rossée;Rose;rosser;VER;2,49;0,14;0;6;5;4;2;VER,NOM
rossée;Rose;rossée;NOM;0,01;0,01;1;6;5;4;2;VER,NOM
rossés;Rose;rosser;VER;2,49;0,26;0;6;0;4;2;VER
rostre;ROstR;rostre;NOM;0,03;0,02;1;6;4;4;1;NOM
rosées;Roze;roser;VER;0,51;0,02;0;6;0;4;2;VER,NOM
rosées;Roze;rosée;NOM;3,19;0;0;6;0;4;2;VER,NOM
rotais;RotE;roter;VER;1,3;0;0;6;0;0;2;VER
rotait;RotE;roter;VER;1,3;0,01;0;6;0;0;2;VER
rotant;Rot@;roter;VER;1,3;0,04;0;6;0;0;2;VER
rotary;RotaRi;rotary;NOM;0,76;0,76;1;6;6;5;3;NOM
rotent;ROt;roter;VER;1,3;0,04;0;6;0;3;1;VER
rotera;ROt°Ra;roter;VER;1,3;0;0;6;0;0;3;VER
roteur;ROt9R;roteur;NOM;0,02;0,01;1;6;5;4;2;NOM
rotors;RotOR;rotor;NOM;0,37;0,06;0;6;0;4;2;NOM
rototo;ROtOto;rototo;NOM;0,03;0,02;1;6;5;5;3;NOM
rotule;Rotyl;rotule;NOM;1,29;0,57;1;6;6;5;2;NOM
roture;RotyR;roture;NOM;0,14;0,14;1;6;6;5;2;NOM
rotées;Rote;roter;VER;1,3;0;0;6;0;4;2;VER
rouage;RwaZ;rouage;NOM;1,18;0,3;1;6;5;4;1;NOM
rouais;RuE;rouer;VER;2,2;0,02;0;6;0;0;2;VER
rouait;RwE;rouer;VER;2,2;0,13;0;6;0;3;1;VER
rouant;Rw@;rouer;VER;2,2;0,01;0;6;0;3;1;VER
rouble;Rubl;rouble;NOM;7,88;1,22;1;6;6;4;1;NOM
rouent;Ru;rouer;VER;2,2;0,12;0;6;0;2;1;VER
rouges;RuZ;rouge;ADJ;102,93;23,23;0;6;0;3;1;ADJ,NOM
rouges;RuZ;rouge;NOM;37,14;4,21;0;6;0;3;1;ADJ,NOM
rouget;RuZE;rouget;NOM;0,35;0,35;1;6;6;4;2;NOM
rougie;RuZi;rougir;VER;9,01;0,17;0;6;0;0;2;VER
rougir;RuZiR;rougir;VER;9,01;2,51;1;6;6;5;2;VER
rougis;RuZi;rougir;VER;9,01;1,75;0;6;0;0;2;VER
rougit;RuZi;rougir;VER;9,01;1,65;0;6;0;0;2;VER
rougît;RuZi;rougir;VER;9,01;0;0;6;0;0;2;VER
rouies;Rwi;rouir;VER;0;0;0;6;0;0;1;VER
roulai;RulE;rouler;VER;61,82;0,02;0;6;0;0;2;VER
rouler;Rule;rouler;VER;61,82;14,41;1;6;6;4;2;VER
roules;Rul;roule;NOM;4,85;0,01;0;6;0;3;1;NOM,VER
roules;Rul;rouler;VER;61,82;1,89;0;6;0;3;1;NOM,VER
roulez;Rule;rouler;VER;61,82;3,83;0;6;0;4;2;VER
roulis;Ruli;roulis;NOM;0,56;0,56;1;6;6;4;2;NOM
roulât;Rula;rouler;VER;61,82;0;0;6;0;0;2;VER
roulée;Rule;rouler;VER;61,82;0,3;0;6;0;4;2;VER,ADJ
roulée;Rule;roulé;ADJ;2,15;1,18;0;6;0;4;2;VER,ADJ
roulés;Rule;rouler;VER;61,82;1;0;6;0;4;2;VER,ADJ
roulés;Rule;roulé;ADJ;2,15;0,12;0;6;0;4;2;VER,ADJ
roumis;Rumi;roumi;NOM;0,14;0;0;6;0;4;2;NOM
rounds;Rund;round;NOM;7,59;1,84;0;6;0;3;1;NOM
roupie;Rupi;roupie;NOM;1,3;0,29;1;6;6;4;2;NOM
rousse;Rus;roux;ADJ;5,52;1,82;0;6;0;0;1;ADJ,NOM
rousse;Rus;roux;NOM;5,03;3,69;0;6;0;0;1;ADJ,NOM
roussi;Rusi;roussi;ADJ;0,04;0,01;1;6;6;4;2;ADJ,NOM,VER
roussi;Rusi;roussi;NOM;1;1;1;6;6;4;2;ADJ,NOM,VER
roussi;Rusi;roussir;VER;0,23;0,09;0;6;6;4;2;ADJ,NOM,VER
roussé;Ruse;rousser;VER;0;0;0;6;0;0;2;VER
rouste;Rust;rouste;NOM;0,34;0,32;1;6;6;4;1;NOM
rousti;Rusti;roustir;VER;0,01;0,01;0;6;0;0;2;VER
router;Rute;router;VER;0,05;0,03;1;6;6;4;2;VER
routes;Rut;route;NOM;166,72;13,89;0;6;0;3;1;NOM
routin;Rut5;routin;NOM;0;0;1;6;6;4;2;NOM
rouvre;RuvR;rouvre;NOM;0;0;1;6;6;4;1;NOM,VER
rouvre;RuvR;rouvrir;VER;6,76;0,94;0;6;6;4;1;NOM,VER
royale;Rwajal;royal;ADJ;22,65;9,64;0;6;6;6;2;ADJ,NOM
royale;Rwajal;royale;NOM;0,34;0,34;1;6;6;6;2;ADJ,NOM
royaux;Rwajo;royal;ADJ;22,65;1;0;6;0;0;2;ADJ
ruades;Ryad;ruade;NOM;0,28;0,01;0;6;0;3;2;NOM
rubans;Ryb@;ruban;NOM;8,49;1,93;0;6;0;4;2;NOM
rubato;Rybato;rubato;ADV;0;0;1;6;5;5;3;ADV
rucher;RySe;rucher;NOM;0,11;0,11;1;6;6;4;2;NOM
ruches;RyS;ruche;NOM;3,57;0,93;0;6;0;3;1;NOM
ruchée;RySe;ruché;NOM;0;0;0;6;0;4;2;NOM
rudoie;Rydwa;rudoyer;VER;0,45;0,01;0;6;0;0;2;VER
rudoya;Rydwaja;rudoyer;VER;0,45;0;0;6;0;0;3;VER
rudoyé;Rydwaje;rudoyer;VER;0,45;0,08;0;6;0;6;3;VER
ruelle;R8El;ruelle;NOM;6,25;4,04;1;6;4;3;1;NOM
rufian;Ryfj@;rufian;NOM;0,01;0,01;1;6;4;3;2;NOM
ruiner;R8ine;ruiner;VER;20,39;7,21;1;6;6;5;2;VER
ruines;R8in;ruine;NOM;17,93;8,7;0;6;0;4;1;NOM,VER
ruines;R8in;ruiner;VER;20,39;0,48;0;6;0;4;1;NOM,VER
ruinez;R8ine;ruiner;VER;20,39;0,35;0;6;0;5;2;VER
ruinât;R8ina;ruiner;VER;20,39;0;0;6;0;0;2;VER
ruinée;R8ine;ruiner;VER;20,39;1,09;0;6;0;5;2;VER,ADJ
ruinée;R8ine;ruiné;ADJ;1,17;0,12;0;6;0;5;2;VER,ADJ
ruinés;R8ine;ruiner;VER;20,39;1,02;0;6;0;5;2;VER,ADJ
ruinés;R8ine;ruiné;ADJ;1,17;0,27;0;6;0;5;2;VER,ADJ
rumbas;Rumba;rumba;NOM;0,68;0;0;6;0;4;2;NOM
rumeur;Rym9R;rumeur;NOM;22,11;10,15;1;6;4;4;2;NOM
rumina;Rymina;ruminer;VER;1,66;0,01;0;6;0;0;3;VER
rumine;Rymin;ruminer;VER;1,66;0,36;0;6;0;0;2;VER
ruminé;Rymine;ruminer;VER;1,66;0,04;0;6;0;6;3;VER
rupine;Rypin;rupin;ADJ;0,34;0;0;6;0;0;2;ADJ
rupins;Ryp5;rupin;ADJ;0,34;0,03;0;6;0;4;2;ADJ,NOM
rupins;Ryp5;rupin;NOM;0,68;0,43;0;6;0;4;2;ADJ,NOM
rurale;RyRal;rural;ADJ;1,19;0,23;0;6;0;3;2;ADJ,NOM
rurale;RyRal;rural;NOM;0,08;0,04;0;6;0;3;2;ADJ,NOM
ruraux;RyRo;rural;ADJ;1,19;0,05;0;6;0;0;2;ADJ
rusais;RyzE;ruser;VER;3,12;0,01;0;6;0;0;2;VER
rusait;RyzE;ruser;VER;3,12;0,02;0;6;0;0;2;VER
rusant;Ryz@;ruser;VER;3,12;0,02;0;6;0;0;2;VER
rusent;Ryz;ruser;VER;3,12;0,01;0;6;0;3;1;VER
rusera;Ryz°Ra;ruser;VER;3,12;0;0;6;0;0;3;VER
rushes;R9S;rush;NOM;2,02;0,98;0;6;0;3;1;NOM
russes;Rys;russe;ADJ;32,27;7,42;0;6;0;3;1;ADJ,NOM
russes;Rys;russe;NOM;35,44;19,76;0;6;0;3;1;ADJ,NOM
rustre;RystR;rustre;ADJ;0,53;0,4;1;6;5;5;1;ADJ,NOM
rustre;RystR;rustre;NOM;2,26;1,63;1;6;5;5;1;ADJ,NOM
rusées;Ryze;ruser;VER;3,12;0,13;0;6;0;4;2;VER,ADJ,NOM
rusées;Ryze;rusé;ADJ;3,27;0,06;0;6;0;4;2;VER,ADJ,NOM
rusées;Ryze;rusé;NOM;1,05;0,02;0;6;0;4;2;VER,ADJ,NOM
rutile;Rytil;rutiler;VER;0,02;0,01;0;6;0;0;2;VER
ruâmes;R8am;ruer;VER;3,27;0;0;6;0;0;1;VER
rythme;Ritm;rythme;NOM;20,43;19,15;1;6;6;4;1;NOM,VER
rythme;Ritm;rythmer;VER;0,47;0,16;0;6;6;4;1;NOM,VER
rythmé;Ritme;rythmer;VER;0,47;0,05;0;6;6;5;2;VER,ADJ
rythmé;Ritme;rythmé;ADJ;0,91;0,3;1;6;6;5;2;VER,ADJ
râblée;Rable;râblé;ADJ;0,01;0;0;6;0;5;2;ADJ
râblés;Rable;râbler;VER;0;0;0;6;0;5;2;VER,ADJ
râblés;Rable;râblé;ADJ;0,01;0;0;6;0;5;2;VER,ADJ
râlais;RalE;râler;VER;6,61;0,19;0;6;0;0;2;VER
râlait;RalE;râler;VER;6,61;0,15;0;6;0;0;2;VER
râlant;Ral@;râlant;ADJ;0,02;0;1;6;4;4;2;ADJ,VER
râlant;Ral@;râler;VER;6,61;0,16;0;6;4;4;2;ADJ,VER
râlent;Ral;râler;VER;6,61;0,37;0;6;0;3;1;VER
râlera;Ral°Ra;râler;VER;6,61;0,01;0;6;0;0;3;VER
râleur;Ral9R;râleur;ADJ;0,33;0,12;1;6;6;4;2;ADJ,NOM
râleur;Ral9R;râleur;NOM;0,48;0,34;1;6;6;4;2;ADJ,NOM
râleux;Ral2z;râleux;NOM;0;0;1;6;6;4;2;NOM
râpait;RapE;râper;VER;1,22;0;0;6;0;0;2;VER
râpant;Rap@;râper;VER;1,22;0;0;6;0;0;2;VER
râpent;Rap;râper;VER;1,22;0;0;6;0;3;1;VER
râpeux;Rap2;râpeux;ADJ;0,3;0,29;1;6;5;4;2;ADJ
râpées;Rape;râper;VER;1,22;0;0;6;0;4;2;VER,ADJ
râpées;Rape;râpé;ADJ;0,49;0,03;0;6;0;4;2;VER,ADJ
râteau;Rato;râteau;NOM;0,83;0,77;1;6;5;4;2;NOM
règles;REgl;règle;NOM;79,51;46,34;0;6;0;4;1;NOM,VER
règles;REgl;régler;VER;85,81;0,83;0;6;0;4;1;NOM,VER
règnes;REN;règne;NOM;7,32;0,01;0;6;0;3;1;NOM,VER
règnes;REN;régner;VER;22,75;0,16;0;6;0;3;1;NOM,VER
réagir;ReaZiR;réagir;VER;33,19;9,92;1;6;6;5;3;VER
réagis;ReaZi;réagir;VER;33,19;4,01;0;6;0;0;3;VER
réagit;ReaZi;réagir;VER;33,19;5,09;0;6;0;0;3;VER
réagît;ReaZi;réagir;VER;33,19;0;0;6;0;0;3;VER
réarma;ReaRma;réarmer;VER;0,1;0;0;6;0;0;3;VER
réarme;ReaRm;réarmer;VER;0,1;0;0;6;0;0;2;VER
réarmé;ReaRme;réarmer;VER;0,1;0,03;0;6;0;6;3;VER
récent;Res@;récent;ADJ;12,42;3,96;1;6;5;4;2;ADJ
récifs;Resif;récif;NOM;1,44;0,69;0;6;0;5;2;NOM
récita;Resita;réciter;VER;11,89;0,01;0;6;0;0;3;VER
récite;Resit;réciter;VER;11,89;3,44;0;6;0;0;2;VER
récits;Resi;récit;NOM;9,89;2,77;0;6;0;4;2;NOM
récité;Resite;réciter;VER;11,89;0,69;0;6;0;6;3;VER
récria;RekRija;récrier;VER;0;0;0;6;0;0;3;VER
récrie;RekRi;récrier;VER;0;0;0;6;0;5;2;VER
récris;RekRi;récri;NOM;0,02;0,02;0;6;0;5;2;NOM,VER
récris;RekRi;récrire;VER;0,46;0,02;0;6;0;5;2;NOM,VER
récrit;RekRi;récrire;VER;0,46;0,11;0;6;0;5;2;VER
récrié;RekRije;récrier;VER;0;0;0;6;0;0;3;VER
récrée;RekRe;récréer;VER;0,06;0,04;0;6;0;5;2;VER
récrés;RekRe;récré;NOM;2,29;0,05;0;6;0;5;2;NOM
récréé;RekRee;récréer;VER;0,06;0,01;0;6;0;6;3;VER
récupe;Rekyp;récup;NOM;0,13;0;0;6;0;5;2;NOM
récure;RekyR;récurer;VER;0,54;0,07;0;6;0;0;2;VER
récuré;RekyRe;récurer;VER;0,54;0,08;0;6;0;6;3;VER
récusa;Rekyza;récuser;VER;0,78;0;0;6;0;0;3;VER
récuse;Rekyz;récuser;VER;0,78;0,19;0;6;0;0;2;VER
récusé;Rekyze;récuser;VER;0,78;0,14;0;6;0;6;3;VER
rédige;RediZ;rédiger;VER;8,49;0,72;0;6;0;0;2;VER
rédigé;RediZe;rédiger;VER;8,49;2,55;0;6;0;5;3;VER
réduis;Red8i;réduire;VER;27,88;1,35;0;6;0;5;2;VER
réduit;Red8i;réduire;VER;27,88;8,48;0;6;6;5;2;VER,ADJ,NOM
réduit;Red8i;réduit;ADJ;2,85;1,42;1;6;6;5;2;VER,ADJ,NOM
réduit;Red8i;réduit;NOM;0,81;0,74;1;6;6;5;2;VER,ADJ,NOM
réelle;ReEl;réel;ADJ;38,7;8,88;0;6;0;4;2;ADJ
réfuta;Refyta;réfuter;VER;1,46;0,1;0;6;0;0;3;VER
réfute;Refyt;réfuter;VER;1,46;0,2;0;6;0;0;2;VER
réfuté;Refyte;réfuter;VER;1,46;0,05;0;6;0;6;3;VER
réfère;RefER;référer;VER;3,02;1;0;6;0;0;2;VER
référé;RefeRe;référer;VER;3,02;0,08;0;6;6;6;3;VER,NOM
référé;RefeRe;référé;NOM;0,14;0,13;1;6;6;6;3;VER,NOM
régala;Regala;régaler;VER;7,54;0;0;6;0;0;3;VER
régale;Regal;régale;ADJ;0,01;0,01;1;6;6;5;2;ADJ,NOM,VER
régale;Regal;régale;NOM;0;0;1;6;6;5;2;ADJ,NOM,VER
régale;Regal;régaler;VER;7,54;3,02;0;6;6;5;2;ADJ,NOM,VER
régals;Regal;régal;NOM;2,19;0,01;0;6;0;5;2;NOM
régalé;Regale;régaler;VER;7,54;0,24;0;6;0;6;3;VER
régate;Regat;régate;NOM;1,13;0,93;1;6;5;5;2;NOM
régent;ReZ@;régent;NOM;1,14;0,77;1;6;6;4;2;NOM
régies;ReZi;régie;NOM;0,92;0;0;6;0;4;2;NOM,VER
régies;ReZi;régir;VER;3,1;0;0;6;0;4;2;NOM,VER
régime;ReZim;régime;NOM;19,43;18,52;1;6;6;5;2;NOM
région;ReZj§;région;NOM;28,16;25,8;1;6;6;5;2;NOM
régira;ReZiRa;régir;VER;3,1;0,05;0;6;0;0;3;VER
réglai;ReglE;régler;VER;85,81;0;0;6;0;0;2;VER
régler;Regle;régler;VER;85,81;42,27;1;6;6;5;2;VER
réglez;Regle;régler;VER;85,81;3,06;0;6;0;5;2;VER
réglos;Reglo;réglo;ADJ;6,61;0,62;0;6;0;5;2;ADJ
réglât;Regla;régler;VER;85,81;0;0;6;0;0;2;VER
réglée;Regle;régler;VER;85,81;2,37;0;6;0;5;2;VER,ADJ
réglée;Regle;réglé;ADJ;3,84;1,11;0;6;0;5;2;VER,ADJ
réglés;Regle;régler;VER;85,81;0,39;0;6;0;5;2;VER,ADJ
réglés;Regle;réglé;ADJ;3,84;0,16;0;6;0;5;2;VER,ADJ
régnas;ReNa;régner;VER;22,75;0;0;6;0;0;2;VER
régner;ReNe;régner;VER;22,75;5,52;1;6;5;4;2;VER
régnez;ReNe;régner;VER;22,75;1,04;0;6;0;4;2;VER
régule;Regyl;régule;NOM;0,28;0,28;1;6;6;5;2;NOM
régulé;Regyle;réguler;VER;0,61;0,03;0;6;0;6;3;VER
réjoui;ReZwi;réjoui;ADJ;0,45;0,23;1;6;6;5;2;ADJ,VER
réjoui;ReZwi;réjouir;VER;21,02;0,5;0;6;6;5;2;ADJ,VER
rémora;RemORa;rémora;NOM;0,02;0,02;1;6;5;4;3;NOM
rénale;Renal;rénal;ADJ;1,57;0,82;0;6;0;4;2;ADJ
rénaux;Reno;rénal;ADJ;1,57;0,32;0;6;0;0;2;ADJ
rénine;Renin;rénine;NOM;0,01;0,01;1;6;4;4;2;NOM
rénove;RenOv;rénover;VER;2,33;0,24;0;6;0;0;2;VER
rénové;Renove;rénover;VER;2,33;0,53;0;6;0;6;3;VER
répand;Rep@;répandre;VER;20,39;4,14;0;6;0;0;2;VER
répara;RepaRa;réparer;VER;67,7;0,01;0;6;0;0;3;VER
répare;RepaR;réparer;VER;67,7;7,29;0;6;0;0;2;VER
réparé;RepaRe;réparer;VER;67,7;9,35;0;6;0;6;3;VER
répits;Repi;répit;NOM;3,87;0,01;0;6;0;4;2;NOM
répond;Rep§;répondre;VER;251,57;27,42;0;6;0;4;2;VER
répons;Rep§;répons;NOM;0,04;0,04;1;6;6;4;2;NOM
répute;Repyt;réputer;VER;2,1;0;0;6;0;0;2;VER
réputé;Repyte;réputer;VER;2,1;1,21;0;6;6;6;3;VER,ADJ
réputé;Repyte;réputé;ADJ;1,68;1,09;1;6;6;6;3;VER,ADJ
répète;RepEt;répéter;VER;98,31;45,14;0;6;0;0;2;VER
répéta;Repeta;répéter;VER;98,31;0,15;0;6;0;0;3;VER
répété;Repete;répéter;VER;98,31;5,35;0;6;6;6;3;VER,ADJ
répété;Repete;répété;ADJ;1,05;0,45;1;6;6;6;3;VER,ADJ
réseau;Rezo;réseau;NOM;14,41;13,23;1;6;5;4;2;NOM
réside;Rezid;résider;VER;4,95;3,51;0;6;0;0;2;VER
résidu;Rezidy;résidu;NOM;2,72;0,89;1;6;6;6;3;NOM
résidé;Rezide;résider;VER;4,95;0,04;0;6;0;6;3;VER
résine;Rezin;résine;NOM;0,84;0,83;1;6;6;5;2;NOM
résiné;Rezine;résiné;ADJ;0;0;1;6;6;6;3;ADJ,NOM
résiné;Rezine;résiné;NOM;0;0;1;6;6;6;3;ADJ,NOM
résolu;Rezoly;résolu;ADJ;6,05;1,76;1;6;6;6;3;ADJ,VER
résolu;Rezoly;résoudre;VER;40,95;9,28;0;6;6;6;3;ADJ,VER
résous;Rezu;résoudre;VER;40,95;1,04;0;6;0;0;2;VER
résout;Rezu;résoudre;VER;40,95;3,38;0;6;0;0;2;VER
résuma;Rezyma;résumer;VER;7,48;0,01;0;6;0;0;3;VER
résume;Rezym;résumer;VER;7,48;3,5;0;6;0;0;2;VER
résumé;Rezyme;résumer;VER;7,48;0,54;0;6;6;5;3;VER,NOM
résumé;Rezyme;résumé;NOM;3,95;3,86;1;6;6;5;3;VER,NOM
réséda;Rezeda;réséda;ADJ;0,02;0,02;1;6;5;4;3;ADJ,NOM
réséda;Rezeda;réséda;NOM;0,1;0,1;1;6;5;4;3;ADJ,NOM
rétame;Retam;rétamer;VER;0,56;0,04;0;6;0;0;2;VER
rétamé;Retame;rétamer;VER;0,56;0,25;0;6;0;6;3;VER
rétifs;Retif;rétif;ADJ;0,21;0,14;0;6;0;5;2;ADJ
rétine;Retin;rétine;NOM;0,8;0,69;1;6;6;5;2;NOM
rétive;Retiv;rétif;ADJ;0,21;0,02;0;6;0;0;2;ADJ
rétros;RetRo;rétro;NOM;0,92;0,12;0;6;0;5;2;NOM
réunie;Reyni;réunir;VER;41,93;1,61;0;6;0;0;3;VER
réunir;ReyniR;réunir;VER;41,93;9,11;1;6;6;6;3;VER
réunis;Reyni;réunir;VER;41,93;15,85;0;6;0;0;3;VER
réunit;Reyni;réunir;VER;41,93;3,39;0;6;0;0;3;VER
réussi;Reysi;réussi;ADJ;6,11;3;1;6;6;5;3;ADJ,VER
réussi;Reysi;réussir;VER;131,88;78,63;0;6;6;5;3;ADJ,VER
réveil;RevEj;réveil;NOM;18,43;18,16;1;6;6;5;2;NOM
révisa;Reviza;réviser;VER;8,21;0;0;6;0;0;3;VER
révise;Reviz;réviser;VER;8,21;1,65;0;6;0;0;2;VER
réviso;Revizo;réviso;NOM;0;0;1;6;6;6;3;NOM
révisé;Revize;réviser;VER;8,21;1,1;0;6;0;6;3;VER
révolu;Revoly;révolu;ADJ;2,25;0,6;1;6;6;6;3;ADJ
révèle;RevEl;révéler;VER;32,7;6,32;0;6;0;0;2;VER
révère;RevER;révérer;VER;0,96;0,21;0;6;0;0;2;VER
révéla;Revela;révéler;VER;32,7;0,66;0;6;0;0;3;VER
révélé;Revele;révéler;VER;32,7;7,86;0;6;6;6;3;VER,ADJ
révélé;Revele;révélé;ADJ;0,42;0,23;1;6;6;6;3;VER,ADJ
révéré;ReveRe;révérer;VER;0,96;0,07;0;6;0;6;3;VER
réélus;Reely;réélire;VER;0,94;0,03;0;6;6;5;3;VER
réélus;Reely;réélus;VER;0,01;0,01;1;6;6;5;3;VER
réélut;Reely;réélire;VER;0,94;0;0;6;0;5;3;VER
rêches;RES;rêche;ADJ;0,51;0,04;0;6;0;3;1;ADJ
rêvais;REvE;rêver;VER;122,95;11;0;6;0;0;2;VER
rêvait;REvE;rêver;VER;122,95;3,59;0;6;0;0;2;VER
rêvant;REv@;rêver;VER;122,95;1,26;0;6;0;0;2;VER
rêvent;REv;rêver;VER;122,95;3,63;0;6;0;3;1;VER
rêvera;REv°Ra;rêver;VER;122,95;0,08;0;6;0;0;3;VER
rêveur;REv9R;rêveur;ADJ;1,77;0,96;1;6;6;4;2;ADJ,NOM
rêveur;REv9R;rêveur;NOM;2,5;1,48;1;6;6;4;2;ADJ,NOM
rêviez;REvje;rêver;VER;122,95;0,58;0;6;0;0;2;VER
rêvons;REv§;rêver;VER;122,95;0,68;0;6;0;0;2;VER
rêvées;Reve;rêver;VER;122,95;0,05;0;6;0;4;2;VER,ADJ
rêvées;Reve;rêvé;ADJ;2,61;0,01;0;6;0;4;2;VER,ADJ
rôdais;RodE;rôder;VER;5,76;0,07;0;6;0;0;2;VER
rôdait;RodE;rôder;VER;5,76;0,35;0;6;0;0;2;VER
rôdant;Rod@;rôder;VER;5,76;0,44;0;6;0;0;2;VER
rôdent;Rod;rôder;VER;5,76;0,61;0;6;0;0;1;VER
rôdera;Rod°Ra;rôder;VER;5,76;0,01;0;6;0;0;3;VER
rôdeur;Rod9R;rôdeur;NOM;1,37;0,94;1;6;5;4;2;NOM
rôdiez;Rodje;rôder;VER;5,76;0,01;0;6;0;0;2;VER
rônier;Ronje;rônier;NOM;0,01;0,01;1;6;5;4;2;NOM
rônins;Ron5;rônin;NOM;0,1;0,03;0;6;0;4;2;NOM
rôties;Roti;rôti;ADJ;2,13;0,15;0;6;0;4;2;ADJ,NOM,VER
rôties;Roti;rôtie;NOM;0,13;0,01;0;6;0;4;2;ADJ,NOM,VER
rôties;Roti;rôtir;VER;2,9;0,01;0;6;0;4;2;ADJ,NOM,VER
sabbat;saba;sabbat;NOM;3,28;3,14;1;6;6;4;2;NOM
sabins;sab5;sabin;ADJ;0;0;0;6;0;4;2;ADJ
sabler;sable;sabler;VER;0,28;0,16;1;6;6;5;2;VER
sables;sabl;sable;NOM;25,23;2,09;0;6;0;4;1;NOM
sablez;sable;sabler;VER;0,28;0,02;0;6;0;5;2;VER
sablée;sable;sabler;VER;0,28;0,01;0;6;0;5;2;VER,ADJ
sablée;sable;sablé;ADJ;0,4;0,01;0;6;0;5;2;VER,ADJ
sablés;sable;sabler;VER;0,28;0,01;0;6;0;5;2;VER,ADJ
sablés;sable;sablé;ADJ;0,4;0,25;0;6;0;5;2;VER,ADJ
sabord;sabOR;sabord;NOM;0,17;0,03;1;6;6;5;2;NOM
sabote;sabOt;saboter;VER;6,25;0,34;0;6;0;0;2;VER
sabots;sabo;sabot;NOM;4,95;3,16;0;6;0;4;2;NOM
saboté;sabote;saboter;VER;6,25;2,05;0;6;0;6;3;VER
sabrer;sabRe;sabrer;VER;0,39;0,11;1;6;6;5;2;VER
sabres;sabR;sabre;NOM;6,95;1,5;0;6;0;4;1;NOM,VER
sabres;sabR;sabrer;VER;0,39;0,01;0;6;0;4;1;NOM,VER
sabrez;sabRe;sabrer;VER;0,39;0,03;0;6;0;5;2;VER
sabrée;sabRe;sabrer;VER;0,39;0;0;6;0;5;2;VER
sabrés;sabRe;sabrer;VER;0,39;0,01;0;6;0;5;2;VER
sabéen;sabe5;sabéen;ADJ;0,01;0,01;1;6;6;5;3;ADJ
sachem;saSEm;sachem;NOM;0,05;0,05;1;6;6;5;2;NOM
saches;saS;savoir;VER;4516,71;17,03;0;6;0;0;1;VER
sachet;saSE;sachet;NOM;4,38;2,84;1;6;6;4;2;NOM
sachez;saSe;savoir;VER;4516,71;13,07;0;6;0;0;2;VER
sacqua;saka;sacquer;VER;0,2;0;0;6;0;0;2;VER
sacque;sak;sacquer;VER;0,2;0,03;0;6;0;3;1;VER
sacqué;sake;sacquer;VER;0,2;0,05;0;6;0;4;2;VER
sacrer;sakRe;sacrer;VER;25,16;0,06;1;6;6;5;2;VER
sacres;sakR;sacre;NOM;0,75;0,01;0;6;0;4;1;NOM,VER
sacres;sakR;sacrer;VER;25,16;0,03;0;6;0;4;1;NOM,VER
sacret;sakRE;sacret;NOM;0,03;0,03;1;6;6;5;2;NOM
sacrum;sakROm;sacrum;NOM;0,04;0,04;1;6;5;5;2;NOM
sacrée;sakRe;sacrer;VER;25,16;6,42;0;6;0;5;2;VER,ADJ
sacrée;sakRe;sacré;ADJ;56,88;20,68;0;6;0;5;2;VER,ADJ
sacrés;sakRe;sacrer;VER;25,16;0,83;0;6;0;5;2;VER,ADJ,NOM
sacrés;sakRe;sacré;ADJ;56,88;4,9;0;6;0;5;2;VER,ADJ,NOM
sacrés;sakRe;sacré;NOM;3,4;0,23;0;6;0;5;2;VER,ADJ,NOM
safari;safaRi;safari;NOM;1,77;1,58;1;6;6;6;3;NOM
safran;safR@;safran;ADJ;0,15;0,15;1;6;6;5;2;ADJ,NOM
safran;safR@;safran;NOM;0,38;0,38;1;6;6;5;2;ADJ,NOM
sagace;sagas;sagace;ADJ;0,11;0,09;1;6;6;5;2;ADJ
sagaie;sagE;sagaie;NOM;0,14;0,01;1;6;5;4;2;NOM
sagard;sagaR;sagard;NOM;0;0;1;6;5;5;2;NOM
sahibs;saib;sahib;NOM;1,63;0,02;0;6;0;4;2;NOM
saigna;sENa;saigner;VER;34,86;0;0;6;0;0;2;VER
saigne;sEN;saigner;VER;34,86;14,3;0;6;0;0;1;VER
saigné;seNe;saigner;VER;34,86;2,87;0;6;0;4;2;VER
saille;saj;sailler;VER;0,01;0;0;6;0;0;1;VER
sailli;saji;saillir;VER;0,03;0;0;6;0;4;2;VER
saines;sEn;sain;ADJ;26,63;1,35;0;6;0;3;1;ADJ
sainte;s5t;saint;ADJ;23,22;9,71;0;6;0;0;1;ADJ,NOM
sainte;s5t;saint;NOM;39,85;17,17;0;6;0;0;1;ADJ,NOM
saints;s5;saint;ADJ;23,22;2,67;0;6;0;2;1;ADJ,NOM
saints;s5;saint;NOM;39,85;9,69;0;6;0;2;1;ADJ,NOM
saisie;sezi;saisi;ADJ;1,47;0,45;0;6;6;4;2;ADJ,NOM,VER
saisie;sezi;saisie;NOM;2,75;1,73;1;6;6;4;2;ADJ,NOM,VER
saisie;sezi;saisir;VER;36,81;1,2;0;6;6;4;2;ADJ,NOM,VER
saisir;seziR;saisir;VER;36,81;9,4;1;6;6;5;2;VER
saisis;sezi;saisi;ADJ;1,47;0,62;0;6;0;4;2;ADJ,VER
saisis;sezi;saisir;VER;36,81;8,34;0;6;0;4;2;ADJ,VER
saisit;sezi;saisir;VER;36,81;2,39;0;6;0;4;2;VER
saison;sEz§;saison;NOM;31,95;28,72;1;6;6;4;2;NOM
saisît;sezi;saisir;VER;36,81;0;0;6;0;4;2;VER
salace;salas;salace;ADJ;0,55;0,33;1;6;6;5;2;ADJ
salade;salad;salade;NOM;21,8;15,88;1;6;6;5;2;NOM
salait;salE;saler;VER;7,6;0,01;0;6;0;0;2;VER
salami;salami;salami;NOM;2,06;2,04;1;6;6;6;3;NOM
salant;sal@;salant;ADJ;0,07;0,02;1;6;6;4;2;ADJ,VER
salant;sal@;saler;VER;7,6;0,02;0;6;6;4;2;ADJ,VER
salaud;salo;salaud;ADJ;16,89;13,17;1;6;5;4;2;ADJ,NOM
salaud;salo;salaud;NOM;87,4;66,74;1;6;5;4;2;ADJ,NOM
salera;sal°Ra;saler;VER;7,6;0;0;6;0;0;3;VER
saleté;sal°te;saleté;NOM;17,55;11,96;1;6;5;5;3;NOM
saleur;sal9R;saleur;NOM;0;0;1;6;5;4;2;NOM
salies;sali;salir;VER;17,51;0,1;0;6;0;0;2;VER
saline;salin;salin;ADJ;0,31;0,28;0;6;6;5;2;ADJ,NOM
saline;salin;saline;NOM;0,13;0,13;1;6;6;5;2;ADJ,NOM
salins;sal5;salin;ADJ;0,31;0;0;6;0;4;2;ADJ,NOM
salins;sal5;salin;NOM;0,02;0;0;6;0;4;2;ADJ,NOM
salira;saliRa;salir;VER;17,51;0,06;0;6;0;0;3;VER
saliva;saliva;saliver;VER;0,61;0;0;6;0;0;3;VER
salive;saliv;salive;NOM;4,94;4,91;1;6;6;5;2;NOM,VER
salive;saliv;saliver;VER;0,61;0,16;0;6;6;5;2;NOM,VER
salivé;salive;saliver;VER;0,61;0,01;0;6;0;6;3;VER
salles;sal;salle;NOM;116,91;5,81;0;6;0;3;1;NOM
salmis;salmi;salmis;NOM;0;0;1;6;6;5;2;NOM
saloir;salwaR;saloir;NOM;0,1;0,1;1;6;5;4;2;NOM
salons;sal§;saler;VER;7,6;0,01;0;6;0;4;2;VER,NOM
salons;sal§;salon;NOM;39,24;2,19;0;6;0;4;2;VER,NOM
saloon;salun;saloon;NOM;5,08;4,65;1;6;5;4;2;NOM
salope;salOp;salope;NOM;66,97;62,54;1;6;6;5;2;NOM
salops;salo;salop;NOM;0,82;0,09;0;6;0;4;2;NOM
salopé;salope;saloper;VER;0,66;0,45;0;6;0;6;3;VER
saluai;sal8E;saluer;VER;45,09;0,1;0;6;0;0;2;VER
saluer;sal8e;saluer;VER;45,09;11,85;1;6;6;5;2;VER
salues;saly;saluer;VER;45,09;0,99;0;6;0;4;2;VER
saluez;salye;saluer;VER;45,09;4,48;0;6;0;0;3;VER
saluts;saly;salut;NOM;277,42;0,07;0;6;0;4;2;NOM
saluât;sal8a;saluer;VER;45,09;0;0;6;0;0;2;VER
saluée;sal8e;saluer;VER;45,09;0,69;0;6;0;5;2;VER
salués;sal8e;saluer;VER;45,09;0,25;0;6;0;5;2;VER
salves;salv;salve;NOM;1,69;0,4;0;6;0;4;1;NOM
salées;sale;saler;VER;7,6;0,04;0;6;0;4;2;VER,ADJ
salées;sale;salé;ADJ;4,47;0,4;0;6;0;4;2;VER,ADJ
samedi;sam°di;samedi;NOM;46,53;44,51;1;6;4;4;3;NOM
samoan;samo@;samoan;ADJ;0,15;0,13;1;6;5;5;3;ADJ
sampan;s@p@;sampan;NOM;0,09;0,09;1;6;6;4;2;NOM
sample;s@pl;sample;NOM;0,07;0,07;1;6;6;4;1;NOM
sandow;s@do;sandow;NOM;0;0;1;6;5;4;2;NOM
sandre;s@dR;sandre;NOM;0,02;0,01;1;6;5;4;1;NOM
sangla;s@gla;sangler;VER;0,86;0;0;6;0;0;2;VER
sangle;s@gl;sangle;NOM;1,68;1,08;1;6;6;4;1;NOM,VER
sangle;s@gl;sangler;VER;0,86;0,16;0;6;6;4;1;NOM,VER
sanglé;s@gle;sangler;VER;0,86;0,04;0;6;0;5;2;VER
sanies;sani;sanie;NOM;0,01;0,01;0;6;0;4;2;NOM
santal;s@tal;santal;NOM;0,15;0,15;1;6;5;5;2;NOM
santon;s@t§;santon;NOM;0,03;0,03;1;6;6;4;2;NOM
santés;s@te;santé;NOM;88,69;0,11;0;6;0;4;2;NOM
saoula;sula;saouler;VER;6,84;0,01;0;6;0;0;2;VER
saoule;sul;saoul;ADJ;11,97;2,87;0;6;0;3;1;ADJ,VER
saoule;sul;saouler;VER;6,84;1,89;0;6;0;3;1;ADJ,VER
saouls;su;saoul;ADJ;11,97;1,24;0;6;0;2;1;ADJ
saoulé;sule;saouler;VER;6,84;0,89;0;6;0;4;2;VER
sapait;sapE;saper;VER;3,23;0,03;0;6;0;0;2;VER
sapent;sap;saper;VER;3,23;0,08;0;6;0;3;1;VER
sapeur;sap9R;sapeur;NOM;0,78;0,56;1;6;6;5;2;NOM
saphir;safiR;saphir;ADJ;0,04;0,04;1;6;6;5;2;ADJ,NOM
saphir;safiR;saphir;NOM;0,64;0,34;1;6;6;5;2;ADJ,NOM
sapide;sapid;sapide;ADJ;0;0;1;6;6;5;2;ADJ
sapien;sapj5;sapiens;ADJ;0,64;0,09;0;6;0;5;2;ADJ
sapins;sap5;sapin;NOM;6,91;0,95;0;6;0;4;2;NOM
sapées;sape;saper;VER;3,23;0,02;0;6;0;4;2;VER
saquer;sake;saquer;VER;1,37;0,87;1;6;3;4;2;VER
saquée;sake;saquer;VER;1,37;0,01;0;6;0;4;2;VER
saqués;sake;saquer;VER;1,37;0,12;0;6;0;4;2;VER
sarcle;saRkl;sarcler;VER;0,13;0,01;0;6;0;0;1;VER
sarong;saR§g;sarong;NOM;0,19;0,19;1;6;5;4;2;NOM
sarrau;saRo;sarrau;NOM;0,14;0,04;1;6;6;4;2;NOM
satana;satana;sataner;VER;1,12;0,01;0;6;0;0;3;VER
satané;satane;sataner;VER;1,12;0,16;0;6;6;6;3;VER,ADJ
satané;satane;satané;ADJ;6,89;3,16;1;6;6;6;3;VER,ADJ
satine;satin;satiner;VER;0,07;0,06;0;6;0;0;2;VER
satins;sat5;satin;NOM;2,65;0;0;6;0;4;2;NOM
satiné;satine;satiné;ADJ;0,11;0,03;1;6;6;6;3;ADJ
satire;satiR;satire;NOM;0,35;0,27;1;6;6;5;2;NOM
sature;satyR;saturer;VER;1,81;0,47;0;6;0;0;2;VER
saturé;satyRe;saturer;VER;1,81;0,5;0;6;6;6;3;VER,ADJ
saturé;satyRe;saturé;ADJ;0,22;0,03;1;6;6;6;3;VER,ADJ
satyre;satiR;satyre;NOM;0,99;0,42;1;6;6;5;2;NOM
saucer;sose;saucer;VER;0,69;0,06;1;6;6;4;2;VER
sauces;sos;sauce;NOM;19,24;0,91;0;6;0;3;1;NOM,VER
sauces;sos;saucer;VER;0,69;0,01;0;6;0;3;1;NOM,VER
saucée;sose;saucé;ADJ;0;0;0;6;6;4;2;ADJ,NOM
saucée;sose;saucée;NOM;0,13;0,13;1;6;6;4;2;ADJ,NOM
saules;sol;saule;NOM;1,9;0,63;0;6;0;3;1;NOM
saumon;som§;saumon;ADJ;0,89;0,89;1;6;6;4;2;ADJ,NOM
saumon;som§;saumon;NOM;5,92;5,28;1;6;6;4;2;ADJ,NOM
saunas;sona;sauna;NOM;3,85;0,4;0;6;0;4;2;NOM
saurai;soRE;savoir;VER;4516,71;18,4;0;6;0;4;2;VER
sauras;soRa;savoir;VER;4516,71;15,22;0;6;0;4;2;VER
saurer;soRe;saurer;VER;22,06;0;1;6;6;4;2;VER
sauret;soRE;sauret;ADJ;0;0;1;6;6;4;2;ADJ
saurez;soRe;saurer;VER;22,06;4,76;0;6;0;4;2;VER
saurez;soRe;savoir;VER;4516,71;2,98;0;6;0;4;2;VER
saurin;soR5;saurin;NOM;0;0;1;6;6;4;2;NOM
sautai;sotE;sauter;VER;123,03;0,04;0;6;0;0;2;VER
sauter;sote;sauter;VER;123,03;57,89;1;6;6;4;2;VER
sautes;sot;saute;NOM;14,52;0,92;0;6;0;3;1;NOM,VER
sautes;sot;sauter;VER;123,03;3,25;0;6;0;3;1;NOM,VER
sautez;sote;sauter;VER;123,03;5,62;0;6;0;4;2;VER
sauton;sot§;sauton;NOM;0,14;0,09;1;6;6;4;2;NOM
sautât;sota;sauter;VER;123,03;0;0;6;0;0;2;VER
sautée;sote;sauter;VER;123,03;1,46;0;6;0;4;2;VER,ADJ
sautée;sote;sauté;ADJ;0,8;0,04;0;6;0;4;2;VER,ADJ
sautés;sote;sauter;VER;123,03;0,22;0;6;0;4;2;VER,ADJ,NOM
sautés;sote;sauté;ADJ;0,8;0,03;0;6;0;4;2;VER,ADJ,NOM
sautés;sote;sauté;NOM;0,36;0,01;0;6;0;4;2;VER,ADJ,NOM
sauvai;sovE;sauver;VER;246,54;0,01;0;6;0;0;2;VER
sauver;sove;sauver;VER;246,54;103,1;1;6;6;4;2;VER
sauves;sov;sauf;ADJ;12,52;0,66;0;6;0;3;1;ADJ,VER
sauves;sov;sauver;VER;246,54;3,51;0;6;0;3;1;ADJ,VER
sauvez;sove;sauver;VER;246,54;12,63;0;6;0;4;2;VER
sauvât;sova;sauver;VER;246,54;0;0;6;0;0;2;VER
sauvée;sove;sauver;VER;246,54;12,58;0;6;0;4;2;VER
sauvés;sove;sauver;VER;246,54;9,28;0;6;0;4;2;VER
savais;savE;savoir;VER;4516,71;236,66;0;6;0;0;2;VER
savait;savE;savoir;VER;4516,71;80,85;0;6;0;0;2;VER
savane;savan;savane;NOM;0,34;0,34;1;6;6;5;2;NOM
savant;sav@;savant;ADJ;3,99;2,11;1;6;6;4;2;ADJ,NOM
savant;sav@;savant;NOM;5,66;3,16;1;6;6;4;2;ADJ,NOM
savata;savata;savater;VER;0,05;0;0;6;0;0;3;VER
savate;savat;savate;NOM;0,44;0,3;1;6;6;5;2;NOM,VER
savate;savat;savater;VER;0,05;0,02;0;6;6;5;2;NOM,VER
savent;sav;savoir;VER;4516,71;64,32;0;6;0;0;1;VER
saveur;sav9R;saveur;NOM;3,52;3,11;1;6;5;4;2;NOM
saviez;savje;savoir;VER;4516,71;32,68;0;6;0;0;2;VER
savoir;savwaR;savoir;NOM;37,32;37,27;1;6;6;6;2;NOM,VER
savoir;savwaR;savoir;VER;4516,71;421,1;1;6;6;6;2;NOM,VER
savons;sav§;savoir;VER;4516,71;47,84;0;6;0;4;2;VER,NOM
savons;sav§;savon;NOM;16,68;1,02;0;6;0;4;2;VER,NOM
saxons;saks§;saxon;ADJ;0,39;0,04;0;6;0;5;2;ADJ,NOM
saxons;saks§;saxon;NOM;0,03;0,02;0;6;0;5;2;ADJ,NOM
sbires;sbiR;sbire;NOM;1,35;0,92;0;6;0;2;1;NOM
scalpa;skalpa;scalper;VER;1,45;0,01;0;6;0;0;2;VER
scalpe;skalp;scalper;VER;1,45;0,43;0;6;0;5;1;VER
scalps;skalp;scalp;NOM;1,44;0,42;0;6;0;5;1;NOM
scalpé;skalpe;scalper;VER;1,45;0,33;0;6;0;6;2;VER
scampi;sk@pi;scampi;NOM;0,09;0,09;1;6;4;4;2;NOM
scanda;sk@da;scander;VER;0,36;0;0;6;0;0;2;VER
scande;sk@d;scander;VER;0,36;0,01;0;6;0;0;1;VER
scandé;sk@de;scander;VER;0,36;0,01;0;6;0;5;2;VER
scanne;skan;scanner;VER;2,9;0,58;0;6;0;0;1;VER
scanné;skane;scanner;VER;2,9;0,54;0;6;0;5;2;VER
scapin;skap5;scapin;NOM;0;0;1;6;5;5;2;NOM
scatos;skato;scato;ADJ;0,04;0;0;6;0;5;2;ADJ
sceaux;so;sceau;NOM;3,72;0,18;0;6;0;2;1;NOM
scella;sEla;sceller;VER;5,62;0,02;0;6;0;4;2;VER
scelle;sEl;sceller;VER;5,62;0,63;0;6;0;3;1;VER
scellé;sele;sceller;VER;5,62;1,23;0;6;6;4;2;VER,ADJ,NOM
scellé;sele;scellé;ADJ;1,06;0,33;1;6;6;4;2;VER,ADJ,NOM
scellé;sele;scellé;NOM;1,91;0,33;1;6;6;4;2;VER,ADJ,NOM
schako;Sako;schako;NOM;0;0;1;6;5;4;2;NOM
schbeb;Sb°b;schbeb;NOM;0;0;1;6;4;2;1;NOM
scheik;SEk;scheik;NOM;0,01;0,01;1;6;4;3;1;NOM
schlem;SlEm;schlem;NOM;0,06;0,06;1;6;6;3;1;NOM
schleu;Sl2;schleu;ADJ;0,03;0,03;1;6;6;3;1;ADJ,NOM
schleu;Sl2;schleu;NOM;0,02;0,02;1;6;6;3;1;ADJ,NOM
schupo;Sypo;schupo;NOM;0;0;1;6;5;3;2;NOM
schuss;Sus;schuss;NOM;0,14;0,14;1;6;5;3;1;NOM
schème;SEm;schème;NOM;0;0;1;6;4;3;1;NOM
schéma;Sema;schéma;NOM;4,03;3,02;1;6;6;4;2;NOM
sciage;sjaZ;sciage;NOM;0,06;0,06;1;6;5;4;1;NOM
sciais;sjE;scier;VER;5,01;0,02;0;6;0;0;1;VER
sciait;sjE;scier;VER;5,01;0,01;0;6;0;0;1;VER
sciant;sj@;sciant;ADJ;0,01;0,01;1;6;5;3;1;ADJ,VER
sciant;sj@;scier;VER;5,01;0,01;0;6;5;3;1;ADJ,VER
scient;si;scier;VER;5,01;0,05;0;6;0;2;1;VER
sciera;sijRa;scier;VER;5,01;0,01;0;6;0;0;2;VER
scieur;sj9R;scieur;NOM;0,01;0;1;6;5;3;1;NOM
scinde;s5d;scinder;VER;0,52;0,41;0;6;0;0;1;VER
scindé;s5de;scinder;VER;0,52;0,02;0;6;0;4;2;VER
scions;sj§;scion;NOM;0,28;0,01;0;6;0;3;1;NOM
scirpe;siRp;scirpe;NOM;0,01;0,01;1;6;4;4;1;NOM
sciure;sjyR;sciure;NOM;0,69;0,69;1;6;4;3;1;NOM
sciène;sjEn;sciène;NOM;0,14;0,14;1;6;4;4;1;NOM
sciées;sje;scier;VER;5,01;0,01;0;6;0;3;1;VER
scolie;skoli;scolie;NOM;0;0;1;6;6;5;2;NOM
scones;skon;scone;NOM;0,45;0,34;0;6;0;4;1;NOM
sconse;sk§s;sconse;NOM;0,04;0,04;1;6;5;3;1;NOM
scoops;skup;scoop;NOM;5,29;0,17;0;6;0;4;1;NOM
scopes;skOp;scope;NOM;0,41;0,04;0;6;0;4;1;NOM
scopie;skopi;scopie;NOM;0,01;0,01;1;6;6;5;2;NOM
scores;skOR;score;NOM;5,92;0,64;0;6;0;4;1;NOM
scotch;skOtS;scotch;NOM;9,45;9,3;1;6;6;5;1;NOM
scoute;skut;scout;ADJ;1,94;0,07;0;6;0;4;1;ADJ,NOM
scoute;skut;scout;NOM;3,73;0,04;0;6;0;4;1;ADJ,NOM
scouts;skut;scout;ADJ;1,94;0,24;0;6;0;4;1;ADJ,NOM
scouts;skut;scout;NOM;3,73;2,48;0;6;0;4;1;ADJ,NOM
scribe;skRib;scribe;NOM;2,05;0,65;1;6;6;5;1;NOM
script;skRipt;script;NOM;6,45;5,73;1;6;6;6;1;NOM
scrubs;skR9b;scrub;NOM;2,72;2,66;0;6;0;0;1;NOM
scruta;skRyta;scruter;VER;2,3;0;0;6;0;0;2;VER
scrute;skRyt;scruter;VER;2,3;0,59;0;6;0;0;1;VER
scruté;skRyte;scruter;VER;2,3;0,38;0;6;0;6;2;VER
scythe;sit;scythe;ADJ;0,04;0,04;1;6;3;3;1;ADJ
scènes;sEn;scène;NOM;107,96;11,3;0;6;0;3;1;NOM
scénar;senaR;scénar;NOM;0,51;0,46;1;6;6;5;2;NOM
seccos;seko;secco;NOM;0;0;0;6;0;4;2;NOM
second;s°g§;second;ADJ;52,5;15,32;1;6;6;4;2;ADJ,NOM
second;s°g§;second;NOM;11,09;10,89;1;6;6;4;2;ADJ,NOM
secoua;s°kwa;secouer;VER;19;0,26;0;6;0;0;2;VER
secoue;s°ku;secouer;VER;19;4,77;0;6;0;0;2;VER
secoué;s°kwe;secouer;VER;19;3,96;0;6;0;5;2;VER
secret;s°kRE;secret;ADJ;62,68;31,81;1;6;5;5;2;ADJ,NOM
secret;s°kRE;secret;NOM;103,49;81,34;1;6;5;5;2;ADJ,NOM
sectes;sEkt;secte;NOM;5,02;0,87;0;6;0;4;1;NOM
sedums;sedOm;sedum;NOM;0;0;0;6;0;0;2;NOM
seiche;sES;seiche;NOM;0,23;0,23;1;6;4;3;1;NOM
seigle;sEgl;seigle;NOM;0,69;0,69;1;6;5;4;1;NOM
seille;sEj;seille;NOM;0;0;1;6;6;3;1;NOM
select;selEkt;select;ADJ;0,14;0,12;1;6;4;6;2;ADJ
seller;sele;seller;VER;1,81;0,52;1;6;6;4;2;VER
selles;sEl;selle;NOM;10,26;1,36;0;6;0;3;1;NOM,VER
selles;sEl;seller;VER;1,81;0,03;0;6;0;3;1;NOM,VER
sellez;sEle;seller;VER;1,81;0,42;0;6;0;0;2;VER
sellée;sEle;seller;VER;1,81;0,02;0;6;0;0;2;VER
sellés;sEle;seller;VER;1,81;0,05;0;6;0;0;2;VER
semait;s°mE;semer;VER;19,8;0,03;0;6;0;0;2;VER
semant;s°m@;semer;VER;19,8;0,62;0;6;0;0;2;VER
sembla;s@bla;sembler;VER;229,25;0,87;0;6;0;0;2;VER
semble;s@bl;sembler;VER;229,25;128,91;0;6;0;0;1;VER
semblé;s@ble;sembler;VER;229,25;7,21;0;6;0;5;2;VER
semeur;s°m9R;semeur;NOM;0,44;0,4;1;6;6;4;2;NOM
semoir;s°mwaR;semoir;NOM;0,04;0,04;1;6;5;4;2;NOM
semons;s°m§;semer;VER;19,8;0,34;0;6;0;0;2;VER
semtex;sEmtEks;semtex;NOM;0,1;0,1;1;6;4;4;2;NOM
semées;s°me;semer;VER;19,8;0,17;0;6;0;4;2;VER
senior;senjOR;senior;ADJ;0,99;0,71;1;6;4;4;2;ADJ,NOM
senior;senjOR;senior;NOM;0,64;0,34;1;6;4;4;2;ADJ,NOM
sensas;s@sas;sensas;ADJ;0,44;0,44;1;6;6;5;2;ADJ
sensée;s@se;sensé;ADJ;10,5;2,86;0;6;0;4;2;ADJ
sensés;s@se;sensé;ADJ;10,5;0,8;0;6;0;4;2;ADJ
sentes;s@t;sente;NOM;0,07;0;0;6;0;3;1;NOM,VER
sentes;s@t;sentir;VER;535,4;2,6;0;6;0;3;1;NOM,VER
sentez;s@te;sentir;VER;535,4;32,56;0;6;0;4;2;VER
sentie;s@ti;senti;ADJ;0,77;0,12;0;6;0;4;2;ADJ,VER
sentie;s@ti;sentir;VER;535,4;7,3;0;6;0;4;2;ADJ,VER
sentir;s@tiR;sentir;VER;535,4;58,48;1;6;6;5;2;VER
sentis;s@ti;senti;ADJ;0,77;0;0;6;0;4;2;ADJ,NOM,VER
sentis;s@ti;senti;NOM;0,7;0;0;6;0;4;2;ADJ,NOM,VER
sentis;s@ti;sentir;VER;535,4;2,6;0;6;0;4;2;ADJ,NOM,VER
sentit;s@ti;sentir;VER;535,4;1,98;0;6;0;4;2;VER
sentît;s@ti;sentir;VER;535,4;0;0;6;0;4;2;VER
septum;sEptOm;septum;NOM;0,09;0,09;1;6;6;5;2;NOM
sepuku;s2puku;sepuku;NOM;0;0;1;6;4;3;3;NOM
sequin;s°k5;sequin;NOM;0,29;0,01;1;6;3;4;2;NOM
serais;s°RE;être;AUX;8074,24;45,02;0;6;0;0;2;AUX,VER
serais;s°RE;être;VER;32236,5;86,94;0;6;0;0;2;AUX,VER
serait;s°RE;être;AUX;8074,24;59,74;0;6;0;0;2;AUX,VER
serait;s°RE;être;VER;32236,5;311,37;0;6;0;0;2;AUX,VER
serbes;sERb;serbe;ADJ;3,48;1,03;0;6;0;4;1;ADJ,NOM
serbes;sERb;serbe;NOM;2,85;2,31;0;6;0;4;1;ADJ,NOM
serein;s°R5;serein;ADJ;5,22;3,38;1;6;6;4;2;ADJ,NOM
serein;s°R5;serein;NOM;0,26;0,03;1;6;6;4;2;ADJ,NOM
serges;sERZ;serge;NOM;1,1;0;0;6;0;4;1;NOM
sergot;sERgo;sergot;NOM;0,01;0,01;1;6;5;4;2;NOM
serial;s°Rjal;serial;NOM;0,69;0,69;1;6;5;4;2;NOM
seriez;s°Rje;être;AUX;8074,24;6,69;0;6;0;0;2;AUX,VER
seriez;s°Rje;être;VER;32236,5;17,64;0;6;0;0;2;AUX,VER
serine;s°Rin;serin;NOM;0,07;0;0;6;0;0;2;NOM,VER
serine;s°Rin;seriner;VER;0,25;0,01;0;6;0;0;2;NOM,VER
serins;s°R5;serin;NOM;0,07;0,01;0;6;0;4;2;NOM
seriné;s°Rine;seriner;VER;0,25;0;0;6;0;5;3;VER
sermon;sERm§;sermon;NOM;7,61;4,38;1;6;6;5;2;NOM
serons;s°R§;être;AUX;8074,24;8,5;0;6;0;0;2;AUX,VER
serons;s°R§;être;VER;32236,5;31,22;0;6;0;0;2;AUX,VER
seront;s°R§;être;AUX;8074,24;39,61;0;6;0;0;2;AUX,VER
seront;s°R§;être;VER;32236,5;54,06;0;6;0;0;2;AUX,VER
serpes;sERp;serpe;NOM;0,01;0;0;6;0;4;1;NOM
serrai;sERE;serrer;VER;50,99;0,01;0;6;0;0;2;VER
serrer;seRe;serrer;VER;50,99;13,68;1;6;6;4;2;VER
serres;sER;serre;NOM;5,28;1,49;0;6;0;3;1;NOM,VER
serres;sER;serrer;VER;50,99;1,6;0;6;0;3;1;NOM,VER
serrez;sERe;serrer;VER;50,99;5,34;0;6;0;4;2;VER
serrât;sERa;serrer;VER;50,99;0;0;6;0;4;2;VER
serrée;sERe;serrer;VER;50,99;1,41;0;6;0;4;2;VER,ADJ
serrée;sERe;serré;ADJ;12;1,68;0;6;0;4;2;VER,ADJ
serrés;seRe;serrer;VER;50,99;1,71;0;6;0;4;2;VER,ADJ
serrés;seRe;serré;ADJ;12;2,23;0;6;0;4;2;VER,ADJ
sertao;sERtaw;sertao;NOM;0,1;0,1;1;6;5;5;2;NOM
sertie;sERti;sertir;VER;0,52;0,17;0;6;0;5;2;VER
sertir;sERtiR;sertir;VER;0,52;0,01;1;6;6;6;2;VER
sertis;sERti;serti;NOM;0,02;0;0;6;0;5;2;NOM,VER
sertis;sERti;sertir;VER;0,52;0,14;0;6;0;5;2;NOM,VER
sertão;sERtaw;sertão;NOM;2;2;1;6;5;5;2;NOM
serval;sERval;serval;NOM;0,01;0,01;1;6;6;6;2;NOM
serves;sERv;serve;ADJ;0,14;0;0;6;0;4;1;ADJ,NOM,VER
serves;sERv;serve;NOM;0,03;0,01;0;6;0;4;1;ADJ,NOM,VER
serves;sERv;servir;VER;309,81;0,62;0;6;0;4;1;ADJ,NOM,VER
servez;sERve;servir;VER;309,81;13,39;0;6;0;0;2;VER
servie;sERvi;servi;ADJ;2,86;0,27;0;6;0;5;2;ADJ,VER
servie;sERvi;servir;VER;309,81;3,04;0;6;0;5;2;ADJ,VER
servir;sERviR;servir;VER;309,81;73,55;1;6;6;6;2;VER
servis;sERvi;servi;ADJ;2,86;0,35;0;6;0;5;2;ADJ,VER
servis;sERvi;servir;VER;309,81;2,71;0;6;0;5;2;ADJ,VER
servit;sERvi;servir;VER;309,81;0,46;0;6;0;5;2;VER
servît;sERvi;servir;VER;309,81;0;0;6;0;5;2;VER
setter;setER;setter;NOM;0,07;0,07;1;6;4;4;2;NOM
seuils;s9j;seuil;NOM;5,49;0,04;0;6;0;3;1;NOM
seules;s9l;seul;ADJ;891,45;17,22;0;6;0;3;1;ADJ,NOM
seules;s9l;seul;NOM;102,45;1,45;0;6;0;3;1;ADJ,NOM
seulet;s9lE;seulet;ADJ;0,51;0,2;1;6;6;4;2;ADJ
sevrer;s°vRe;sevrer;VER;0,42;0,12;1;6;5;5;2;VER
sevrée;s°vRe;sevrer;VER;0,42;0,05;0;6;0;5;2;VER
sevrés;s°vRe;sevrer;VER;0,42;0,17;0;6;0;5;2;VER
sexuel;seks8El;sexuel;ADJ;46,15;15,97;1;6;6;7;2;ADJ
sexués;seks8e;sexué;ADJ;0,01;0,01;0;6;0;6;2;ADJ
seyait;sEjE;seoir;VER;1,75;0;0;6;0;0;2;VER
seyant;sEj@;seyant;ADJ;0,67;0,54;1;6;3;4;2;ADJ
shaker;SEjk9R;shaker;NOM;0,5;0,5;1;6;6;5;2;NOM
shakos;Sako;shako;NOM;0,01;0;0;6;0;4;2;NOM
shaman;Saman;shaman;NOM;0,92;0,81;1;6;5;5;2;NOM
sherpa;SERpa;sherpa;NOM;0,18;0,14;1;6;5;4;2;NOM
sherry;SERi;sherry;NOM;2,75;2,75;1;6;5;4;2;NOM
shilom;SilOm;shilom;NOM;0,01;0,01;1;6;5;4;2;NOM
shimmy;Simi;shimmy;NOM;0,11;0,11;1;6;4;4;2;NOM
shintô;Sinto;shintô;NOM;0,01;0,01;1;6;6;5;2;NOM
shogun;Sogun;shogun;NOM;0,32;0,32;1;6;6;4;2;NOM
shoota;Suta;shooter;VER;6,84;0;0;6;0;0;2;VER
shoote;Sut;shooter;VER;6,84;2,67;0;6;0;3;1;VER
shoots;Sut;shoot;NOM;1,29;0,08;0;6;0;3;1;NOM
shooté;Sute;shooter;VER;6,84;0,96;0;6;0;4;2;VER
shorts;SORt;short;NOM;4,42;0,62;0;6;0;4;1;NOM
shunte;S1t;shunter;VER;0,03;0,01;0;6;0;0;1;VER
shérif;SeRif;shérif;NOM;46,65;45,75;1;6;4;5;2;NOM
shôgun;Sogun;shôgun;NOM;0;0;1;6;3;4;2;NOM
sidère;sidER;sidérer;VER;1,03;0,29;0;6;0;0;2;VER
sidéré;sideRe;sidérer;VER;1,03;0,42;0;6;6;6;3;VER,ADJ
sidéré;sideRe;sidéré;ADJ;0,08;0,04;1;6;6;6;3;VER,ADJ
sienne;sjEn;sienne;ADJ;0,7;0,01;1;6;6;4;1;ADJ,ADJ:pos,PRO:pos
sienne;sjEn;sienne;ADJ:pos;0,7;0,69;1;6;6;4;1;ADJ,ADJ:pos,PRO:pos
sienne;sjEn;sienne;PRO:pos;14,21;14,21;1;6;6;4;1;ADJ,ADJ:pos,PRO:pos
sierra;sjERa;sierra;NOM;4,27;4;1;6;4;5;2;NOM
siesta;sjEsta;siester;VER;0,06;0,06;0;6;0;0;2;VER
sieste;sjEst;sieste;NOM;9,58;9,23;1;6;6;4;1;NOM
sieurs;sj9R;sieur;NOM;8,06;0,41;0;6;0;3;1;NOM
siffla;sifla;siffler;VER;13,04;0,06;0;6;0;0;2;VER
siffle;sifl;siffler;VER;13,04;4,62;0;6;0;0;1;VER
sifflé;sifle;siffler;VER;13,04;0,86;0;6;0;5;2;VER
sigles;sigl;sigle;NOM;0,7;0,14;0;6;0;4;1;NOM
signai;siNE;signer;VER;98,19;0,42;0;6;0;4;2;VER
signal;siNal;signal;NOM;39,61;33,98;1;6;6;5;2;NOM
signer;siNe;signer;VER;98,19;29,25;1;6;6;4;2;VER
signes;siN;signe;NOM;82,73;15;0;6;0;3;1;NOM,VER
signes;siN;signer;VER;98,19;2,91;0;6;0;3;1;NOM,VER
signet;siNE;signet;NOM;0,16;0,13;1;6;6;4;2;NOM
signez;siNe;signer;VER;98,19;13,62;0;6;0;4;2;VER
signor;siNOR;signor;NOM;5,36;3,39;1;6;6;4;2;NOM
signât;siNa;signer;VER;98,19;0;0;6;0;0;2;VER
signée;siNe;signer;VER;98,19;3,58;0;6;0;4;2;VER,ADJ
signée;siNe;signé;ADJ;5,33;0,86;0;6;0;4;2;VER,ADJ
signés;siNe;signer;VER;98,19;1,28;0;6;0;4;2;VER,ADJ
signés;siNe;signé;ADJ;5,33;0,54;0;6;0;4;2;VER,ADJ
silice;silis;silice;NOM;0,18;0,18;1;6;6;5;2;NOM
sillet;sijE;sillet;NOM;0,01;0,01;1;6;6;4;2;NOM
sillon;sij§;sillon;NOM;0,72;0,46;1;6;6;4;2;NOM
silène;silEn;silène;NOM;0;0;1;6;4;5;2;NOM
simien;simj5;simien;ADJ;0,08;0,02;1;6;6;5;2;ADJ,NOM
simien;simj5;simien;NOM;0,05;0,01;1;6;6;5;2;ADJ,NOM
simili;simili;simili;NOM;0,04;0,04;1;6;6;6;3;NOM
simoun;simun;simoun;NOM;0,01;0,01;1;6;5;4;2;NOM
simple;s5pl;simple;ADJ;137,69;124,57;1;6;6;4;1;ADJ,NOM
simple;s5pl;simple;NOM;10,67;8,49;1;6;6;4;1;ADJ,NOM
simula;simyla;simuler;VER;5,46;0,14;0;6;0;0;3;VER
simule;simyl;simuler;VER;5,46;1,08;0;6;0;0;2;VER
simulé;simyle;simuler;VER;5,46;0,86;0;6;6;6;3;VER,ADJ
simulé;simyle;simulé;ADJ;0,62;0,3;1;6;6;6;3;VER,ADJ
sindon;s5d§;sindon;NOM;0;0;1;6;4;4;2;NOM
singea;s5Za;singer;VER;0,45;0;0;6;0;0;2;VER
singer;s5Ze;singer;VER;0,45;0,15;1;6;6;4;2;VER
singes;s5Z;singe;NOM;35,48;13,9;0;6;6;3;1;NOM,VER,ADJ
singes;s5Z;singer;VER;0,45;0,02;0;6;6;3;1;NOM,VER,ADJ
singes;s5Z;singes;ADJ;0,01;0,01;1;6;6;3;1;NOM,VER,ADJ
single;sing9l;single;ADJ;0,44;0,44;1;6;6;4;2;ADJ,NOM
single;sing9l;single;NOM;1,1;0,67;1;6;6;4;2;ADJ,NOM
sinuer;sin8e;sinuer;VER;0,01;0;1;6;6;5;2;VER
siphon;sif§;siphon;NOM;0,83;0,43;1;6;6;4;2;NOM
sirdar;siRdaR;sirdar;NOM;0;0;1;6;4;4;2;NOM
sirops;siRo;sirop;NOM;5,75;0,05;0;6;0;4;2;NOM
sirota;siRota;siroter;VER;1,59;0;0;6;0;0;3;VER
sirote;siROt;siroter;VER;1,59;0,12;0;6;0;0;2;VER
siroté;siRote;siroter;VER;1,59;0,02;0;6;0;6;3;VER
sirène;siREn;sirène;NOM;11,35;8,06;1;6;4;4;2;NOM
sitcom;sitkOm;sitcom;ADV;0,03;0,03;1;6;4;4;2;ADV,NOM
sitcom;sitkOm;sitcom;NOM;0,85;0,63;1;6;4;4;2;ADV,NOM
situer;sit8e;situer;VER;10,44;1,16;1;6;5;5;2;VER
situes;sity;situer;VER;10,44;0,04;0;6;0;4;2;VER
situez;sitye;situer;VER;10,44;0,1;0;6;0;0;3;VER
situât;sit8a;situer;VER;10,44;0;0;6;0;0;2;VER
située;sit8e;situer;VER;10,44;2,15;0;6;0;5;2;VER,ADJ
située;sit8e;situé;ADJ;0,72;0,27;0;6;0;5;2;VER,ADJ
situés;sit8e;situer;VER;10,44;0,64;0;6;0;5;2;VER,ADJ
situés;sit8e;situé;ADJ;0,72;0;0;6;0;5;2;VER,ADJ
sixain;siks5;sixain;NOM;0;0;1;6;4;5;2;NOM
sixtus;sikstys;sixtus;NOM;0,01;0,01;1;6;5;6;2;NOM
sizain;siz5;sizain;NOM;0;0;1;6;3;4;2;NOM
siècle;sjEkl;siècle;NOM;45,77;27,29;1;6;4;4;1;NOM
sièges;sjEZ;siège;NOM;29,44;5,75;0;6;0;4;1;NOM,VER
sièges;sjEZ;siéger;VER;2,87;0,02;0;6;0;4;1;NOM,VER
siéent;sje;seoir;VER;1,75;0,01;0;6;0;3;1;VER
siéger;sjeZe;siéger;VER;2,87;0,6;1;6;3;4;2;VER
siégez;sjeZe;siéger;VER;2,87;0,03;0;6;0;4;2;VER
skates;skEjts;skate;NOM;2,5;0,36;0;6;0;0;1;NOM
skeets;skit;skeet;NOM;0,04;0,02;0;6;0;4;1;NOM
sketch;skEtS;sketch;NOM;2,54;1,5;1;6;4;4;1;NOM
skiais;skjE;skier;VER;3,81;0,12;0;6;0;0;1;VER
skiait;skjE;skier;VER;3,81;0,14;0;6;0;0;1;VER
skiant;ski@;skier;VER;3,81;0,06;0;6;0;0;2;VER
skient;ski;skier;VER;3,81;0,04;0;6;0;3;1;VER
skieur;skj9R;skieur;NOM;1,13;0,2;1;6;5;4;1;NOM
skiffs;skif;skiff;NOM;0,14;0;0;6;0;4;1;NOM
skunks;sk§s;skunks;NOM;0;0;1;6;3;3;1;NOM
slalom;slalOm;slalom;NOM;0,2;0,2;1;6;6;5;2;NOM
slaves;slav;slave;ADJ;0,22;0,03;0;6;0;4;1;ADJ,NOM
slaves;slav;slave;NOM;0,01;0;0;6;0;4;1;ADJ,NOM
slavon;slav§;slavon;ADJ;0;0;1;6;6;5;2;ADJ,NOM
slavon;slav§;slavon;NOM;0;0;1;6;6;5;2;ADJ,NOM
slogan;slog@;slogan;NOM;4,96;3,96;1;6;4;4;2;NOM
smacks;smak;smack;NOM;0,15;0,01;0;6;0;4;1;NOM
smalah;smala;smalah;NOM;0;0;1;6;6;4;2;NOM
smashe;smaS;smasher;VER;0,41;0,25;0;6;0;4;1;VER
smegma;smEgma;smegma;NOM;0,04;0,04;1;6;3;3;2;NOM
smiley;smajli;smiley;NOM;0,78;0,78;1;6;4;4;2;NOM
smocks;smok;smocks;NOM;0,01;0,01;1;6;4;4;1;NOM
snacks;snak;snack;NOM;1,21;0,15;0;6;0;4;1;NOM
snifer;snife;snifer;VER;0,03;0,03;1;6;5;5;2;VER
sniffe;snif;sniffer;VER;3,28;0,77;0;6;0;4;1;VER
sniffé;snife;sniffer;VER;3,28;0,66;0;6;0;5;2;VER
sniper;snajp9R;sniper;NOM;4,5;2,46;1;6;6;4;2;NOM
snober;snobe;snober;VER;0,67;0,21;1;6;5;5;2;VER
snobez;snobe;snober;VER;0,67;0,07;0;6;0;5;2;VER
snobée;snobe;snober;VER;0,67;0;0;6;0;5;2;VER
snobés;snobe;snober;VER;0,67;0,03;0;6;0;5;2;VER
sobres;sObR;sobre;ADJ;6,18;0,37;0;6;0;4;1;ADJ
soccer;sOs9R;soccer;NOM;0,64;0,64;1;6;4;4;2;NOM
social;sosjal;social;ADJ;34,4;9,16;1;6;6;6;2;ADJ,NOM
social;sosjal;social;NOM;0,31;0,31;1;6;6;6;2;ADJ,NOM
socius;sOsjys;socius;NOM;0;0;1;6;5;5;2;NOM
socket;sOkEt;socket;NOM;0,03;0,03;1;6;4;4;2;NOM
socles;sOkl;socle;NOM;0,72;0,02;0;6;0;4;1;NOM
socque;sOk;socque;NOM;0;0;1;6;6;3;1;NOM
sodium;sodjOm;sodium;NOM;1,13;1,13;1;6;5;4;2;NOM
soeurs;s9R;soeur;NOM;184,99;29,76;0;6;0;3;1;NOM
soient;swa;être;AUX;8074,24;17,35;0;6;0;3;1;AUX,VER
soient;swa;être;VER;32236,5;34,3;0;6;0;3;1;AUX,VER
soigna;swaNa;soigner;VER;48,04;0,26;0;6;0;0;2;VER
soigne;swaN;soigner;VER;48,04;9,23;0;6;0;0;1;VER
soigné;swaNe;soigner;VER;48,04;5,42;0;6;6;5;2;VER,ADJ
soigné;swaNe;soigné;ADJ;1,91;0,9;1;6;6;5;2;VER,ADJ
soirée;swaRe;soirée;NOM;102,37;94,36;1;6;5;5;2;NOM
soldat;sOlda;soldat;NOM;107,92;52,78;1;6;6;5;2;NOM
solder;sOlde;solder;VER;1,52;0,33;1;6;6;5;2;VER
soldes;sOld;solde;NOM;6,76;1,67;0;6;0;4;1;NOM
soldez;sOlde;solder;VER;1,52;0,02;0;6;0;5;2;VER
soldât;sOlda;solder;VER;1,52;0;0;6;0;5;2;VER
soldée;sOlde;solder;VER;1,52;0,19;0;6;0;5;2;VER
soldés;sOlde;solder;VER;1,52;0,17;0;6;0;5;2;VER
soleil;solEj;soleil;NOM;123,34;120,72;1;6;6;5;2;NOM
solide;solid;solide;ADJ;21,71;17,31;1;6;6;5;2;ADJ,NOM
solide;solid;solide;NOM;2,91;2,54;1;6;6;5;2;ADJ,NOM
solive;soliv;solive;NOM;0,22;0,04;1;6;6;5;2;NOM
soluté;solyte;soluté;NOM;0,17;0,15;1;6;6;5;3;NOM
sombra;s§bRa;sombrer;VER;5,51;0,53;0;6;0;0;2;VER
sombre;s§bR;sombre;ADJ;31,86;24,66;1;6;6;4;1;ADJ,VER
sombre;s§bR;sombrer;VER;5,51;0,45;0;6;6;4;1;ADJ,VER
sombré;s§bRe;sombrer;VER;5,51;1,22;0;6;0;5;2;VER
sommai;somE;sommer;VER;3,17;0;0;6;0;4;2;VER
sommer;some;sommer;VER;3,17;0,36;1;6;6;4;2;VER
sommes;sOm;somme;NOM;35,25;6,99;0;6;0;3;1;NOM,VER,AUX
sommes;sOm;sommer;VER;3,17;0,45;0;6;0;3;1;NOM,VER,AUX
sommes;sOm;être;AUX;8074,24;109,26;0;6;0;3;1;NOM,VER,AUX
sommes;sOm;être;VER;32236,5;293,82;0;6;0;3;1;NOM,VER,AUX
sommet;somE;sommet;NOM;17,44;15,15;1;6;6;4;2;NOM
sommée;some;sommer;VER;3,17;0,01;0;6;0;4;2;VER
sommés;some;sommer;VER;3,17;0,02;0;6;0;4;2;VER
sonars;sonaR;sonar;NOM;1,71;0,17;0;6;0;5;2;NOM
sonate;sonat;sonate;NOM;2,98;2,95;1;6;6;5;2;NOM
sondas;s§da;sonder;VER;3,31;0;0;6;0;0;2;VER
sonder;s§de;sonder;VER;3,31;1,69;1;6;6;4;2;VER
sondes;s§d;sonde;NOM;6,31;1,01;0;6;0;3;1;NOM
sondez;s§de;sonder;VER;3,31;0,2;0;6;0;4;2;VER
sondée;s§de;sonder;VER;3,31;0,05;0;6;0;4;2;VER,ADJ,NOM
sondée;s§de;sondé;ADJ;0,02;0,01;0;6;0;4;2;VER,ADJ,NOM
sondée;s§de;sondé;NOM;0,08;0,01;0;6;0;4;2;VER,ADJ,NOM
sondés;s§de;sonder;VER;3,31;0,03;0;6;0;4;2;VER,NOM
sondés;s§de;sondé;NOM;0,08;0,02;0;6;0;4;2;VER,NOM
songea;s§Za;songer;VER;24,59;0,24;0;6;0;0;2;VER
songer;s§Ze;songer;VER;24,59;5,56;1;6;6;4;2;VER
songes;s§Z;songe;NOM;4,53;0,71;0;6;0;3;1;NOM,VER
songes;s§Z;songer;VER;24,59;0,86;0;6;0;3;1;NOM,VER
songez;s§Ze;songer;VER;24,59;5;0;6;0;4;2;VER
sonnai;sonE;sonner;VER;73,67;0,01;0;6;0;4;2;VER
sonner;sone;sonner;VER;73,67;11,77;1;6;6;4;2;VER
sonnes;sOn;sonner;VER;73,67;0,48;0;6;0;0;1;VER
sonnet;sonE;sonnet;NOM;1,21;0,72;1;6;6;4;2;NOM
sonnez;sone;sonner;VER;73,67;2,09;0;6;0;4;2;VER
sonnât;sona;sonner;VER;73,67;0,01;0;6;0;4;2;VER
sonnée;sone;sonner;VER;73,67;0,71;0;6;0;4;2;VER,ADJ
sonnée;sone;sonné;ADJ;0,66;0,11;0;6;0;4;2;VER,ADJ
sonnés;sone;sonner;VER;73,67;0,07;0;6;0;4;2;VER,ADJ
sonnés;sone;sonné;ADJ;0,66;0,04;0;6;0;4;2;VER,ADJ
sonore;sonOR;sonore;ADJ;4,17;3,26;1;6;6;4;2;ADJ
sophie;sOfi;sophie;NOM;1,23;1,23;1;6;6;4;2;NOM
sorbes;sORb;sorbe;NOM;0;0;0;6;0;0;1;NOM
sorbet;sORbE;sorbet;NOM;0,55;0,37;1;6;6;5;2;NOM
sorgho;sORgo;sorgho;NOM;0,03;0,03;1;6;4;4;2;NOM
sorite;sORit;sorite;NOM;0,01;0,01;1;6;4;4;2;NOM
sortes;sORt;sorte;NOM;114,73;16,41;0;6;0;4;1;NOM,VER
sortes;sORt;sortir;VER;884,26;3,19;0;6;0;4;1;NOM,VER
sortez;sORte;sortir;VER;884,26;87,79;0;6;0;0;2;VER
sortie;sORti;sortie;NOM;47,81;42,58;1;6;6;5;2;NOM,VER
sortie;sORti;sortir;VER;884,26;29,86;0;6;6;5;2;NOM,VER
sortir;sORtiR;sortir;NOM;5,16;5,16;1;6;6;6;2;NOM,VER
sortir;sORtiR;sortir;VER;884,26;285,45;1;6;6;6;2;NOM,VER
sortis;sORti;sortir;VER;884,26;15,65;0;6;0;5;2;VER
sortit;sORti;sortir;VER;884,26;2,31;0;6;0;5;2;VER
sortît;sORti;sortir;VER;884,26;0;0;6;0;5;2;VER
sosies;sozi;sosie;NOM;1,89;0,34;0;6;0;3;2;NOM
sottes;sOt;sot;ADJ;6,34;0,99;0;6;0;0;1;ADJ,NOM
sottes;sOt;sot;NOM;5,84;0,23;0;6;0;0;1;ADJ,NOM
souabe;swab;souabe;ADJ;0,14;0,14;1;6;4;4;1;ADJ
souche;suS;souche;NOM;4,93;3,45;1;6;6;3;1;NOM
soucia;susja;soucier;VER;22,45;0;0;6;0;0;2;VER
soucie;susi;soucier;VER;22,45;7,01;0;6;0;4;2;VER
soucis;susi;souci;NOM;49,47;22,73;0;6;0;4;2;NOM
soucié;susje;soucier;VER;22,45;1,39;0;6;0;5;2;VER
souder;sude;souder;VER;3,2;1,1;1;6;6;4;2;VER
soudez;sude;souder;VER;3,2;0,03;0;6;0;4;2;VER
soudée;sude;souder;VER;3,2;0,19;0;6;0;4;2;VER,ADJ
soudée;sude;soudé;ADJ;0,35;0,17;0;6;0;4;2;VER,ADJ
soudés;sude;souder;VER;3,2;0,92;0;6;0;4;2;VER,ADJ
soudés;sude;soudé;ADJ;0,35;0,03;0;6;0;4;2;VER,ADJ
soufis;sufi;soufi;ADJ;0,02;0;0;6;0;4;2;ADJ,NOM
soufis;sufi;soufi;NOM;0,44;0,44;0;6;0;4;2;ADJ,NOM
soufre;sufR;soufre;NOM;2,37;2,37;1;6;6;4;1;NOM,VER
soufre;sufR;soufrer;VER;0,02;0,02;0;6;6;4;1;NOM,VER
soufré;sufRe;soufré;ADJ;0,01;0,01;1;6;6;5;2;ADJ
soumet;sumE;soumettre;VER;17,51;0,88;0;6;0;0;2;VER
soumis;sumi;soumettre;VER;17,51;5,22;0;6;6;4;2;VER,ADJ
soumis;sumi;soumis;ADJ;1,5;0,5;1;6;6;4;2;VER,ADJ
soumit;sumi;soumettre;VER;17,51;0,02;0;6;0;4;2;VER
soumît;sumi;soumettre;VER;17,51;0;0;6;0;4;2;VER
souper;supe;souper;NOM;6,48;6,39;1;6;6;4;2;NOM,VER
souper;supe;souper;VER;8,81;5,94;1;6;6;4;2;NOM,VER
soupes;sup;soupe;NOM;32,26;0,54;0;6;0;3;1;NOM,VER
soupes;sup;souper;VER;8,81;0,01;0;6;0;3;1;NOM,VER
soupez;supe;souper;VER;8,81;0,06;0;6;0;4;2;VER
soupir;supiR;soupir;NOM;7,85;4,75;1;6;6;5;2;NOM
souple;supl;souple;ADJ;4,22;3,21;1;6;6;4;1;ADJ
souque;suk;souquer;VER;0,43;0,01;0;6;0;3;1;VER
souqué;suke;souquer;VER;0,43;0,01;0;6;0;4;2;VER
source;suRs;source;NOM;46,44;37,34;1;6;6;4;1;NOM
sourde;suRd;sourd;ADJ;25,69;5,58;0;6;0;0;1;ADJ,VER
sourde;suRd;sourdre;VER;0,42;0,18;0;6;0;0;1;ADJ,VER
sourds;suR;sourd;ADJ;25,69;2,66;0;6;0;3;1;ADJ,NOM,VER
sourds;suR;sourd;NOM;2,94;1,29;0;6;0;3;1;ADJ,NOM,VER
sourds;suR;sourdre;VER;0,42;0,11;0;6;0;3;1;ADJ,NOM,VER
sourie;suRi;sourire;VER;53,97;0,5;0;6;0;4;2;VER
souris;suRi;sourire;VER;53,97;8,71;0;6;6;4;2;VER,ADJ,NOM
souris;suRi;souris;ADJ;8,21;8,21;1;6;6;4;2;VER,ADJ,NOM
souris;suRi;souris;NOM;21,94;21,94;1;6;6;4;2;VER,ADJ,NOM
sourit;suRi;sourire;VER;53,97;11,7;0;6;0;4;2;VER
sourît;suRi;sourire;VER;53,97;0;0;6;0;4;2;VER
souter;sute;souter;VER;0,03;0,03;1;6;6;4;2;VER
soutes;sut;soute;NOM;2,62;0,29;0;6;0;3;1;NOM
soutif;sutif;soutif;NOM;2,11;1,81;1;6;6;5;2;NOM
soutra;sutRa;soutra;NOM;0,2;0,2;1;6;5;5;2;NOM
soviet;sovjEt;soviet;NOM;2,54;0,73;1;6;5;5;2;NOM
soyeux;swaj2;soyeux;ADJ;0,61;0,47;1;6;6;5;2;ADJ
soyons;swaj§;être;AUX;8074,24;4,79;0;6;0;0;2;AUX,VER
soyons;swaj§;être;VER;32236,5;22,05;0;6;0;0;2;AUX,VER
soûler;sule;soûler;VER;6,13;2,54;1;6;6;4;2;VER
soûlez;sule;soûler;VER;6,13;0,22;0;6;0;4;2;VER
soûlot;sulo;soûlot;NOM;0,29;0,28;1;6;6;4;2;NOM
soûlée;sule;soûler;VER;6,13;0,43;0;6;0;4;2;VER
soûlés;sule;soûler;VER;6,13;0,14;0;6;0;4;2;VER
spahis;spai;spahi;NOM;0;0;0;6;0;4;2;NOM
sparte;spaRt;sparte;NOM;0;0;1;6;6;5;1;NOM
spasme;spasm;spasme;NOM;2,13;0,47;1;6;6;5;1;NOM
speech;spitS;speech;NOM;1,88;1,88;1;6;5;5;1;NOM
speede;spid;speeder;VER;0,33;0,01;0;6;0;4;1;VER
speedé;spide;speeder;VER;0,33;0,01;0;6;6;5;2;VER,ADJ
speedé;spide;speedé;ADJ;0,21;0,04;1;6;6;5;2;VER,ADJ
sperme;spERm;sperme;NOM;8,47;8,31;1;6;6;5;1;NOM
sphinx;sf5ks;sphinx;NOM;1,27;1,27;1;6;6;5;1;NOM
sphère;sfER;sphère;NOM;3,9;2,48;1;6;4;4;1;NOM
spider;spajd9R;spider;NOM;3,27;3,27;1;6;4;4;2;NOM
spinal;spinal;spinal;ADJ;0,64;0,5;1;6;6;6;2;ADJ
spires;spiR;spire;NOM;0,23;0,17;0;6;0;4;1;NOM
splash;splaS;splash;ONO;0,27;0,27;1;6;4;4;1;ONO
spleen;splin;spleen;NOM;0,11;0,11;1;6;5;5;1;NOM
spolie;spoli;spolier;VER;0,59;0,14;0;6;0;0;2;VER
spolié;spolje;spolier;VER;0,59;0,29;0;6;6;6;2;VER,NOM
spolié;spolje;spolié;NOM;0,01;0,01;1;6;6;6;2;VER,NOM
spores;spOR;spore;NOM;0,91;0,9;0;6;0;4;1;NOM
sports;spOR;sport;NOM;30,04;5,42;0;6;0;4;1;NOM
sprats;spRat;sprat;NOM;0,4;0,22;0;6;0;4;1;NOM
sprays;spREj;spray;NOM;2,71;0,06;0;6;0;4;1;NOM
spring;spRiG;spring;NOM;0,83;0,83;1;6;6;5;1;NOM
sprint;spRint;sprint;NOM;0,89;0,85;1;6;6;6;1;NOM
spruce;spRys;spruce;NOM;0,04;0,04;1;6;4;4;1;NOM
spéléo;speleo;spéléo;NOM;0,27;0,27;1;6;6;6;3;NOM
squale;skwal;squale;NOM;0,47;0,23;1;6;5;5;1;NOM
square;skwaR;square;NOM;5,89;5,51;1;6;5;5;1;NOM
squash;skwaS;squash;NOM;0,73;0,73;1;6;5;5;1;NOM
squats;skwat;squat;NOM;1,23;0,03;0;6;0;5;1;NOM
squaws;skwo;squaw;NOM;0;0;0;6;0;4;1;NOM
squire;skwajR;squire;NOM;0,04;0,01;1;6;4;5;1;NOM
stable;stabl;stable;ADJ;10,09;8,67;1;6;6;5;1;ADJ
stades;stad;stade;NOM;15,14;0,8;0;6;0;4;1;NOM
staffs;staf;staff;NOM;1,39;0,03;0;6;0;4;1;NOM
stages;staZ;stage;NOM;6,16;1,28;0;6;0;4;1;NOM
stagna;stagna;stagner;VER;0,59;0;0;6;0;0;2;VER
stagne;stagn;stagner;VER;0,59;0,24;0;6;0;0;1;VER
stagné;stagne;stagner;VER;0,59;0,02;0;6;0;6;2;VER
stalag;stalag;stalag;NOM;0,37;0,37;1;6;6;6;2;NOM
stalle;stal;stalle;NOM;0,32;0,19;1;6;5;4;1;NOM
stance;st@s;stance;NOM;0,25;0,25;1;6;5;4;1;NOM
stands;st@d;stand;NOM;7,02;1,36;0;6;0;4;1;NOM
stater;state;stater;VER;0,58;0,01;1;6;5;5;2;VER
statue;staty;statue;NOM;19,5;15,42;1;6;6;5;2;NOM,VER
statue;staty;statuer;VER;0,71;0,2;0;6;6;5;2;NOM,VER
status;statys;status;NOM;0,22;0,22;1;6;6;6;2;NOM
statut;staty;statut;NOM;6,13;5,66;1;6;6;5;2;NOM
statué;stat8e;statuer;VER;0,71;0,19;0;6;0;6;2;VER
stayer;stEj9R;stayer;NOM;0;0;1;6;4;4;2;NOM
steaks;stEk;steak;NOM;10,76;2,61;0;6;0;4;1;NOM
steppe;stEp;steppe;NOM;2,78;1,57;1;6;6;4;1;NOM
sterne;stERn;sterne;NOM;0,01;0;1;6;6;5;1;NOM
sticks;stik;stick;NOM;0,78;0,23;0;6;0;4;1;NOM
stigma;stigma;stigma;NOM;0;0;1;6;6;6;2;NOM
stipes;stip;stipe;NOM;0,01;0,01;0;6;0;0;1;NOM
stocke;stOk;stocker;VER;3,54;0,48;0;6;0;4;1;VER
stocks;stOk;stock;NOM;5,66;1,44;0;6;0;4;1;NOM
stocké;stoke;stocker;VER;3,54;0,31;0;6;0;5;2;VER
stoker;stok9R;stoker;NOM;0,65;0,65;1;6;6;5;2;NOM
stokes;stOks;stokes;NOM;0,1;0,1;1;6;6;5;1;NOM
stomie;stOmi;stomie;NOM;0,02;0,02;1;6;5;4;2;NOM
stones;ston;stone;ADJ;2,06;0,94;0;6;0;4;1;ADJ
stoppa;stopa;stopper;VER;9,46;0,11;0;6;0;0;2;VER
stoppe;stOp;stopper;VER;9,46;0,54;0;6;0;4;1;VER
stoppé;stope;stopper;VER;9,46;1,6;0;6;0;5;2;VER
stores;stOR;store;NOM;3,59;2,23;0;6;0;4;1;NOM
strass;stRas;strass;NOM;0,21;0,21;1;6;6;5;1;NOM
strate;stRat;strate;NOM;0,34;0,17;1;6;6;5;1;NOM
stress;stREs;stress;NOM;10,85;10,85;1;6;6;5;1;NOM
strict;stRikt;strict;ADJ;7,66;3,36;1;6;6;6;1;ADJ
strier;stRije;strier;VER;0,03;0;1;6;6;5;2;VER
stries;stRi;strie;NOM;0,73;0,68;0;6;0;4;1;NOM
string;stRiG;string;NOM;3,9;2,59;1;6;5;5;1;NOM
striée;stRije;strier;VER;0,03;0,01;0;6;0;5;2;VER,ADJ
striée;stRije;strié;ADJ;0,06;0,01;0;6;0;5;2;VER,ADJ
striés;stRije;strier;VER;0,03;0;0;6;0;5;2;VER,ADJ
striés;stRije;strié;ADJ;0,06;0,01;0;6;0;5;2;VER,ADJ
studio;stydjo;studio;NOM;27,77;20,95;1;6;6;6;2;NOM
stukas;styka;stuka;NOM;0,05;0,03;0;6;0;5;2;NOM
stupas;stypas;stupa;NOM;0;0;0;6;0;0;2;NOM
stupre;stypR;stupre;NOM;0,14;0,14;1;6;5;5;1;NOM
styler;stile;styler;VER;0,29;0,04;1;6;6;5;2;VER
styles;stil;style;NOM;32,34;1,26;0;6;0;4;1;NOM
stylet;stilE;stylet;NOM;0,07;0,07;1;6;6;5;2;NOM
stylos;stilo;stylo;NOM;17,73;2,39;0;6;0;5;2;NOM
stylée;stile;styler;VER;0,29;0,04;0;6;0;5;2;VER,ADJ
stylée;stile;stylé;ADJ;0,2;0,05;0;6;0;5;2;VER,ADJ
stylés;stile;styler;VER;0,29;0;0;6;0;5;2;VER,ADJ
stylés;stile;stylé;ADJ;0,2;0,03;0;6;0;5;2;VER,ADJ
styrax;stiRaks;styrax;NOM;0;0;1;6;5;5;2;NOM
stèles;stEl;stèle;NOM;0,35;0,04;0;6;0;4;1;NOM
stères;stER;stère;NOM;0,04;0,03;0;6;0;4;1;NOM
sténos;steno;sténo;NOM;0,86;0,06;0;6;0;5;2;NOM
stéréo;steReo;stéréo;NOM;2,51;2,47;1;6;6;6;3;NOM
suaire;s8ER;suaire;NOM;0,3;0,28;1;6;4;4;1;NOM
suante;s8@t;suant;ADJ;0,25;0,02;0;6;0;0;1;ADJ
suants;s8@;suant;ADJ;0,25;0,02;0;6;0;3;1;ADJ
suaves;s8av;suave;ADJ;1,11;0,17;0;6;0;4;1;ADJ
subies;sybi;subir;VER;30,13;0,4;0;6;0;4;2;VER
subira;sybiRa;subir;VER;30,13;0,68;0;6;0;0;3;VER
subite;sybit;subit;ADJ;3,06;1,45;0;6;0;0;2;ADJ
subito;sybito;subito;ADV;0,05;0,05;1;6;6;6;3;ADV
subits;sybi;subit;ADJ;3,06;0,12;0;6;0;4;2;ADJ
subtil;syptil;subtil;ADJ;7,54;4,54;1;6;6;6;2;ADJ
succès;syksE;succès;NOM;39,58;39,58;1;6;5;5;2;NOM
sucent;sys;sucer;VER;23,45;0,51;0;6;0;3;1;VER
sucera;sys°Ra;sucer;VER;23,45;0,22;0;6;0;0;3;VER
suceur;sys9R;suceur;ADJ;1,06;0,66;1;6;5;4;2;ADJ,NOM
suceur;sys9R;suceur;NOM;2,88;0,96;1;6;5;4;2;ADJ,NOM
sucrer;sykRe;sucrer;VER;1,9;0,38;1;6;6;5;2;VER
sucres;sykR;sucre;NOM;32,01;1,44;0;6;0;4;1;NOM,VER
sucres;sykR;sucrer;VER;1,9;0,02;0;6;0;4;1;NOM,VER
sucrée;sykRe;sucrer;VER;1,9;0,2;0;6;0;5;2;VER,ADJ
sucrée;sykRe;sucré;ADJ;3,69;0,96;0;6;0;5;2;VER,ADJ
sucrés;sykRe;sucrer;VER;1,9;0,03;0;6;0;5;2;VER,ADJ,NOM
sucrés;sykRe;sucré;ADJ;3,69;0,13;0;6;0;5;2;VER,ADJ,NOM
sucrés;sykRe;sucré;NOM;0,67;0;0;6;0;5;2;VER,ADJ,NOM
sucées;syse;sucer;VER;23,45;0,04;0;6;0;4;2;VER
sudète;sydEt;sudète;ADJ;0;0;1;6;4;5;2;ADJ
suerai;syRE;suer;VER;7,28;0,03;0;6;0;4;2;VER
suerte;swERte;suerte;NOM;0,22;0,22;1;6;5;4;2;NOM
sueurs;s89R;sueur;NOM;11,71;1,45;0;6;0;3;1;NOM
suffis;syfi;suffire;VER;232,08;0,53;0;6;0;0;2;VER
suffit;syfi;suffire;VER;232,08;188,1;0;6;0;0;2;VER
suffît;syfi;suffire;VER;232,08;0,64;0;6;0;0;2;VER
suifer;s8ife;suifer;VER;0;0;1;6;5;5;2;VER
suiffé;s8ife;suiffer;VER;0;0;0;6;0;5;2;VER
suifés;s8ife;suifer;VER;0;0;0;6;0;5;2;VER
suinta;s85ta;suinter;VER;0,96;0;0;6;0;0;2;VER
suinte;s85t;suinter;VER;0,96;0,43;0;6;0;0;1;VER
suinté;s85te;suinter;VER;0,96;0,13;0;6;0;5;2;VER
suisse;s8is;suisse;ADJ;5,01;3,91;1;6;4;4;1;ADJ,NOM
suisse;s8is;suisse;NOM;1,42;0,29;1;6;4;4;1;ADJ,NOM
suites;s8it;suit;NOM;0,56;0,56;0;6;0;4;1;NOM
suites;s8it;suite;NOM;275,9;1,72;0;6;0;4;1;NOM
suitée;s8ite;suitée;ADJ;0;0;1;6;5;5;2;ADJ
suives;s8iv;suivre;VER;2090,54;0,98;0;6;0;4;1;VER
suivez;s8ive;suivre;VER;2090,54;57,03;0;6;0;0;2;VER
suivie;s8ivi;suivi;ADJ;1,99;0,14;0;6;0;5;2;ADJ,VER
suivie;s8ivi;suivre;VER;2090,54;9,18;0;6;0;5;2;ADJ,VER
suivis;s8ivi;suivi;ADJ;1,99;0,23;0;6;0;5;2;ADJ,NOM,VER
suivis;s8ivi;suivi;NOM;1,72;0,07;0;6;0;5;2;ADJ,NOM,VER
suivis;s8ivi;suivre;VER;2090,54;4,8;0;6;0;5;2;ADJ,NOM,VER
suivit;s8ivi;suivre;VER;2090,54;0,7;0;6;0;5;2;VER
suivra;s8ivRa;suivre;VER;2090,54;5,27;0;6;0;0;2;VER
suivre;s8ivR;suivre;VER;2090,54;73,92;1;6;5;5;1;VER
suivît;s8ivi;suivre;VER;2090,54;0;0;6;0;5;2;VER
sujets;syZE;sujet;ADJ;3,9;0,55;0;6;0;4;2;ADJ,NOM
sujets;syZE;sujet;NOM;120,42;12,51;0;6;0;4;2;ADJ,NOM
sultan;sylt@;sultan;NOM;1,75;1,68;1;6;6;5;2;NOM
summum;s9mOm;summum;NOM;0,56;0,56;1;6;4;3;2;NOM
supers;sypER;super;NOM;73,26;1,78;0;6;0;5;2;NOM
suppôt;sypo;suppôt;NOM;0,39;0,17;1;6;5;4;2;NOM
surard;syRaR;surard;NOM;0;0;1;6;6;5;2;NOM
surcot;syRko;surcot;NOM;0;0;1;6;6;5;2;NOM
sureau;syRo;sureau;NOM;0,15;0,05;1;6;5;4;2;NOM
surent;syR;savoir;VER;4516,71;0,07;0;6;0;3;1;VER
surets;syRE;suret;ADJ;0,1;0,1;0;6;0;4;2;ADJ
surfer;s9Rfe;surfer;VER;9,4;5,29;1;6;6;5;2;VER
surfes;s9Rf;surfer;VER;9,4;0,1;0;6;0;4;1;VER
surfez;s9Rfe;surfer;VER;9,4;0,09;0;6;0;5;2;VER
surfin;syRf5;surfin;ADJ;0,14;0,14;1;6;6;5;2;ADJ
surgie;syRZi;surgir;VER;10,95;0,04;0;6;0;0;2;VER
surgir;syRZiR;surgir;VER;10,95;2,26;1;6;6;6;2;VER
surgis;syRZi;surgir;VER;10,95;0,09;0;6;0;0;2;VER
surgit;syRZi;surgir;VER;10,95;2,96;0;6;0;0;2;VER
surgît;syRZi;surgir;VER;10,95;0;0;6;0;0;2;VER
suries;syRi;suri;ADJ;0,07;0;0;6;0;4;2;ADJ
surimi;syRimi;surimi;NOM;0,01;0,01;1;6;6;5;3;NOM
surine;syRin;suriner;VER;0,15;0;0;6;0;0;2;VER
surins;syR5;surin;NOM;0,66;0;0;6;0;4;2;NOM
suriné;syRine;suriner;VER;0,15;0,12;0;6;0;5;3;VER
surjet;syRZE;surjet;NOM;0,04;0,04;1;6;4;5;2;NOM
surmoi;syRmwa;surmoi;NOM;0,12;0,12;1;6;6;5;2;NOM
surnom;syRn§;surnom;NOM;7,79;6,2;1;6;6;5;2;NOM
suroît;syRwa;suroît;NOM;0,03;0,03;1;6;5;4;2;NOM
sursis;syRsi;surseoir;VER;0,12;0,02;0;6;6;5;2;VER,NOM
sursis;syRsi;sursis;NOM;3,6;3,6;1;6;6;5;2;VER,NOM
survie;syRvi;survie;NOM;11,64;11,64;1;6;6;5;2;NOM
survis;syRvi;survivre;VER;63,62;1,33;0;6;0;5;2;VER
survit;syRvi;survivre;VER;63,62;3,88;0;6;0;5;2;VER
survol;syRvOl;survol;NOM;0,83;0,8;1;6;6;6;2;NOM
survêt;syRvE;survêt;NOM;0;0;1;6;6;5;2;NOM
susdit;sysdi;susdit;ADJ;0,14;0,12;1;6;4;4;2;ADJ,NOM
susdit;sysdi;susdit;NOM;0,31;0,11;1;6;4;4;2;ADJ,NOM
suture;sytyR;suture;NOM;4,54;3,77;1;6;6;5;2;NOM
suturé;sytyRe;suturer;VER;0,45;0,06;0;6;0;6;3;VER
sutémi;sutemi;sutémi;NOM;0;0;1;6;4;5;3;NOM
suçage;sysaZ;suçage;NOM;0,01;0,01;1;6;4;4;2;NOM
suçais;sysE;sucer;VER;23,45;0,32;0;6;0;0;2;VER
suçait;sysE;sucer;VER;23,45;0,21;0;6;0;0;2;VER
suçant;sys@;sucer;VER;23,45;0,39;0;6;0;0;2;VER
suçoir;syswaR;suçoir;NOM;0;0;1;6;5;4;2;NOM
suçons;sys§;suçon;NOM;1,05;0,17;0;6;0;4;2;NOM
suçota;sysota;suçoter;VER;0,01;0;0;6;0;0;3;VER
suçote;sysOt;suçoter;VER;0,01;0;0;6;0;0;2;VER
suçoté;sysote;suçoter;VER;0,01;0;0;6;0;4;3;VER
svelte;svElt;svelte;ADJ;0,43;0,39;1;6;6;5;1;ADJ
swings;swiG;swing;NOM;0;0;0;6;0;4;1;NOM
sylvie;silvi;sylvie;NOM;0;0;1;6;6;5;2;NOM
sympas;s5pa;sympa;ADJ;83,39;5,92;0;6;0;4;2;ADJ
syndic;s5dik;syndic;NOM;0,61;0,48;1;6;6;5;2;NOM
synode;sinOd;synode;NOM;0,2;0,2;1;6;5;5;2;NOM
synthé;s5te;synthé;NOM;0,61;0,6;1;6;6;4;2;NOM
syrien;siRj5;syrien;ADJ;1,81;0,81;1;6;5;5;2;ADJ,NOM
syrien;siRj5;syrien;NOM;1,41;0,01;1;6;5;5;2;ADJ,NOM
syrinx;siR5ks;syrinx;NOM;0;0;1;6;6;5;2;NOM
syrtes;siRt;syrte;NOM;0;0;0;6;0;0;1;NOM
sèches;sES;sec;ADJ;43,02;2;0;6;0;3;1;ADJ,VER
sèches;sES;sécher;VER;19,49;0,85;0;6;0;3;1;ADJ,VER
sèment;sEm;semer;VER;19,8;0,94;0;6;0;3;1;VER
sèmera;sEm°Ra;semer;VER;19,8;0,18;0;6;0;0;3;VER
sèvres;sEvR;sevrer;VER;0,42;0,01;0;6;4;4;1;VER,NOM
sèvres;sEvR;sèvres;NOM;0,01;0,01;1;6;4;4;1;VER,NOM
séance;se@s;séance;NOM;22,91;18,49;1;6;5;4;2;NOM
séante;se@t;séant;ADJ;0,04;0,01;0;6;0;0;2;ADJ
sébacé;sebase;sébacé;ADJ;0,1;0,05;1;6;5;6;3;ADJ
sébile;sebil;sébile;NOM;0,04;0,04;1;6;4;4;2;NOM
séchai;seSE;sécher;VER;19,49;0;0;6;0;0;2;VER
sécher;seSe;sécher;VER;19,49;5,84;1;6;6;4;2;VER
séchez;seSe;sécher;VER;19,49;0,79;0;6;0;4;2;VER
séchât;seSa;sécher;VER;19,49;0;0;6;0;0;2;VER
séchée;seSe;sécher;VER;19,49;1,09;0;6;0;4;2;VER
séchés;seSe;sécher;VER;19,49;0,16;0;6;0;4;2;VER
séduis;sed8i;séduire;VER;16,48;0,7;0;6;0;5;2;VER
séduit;sed8i;séduire;VER;16,48;5,09;0;6;6;5;2;VER,ADJ
séduit;sed8i;séduit;ADJ;1,08;0,37;1;6;6;5;2;VER,ADJ
séides;seid;séide;NOM;0,02;0,01;0;6;0;4;2;NOM
séisme;seizm;séisme;NOM;3,31;2,6;1;6;4;4;2;NOM
séjour;seZuR;séjour;NOM;16,6;15,7;1;6;6;5;2;NOM
sélect;selEkt;sélect;ADJ;0,13;0,08;1;6;6;6;2;ADJ
sémite;semit;sémite;ADJ;0,02;0,01;1;6;6;5;2;ADJ,NOM
sémite;semit;sémite;NOM;0,36;0,12;1;6;6;5;2;ADJ,NOM
sénevé;sEn°ve;sénevé;NOM;0;0;1;6;5;5;3;NOM
sénile;senil;sénile;ADJ;2,18;1,94;1;6;6;5;2;ADJ
sépale;sepal;sépale;NOM;0,03;0,01;1;6;5;5;2;NOM
sépara;sepaRa;séparer;VER;66,22;0,27;0;6;0;0;3;VER
sépare;sepaR;séparer;VER;66,22;12,77;0;6;0;0;2;VER
séparé;sepaRe;séparer;VER;66,22;4,11;0;6;6;6;3;VER,ADJ
séparé;sepaRe;séparé;ADJ;5,41;1,11;1;6;6;6;3;VER,ADJ
sépias;sepja;sépia;NOM;0,02;0;0;6;0;4;2;NOM
séracs;seRak;sérac;NOM;0,21;0;0;6;0;5;2;NOM
sérail;seRaj;sérail;NOM;0,47;0,47;1;6;5;5;2;NOM
séreux;seR2;séreux;ADJ;0;0;1;6;4;4;2;ADJ
sérial;seRjal;sérial;NOM;0,03;0,03;1;6;5;5;2;NOM
sériel;seRjEl;sériel;ADJ;0,01;0,01;1;6;6;5;2;ADJ
sérier;seRje;sérier;VER;0;0;1;6;6;5;2;VER
séries;seRi;série;NOM;36,53;3,19;0;6;0;4;2;NOM
séropo;seRopo;séropo;NOM;0,17;0,17;1;6;6;6;3;NOM
sérums;seROm;sérum;NOM;4,16;0,15;0;6;0;4;2;NOM
sésame;sezam;sésame;NOM;1,26;1,26;1;6;6;5;2;NOM
sévice;sevis;sévices;NOM;1,25;0,12;0;6;0;5;2;NOM
sévira;seviRa;sévir;VER;3,23;0,04;0;6;0;0;3;VER
sévère;sevER;sévère;ADJ;9,47;8,28;1;6;6;5;2;ADJ
sûreté;syR°te;sûreté;NOM;7,04;7,01;1;6;5;5;3;NOM
tabacs;taba;tabac;NOM;16;0,3;0;6;0;4;2;NOM
tabard;tabaR;tabard;NOM;0,13;0,13;1;6;5;5;2;NOM
tabler;table;tabler;VER;0,95;0,04;1;6;6;5;2;VER
tables;tabl;table;NOM;118,37;6,92;0;6;0;4;1;NOM,VER
tables;tabl;tabler;VER;0,95;0,31;0;6;0;4;1;NOM,VER
tablée;table;tablée;NOM;0,02;0,02;1;6;5;5;2;NOM
tabors;tabOR;tabor;NOM;0;0;0;6;0;4;2;NOM
taboue;tabu;tabou;ADJ;1,11;0,11;0;6;0;4;2;ADJ,VER
taboue;tabu;tabouer;VER;0;0;0;6;0;4;2;ADJ,VER
tabous;tabu;tabou;ADJ;1,11;0,2;0;6;0;4;2;ADJ,NOM
tabous;tabu;tabou;NOM;1,18;0,64;0;6;0;4;2;ADJ,NOM
tabula;tabyla;tabuler;VER;0,04;0,04;0;6;0;0;3;VER
tacher;taSe;tacher;VER;6,54;1,11;1;6;6;4;2;VER
taches;taS;tache;NOM;21,04;8,44;0;6;0;3;1;NOM,VER
taches;taS;tacher;VER;6,54;0,16;0;6;0;3;1;NOM,VER
tachez;taSe;tacher;VER;6,54;0,19;0;6;0;4;2;VER
tachée;taSe;tacher;VER;6,54;1,05;0;6;0;4;2;VER
tachés;taSe;tacher;VER;6,54;0,39;0;6;0;4;2;VER
tacite;tasit;tacite;ADJ;0,58;0,57;1;6;6;5;2;ADJ
tacler;takle;tacler;VER;0,04;0,04;1;6;6;5;2;VER
tacots;tako;tacot;NOM;1,31;0,06;0;6;0;4;2;NOM
tadjik;tadZik;tadjik;NOM;0;0;1;6;4;4;2;NOM
taenia;tenja;taenia;NOM;0;0;1;6;3;4;2;NOM
taffes;taf;taffe;NOM;2,06;0,03;0;6;0;3;1;NOM
tagada;tagada;tagada;ONO;0,99;0,99;1;6;5;5;3;ONO
tagger;tage;tagger;NOM;0,13;0,13;1;6;4;4;2;NOM
taguer;tage;taguer;VER;0,28;0,21;1;6;6;4;2;VER
taifas;tEifa;taifa;NOM;0;0;0;6;0;0;3;NOM
tailla;taja;tailler;VER;13,28;0,01;0;6;0;0;2;VER
taille;taj;taille;NOM;43,17;41,32;1;6;6;3;1;NOM,VER
taille;taj;tailler;VER;13,28;4,63;0;6;6;3;1;NOM,VER
taillé;taje;tailler;VER;13,28;2,38;0;6;6;4;2;VER,ADJ
taillé;taje;taillé;ADJ;0,92;0,5;1;6;6;4;2;VER,ADJ
tairai;tERE;taire;VER;154,46;1,74;0;6;0;0;2;VER
tairas;tERa;taire;VER;154,46;0,29;0;6;0;0;2;VER
tairez;tERe;taire;VER;154,46;0,06;0;6;0;4;2;VER
taises;tEz;taire;VER;154,46;0,16;0;6;0;3;1;VER
taisez;tEze;taire;VER;154,46;24,3;0;6;0;0;2;VER
tajine;taZin;tajine;NOM;0;0;1;6;3;3;2;NOM
talait;talE;taler;VER;0,12;0;0;6;0;0;2;VER
talbin;talb5;talbin;NOM;0,05;0,01;1;6;4;4;2;NOM
talent;tal;taler;VER;0,12;0,04;0;6;6;3;1;VER,NOM
talent;tal@;talent;NOM;44,17;33,28;1;6;6;4;2;VER,NOM
taleth;talEt;taleth;NOM;0,03;0,03;1;6;5;5;2;NOM
talion;talj§;talion;NOM;0,05;0,05;1;6;5;5;2;NOM
talkie;tOlki;talkie;NOM;0,32;0,17;1;6;6;5;2;NOM
taller;tale;taller;VER;0,02;0,01;1;6;6;4;2;VER
talons;tal§;taler;VER;0,12;0,05;0;6;0;4;2;VER,NOM
talons;tal§;talon;NOM;11,72;7,7;0;6;0;4;2;VER,NOM
talqua;talka;talquer;VER;0,04;0;0;6;0;0;2;VER
talqué;talke;talquer;VER;0,04;0,01;0;6;0;5;2;VER
talées;tale;talé;ADJ;0,14;0;0;6;0;4;2;ADJ
tamise;tamiz;tamise;NOM;0,01;0,01;1;6;6;5;2;NOM,VER
tamise;tamiz;tamiser;VER;0,38;0,16;0;6;6;5;2;NOM,VER
tamisé;tamize;tamiser;VER;0,38;0,01;0;6;6;6;3;VER,ADJ
tamisé;tamize;tamisé;ADJ;0,76;0,02;1;6;6;6;3;VER,ADJ
tamoul;tamul;tamoul;NOM;0;0;1;6;6;5;2;NOM
tampax;t@paks;tampax;NOM;0,29;0,29;1;6;5;4;2;NOM
tampon;t@p§;tampon;NOM;4,28;2,96;1;6;6;4;2;NOM
tamtam;tamtam;tamtam;NOM;0,13;0,13;1;6;4;4;2;NOM
tancer;t@se;tancer;VER;0,03;0,01;1;6;5;4;2;VER
tanche;t@S;tanche;NOM;0,06;0,04;1;6;5;3;1;NOM
tancée;t@se;tancer;VER;0,03;0;0;6;0;4;2;VER
tancés;t@se;tancer;VER;0,03;0,01;0;6;0;4;2;VER
tandem;t@dEm;tandem;NOM;0,6;0,6;1;6;5;4;2;NOM
tangon;t@g§;tangon;NOM;0,02;0,02;1;6;6;4;2;NOM
tangos;t@go;tango;NOM;5,74;0,16;0;6;0;4;2;NOM
tangua;t@ga;tanguer;VER;0,69;0;0;6;0;0;2;VER
tangue;t@g;tangue;NOM;0;0;1;6;6;3;1;NOM,VER
tangue;t@g;tanguer;VER;0,69;0,38;0;6;6;3;1;NOM,VER
tangué;t@ge;tanguer;VER;0,69;0;0;6;0;4;2;VER
tanker;t@k9R;tanker;NOM;0,78;0,49;1;6;5;4;2;NOM
tanner;tane;tanner;VER;2,22;0,73;1;6;6;4;2;VER
tannes;tan;tanne;NOM;0,54;0,07;0;6;0;3;1;NOM
tannin;tan5;tannin;NOM;0,01;0,01;1;6;5;4;2;NOM
tannée;tane;tanner;VER;2,22;0,17;0;6;6;4;2;VER,ADJ,NOM
tannée;tane;tanné;ADJ;0,1;0,06;0;6;6;4;2;VER,ADJ,NOM
tannée;tane;tannée;NOM;0,18;0,17;1;6;6;4;2;VER,ADJ,NOM
tannés;tane;tanner;VER;2,22;0,04;0;6;0;4;2;VER,ADJ
tannés;tane;tanné;ADJ;0,1;0,01;0;6;0;4;2;VER,ADJ
tanrec;t@REk;tanrec;NOM;0;0;1;6;4;3;2;NOM
tansad;t@sad;tansad;NOM;0;0;1;6;4;4;2;NOM
tantes;t@t;tante;NOM;76,62;5,93;0;6;0;3;1;NOM
tantra;t@tRa;tantra;NOM;0,11;0,11;1;6;6;5;2;NOM
tantôt;t@to;tantôt;ADV;5,62;5,62;1;6;5;4;2;ADV,NOM
tantôt;t@to;tantôt;NOM;0,11;0,11;1;6;5;4;2;ADV,NOM
tançai;t@sE;tancer;VER;0,03;0;0;6;0;0;2;VER
tapage;tapaZ;tapage;NOM;1,53;1,52;1;6;6;5;2;NOM
tapais;tapE;taper;VER;61,07;0,68;0;6;0;0;2;VER
tapait;tapE;taper;VER;61,07;1,78;0;6;0;0;2;VER
tapant;tap@;tapant;ADJ;0,57;0,06;1;6;5;4;2;ADJ,VER
tapant;tap@;taper;VER;61,07;0,72;0;6;5;4;2;ADJ,VER
tapent;tap;taper;VER;61,07;1,6;0;6;0;3;1;VER
tapera;tap°Ra;taper;VER;61,07;0,19;0;6;0;0;3;VER
tapeur;tap9R;tapeur;NOM;0,2;0,19;1;6;5;4;2;NOM
tapies;tapi;tapi;ADJ;0,06;0;0;6;0;4;2;ADJ,VER
tapies;tapi;tapir;VER;0,92;0,02;0;6;0;4;2;ADJ,VER
tapiez;tapje;taper;VER;61,07;0,06;0;6;0;0;2;VER
tapine;tapin;tapiner;VER;1,76;0,97;0;6;0;0;2;VER
tapins;tap5;tapin;NOM;2,31;0,06;0;6;0;4;2;NOM
tapiné;tapine;tapiner;VER;1,76;0;0;6;0;6;3;VER
tapira;tapiRa;tapir;VER;0,92;0,01;0;6;0;0;3;VER
tapirs;tapiR;tapir;NOM;0,16;0,02;0;6;0;5;2;NOM
tapons;tap§;taper;VER;61,07;0,06;0;6;0;0;2;VER
tapota;tapota;tapoter;VER;1,16;0,11;0;6;0;0;3;VER
tapote;tapOt;tapoter;VER;1,16;0,36;0;6;0;0;2;VER
tapoté;tapote;tapoter;VER;1,16;0,11;0;6;0;6;3;VER
tapées;tape;taper;VER;61,07;0,06;0;6;0;4;2;VER,ADJ,NOM
tapées;tape;tapé;ADJ;0,37;0,16;0;6;0;4;2;VER,ADJ,NOM
tapées;tape;tapée;NOM;0,03;0;0;6;0;4;2;VER,ADJ,NOM
taquet;takE;taquet;NOM;0,14;0,1;1;6;5;4;2;NOM
taquin;tak5;taquin;ADJ;0,46;0,34;1;6;6;4;2;ADJ
tarama;taRama;tarama;NOM;0,28;0,28;1;6;5;5;3;NOM
tarare;taRaR;tarare;NOM;0;0;1;6;5;5;2;NOM
taraud;taRo;taraud;NOM;0;0;1;6;6;4;2;NOM
tardai;taRdE;tarder;VER;28,36;0,01;0;6;0;0;2;VER
tarder;taRde;tarder;VER;28,36;15,01;1;6;6;5;2;VER
tardes;taRd;tarder;VER;28,36;0,65;0;6;0;0;1;VER
tardez;taRde;tarder;VER;28,36;1,14;0;6;0;5;2;VER
tardif;taRdif;tardif;ADJ;2,62;0,65;1;6;6;6;2;ADJ
tardée;taRde;tarder;VER;28,36;0;0;6;0;5;2;VER
tarets;taRE;taret;NOM;0;0;0;6;0;4;2;NOM
targua;taRga;targuer;VER;0,27;0;0;6;0;0;2;VER
targue;taRg;targuer;VER;0,27;0,22;0;6;0;0;1;VER
targui;taRgi;targui;ADJ;0;0;1;6;6;5;2;ADJ,NOM
targui;taRgi;targui;NOM;0;0;1;6;6;5;2;ADJ,NOM
targué;taRge;targuer;VER;0,27;0;0;6;0;5;2;VER
taride;taRid;taride;NOM;0;0;1;6;5;5;2;NOM
taries;taRi;tari;ADJ;0,15;0;0;6;0;4;2;ADJ,VER
taries;taRi;tarir;VER;1,83;0,01;0;6;0;4;2;ADJ,VER
tarifs;taRif;tarif;NOM;6,26;1,69;0;6;0;5;2;NOM
tarira;taRiRa;tarir;VER;1,83;0,02;0;6;0;0;3;VER
tarmac;taRmak;tarmac;NOM;0,28;0,28;1;6;4;4;2;NOM
tarots;taRo;tarot;NOM;0,65;0,28;0;6;0;4;2;NOM
tarpan;taRp@;tarpan;NOM;0;0;1;6;5;5;2;NOM
tarpon;taRp§;tarpon;NOM;0,08;0,08;1;6;5;5;2;NOM
tarses;taRs;tarse;NOM;0,02;0;0;6;0;4;1;NOM
tartan;taRt@;tartan;NOM;0,51;0,07;1;6;6;5;2;NOM
tartes;taRt;tarte;ADJ;1,29;0,18;0;6;0;4;1;ADJ,NOM
tartes;taRt;tarte;NOM;13,04;2,62;0;6;0;4;1;ADJ,NOM
tartir;taRtiR;tartir;VER;0;0;1;6;6;6;2;VER
tartre;taRtR;tartre;NOM;0,03;0,03;1;6;5;5;1;NOM
tarzan;taRz@;tarzan;NOM;0,16;0,14;1;6;4;4;2;NOM
tarées;taRe;tarer;VER;6,08;0,17;0;6;0;4;2;VER,ADJ
tarées;taRe;taré;ADJ;4,44;0,04;0;6;0;4;2;VER,ADJ
tassai;tasE;tasser;VER;2,21;0;0;6;0;0;2;VER
tasser;tase;tasser;VER;2,21;0,45;1;6;6;4;2;VER
tasses;tas;tasse;NOM;21,89;3,37;0;6;0;3;1;NOM,VER
tasses;tas;tasser;VER;2,21;0,01;0;6;0;3;1;NOM,VER
tassez;tase;tasser;VER;2,21;0,17;0;6;0;4;2;VER
tassée;tase;tasser;VER;2,21;0,06;0;6;0;4;2;VER,ADJ
tassée;tase;tassé;ADJ;0,26;0,04;0;6;0;4;2;VER,ADJ
tassés;tase;tasser;VER;2,21;0,02;0;6;0;4;2;VER,ADJ
tassés;tase;tassé;ADJ;0,26;0,06;0;6;0;4;2;VER,ADJ
tatami;tatami;tatami;NOM;0,02;0,02;1;6;5;5;3;NOM
tatane;tatan;tatane;NOM;0,02;0,01;1;6;5;5;2;NOM
tatars;tataR;tatar;ADJ;0;0;0;6;0;5;2;ADJ
tatoue;tatu;tatouer;VER;4,22;0,08;0;6;0;4;2;VER
tatous;tatu;tatou;NOM;0,51;0,04;0;6;0;4;2;NOM
tatoué;tatwe;tatouer;VER;4,22;1,23;0;6;6;5;2;VER,ADJ
tatoué;tatwe;tatoué;ADJ;1,61;1,07;1;6;6;5;2;VER,ADJ
taudis;todi;taudis;NOM;4,17;4,17;1;6;4;3;2;NOM
taules;tol;taule;NOM;27;0,08;0;6;0;3;1;NOM
taupes;top;taupe;NOM;6,6;1,17;0;6;0;3;1;NOM
taupin;top5;taupin;NOM;0,4;0,4;1;6;6;4;2;NOM
taupés;tope;taupé;ADJ;0,01;0;0;6;0;4;2;ADJ
taurin;toR5;taurin;ADJ;0;0;1;6;6;4;2;ADJ
tavelé;tav°le;taveler;VER;0;0;0;6;6;4;3;VER,ADJ
tavelé;tav°le;tavelé;ADJ;0;0;1;6;6;4;3;VER,ADJ
taxait;taksE;taxer;VER;2,19;0,02;0;6;0;0;2;VER
taxant;taks@;taxer;VER;2,19;0,05;0;6;0;0;2;VER
taxent;taks;taxer;VER;2,19;0,16;0;6;0;4;1;VER
taïaut;tajo;taïaut;ONO;0,2;0,2;1;6;4;4;2;ONO
taïgas;tajga;taïga;NOM;1,5;0;0;6;0;4;2;NOM
teaser;tiz9R;teaser;NOM;0,04;0,04;1;6;4;4;2;NOM
techno;tEkno;techno;ADJ;0,52;0,52;1;6;6;5;2;ADJ,NOM
techno;tEkno;techno;NOM;0,51;0,51;1;6;6;5;2;ADJ,NOM
teckel;tekEl;teckel;NOM;0,23;0,21;1;6;5;4;2;NOM
teigne;tEN;teigne;NOM;1,22;1,18;1;6;6;3;1;NOM,VER
teigne;tEN;teindre;VER;3,71;0,03;0;6;6;3;1;NOM,VER
teille;tEj;teiller;VER;0;0;0;6;0;0;1;VER
teinta;t5ta;teinter;VER;1,32;0;0;6;0;0;2;VER
teinte;t5t;teint;ADJ;0,99;0,35;0;6;6;3;1;ADJ,NOM,VER
teinte;t5t;teinte;NOM;0,77;0,6;1;6;6;3;1;ADJ,NOM,VER
teinte;t5t;teinter;VER;1,32;0,01;0;6;6;3;1;ADJ,NOM,VER
teints;t5;teindre;VER;3,71;0,18;0;6;0;2;1;VER,ADJ,NOM
teints;t5;teint;ADJ;0,99;0,25;0;6;0;2;1;VER,ADJ,NOM
teints;t5;teint;NOM;4,87;0,02;0;6;0;2;1;VER,ADJ,NOM
teinté;t5te;teinter;VER;1,32;0,35;0;6;0;4;2;VER
telles;tEl;telles;ADJ:ind;15,12;15,12;1;6;6;3;1;ADJ:ind,PRO:ind
telles;tEl;telles;PRO:ind;0,08;0,08;1;6;6;3;1;ADJ:ind,PRO:ind
telson;tEls§;telson;NOM;0,07;0,07;1;6;5;4;2;NOM
tempes;t@p;tempe;NOM;3,38;1,15;0;6;0;3;1;NOM
temple;t@pl;temple;NOM;15,69;14,36;1;6;6;4;1;NOM
tempos;tEmpo;tempo;NOM;1,44;0,06;0;6;0;4;2;NOM
tenace;t°nas;tenace;ADJ;1,96;1,62;1;6;6;5;2;ADJ
tenais;t°nE;tenir;VER;504,69;11,03;0;6;0;0;2;VER
tenait;t°nE;tenir;VER;504,69;20,65;0;6;0;0;2;VER
tenant;t°n@;tenant;ADJ;0,88;0,39;1;6;6;4;2;ADJ,NOM,VER
tenant;t°n@;tenant;NOM;0,69;0,3;1;6;6;4;2;ADJ,NOM,VER
tenant;t°n@;tenir;VER;504,69;3,68;0;6;6;4;2;ADJ,NOM,VER
tender;t@d9R;tender;NOM;0,36;0,36;1;6;6;4;2;NOM
tendez;t@de;tendre;VER;26,63;2;0;6;0;0;2;VER
tendis;t@di;tendre;VER;26,63;0,12;0;6;0;0;2;VER
tendit;t@di;tendre;VER;26,63;0,05;0;6;0;0;2;VER
tendon;t@d§;tendon;NOM;1,38;0,9;1;6;5;4;2;NOM
tendra;t@dRa;tendre;VER;26,63;0,06;0;6;0;0;2;VER
tendre;t@dR;tendre;ADJ;21,66;18,34;1;6;6;4;1;ADJ,NOM,VER
tendre;t@dR;tendre;NOM;2,33;2,05;1;6;6;4;1;ADJ,NOM,VER
tendre;t@dR;tendre;VER;26,63;3,72;1;6;6;4;1;ADJ,NOM,VER
tendue;t@dy;tendre;VER;26,63;2,12;0;6;0;4;2;VER,ADJ
tendue;t@dy;tendu;ADJ;9,71;3,1;0;6;0;4;2;VER,ADJ
tendus;t@dy;tendre;VER;26,63;0,63;0;6;0;4;2;VER,ADJ
tendus;t@dy;tendu;ADJ;9,71;1,26;0;6;0;4;2;VER,ADJ
tendît;t@di;tendre;VER;26,63;0;0;6;0;0;2;VER
teneur;t°n9R;teneur;NOM;0,9;0,9;1;6;4;4;2;NOM
teniez;t°nje;tenir;VER;504,69;2,34;0;6;0;0;2;VER
tennis;tenis;tennis;NOM;11,37;11,37;1;6;6;5;2;NOM
tenons;t°n§;tenir;VER;504,69;5,94;0;6;0;4;2;VER,NOM
tenons;t°n§;tenon;NOM;0,23;0,07;0;6;0;4;2;VER,NOM
tentai;t@tE;tenter;VER;79,75;0,02;0;6;0;0;2;VER
tenter;t@te;tenter;VER;79,75;20,41;1;6;6;4;2;VER
tentes;t@t;tente;NOM;16,65;2,25;0;6;0;3;1;NOM,VER
tentes;t@t;tenter;VER;79,75;1,1;0;6;0;3;1;NOM,VER
tentez;t@te;tenter;VER;79,75;3,31;0;6;0;4;2;VER
tentât;t@ta;tenter;VER;79,75;0;0;6;0;0;2;VER
tentée;t@te;tenter;VER;79,75;1,29;0;6;0;4;2;VER,ADJ
tentée;t@te;tenté;ADJ;1,38;0,39;0;6;0;4;2;VER,ADJ
tentés;t@te;tenter;VER;79,75;0,3;0;6;0;4;2;VER,ADJ
tentés;t@te;tenté;ADJ;1,38;0,14;0;6;0;4;2;VER,ADJ
tenues;t°ny;tenir;VER;504,69;0,5;0;6;0;4;2;VER,ADJ,NOM
tenues;t°ny;tenu;ADJ;3,46;0,42;0;6;0;4;2;VER,ADJ,NOM
tenues;t°ny;tenue;NOM;21,96;2,32;0;6;0;4;2;VER,ADJ,NOM
tenure;t2nyR;tenure;NOM;0,01;0,01;1;6;5;3;2;NOM
tercer;tERse;tercer;VER;0,1;0,1;1;6;6;5;2;VER
tercio;tERsjo;tercio;NOM;0,01;0,01;1;6;5;6;2;NOM
tergal;tERgal;tergal;NOM;0,16;0,16;1;6;5;4;2;NOM
termes;tERm;terme;NOM;37,67;11,96;0;6;0;4;1;NOM
ternes;tERn;terne;ADJ;2;0,64;0;6;0;4;1;ADJ
ternie;tERni;terni;ADJ;0,22;0,17;0;6;0;5;2;ADJ,VER
ternie;tERni;ternir;VER;1,32;0,2;0;6;0;5;2;ADJ,VER
ternir;tERniR;ternir;VER;1,32;0,35;1;6;6;6;2;VER
ternis;tERni;terni;ADJ;0,22;0;0;6;0;5;2;ADJ,VER
ternis;tERni;ternir;VER;1,32;0,04;0;6;0;5;2;ADJ,VER
ternit;tERni;ternir;VER;1,32;0,1;0;6;0;5;2;VER
terrai;tERE;terrer;VER;2,62;0;0;6;0;0;2;VER
terrer;tERe;terrer;VER;2,62;0,46;1;6;6;4;2;VER
terres;tER;terre;NOM;294,45;18,16;0;6;0;3;1;NOM,VER
terres;tER;terrer;VER;2,62;0,01;0;6;0;3;1;NOM,VER
terrez;tERe;terrer;VER;2,62;0,02;0;6;0;4;2;VER
terril;tERi;terril;NOM;0,03;0,02;1;6;6;4;2;NOM
terrée;tERe;terrer;VER;2,62;0,04;0;6;0;4;2;VER
terrés;tERe;terrer;VER;2,62;0,12;0;6;0;4;2;VER
tertio;tERsjo;tertio;ADV;1,08;1,08;1;6;6;6;2;ADV
tertre;tERtR;tertre;NOM;0,17;0,16;1;6;5;4;1;NOM
tesson;tes§;tesson;NOM;0,76;0,48;1;6;5;4;2;NOM
tester;tEste;tester;VER;20,66;8,73;1;6;6;5;2;VER
testes;tEst;tester;VER;20,66;0,37;0;6;0;4;1;VER
testez;tEste;tester;VER;20,66;1,18;0;6;0;5;2;VER
testée;tEste;tester;VER;20,66;0,71;0;6;0;5;2;VER
testés;tEste;tester;VER;20,66;0,48;0;6;0;5;2;VER
teuton;t2t§;teuton;ADJ;0,25;0,12;1;6;6;4;2;ADJ,NOM
teuton;t2t§;teuton;NOM;0,14;0,13;1;6;6;4;2;ADJ,NOM
texane;tEksan;texan;ADJ;0,79;0,21;0;6;0;0;2;ADJ,NOM
texane;tEksan;texan;NOM;0,95;0,09;0;6;0;0;2;ADJ,NOM
texans;tEks@;texan;ADJ;0,79;0,09;0;6;0;5;2;ADJ,NOM
texans;tEks@;texan;NOM;0,95;0,39;0;6;0;5;2;ADJ,NOM
textes;tEkst;texte;NOM;20,42;4,2;0;6;0;5;1;NOM
thaler;talER;thaler;NOM;0,1;0,05;1;6;5;5;2;NOM
thermo;tERmo;thermo;NOM;0,1;0,1;1;6;6;5;2;NOM
thomas;toma;thomas;NOM;4,83;4,83;1;6;5;4;2;NOM
thorax;toRaks;thorax;NOM;3,62;3,62;1;6;6;5;2;NOM
thoron;tOR§;thoron;NOM;0,01;0,01;1;6;5;4;2;NOM
thrace;tRas;thrace;ADJ;0,14;0,13;1;6;4;4;1;ADJ
thrill;tRil;thrill;NOM;0,07;0,07;1;6;6;4;1;NOM
thrène;tREn;thrène;NOM;0,1;0,1;1;6;4;4;1;NOM
thunes;tyn;thune;NOM;4,63;1,11;0;6;0;3;1;NOM
thuyas;tyja;thuya;NOM;0;0;0;6;0;3;2;NOM
thymus;timys;thymus;NOM;0,05;0,05;1;6;5;4;2;NOM
thèmes;tEm;thème;NOM;17,32;1,83;0;6;0;3;1;NOM
thèses;tEz;thèse;NOM;10,67;0,46;0;6;0;3;1;NOM
théier;teje;théier;NOM;0,01;0,01;1;6;5;4;2;NOM
théine;tein;théine;NOM;0,01;0,01;1;6;5;4;2;NOM
tiares;tjaR;tiare;NOM;0,51;0,01;0;6;0;4;1;NOM
tibial;tibjal;tibial;ADJ;0,09;0,04;1;6;6;6;2;ADJ
tibias;tibja;tibia;NOM;2,33;0,3;0;6;0;5;2;NOM
ticket;tikE;ticket;NOM;24,25;13,62;1;6;4;4;2;NOM
tienne;tjEn;tenir;VER;504,69;6,65;0;6;6;4;1;VER,ADJ:pos,PRO:pos
tienne;tjEn;tienne;ADJ:pos;3,25;3,25;1;6;6;4;1;VER,ADJ:pos,PRO:pos
tienne;tjEn;tienne;PRO:pos;25,41;25,41;1;6;6;4;1;VER,ADJ:pos,PRO:pos
tierce;tjERs;tiers;ADJ;0,78;0,32;0;6;0;0;1;ADJ,NOM
tierce;tjERs;tiers;NOM;6,24;0,06;0;6;0;0;1;ADJ,NOM
tiercé;tjERse;tiercé;ADJ;0,01;0,01;1;6;6;6;2;ADJ,NOM
tiercé;tjERse;tiercé;NOM;1,32;1,32;1;6;6;6;2;ADJ,NOM
tigres;tigR;tigre;NOM;15,19;2,66;0;6;0;4;1;NOM
tigrée;tigRe;tigrer;VER;0,02;0;0;6;0;5;2;VER,ADJ
tigrée;tigRe;tigré;ADJ;0,01;0;0;6;0;5;2;VER,ADJ
tigrés;tigRe;tigrer;VER;0,02;0;0;6;0;5;2;VER,ADJ
tigrés;tigRe;tigré;ADJ;0,01;0;0;6;0;5;2;VER,ADJ
tillac;tijak;tillac;NOM;0;0;1;6;5;4;2;NOM
tiller;tije;tiller;VER;0,01;0,01;1;6;6;4;2;VER
tilles;tij;tille;NOM;0,18;0,07;0;6;0;3;1;NOM
timbre;t5bR;timbre;NOM;7,86;1,82;1;6;6;4;1;NOM,VER
timbre;t5bR;timbrer;VER;1,38;0,01;0;6;6;4;1;NOM,VER
timbré;t5bRe;timbrer;VER;1,38;1,03;0;6;6;5;2;VER,ADJ
timbré;t5bRe;timbré;ADJ;1,57;0,83;1;6;6;5;2;VER,ADJ
timide;timid;timide;ADJ;16,36;14,18;1;6;6;5;2;ADJ
timing;tajmiG;timing;NOM;3,59;3,58;1;6;5;5;2;NOM
timons;tim§;timon;NOM;0,1;0;0;6;0;4;2;NOM
timoré;timoRe;timoré;ADJ;0,7;0,44;1;6;5;5;3;ADJ
tinter;t5te;tinter;VER;0,95;0,31;1;6;6;4;2;VER
tintin;t5t5;tintin;ONO;1,08;1,08;1;6;6;4;2;ONO
tintés;t5te;tinter;VER;0,95;0;0;6;0;4;2;VER
tipper;tip9R;tipper;VER;0,05;0,05;1;6;4;4;2;VER
tipule;tipyl;tipule;NOM;0;0;1;6;4;4;2;NOM
tiquai;tikE;tiquer;VER;0,28;0;0;6;0;4;2;VER
tiquer;tike;tiquer;VER;0,28;0,13;1;6;6;4;2;VER
tiques;tik;tique;NOM;1,95;1,23;0;6;0;3;1;NOM
tirade;tiRad;tirade;NOM;1,55;1,25;1;6;5;5;2;NOM
tirage;tiRaZ;tirage;NOM;3,76;3,01;1;6;5;5;2;NOM
tirais;tiRE;tirer;VER;415,14;1,71;0;6;0;4;2;VER
tirait;tiRE;tirer;VER;415,14;3,97;0;6;0;4;2;VER
tirant;tiR@;tirant;NOM;0,33;0,3;1;6;5;4;2;NOM,VER
tirant;tiR@;tirer;VER;415,14;2,66;0;6;5;4;2;NOM,VER
tirent;tiR;tirer;VER;415,14;10,3;0;6;0;3;1;VER
tirera;tiR°Ra;tirer;VER;415,14;5,81;0;6;0;0;3;VER
tirets;tiRE;tiret;NOM;0,2;0;0;6;0;4;2;NOM
tireur;tiR9R;tireur;NOM;18,09;12,83;1;6;5;4;2;NOM
tiriez;tiRje;tirer;VER;415,14;0,42;0;6;0;0;2;VER
tiroir;tiRwaR;tiroir;NOM;14,65;12,18;1;6;6;6;2;NOM
tirons;tiR§;tirer;VER;415,14;6,13;0;6;0;0;2;VER
tirées;tiRe;tirer;VER;415,14;1,16;0;6;0;4;2;VER,ADJ,NOM
tirées;tiRe;tiré;ADJ;2,19;0,18;0;6;0;4;2;VER,ADJ,NOM
tirées;tiRe;tirée;NOM;0,11;0,01;0;6;0;4;2;VER,ADJ,NOM
tisane;tizan;tisane;NOM;2,86;2,15;1;6;6;5;2;NOM
tisané;tizane;tisaner;VER;0;0;0;6;0;0;3;VER
tisons;tiz§;tison;NOM;0,23;0,1;0;6;0;4;2;NOM
tisser;tise;tisser;VER;2,97;0,58;1;6;6;4;2;VER
tissez;tise;tisser;VER;2,97;0,29;0;6;0;4;2;VER
tissue;tisy;tissu;ADJ;0,98;0,07;0;6;0;4;2;ADJ
tissus;tisy;tissu;ADJ;0,98;0,3;0;6;0;4;2;ADJ,NOM
tissus;tisy;tissu;NOM;15,69;6,48;0;6;0;4;2;ADJ,NOM
tissât;tisa;tisser;VER;2,97;0;0;6;0;0;2;VER
tissée;tise;tisser;VER;2,97;0,13;0;6;0;4;2;VER,ADJ
tissée;tise;tissé;ADJ;0,04;0,01;0;6;0;4;2;VER,ADJ
tissés;tise;tisser;VER;2,97;0,05;0;6;0;4;2;VER,ADJ
tissés;tise;tissé;ADJ;0,04;0,02;0;6;0;4;2;VER,ADJ
titane;titan;titane;NOM;1,69;1,69;1;6;6;5;2;NOM
titans;tit@;titan;NOM;1,33;0,27;0;6;0;4;2;NOM
titrer;titRe;titrer;VER;1,75;0,03;1;6;6;5;2;VER
titres;titR;titre;NOM;41,35;8,95;0;6;0;4;1;NOM,VER
titres;titR;titrer;VER;1,75;0,07;0;6;0;4;1;NOM,VER
titrée;titRe;titrer;VER;1,75;0,01;0;6;0;5;2;VER,ADJ
titrée;titRe;titré;ADJ;0,46;0,01;0;6;0;5;2;VER,ADJ
titrés;titRe;titrer;VER;1,75;0,01;0;6;0;5;2;VER,ADJ
titrés;titRe;titré;ADJ;0,46;0,01;0;6;0;5;2;VER,ADJ
tituba;tityba;tituber;VER;1,34;0,01;0;6;0;0;3;VER
titube;tityb;tituber;VER;1,34;0,31;0;6;0;0;2;VER
titubé;titybe;tituber;VER;1,34;0,11;0;6;0;6;3;VER
tièdes;tjEd;tiède;ADJ;3,85;0,5;0;6;0;4;1;ADJ
tiédie;tjedi;tiédir;VER;0,17;0;0;6;0;0;2;VER
tiédir;tjediR;tiédir;VER;0,17;0,01;1;6;5;5;2;VER
tiédis;tjedi;tiédir;VER;0,17;0;0;6;0;0;2;VER
tiédit;tjedi;tiédir;VER;0,17;0,16;0;6;0;0;2;VER
toasts;tost;toast;NOM;16,3;2,56;0;6;0;4;1;NOM
toasté;toste;toaster;VER;0,09;0,07;0;6;0;0;2;VER
tocade;tokad;tocade;NOM;0,3;0,3;1;6;5;5;2;NOM
tocard;tokaR;tocard;ADJ;0,39;0,26;1;6;5;5;2;ADJ,NOM
tocard;tokaR;tocard;NOM;1,27;0,94;1;6;5;5;2;ADJ,NOM
tocsin;tOks5;tocsin;NOM;0,48;0,48;1;6;4;5;2;NOM
toffee;tOfi;toffee;NOM;0,01;0,01;1;6;4;3;2;NOM
toiles;twal;toile;NOM;17,99;6,24;0;6;0;4;1;NOM
toilée;twale;toiler;VER;0;0;0;6;0;0;2;VER
toilés;twale;toiler;VER;0;0;0;6;0;0;2;VER
toiser;twaze;toiser;VER;0,14;0,03;1;6;6;5;2;VER
toises;twaz;toise;NOM;0,29;0,27;0;6;0;4;1;NOM
toisez;twaze;toiser;VER;0,14;0;0;6;0;5;2;VER
toison;twaz§;toison;NOM;0,69;0,68;1;6;5;5;2;NOM
toisée;twaze;toiser;VER;0,14;0,03;0;6;0;5;2;VER
toisés;twaze;toiser;VER;0,14;0;0;6;0;5;2;VER
tolets;tolE;tolet;NOM;0,02;0,01;0;6;0;4;2;NOM
tolère;tolER;tolérer;VER;13,05;2,58;0;6;0;0;2;VER
toléra;toleRa;tolérer;VER;13,05;0,02;0;6;0;0;3;VER
toléré;toleRe;tolérer;VER;13,05;1,5;0;6;0;6;3;VER
tomate;tomat;tomate;NOM;20,77;7,88;1;6;5;5;2;NOM
tombai;t§bE;tomber;VER;407,82;0,23;0;6;0;0;2;VER
tombal;t§bal;tombal;ADJ;2,71;0,14;1;6;6;4;2;ADJ
tomber;t§be;tomber;VER;407,82;180,25;1;6;6;4;2;VER
tombes;t§b;tombe;NOM;49,67;8,34;0;6;0;3;1;NOM,VER
tombes;t§b;tomber;VER;407,82;7,77;0;6;0;3;1;NOM,VER
tombez;t§be;tomber;VER;407,82;4,88;0;6;0;4;2;VER
tombât;t§ba;tomber;VER;407,82;0,02;0;6;0;0;2;VER
tombée;t§be;tomber;VER;407,82;30,49;0;6;6;4;2;VER,ADJ,NOM
tombée;t§be;tombé;ADJ;5,21;2,62;0;6;6;4;2;VER,ADJ,NOM
tombée;t§be;tombée;NOM;3,21;3,19;1;6;6;4;2;VER,ADJ,NOM
tombés;t§be;tomber;VER;407,82;9,63;0;6;0;4;2;VER,ADJ
tombés;t§be;tombé;ADJ;5,21;0,56;0;6;0;4;2;VER,ADJ
tommes;tOm;tomme;NOM;0,07;0;0;6;0;3;1;NOM
tonale;tonal;tonal;ADJ;0,12;0,1;0;6;0;5;2;ADJ
tondes;t§d;tondre;VER;2,77;0,01;0;6;0;0;1;VER
tondit;t§di;tondre;VER;2,77;0,01;0;6;0;0;2;VER
tondre;t§dR;tondre;VER;2,77;1,38;1;6;5;4;1;VER
tondue;t§dy;tondre;VER;2,77;0,06;0;6;0;4;2;VER,ADJ
tondue;t§dy;tondu;ADJ;0,74;0,04;0;6;0;4;2;VER,ADJ
tondus;t§dy;tondre;VER;2,77;0,03;0;6;0;4;2;VER,ADJ
tondus;t§dy;tondu;ADJ;0,74;0,2;0;6;0;4;2;VER,ADJ
tonics;tonik;tonic;NOM;2,04;0,11;0;6;0;5;2;NOM
tonner;tone;tonner;VER;1,94;0,12;1;6;6;4;2;VER
tonnes;tOn;tonne;NOM;16,29;11,8;0;6;0;3;1;NOM,VER
tonnes;tOn;tonner;VER;1,94;0,15;0;6;0;3;1;NOM,VER
tonnez;tone;tonner;VER;1,94;0;0;6;0;4;2;VER
tonton;t§t§;tonton;NOM;14,02;13,94;1;6;5;4;2;NOM
topaze;topaz;topaze;NOM;0,37;0,36;1;6;4;4;2;NOM
tophus;tofys;tophus;NOM;0;0;1;6;4;5;2;NOM
topons;top§;toper;VER;2,59;0,03;0;6;0;0;2;VER
toquer;toke;toquer;VER;1,33;0,07;1;6;6;4;2;VER
toques;tOk;toque;NOM;0,82;0,17;0;6;0;3;1;NOM,VER
toques;tOk;toquer;VER;1,33;0,01;0;6;0;3;1;NOM,VER
toquez;toke;toquer;VER;1,33;0,01;0;6;0;4;2;VER
toquée;toke;toquer;VER;1,33;0,3;0;6;0;4;2;VER,ADJ
toquée;toke;toqué;ADJ;0,89;0,36;0;6;0;4;2;VER,ADJ
toqués;toke;toquer;VER;1,33;0,02;0;6;0;4;2;VER,ADJ
toqués;toke;toqué;ADJ;0,89;0,11;0;6;0;4;2;VER,ADJ
torana;tORana;torana;NOM;0,01;0,01;1;6;4;5;3;NOM
torcha;tORSa;torcher;VER;3,2;0;0;6;0;0;2;VER
torche;tORS;torche;NOM;8,09;6,71;1;6;6;4;1;NOM,VER
torche;tORS;torcher;VER;3,2;1,04;0;6;6;4;1;NOM,VER
torché;tORSe;torcher;VER;3,2;0,38;0;6;0;5;2;VER
tordez;tORde;tordre;VER;12,24;0,1;0;6;0;0;2;VER
tordis;tORdi;tordre;VER;12,24;0;0;6;0;0;2;VER
tordit;tORdi;tordre;VER;12,24;0,01;0;6;0;0;2;VER
tordra;tORdRa;tordre;VER;12,24;0,01;0;6;0;0;2;VER
tordre;tORdR;tordre;VER;12,24;2,77;1;6;5;5;1;VER
tordue;tORdy;tordre;VER;12,24;0,9;0;6;0;5;2;VER,ADJ
tordue;tORdy;tordu;ADJ;7,76;1,75;0;6;0;5;2;VER,ADJ
tordus;tORdy;tordre;VER;12,24;0,45;0;6;0;5;2;VER,ADJ
tordus;tORdy;tordu;ADJ;7,76;1,25;0;6;0;5;2;VER,ADJ
tordît;tORdi;tordre;VER;12,24;0;0;6;0;0;2;VER
torera;tOReRa;torera;NOM;0,2;0,2;1;6;6;4;3;NOM
torero;toReRo;torero;NOM;1,17;0,94;1;6;6;5;3;NOM
tories;toRi;tories;NOM;0,12;0,12;1;6;5;4;2;NOM
torons;toR§;toron;NOM;0;0;0;6;0;0;2;NOM
torque;tORk;torque;NOM;0,05;0,05;1;6;4;4;1;NOM
torses;tORs;tors;ADJ;0,67;0,01;0;6;0;4;1;ADJ,NOM
torses;tORs;torse;NOM;3,82;0,07;0;6;0;4;1;ADJ,NOM
tortil;tORtil;tortil;NOM;0;0;1;6;6;6;2;NOM
tortue;tORty;tortu;ADJ;0,69;0,58;0;6;6;5;2;ADJ,NOM
tortue;tORty;tortue;NOM;5,34;4;1;6;6;5;2;ADJ,NOM
tortus;tORty;tortu;ADJ;0,69;0;0;6;0;5;2;ADJ
torves;tORv;torve;ADJ;0,12;0,1;0;6;0;4;1;ADJ
toréer;toRee;toréer;VER;0,43;0,42;1;6;5;5;3;VER
toscan;tOsk@;toscan;ADJ;0,46;0,21;1;6;4;4;2;ADJ,NOM
toscan;tOsk@;toscan;NOM;0,04;0,01;1;6;4;4;2;ADJ,NOM
totale;total;total;ADJ;24,59;15,26;0;6;0;5;2;ADJ
totaux;toto;total;ADJ;24,59;0,02;0;6;0;4;2;ADJ,NOM
totaux;toto;total;NOM;3,86;0,2;0;6;0;4;2;ADJ,NOM
totems;totEm;totem;NOM;1,42;0,15;0;6;0;4;2;NOM
totons;tot§;toton;NOM;0,15;0,01;0;6;0;4;2;NOM
toubab;tubab;toubab;NOM;0,3;0,1;1;6;5;4;2;NOM
toubib;tubib;toubib;NOM;6,62;5,71;1;6;5;4;2;NOM
toucan;tuk@;toucan;NOM;0,03;0,03;1;6;5;4;2;NOM
toucha;tuSa;toucher;VER;270,27;0,32;0;6;0;0;2;VER
touche;tuS;touche;NOM;13,96;11,35;1;6;6;3;1;NOM,VER
touche;tuS;toucher;VER;270,27;91,91;0;6;6;3;1;NOM,VER
touché;tuSe;toucher;VER;270,27;50,97;0;6;6;4;2;VER,ADJ
touché;tuSe;touché;ADJ;8,36;6,28;1;6;6;4;2;VER,ADJ
touffe;tuf;touffe;NOM;2,2;1,6;1;6;6;3;1;NOM
touffu;tufy;touffu;ADJ;1,01;0,42;1;6;6;4;2;ADJ
toupet;tupE;toupet;NOM;2,23;2,08;1;6;5;4;2;NOM
toupie;tupi;toupie;NOM;1,79;1,5;1;6;6;4;2;NOM
touque;tuk;touque;NOM;0,02;0,02;1;6;4;3;1;NOM
tourbe;tuRb;tourbe;NOM;0,44;0,44;1;6;6;4;1;NOM
tourde;tuRd;tourd;NOM;0,1;0,1;0;6;0;0;1;NOM
touret;tuRE;touret;NOM;0;0;1;6;6;4;2;NOM
tourna;tuRna;tourner;VER;204,15;0,43;0;6;0;0;2;VER
tourne;tuRn;tourne;NOM;3,28;3,05;1;6;6;4;1;NOM,VER
tourne;tuRn;tourner;VER;204,15;80,72;0;6;6;4;1;NOM,VER
tourné;tuRne;tourner;VER;204,15;24,84;0;6;6;5;2;VER,ADJ
tourné;tuRne;tourné;ADJ;3,62;2,63;1;6;6;5;2;VER,ADJ
tourte;tuRt;tourte;NOM;1,15;1,03;1;6;6;4;1;NOM
toussa;tusa;tousser;VER;9,28;0;0;6;0;0;2;VER
tousse;tus;tousser;VER;9,28;4,89;0;6;0;3;1;VER
toussé;tuse;tousser;VER;9,28;0,7;0;6;0;4;2;VER
toutes;tut;tout;ADJ;2948,75;358,34;0;6;6;3;1;ADJ,ADJ:ind,PRO:ind
toutes;tut;toutes;ADJ:ind;16,68;16,68;1;6;6;3;1;ADJ,ADJ:ind,PRO:ind
toutes;tut;toutes;PRO:ind;20,86;20,86;1;6;6;3;1;ADJ,ADJ:ind,PRO:ind
toutim;tutim;toutim;NOM;0,31;0,31;1;6;6;4;2;NOM
toutou;tutu;toutou;NOM;6,06;5,65;1;6;5;4;2;NOM
toxico;tOksiko;toxico;ADJ;0,72;0,68;1;6;6;7;3;ADJ,NOM
toxico;tOksiko;toxico;NOM;1,33;1,14;1;6;6;7;3;ADJ,NOM
toxine;tOksin;toxine;NOM;2,29;0,9;1;6;5;6;2;NOM
tracas;tRaka;tracas;NOM;1,43;1,43;1;6;6;5;2;NOM
tracer;tRase;tracer;VER;10,49;2,08;1;6;6;5;2;VER
traces;tRas;trace;NOM;60,18;30,98;0;6;0;4;1;NOM,VER
traces;tRas;tracer;VER;10,49;0,56;0;6;0;4;1;NOM,VER
tracez;tRase;tracer;VER;10,49;0,26;0;6;0;5;2;VER
tracts;tRakt;tract;NOM;3,67;3,26;0;6;0;5;1;NOM
tracté;tRakte;tracter;VER;0,27;0,02;0;6;6;6;2;VER,ADJ
tracté;tRakte;tracté;ADJ;0,04;0,04;1;6;6;6;2;VER,ADJ
tracée;tRase;tracer;VER;10,49;1,13;0;6;0;5;2;VER
tracés;tRase;tracer;VER;10,49;0,4;0;6;0;5;2;VER,NOM
tracés;tRase;tracé;NOM;1,16;0,12;0;6;0;5;2;VER,NOM
trader;tREd9R;trader;NOM;0,33;0,33;1;6;5;4;2;NOM
traduc;tRadyk;traduc;NOM;0,17;0,17;1;6;6;6;2;NOM
trafic;tRafik;trafic;NOM;14,02;13,24;1;6;6;6;2;NOM
trahie;tRai;trahi;ADJ;1,5;0,28;0;6;0;4;2;ADJ,VER
trahie;tRai;trahir;VER;46,83;2,35;0;6;0;4;2;ADJ,VER
trahir;tRaiR;trahir;VER;46,83;10,16;1;6;6;5;2;VER
trahis;tRai;trahi;ADJ;1,5;0,11;0;6;0;4;2;ADJ,VER
trahis;tRai;trahir;VER;46,83;5,92;0;6;0;4;2;ADJ,VER
trahit;tRai;trahir;VER;46,83;3,85;0;6;0;4;2;VER
trains;tR5;train;NOM;255,28;10,88;0;6;0;3;1;NOM
traira;tRERa;traire;VER;3,69;0,01;0;6;0;0;2;VER
traire;tRER;traire;VER;3,69;1,8;1;6;5;4;1;VER
traita;tREta;traiter;VER;104,04;0,38;0;6;0;0;2;VER
traite;tREt;trait;ADJ;2,24;1,78;0;6;6;4;1;ADJ,NOM,VER
traite;tREt;traite;NOM;4,99;1,54;1;6;6;4;1;ADJ,NOM,VER
traite;tREt;traiter;VER;104,04;24,08;0;6;6;4;1;ADJ,NOM,VER
traits;tRE;traire;VER;3,69;0,08;0;6;0;3;1;VER,ADJ,NOM
traits;tRE;trait;ADJ;2,24;0,07;0;6;0;3;1;VER,ADJ,NOM
traits;tRE;trait;NOM;15,86;8,03;0;6;0;3;1;VER,ADJ,NOM
traité;tRete;traiter;VER;104,04;15,51;0;6;6;5;2;VER,ADJ,NOM
traité;tRete;traité;ADJ;2,6;1,08;1;6;6;5;2;VER,ADJ,NOM
traité;tRete;traité;NOM;8,11;6,91;1;6;6;5;2;VER,ADJ,NOM
trajet;tRaZE;trajet;NOM;7,74;7,23;1;6;6;5;2;NOM
tramer;tRame;tramer;VER;3,06;0,32;1;6;6;5;2;VER
trames;tRam;trame;NOM;0,75;0,32;0;6;0;4;1;NOM,VER
trames;tRam;tramer;VER;3,06;0,03;0;6;0;4;1;NOM,VER
tramez;tRame;tramer;VER;3,06;0,03;0;6;0;5;2;VER
tramés;tRame;tramer;VER;3,06;0;0;6;0;5;2;VER
transe;tR@s;transe;NOM;2,49;2,41;1;6;6;4;1;NOM
transi;tR@zi;transi;ADJ;0,53;0,4;1;6;6;5;2;ADJ,VER
transi;tR@zi;transir;VER;0,17;0,11;0;6;6;5;2;ADJ,VER
trappe;tRap;trappe;NOM;5,18;4,86;1;6;6;4;1;NOM
trapue;tRapy;trapu;ADJ;0,42;0,02;0;6;0;5;2;ADJ
trapus;tRapy;trapu;ADJ;0,42;0;0;6;0;5;2;ADJ
traqua;tRaka;traquer;VER;13,97;0,01;0;6;0;5;2;VER
traque;tRak;traque;NOM;0,73;0,73;1;6;6;4;1;NOM,VER
traque;tRak;traquer;VER;13,97;2,53;0;6;6;4;1;NOM,VER
traqué;tRake;traquer;VER;13,97;2,64;0;6;0;5;2;VER
trauma;tRoma;trauma;NOM;4,69;4,44;1;6;6;5;2;NOM
travée;tRave;travée;NOM;0,11;0,11;1;6;5;5;2;NOM
trayon;tREj§;trayon;NOM;0;0;1;6;5;5;2;NOM
traçai;tRasE;tracer;VER;10,49;0;0;6;0;0;2;VER
traçât;tRasa;tracer;VER;10,49;0;0;6;0;0;2;VER
traîna;tREna;traîner;VER;65,49;0,05;0;6;0;0;2;VER
traîne;tREn;traîne;NOM;2,25;2,25;1;6;6;4;1;NOM,VER
traîne;tREn;traîner;VER;65,49;14,63;0;6;6;4;1;NOM,VER
traîné;tRene;traîner;VER;65,49;6,8;0;6;0;4;2;VER
treize;tREz;treize;ADJ:num;7;7;1;6;6;4;1;ADJ:num
trempa;tR@pa;tremper;VER;15,88;0;0;6;0;0;2;VER
trempe;tR@p;trempe;NOM;2,26;2,13;1;6;6;4;1;NOM,VER
trempe;tR@p;tremper;VER;15,88;1,68;0;6;6;4;1;NOM,VER
trempé;tR@pe;tremper;VER;15,88;5,37;0;6;6;5;2;VER,ADJ
trempé;tR@pe;trempé;ADJ;3,4;1,8;1;6;6;5;2;VER,ADJ
trench;tREnS;trench;NOM;0,41;0,41;1;6;6;5;1;NOM
trente;tR@t;trente;ADJ:num;18,91;18,91;1;6;6;4;1;ADJ:num,NOM
trente;tR@t;trente;NOM;0,79;0,79;1;6;6;4;1;ADJ:num,NOM
tressa;tREsa;tresser;VER;1,15;0;0;6;0;0;2;VER
tresse;tREs;tresse;NOM;1,83;0,77;1;6;6;4;1;NOM,VER
tresse;tREs;tresser;VER;1,15;0,06;0;6;6;4;1;NOM,VER
tressé;tRese;tresser;VER;1,15;0,13;0;6;0;5;2;VER
treuil;tR9j;treuil;NOM;1,48;1,34;1;6;6;4;1;NOM
triade;tRijad;triade;NOM;1,18;1,05;1;6;5;6;2;NOM
triage;tRijaZ;triage;NOM;1,42;1,42;1;6;5;6;2;NOM
triais;tRijE;trier;VER;3,68;0,07;0;6;0;0;2;VER
triait;tRijE;trier;VER;3,68;0,04;0;6;0;0;2;VER
triant;tRij@;trier;VER;3,68;0,12;0;6;0;0;2;VER
tribal;tRibal;tribal;ADJ;1;0,28;1;6;6;6;2;ADJ
tribun;tRib1;tribun;NOM;0,37;0,36;1;6;6;5;2;NOM
tribus;tRiby;tribu;NOM;11,57;3,62;0;6;0;5;2;NOM
tribut;tRiby;tribut;NOM;0,87;0,69;1;6;6;5;2;NOM
tricha;tRiSa;tricher;VER;16,16;0;0;6;0;0;2;VER
triche;tRiS;triche;NOM;1,91;1,91;1;6;6;4;1;NOM,VER
triche;tRiS;tricher;VER;16,16;3,71;0;6;6;4;1;NOM,VER
triché;tRiSe;tricher;VER;16,16;3,81;0;6;0;5;2;VER
tricot;tRiko;tricot;NOM;1,44;1,25;1;6;6;5;2;NOM
trient;tRi;trier;VER;3,68;0,05;0;6;0;3;1;VER
triera;tRiRa;trier;VER;3,68;0,01;0;6;0;0;2;VER
trieur;tRij9R;trieur;NOM;0,2;0,05;1;6;5;5;2;NOM
trille;tRij;trille;NOM;0,3;0,03;1;6;6;4;1;NOM
trillé;tRije;triller;VER;0,01;0;0;6;0;5;2;VER
trimer;tRime;trimer;VER;4,38;1,73;1;6;6;5;2;VER
trimes;tRim;trimer;VER;4,38;0,21;0;6;0;0;1;VER
triode;tRijOd;triode;NOM;0;0;1;6;5;6;2;NOM
triper;tRipe;triper;VER;0,05;0,05;1;6;6;5;2;VER
tripes;tRip;tripe;NOM;8,75;8,39;0;6;0;4;1;NOM
tripla;tRipla;tripler;VER;2,08;0;0;6;0;0;2;VER
triple;tRipl;triple;ADJ;4,94;4,81;1;6;6;5;1;ADJ,NOM,VER
triple;tRipl;triple;NOM;0,66;0,6;1;6;6;5;1;ADJ,NOM,VER
triple;tRipl;tripler;VER;2,08;0,45;0;6;6;5;1;ADJ,NOM,VER
triplé;tRiple;tripler;VER;2,08;1,02;0;6;6;6;2;VER,ADJ,NOM
triplé;tRiple;triplé;ADJ;0,06;0,04;1;6;6;6;2;VER,ADJ,NOM
triplé;tRiple;triplé;NOM;1,54;0,11;1;6;6;6;2;VER,ADJ,NOM
tripot;tRipo;tripot;NOM;1,57;1,09;1;6;6;5;2;NOM
trique;tRik;trique;NOM;2,73;2,69;1;6;6;4;1;NOM,VER
trique;tRik;triquer;VER;0,27;0,11;0;6;6;4;1;NOM,VER
trisse;tRis;trisser;VER;0,02;0,02;0;6;0;0;1;VER
triste;tRist;triste;ADJ;103,44;93,03;1;6;6;5;1;ADJ
triton;tRit§;triton;NOM;0,81;0,35;1;6;5;5;2;NOM
triées;tRije;trier;VER;3,68;0,23;0;6;0;5;2;VER
troche;tROS;troche;NOM;0;0;1;6;6;4;1;NOM
trogne;tRON;trogne;NOM;0,07;0,07;1;6;6;4;1;NOM
trolle;tROl;trolle;NOM;0;0;1;6;6;4;1;NOM
trolls;tROl;troll;NOM;2,07;1,11;0;6;0;4;1;NOM
trombe;tR§b;trombe;NOM;0,82;0,61;1;6;6;4;1;NOM
trompa;tR§pa;tromper;VER;149,09;0,16;0;6;0;0;2;VER
trompe;tR§p;trompe;NOM;3,67;2,74;1;6;6;4;1;NOM,VER
trompe;tR§p;tromper;VER;149,09;27,72;0;6;6;4;1;NOM,VER
trompé;tR§pe;tromper;VER;149,09;29,98;0;6;6;5;2;VER,ADJ
trompé;tR§pe;trompé;ADJ;0,9;0,37;1;6;6;5;2;VER,ADJ
troncs;tR§;tronc;NOM;5,81;0,97;0;6;0;3;1;NOM
troqua;tRoka;troquer;VER;1,64;0,03;0;6;0;0;2;VER
troque;tROk;troquer;VER;1,64;0,13;0;6;0;4;1;VER
troqué;tRoke;troquer;VER;1,64;0,35;0;6;0;5;2;VER
trotta;tRota;trotter;VER;2,66;0,14;0;6;0;0;2;VER
trotte;tROt;trotte;NOM;0,69;0,69;1;6;6;4;1;NOM,VER
trotte;tROt;trotter;VER;2,66;0,75;0;6;6;4;1;NOM,VER
trotté;tRote;trotter;VER;2,66;0,09;0;6;0;5;2;VER
trouai;tRuE;trouer;VER;4,27;0;0;6;0;0;2;VER
trouer;tRue;trouer;VER;4,27;1,32;1;6;5;4;2;VER
trouez;tRue;trouer;VER;4,27;0,3;0;6;0;4;2;VER
troupe;tRup;troupe;NOM;30,93;10,3;1;6;6;4;1;NOM
trouva;tRuva;trouver;VER;1335,49;4,37;0;6;0;0;2;VER
trouve;tRuv;trouver;VER;1335,49;284,45;0;6;0;0;1;VER
trouvé;tRuve;trouver;VER;1335,49;339,29;0;6;6;5;2;VER,ADJ
trouvé;tRuve;trouvé;ADJ;7,04;4,84;1;6;6;5;2;VER,ADJ
trouée;tRue;trouer;VER;4,27;0,18;0;6;6;4;2;VER,ADJ,NOM
trouée;tRue;troué;ADJ;0,96;0,07;0;6;6;4;2;VER,ADJ,NOM
trouée;tRue;trouée;NOM;0,3;0,27;1;6;6;4;2;VER,ADJ,NOM
troués;tRue;trouer;VER;4,27;0,14;0;6;0;4;2;VER,ADJ
troués;tRue;troué;ADJ;0,96;0,2;0;6;0;4;2;VER,ADJ
troyen;tRwaj5;troyen;ADJ;0,24;0,23;1;6;4;5;2;ADJ,NOM
troyen;tRwaj5;troyen;NOM;0,05;0,05;1;6;4;5;2;ADJ,NOM
troène;tRoEn;troène;NOM;0,02;0,01;1;6;4;4;2;NOM
troïka;tRoika;troïka;NOM;0;0;1;6;4;4;3;NOM
truand;tRy@;truand;NOM;5,82;2,52;1;6;6;4;2;NOM
trucks;tRyk;truck;NOM;0,39;0,04;0;6;0;4;1;NOM
truffe;tRyf;truffe;NOM;2,65;0,82;1;6;6;4;1;NOM,VER
truffe;tRyf;truffer;VER;1,29;0,07;0;6;6;4;1;NOM,VER
truffé;tRyfe;truffer;VER;1,29;0,69;0;6;0;5;2;VER
truies;tR8i;truie;NOM;3,35;0,19;0;6;0;4;1;NOM
truite;tR8it;truite;NOM;3,65;2,35;1;6;6;5;1;NOM
truqua;tRyka;truquer;VER;4,62;0;0;6;0;0;2;VER
truque;tRyk;truquer;VER;4,62;0,59;0;6;0;4;1;VER
truqué;tRyke;truquer;VER;4,62;1,88;0;6;6;5;2;VER,ADJ
truqué;tRyke;truqué;ADJ;1,6;0,82;1;6;6;5;2;VER,ADJ
truste;tR9st;truster;VER;0,02;0;0;6;0;5;1;VER
trusts;tR9st;trust;NOM;1,16;0,05;0;6;0;5;1;NOM
trâlée;tRale;trâlée;NOM;0;0;1;6;3;5;2;NOM
trèfle;tREfl;trèfle;NOM;3,52;2,75;1;6;4;4;1;NOM
trémas;tRema;tréma;NOM;0,04;0,01;0;6;0;5;2;NOM
trémie;tRemi;trémie;NOM;0,1;0,1;1;6;6;5;2;NOM
trépan;tRep@;trépan;NOM;0,05;0,05;1;6;6;5;2;NOM
trépas;tRepa;trépas;NOM;0,38;0,38;1;6;6;5;2;NOM
trésor;tRezOR;trésor;NOM;49,92;44,86;1;6;6;6;2;NOM
trêves;tREv;trêve;NOM;6,69;0,01;0;6;0;4;1;NOM
trôler;tRole;trôler;VER;0,01;0,01;1;6;4;5;2;VER
trôner;tRone;trôner;VER;0,34;0,03;1;6;6;5;2;VER
trônes;tRon;trône;NOM;14,32;0,33;0;6;0;4;1;NOM
tsuica;ts8ika;tsuica;NOM;0,14;0,14;1;6;4;3;2;NOM
tuante;t8@t;tuant;ADJ;0,76;0,01;0;6;0;0;1;ADJ
tuants;ty@;tuant;ADJ;0,76;0,01;0;6;0;0;2;ADJ
tubard;tybaR;tubard;ADJ;0,2;0,08;1;6;6;5;2;ADJ,NOM
tubard;tybaR;tubard;NOM;0,16;0,06;1;6;6;5;2;ADJ,NOM
tubule;tybyl;tubule;NOM;0,01;0,01;1;6;6;5;2;NOM
tudieu;tydj2;tudieu;ONO;1,11;1,11;1;6;4;4;2;ONO
tuerai;tyRE;tuer;VER;928,06;18,55;0;6;0;0;2;VER
tueras;tyRa;tuer;VER;928,06;3,21;0;6;0;0;2;VER
tuerez;tyRe;tuer;VER;928,06;1,52;0;6;0;0;2;VER
tuerie;tyRi;tuerie;NOM;3,17;2,22;1;6;5;4;2;NOM
tueurs;t89R;tueur;NOM;64,06;10,32;0;6;0;3;1;NOM
tueuse;t82z;tueuse;NOM;6,26;6,26;1;6;5;3;1;NOM
tuiles;t8il;tuile;NOM;2,71;1,42;0;6;0;4;1;NOM
tuions;tyj§;tuer;VER;928,06;0,03;0;6;0;0;2;VER
tulipe;tylip;tulipe;NOM;2,63;1,53;1;6;6;5;2;NOM
tulles;tyl;tulle;NOM;0,29;0,1;0;6;0;3;1;NOM
tumeur;tym9R;tumeur;NOM;7,96;6,7;1;6;5;4;2;NOM
tumuli;tymyli;tumulus;NOM;0,22;0;0;6;0;0;3;NOM
tunnel;tynEl;tunnel;NOM;19,24;15,88;1;6;4;5;2;NOM
turban;tyRb@;turban;NOM;0,72;0,66;1;6;5;5;2;NOM
turbin;tyRb5;turbin;NOM;0,41;0,41;1;6;6;5;2;NOM
turbos;tyRbo;turbo;NOM;1,19;0,15;0;6;0;5;2;NOM
turbot;tyRbo;turbot;NOM;0,12;0,12;1;6;6;5;2;NOM
turbés;tyRbe;turbé;NOM;0;0;0;6;0;5;2;NOM
turcos;tyRko;turco;NOM;0,61;0;0;6;0;5;2;NOM
turdus;tyRdy;turdus;NOM;0;0;1;6;4;4;2;NOM
turent;tyR;taire;VER;154,46;0,2;0;6;0;0;1;VER
turnes;tyRn;turne;NOM;0,56;0;0;6;0;4;1;NOM
turque;tyRk;turc;ADJ;4,25;1,33;0;6;0;4;1;ADJ,NOM
turque;tyRk;turc;NOM;1,75;0,27;0;6;0;4;1;ADJ,NOM
tussor;tysOR;tussor;NOM;0,01;0,01;1;6;5;4;2;NOM
tuteur;tyt9R;tuteur;NOM;4,6;3,28;1;6;5;4;2;NOM
tutoie;tytwa;tutoyer;VER;6,25;1,25;0;6;0;0;2;VER
tutoya;tytwaja;tutoyer;VER;6,25;0;0;6;0;0;3;VER
tutoyé;tytwaje;tutoyer;VER;6,25;0,01;0;6;0;6;3;VER
tutute;tytyt;tutut;NOM;0;0;0;6;0;0;2;NOM
tuyaux;t8ijo;tuyau;NOM;26,73;9,22;0;6;0;5;2;NOM
tuyère;t8ijER;tuyère;NOM;0,04;0,03;1;6;4;5;2;NOM
tweeds;twid;tweed;NOM;0;0;0;6;0;4;1;NOM
twists;twis;twist;NOM;0;0;0;6;0;0;1;NOM
tympan;t5p@;tympan;NOM;1,25;0,36;1;6;6;4;2;NOM
typhon;tif§;typhon;NOM;0,78;0,72;1;6;6;4;2;NOM
typhus;tifys;typhus;NOM;1,74;1,74;1;6;5;4;2;NOM
tyrans;tiR@;tyran;NOM;7,79;1,62;0;6;0;4;2;NOM
tâchai;taSE;tâcher;VER;11,41;0;0;6;0;0;2;VER
tâcher;taSe;tâcher;VER;11,41;2,31;1;6;6;4;2;VER
tâches;taS;tâche;NOM;31,01;5,81;0;6;0;3;1;NOM,VER
tâches;taS;tâcher;VER;11,41;0,11;0;6;0;3;1;NOM,VER
tâchez;taSe;tâcher;VER;11,41;4,41;0;6;0;4;2;VER
tâchât;taSa;tâcher;VER;11,41;0;0;6;0;0;2;VER
tâchée;taSe;tâcher;VER;11,41;0,08;0;6;0;4;2;VER
tâchés;taSe;tâcher;VER;11,41;0,04;0;6;0;4;2;VER
tâtais;tatE;tâter;VER;3,95;0,01;0;6;0;0;2;VER
tâtait;tatE;tâter;VER;3,95;0,03;0;6;0;0;2;VER
tâtant;tat@;tâter;VER;3,95;0,04;0;6;0;0;2;VER
tâtent;tat;tâter;VER;3,95;0,04;0;6;0;0;1;VER
tâtera;tat°Ra;tâter;VER;3,95;0,01;0;6;0;0;3;VER
tâtiez;tatje;tâter;VER;3,95;0;0;6;0;0;2;VER
tâtons;tat§;tâter;VER;3,95;0,03;0;6;0;0;2;VER
tètent;tEt;téter;VER;1,71;0;0;6;0;3;1;VER
téflon;tefl§;téflon;NOM;0,17;0,17;1;6;3;4;2;NOM
télexa;telEksa;télexer;VER;0,02;0;0;6;0;0;3;VER
télexé;telEkse;télexer;VER;0,02;0,01;0;6;0;7;3;VER
témoin;temw5;témoin;NOM;74,78;49,35;1;6;6;5;2;NOM
ténias;tenja;ténia;NOM;0,11;0,03;0;6;0;4;2;NOM
ténors;tenOR;ténor;NOM;1,38;0,36;0;6;0;4;2;NOM
ténues;teny;ténu;ADJ;0,4;0,01;0;6;0;4;2;ADJ
tétais;tetE;téter;VER;1,71;0,13;0;6;0;0;2;VER
tétait;tetE;téter;VER;1,71;0,06;0;6;0;0;2;VER
tétant;tet@;téter;VER;1,71;0,1;0;6;0;0;2;VER
téteur;tet9R;téteur;NOM;0,05;0,05;1;6;5;4;2;NOM
tétiez;tetje;téter;VER;1,71;0,01;0;6;0;0;2;VER
tétine;tetin;tétine;NOM;0,81;0,43;1;6;6;4;2;NOM
tétins;tet5;tétin;NOM;0;0;0;6;0;0;2;NOM
tétons;tet§;téter;VER;1,71;0,01;0;6;0;4;2;VER,NOM
tétons;tet§;téton;NOM;4,59;3,39;0;6;0;4;2;VER,NOM
tétras;tetRas;tétras;NOM;0,16;0,16;1;6;6;6;2;NOM
tétère;tetER;téter;NOM;0;0;0;6;0;0;2;NOM
tétées;tete;téter;VER;1,71;0;0;6;0;4;2;VER,NOM
tétées;tete;tétée;NOM;0,63;0,11;0;6;0;4;2;VER,NOM
têtard;tEtaR;têtard;NOM;0,86;0,68;1;6;4;5;2;NOM
têtues;tEty;têtu;ADJ;9,78;0,09;0;6;0;0;2;ADJ
tînmes;t5m;tenir;VER;504,69;0;0;6;0;0;1;VER
tôlier;tolje;tôlier;NOM;0,02;0,01;1;6;4;4;2;NOM
ubique;ybik;ubique;ADJ;0;0;1;6;6;4;2;ADJ
uhlans;yl@;uhlan;NOM;0,19;0,05;0;6;0;3;2;NOM
ukases;ykaz;ukase;NOM;0,2;0;0;6;0;3;2;NOM
ulcère;ylsER;ulcère;NOM;4,69;3,98;1;6;4;4;2;NOM,VER
ulcère;ylsER;ulcérer;VER;0,66;0,03;0;6;4;4;2;NOM,VER
ulcéra;ylseRa;ulcérer;VER;0,66;0;0;6;0;0;3;VER
ulcéré;ylseRe;ulcérer;VER;0,66;0,48;0;6;6;6;3;VER,ADJ
ulcéré;ylseRe;ulcéré;ADJ;0,01;0,01;1;6;6;6;3;VER,ADJ
ultime;yltim;ultime;ADJ;8,56;8,01;1;6;6;5;2;ADJ
ultimo;yltimo;ultimo;ADV;0;0;1;6;6;6;3;ADV
ultras;yltRa;ultra;NOM;0,49;0;0;6;0;5;2;NOM
ululer;ylyle;ululer;VER;0,01;0;1;6;6;5;3;VER
uniate;ynjat;uniate;ADJ;0;0;1;6;4;4;2;ADJ
unifie;ynifi;unifier;VER;1,51;0;0;6;0;0;3;VER
unifié;ynifje;unifier;VER;1,51;0,4;0;6;0;5;3;VER
unions;ynj§;union;NOM;19,14;1,04;0;6;0;4;2;NOM
unique;ynik;unique;ADJ;45,43;43,12;1;6;6;4;2;ADJ
unirai;yniRE;unir;VER;25,15;0,16;0;6;0;0;3;VER
unirez;yniRe;unir;VER;25,15;0,01;0;6;0;0;3;VER
unisse;ynis;unir;VER;25,15;1,04;0;6;0;0;2;VER
unités;ynite;unité;NOM;43,46;14,18;0;6;0;5;3;NOM
unième;ynjEm;unième;ADJ;0,17;0,17;1;6;4;4;2;ADJ
update;9pdajt;update;NOM;0,04;0,04;1;6;6;5;2;NOM
urbain;yRb5;urbain;ADJ;3,06;0,96;1;6;5;4;2;ADJ
urgent;yRZ;urger;VER;0,81;0,02;0;6;6;0;1;VER,ADJ
urgent;yRZ@;urgent;ADJ;31,56;26,75;1;6;6;4;2;VER,ADJ
urinal;yRinal;urinal;NOM;0,03;0,03;1;6;6;5;3;NOM
uriner;yRine;uriner;VER;2;0,86;1;6;6;5;3;VER
urines;yRin;urine;NOM;5,72;1,08;0;6;0;4;2;NOM,VER
urines;yRin;uriner;VER;2;0,17;0;6;0;4;2;NOM,VER
urinez;yRine;uriner;VER;2;0,1;0;6;0;5;3;VER
urique;yRik;urique;ADJ;0,06;0,06;1;6;4;4;2;ADJ
urubus;yRyby;urubu;NOM;0;0;0;6;0;4;3;NOM
urètre;yREtR;urètre;NOM;0,16;0,16;1;6;3;3;2;NOM
urémie;yRemi;urémie;NOM;0,31;0,31;1;6;6;5;3;NOM
usager;yzaZe;usager;NOM;0,07;0,02;1;6;6;5;3;NOM
usages;yzaZ;usage;NOM;14,45;1,19;0;6;0;4;2;NOM
usagée;yzaZe;usagé;ADJ;1,37;0,39;0;6;0;5;3;ADJ
usagés;yzaZe;usagé;ADJ;1,37;0,45;0;6;0;5;3;ADJ
usante;yz@t;usant;ADJ;0,4;0,01;0;6;0;0;2;ADJ
userai;yz°RE;user;VER;13,58;0,22;0;6;0;0;3;VER
usiner;yzine;usiner;VER;0,05;0,01;1;6;6;5;3;VER
usines;yzin;usine;NOM;51,59;8,08;0;6;0;4;2;NOM
usinée;yzine;usiner;VER;0,05;0;0;6;0;5;3;VER
usinés;yzine;usiner;VER;0,05;0;0;6;0;5;3;VER
usions;yzj§;user;VER;13,58;0,02;0;6;0;0;2;VER
usités;yzite;usité;ADJ;0,01;0,01;0;6;0;4;3;ADJ
ustion;ystj§;ustion;NOM;0;0;1;6;4;4;2;NOM
usuels;yz8El;usuel;ADJ;0,19;0,1;0;6;0;5;2;ADJ
usures;yzyR;usure;NOM;1,78;0,01;0;6;0;4;2;NOM
usurpé;yzyRpe;usurper;VER;1,09;0,54;0;6;0;6;3;VER
utiles;ytil;utile;ADJ;44,99;8,52;0;6;0;4;2;ADJ
utopie;ytopi;utopie;NOM;1,48;1,16;1;6;6;5;3;NOM
utérin;yteR5;utérin;ADJ;0,18;0,06;1;6;5;5;3;ADJ
utérus;yteRys;utérus;NOM;2,88;2,88;1;6;5;5;3;NOM
vacant;vak@;vacant;ADJ;1,68;0,84;1;6;6;4;2;ADJ
vaccin;vaks5;vaccin;NOM;6,54;5,01;1;6;6;5;2;NOM
vacher;vaSe;vacher;NOM;0,91;0,77;1;6;6;4;2;NOM
vaches;vaS;vache;ADJ;4,38;1,01;0;6;0;3;1;ADJ,NOM
vaches;vaS;vache;NOM;47,71;11,46;0;6;0;3;1;ADJ,NOM
vacuum;vak8Om;vacuum;NOM;0,13;0,13;1;6;5;6;2;NOM
vagins;vaZ5;vagin;NOM;4,4;0,29;0;6;0;4;2;NOM
vaguer;vage;vaguer;VER;0,21;0,1;1;6;6;4;2;VER
vagues;vag;vague;ADJ;9,9;3,58;0;6;0;3;1;ADJ,NOM
vagues;vag;vague;NOM;21,59;8,79;0;6;0;3;1;ADJ,NOM
vahiné;vaine;vahiné;NOM;0,13;0,09;1;6;3;3;3;NOM
vaille;vaj;valoir;VER;236,07;3,04;0;6;0;0;1;VER
vaincs;v5k;vaincre;VER;27,84;0,06;0;6;0;0;1;VER
vaincu;v5ky;vaincre;VER;27,84;7,28;0;6;6;4;2;VER,ADJ,NOM
vaincu;v5ky;vaincu;ADJ;2,42;1,33;1;6;6;4;2;VER,ADJ,NOM
vaincu;v5ky;vaincu;NOM;1,66;1,09;1;6;6;4;2;VER,ADJ,NOM
vaines;vEn;vain;ADJ;19,87;1,57;0;6;0;3;1;ADJ
vairon;vER§;vairon;ADJ;0;0;1;6;5;4;2;ADJ,NOM
vairon;vER§;vairon;NOM;0,04;0;1;6;5;4;2;ADJ,NOM
valais;valE;valoir;VER;236,07;0,46;0;6;0;4;2;VER
valait;valE;valoir;VER;236,07;15,82;0;6;0;4;2;VER
valant;val@;valoir;VER;236,07;1;0;6;0;0;2;VER
valent;val;valoir;VER;236,07;9,79;0;6;0;3;1;VER
valets;valE;valet;NOM;11,4;2,17;0;6;0;4;2;NOM
valeur;val9R;valeur;NOM;45,4;32,48;1;6;6;5;2;NOM
valgus;valgys;valgus;ADJ;0,02;0,02;1;6;4;4;2;ADJ
valida;valida;valider;VER;1,23;0;0;6;0;0;3;VER
valide;valid;valide;ADJ;2,31;1,72;1;6;6;5;2;ADJ,VER
valide;valid;valider;VER;1,23;0,26;0;6;6;5;2;ADJ,VER
validé;valide;valider;VER;1,23;0,18;0;6;6;6;3;VER,ADJ,NOM
validé;valide;validé;ADJ;0,07;0,04;1;6;6;6;3;VER,ADJ,NOM
validé;valide;validé;NOM;0,04;0,04;1;6;6;6;3;VER,ADJ,NOM
valiez;valje;valoir;VER;236,07;0,15;0;6;0;0;2;VER
valise;valiz;valise;NOM;50,99;33,21;1;6;6;5;2;NOM
valisé;valize;valiser;VER;0;0;0;6;0;0;3;VER
vallon;val§;vallon;NOM;2,5;2,11;1;6;6;4;2;NOM
vallée;vale;vallée;NOM;13,54;12,51;1;6;5;4;2;NOM
valoir;valwaR;valoir;VER;236,07;4,62;1;6;5;4;2;VER
valons;val§;valoir;VER;236,07;0,78;0;6;0;4;2;VER
valser;valse;valser;VER;1,93;1,33;1;6;6;5;2;VER
valses;vals;valse;NOM;5,55;0,11;0;6;0;4;1;NOM,VER
valses;vals;valser;VER;1,93;0,02;0;6;0;4;1;NOM,VER
valsez;valse;valser;VER;1,93;0,04;0;6;0;5;2;VER
values;valy;valoir;VER;236,07;0;0;6;0;0;2;VER
valves;valv;valve;NOM;2,63;1,03;0;6;0;4;1;NOM
vamper;v@pe;vamper;VER;0,24;0,2;1;6;5;4;2;VER
vanité;vanite;vanité;NOM;5,75;5,16;1;6;6;6;3;NOM
vanner;vane;vanner;VER;1,32;0,09;1;6;6;4;2;VER
vannes;van;vanne;NOM;2,73;1,79;0;6;0;3;1;NOM,VER
vannes;van;vanner;VER;1,32;0,01;0;6;0;3;1;NOM,VER
vannée;vane;vanner;VER;1,32;0,36;0;6;0;4;2;VER,ADJ
vannée;vane;vanné;ADJ;0,24;0,16;0;6;0;4;2;VER,ADJ
vannés;vane;vanner;VER;1,32;0,16;0;6;0;4;2;VER
vantai;v@tE;vanter;VER;10,73;0;0;6;0;0;2;VER
vanter;v@te;vanter;VER;10,73;4,8;1;6;6;4;2;VER
vantes;v@t;vanter;VER;10,73;0,46;0;6;0;3;1;VER
vantez;v@te;vanter;VER;10,73;0,16;0;6;0;4;2;VER
vantât;v@ta;vanter;VER;10,73;0;0;6;0;0;2;VER
vantée;v@te;vanter;VER;10,73;0,22;0;6;0;4;2;VER
vantés;v@te;vanter;VER;10,73;0,01;0;6;0;4;2;VER
vapeur;vap9R;vapeur;NOM;8,02;6,17;1;6;5;4;2;NOM
vaquai;vakE;vaquer;VER;0,67;0;0;6;0;0;2;VER
vaquer;vake;vaquer;VER;0,67;0,37;1;6;6;4;2;VER
varans;vaR@;varan;NOM;0,02;0,01;0;6;0;4;2;NOM
varech;vaREk;varech;NOM;0,25;0,25;1;6;5;5;2;NOM
varice;vaRis;varice;NOM;0,67;0,01;1;6;6;5;2;NOM
varier;vaRje;varier;VER;2,69;0,66;1;6;5;5;2;VER
variât;vaRja;varier;VER;2,69;0;0;6;0;5;2;VER
variée;vaRje;varier;VER;2,69;0,23;0;6;0;5;2;VER,ADJ
variée;vaRje;varié;ADJ;1,53;0,22;0;6;0;5;2;VER,ADJ
variés;vaRje;varier;VER;2,69;0,08;0;6;0;5;2;VER,ADJ
variés;vaRje;varié;ADJ;1,53;0,41;0;6;0;5;2;VER,ADJ
varlet;vaRlE;varlet;NOM;0,01;0,01;1;6;5;5;2;NOM
vasais;vazE;vasais;NOM;0;0;1;6;5;4;2;NOM
vasait;vazE;vaser;VER;0,02;0;0;6;0;4;2;VER
vaseux;vaz2;vaseux;ADJ;0,43;0,25;1;6;5;4;2;ADJ
vasque;vask;vasque;NOM;0,25;0,01;1;6;4;4;1;NOM
vassal;vasal;vassal;NOM;2,24;1,77;1;6;6;5;2;NOM
vastes;vast;vaste;ADJ;10,32;1,88;0;6;0;4;1;ADJ
vaudou;vodu;vaudou;ADJ;1,48;1,33;1;6;6;4;2;ADJ,NOM
vaudou;vodu;vaudou;NOM;2,93;2,92;1;6;6;4;2;ADJ,NOM
vaudra;vodRa;valoir;VER;236,07;4,34;0;6;0;0;2;VER
vautra;votRa;vautrer;VER;2,73;0;0;6;0;0;2;VER
vautre;votR;vautre;NOM;0;0;1;6;6;4;1;NOM,VER
vautre;votR;vautrer;VER;2,73;0,31;0;6;6;4;1;NOM,VER
vautré;votRe;vautrer;VER;2,73;0,6;0;6;6;5;2;VER,ADJ
vautré;votRe;vautré;ADJ;0,11;0,11;1;6;6;5;2;VER,ADJ
veilla;vEja;veiller;VER;38,41;0,01;0;6;0;0;2;VER
veille;vEj;veille;NOM;17,07;16,84;1;6;6;3;1;NOM,VER
veille;vEj;veiller;VER;38,41;8,1;0;6;6;3;1;NOM,VER
veillé;veje;veiller;VER;38,41;2,71;0;6;6;3;2;VER,ADJ
veillé;veje;veillé;ADJ;0,19;0;1;6;6;3;2;VER,ADJ
veines;vEn;veine;NOM;19,74;8,99;0;6;0;3;1;NOM
veinée;vene;veiner;VER;0,01;0;0;6;0;4;2;VER,ADJ
veinée;vene;veiné;ADJ;0,11;0,11;0;6;0;4;2;VER,ADJ
veinés;vene;veiner;VER;0,01;0;0;6;0;4;2;VER,ADJ
veinés;vene;veiné;ADJ;0,11;0;0;6;0;4;2;VER,ADJ
velcro;vElkRo;velcro;NOM;0,39;0,39;1;6;4;4;2;NOM
velues;v°ly;velu;ADJ;1,03;0,22;0;6;0;4;2;ADJ
velvet;vElvEt;velvet;NOM;0,15;0,15;1;6;4;4;2;NOM
venais;v°nE;venir;VER;2763,82;23,32;0;6;0;0;2;VER
venait;v°nE;venir;VER;2763,82;50,25;0;6;0;0;2;VER
venant;v°n@;venant;NOM;0,23;0,23;1;6;5;4;2;NOM,VER
venant;v°n@;venir;VER;2763,82;17,66;0;6;5;4;2;NOM,VER
vendes;v@d;vendre;VER;206,95;0,29;0;6;0;0;1;VER
vendez;v@de;vendre;VER;206,95;6,11;0;6;0;0;2;VER
vendis;v@di;vendre;VER;206,95;0,31;0;6;0;0;2;VER
vendit;v@di;vendre;VER;206,95;0,26;0;6;0;0;2;VER
vendra;v@dRa;vendre;VER;206,95;3,03;0;6;0;0;2;VER
vendre;v@dR;vendre;VER;206,95;73,62;1;6;6;4;1;VER
vendue;v@dy;vendre;VER;206,95;7,17;0;6;0;4;2;VER,ADJ,NOM
vendue;v@dy;vendu;ADJ;2,98;0,4;0;6;0;4;2;VER,ADJ,NOM
vendue;v@dy;vendu;NOM;4,03;0,29;0;6;0;4;2;VER,ADJ,NOM
vendus;v@dy;vendre;VER;206,95;3,47;0;6;0;4;2;VER,ADJ,NOM
vendus;v@dy;vendu;ADJ;2,98;0,59;0;6;0;4;2;VER,ADJ,NOM
vendus;v@dy;vendu;NOM;4,03;0,49;0;6;0;4;2;VER,ADJ,NOM
vendît;v@di;vendre;VER;206,95;0;0;6;0;0;2;VER
veneur;v°n9R;veneur;NOM;0;0;1;6;5;4;2;NOM
vengea;v@Za;venger;VER;37,73;0,17;0;6;0;0;2;VER
venger;v@Ze;venger;VER;37,73;20,93;1;6;6;4;2;VER
venges;v@Z;venger;VER;37,73;0,59;0;6;0;0;1;VER
vengez;v@Ze;venger;VER;37,73;0,77;0;6;0;4;2;VER
vengée;v@Ze;venger;VER;37,73;1,23;0;6;0;4;2;VER
vengés;v@Ze;venger;VER;37,73;0,6;0;6;0;4;2;VER
veniez;v°nje;venir;VER;2763,82;9,37;0;6;0;0;2;VER
venins;v°n5;venin;NOM;3,59;0,02;0;6;0;4;2;NOM
venise;v2niz;venise;NOM;0,03;0,03;1;6;5;3;2;NOM
venons;v°n§;venir;VER;2763,82;17,22;0;6;0;0;2;VER
ventas;v@ta;venter;VER;0,74;0;0;6;0;0;2;VER
venter;v@te;venter;VER;0,74;0,03;1;6;6;4;2;VER
ventes;v@t;vente;NOM;27,54;6,61;0;6;0;3;1;NOM
ventis;v@ti;ventis;NOM;0,01;0,01;1;6;6;4;2;NOM
ventre;v@tR;ventre;NOM;46,91;46,07;1;6;6;4;1;NOM
ventru;v@tRy;ventru;ADJ;0,12;0,08;1;6;6;5;2;ADJ
ventée;v@te;venté;ADJ;0,04;0,03;0;6;0;4;2;ADJ
ventés;v@te;venter;VER;0,74;0;0;6;0;4;2;VER
venues;v°ny;venir;VER;2763,82;5,49;0;6;0;4;2;VER,ADJ,NOM
venues;v°ny;venu;ADJ;27,67;1,02;0;6;0;4;2;VER,ADJ,NOM
venues;v°ny;venue;NOM;9,6;1,26;0;6;0;4;2;VER,ADJ,NOM
verbal;vERbal;verbal;ADJ;2,27;0,92;1;6;6;6;2;ADJ
verbes;vERb;verbe;NOM;2,02;0,36;0;6;0;4;1;NOM
verdie;vERdi;verdi;ADJ;0,02;0;0;6;0;5;2;ADJ,VER
verdie;vERdi;verdir;VER;0,21;0;0;6;0;5;2;ADJ,VER
verdir;vERdiR;verdir;VER;0,21;0,16;1;6;6;6;2;VER
verdis;vERdi;verdi;ADJ;0,02;0;0;6;0;5;2;ADJ,VER
verdis;vERdi;verdir;VER;0,21;0,01;0;6;0;5;2;ADJ,VER
verdit;vERdi;verdir;VER;0,21;0,02;0;6;0;5;2;VER
verger;vERZe;verger;NOM;3,13;2,54;1;6;6;5;2;NOM
verges;vERZ;verge;NOM;0,81;0,13;0;6;0;4;1;NOM
vergne;vERN;vergne;NOM;0;0;1;6;5;4;1;NOM
vergue;vERg;vergue;NOM;0,41;0,38;1;6;5;4;1;NOM
vergés;vERZe;vergé;ADJ;0,01;0,01;0;6;0;5;2;ADJ
verjus;vERZy;verjus;NOM;0,01;0,01;1;6;4;5;2;NOM
verlan;vERl@;verlan;NOM;0,07;0,07;1;6;4;4;2;NOM
vernal;vERnal;vernal;ADJ;0,01;0,01;1;6;6;6;2;ADJ
vernie;vERni;verni;ADJ;0,48;0,07;0;6;0;5;2;ADJ,VER
vernie;vERni;vernir;VER;1,77;0,14;0;6;0;5;2;ADJ,VER
vernir;vERniR;vernir;VER;1,77;0,16;1;6;6;6;2;VER
vernis;vERni;vernir;VER;1,77;0,68;0;6;6;5;2;VER,NOM
vernis;vERni;vernis;NOM;2,81;2,81;1;6;6;5;2;VER,NOM
vernit;vERni;vernir;VER;1,77;0,13;0;6;0;5;2;VER
verrai;vERE;voir;VER;4119,43;31,76;0;6;0;0;2;VER
verras;vERa;voir;VER;4119,43;51,34;0;6;0;4;2;VER
verrat;vERa;verrat;NOM;0,08;0,08;1;6;5;4;2;NOM
verres;vER;verre;NOM;176,57;22,45;0;6;0;3;1;NOM
verrez;vERe;voir;VER;4119,43;35,5;0;6;0;0;2;VER
verrou;veRu;verrou;NOM;5,28;3,54;1;6;6;4;2;NOM
verrue;veRy;verrue;NOM;1,2;0,66;1;6;6;4;2;NOM
versai;vERsE;verser;VER;31,2;0,01;0;6;0;5;2;VER
verser;vERse;verser;VER;31,2;4,62;1;6;6;5;2;VER
verses;vERs;verse;NOM;1,44;0,02;0;6;0;4;1;NOM,VER
verses;vERs;verser;VER;31,2;0,93;0;6;0;4;1;NOM,VER
verset;vERsE;verset;NOM;2,46;1,43;1;6;6;5;2;NOM
versez;vERse;verser;VER;31,2;3,6;0;6;0;5;2;VER
versos;vERso;verso;NOM;0,62;0,01;0;6;0;5;2;NOM
versus;vERsys;versus;PRE;0,07;0,07;1;6;5;5;2;PRE
versât;vERsa;verser;VER;31,2;0;0;6;0;0;2;VER
versée;vERse;verser;VER;31,2;0,86;0;6;0;5;2;VER,ADJ
versée;vERse;versé;ADJ;1,02;0,05;0;6;0;5;2;VER,ADJ
versés;vERse;verser;VER;31,2;0,17;0;6;0;5;2;VER,ADJ
versés;vERse;versé;ADJ;1,02;0;0;6;0;5;2;VER,ADJ
vertes;vERt;vert;ADJ;52,59;4,29;0;6;0;0;1;ADJ
vertex;vERtEks;vertex;NOM;0;0;1;6;6;6;2;NOM
vertus;vERty;vertu;NOM;17,75;4,26;0;6;0;5;2;NOM
vesces;vEs;vesce;NOM;0,01;0;0;6;0;3;1;NOM
vespas;vEspa;vespa;NOM;1,19;0;0;6;0;5;2;NOM
vesses;vEs;vesse;NOM;0;0;0;6;0;3;1;NOM
vessie;vesi;vessie;NOM;3,34;3,21;1;6;5;4;2;NOM
vestes;vEst;veste;NOM;37,72;1,71;0;6;0;4;1;NOM
veston;vEst§;veston;NOM;1,68;1,66;1;6;5;5;2;NOM
veules;v2l;veule;ADJ;0,18;0,02;0;6;0;3;1;ADJ
veuves;v9v;veuf;ADJ;8,39;0,18;0;6;0;0;1;ADJ,NOM
veuves;v9v;veuf;NOM;18,41;1,89;0;6;0;0;1;ADJ,NOM
vexait;vEksE;vexer;VER;15,56;0,02;0;6;0;0;2;VER
vexant;vEks@;vexant;ADJ;0,4;0,39;1;6;5;5;2;ADJ,VER
vexant;vEks@;vexer;VER;15,56;0,01;0;6;5;5;2;ADJ,VER
vexent;vEks;vexer;VER;15,56;0,12;0;6;0;0;1;VER
vexera;vEks°Ra;vexer;VER;15,56;0,26;0;6;0;0;3;VER
vexons;vEks§;vexer;VER;15,56;0,04;0;6;0;0;2;VER
vexées;vEkse;vexer;VER;15,56;0,01;0;6;0;5;2;VER,ADJ
vexées;vEkse;vexé;ADJ;0,67;0;0;6;0;5;2;VER,ADJ
viable;vjabl;viable;ADJ;1,57;1,27;1;6;5;5;1;ADJ
viaduc;vjadyk;viaduc;NOM;0,17;0,17;1;6;4;4;2;NOM
viager;vjaZe;viager;NOM;0,14;0,14;1;6;5;4;2;NOM
viagra;vjagRa;viagra;NOM;0,45;0,45;1;6;5;4;2;NOM
viande;vj@d;viande;NOM;44,43;43,78;1;6;6;4;1;NOM
viandé;vj@de;viander;VER;0,05;0,04;0;6;0;5;2;VER
vibrer;vibRe;vibrer;VER;4,73;2,06;1;6;6;5;2;VER
vibrez;vibRe;vibrer;VER;4,73;0,01;0;6;0;5;2;VER
vibrée;vibRe;vibrer;VER;4,73;0,01;0;6;0;5;2;VER
vibura;vibyRa;viburer;VER;0;0;0;6;0;0;3;VER
vibure;vibyR;viburer;VER;0;0;0;6;0;0;2;VER
vicier;visje;vicier;VER;0,22;0;1;6;6;5;2;VER
viciée;visje;vicier;VER;0,22;0;0;6;0;5;2;VER
viciés;visje;vicié;ADJ;0,23;0;0;6;0;5;2;ADJ
vidage;vidaZ;vidage;NOM;0,04;0,04;1;6;5;5;2;NOM
vidais;vidE;vider;VER;30,68;0,47;0;6;0;0;2;VER
vidait;vidE;vider;VER;30,68;0,43;0;6;0;0;2;VER
vidame;vidam;vidame;NOM;0;0;1;6;5;5;2;NOM
vidant;vid@;vider;VER;30,68;0,24;0;6;0;0;2;VER
vident;vid;vider;VER;30,68;0,81;0;6;0;3;1;VER
videra;vid°Ra;vider;VER;30,68;0,16;0;6;0;0;3;VER
videur;vid9R;videur;NOM;1,48;1,24;1;6;5;4;2;NOM
vidiez;vidje;vider;VER;30,68;0,12;0;6;0;0;2;VER
vidons;vid§;vider;VER;30,68;0,09;0;6;0;0;2;VER
vidées;vide;vider;VER;30,68;0,23;0;6;0;4;2;VER,ADJ
vidées;vide;vidé;ADJ;1,33;0,15;0;6;0;4;2;VER,ADJ
vidéos;video;vidéo;NOM;21,34;6,1;0;6;0;5;3;NOM
vielle;vjEl;vielle;NOM;2,01;1,49;1;6;6;4;1;NOM
vienne;vjEn;venir;VER;2763,82;34,52;0;6;0;0;1;VER
vierge;vjERZ;vierge;ADJ;26,03;24,22;1;6;4;4;1;ADJ,NOM
vierge;vjERZ;vierge;NOM;23,79;19,41;1;6;4;4;1;ADJ,NOM
vigies;viZi;vigie;NOM;0,68;0,17;0;6;0;4;2;NOM
vigile;viZil;vigil;ADJ;0,34;0,26;0;6;6;5;2;ADJ,NOM
vigile;viZil;vigile;NOM;3,44;2,09;1;6;6;5;2;ADJ,NOM
vignes;viN;vigne;NOM;6,87;1,9;0;6;0;3;1;NOM
viking;vikiG;viking;ADJ;0,23;0,2;1;6;3;4;2;ADJ,NOM
viking;vikiG;viking;NOM;0,43;0,25;1;6;3;4;2;ADJ,NOM
vilain;vil5;vilain;ADJ;20,67;11,03;1;6;6;4;2;ADJ,NOM
vilain;vil5;vilain;NOM;4,21;3,53;1;6;6;4;2;ADJ,NOM
villas;villa;villa;NOM;16,61;1,31;0;6;0;4;2;NOM
villes;vil;ville;NOM;295,14;17,17;0;6;0;3;1;NOM
vineux;vin2;vineux;ADJ;0;0;1;6;5;4;2;ADJ
vinsse;v5s;venir;VER;2763,82;0;0;6;0;0;1;VER
vinyle;vinil;vinyle;NOM;0,7;0,34;1;6;6;5;2;NOM
violer;vjole;violer;VER;39,43;8,36;1;6;6;5;2;VER
violes;vjOl;viole;NOM;0,57;0,29;0;6;0;4;1;NOM,VER
violes;vjOl;violer;VER;39,43;0,55;0;6;0;4;1;NOM,VER
violet;vjolE;violet;ADJ;4,38;2,29;1;6;6;5;2;ADJ,NOM
violet;vjolE;violet;NOM;1,84;1,77;1;6;6;5;2;ADJ,NOM
violez;vjole;violer;VER;39,43;0,6;0;6;0;5;2;VER
violon;vjol§;violon;NOM;13,65;11,56;1;6;6;5;2;NOM
violée;vjole;violer;VER;39,43;10,97;0;6;0;5;2;VER
violés;vjole;violer;VER;39,43;0,7;0;6;0;5;2;VER
vioque;vjOk;vioque;ADJ;0,02;0,02;1;6;4;4;1;ADJ,NOM
vioque;vjOk;vioque;NOM;0,77;0,4;1;6;4;4;1;ADJ,NOM
viorne;vjORn;viorne;NOM;0;0;1;6;4;4;1;NOM
vipère;vipER;vipère;NOM;4,84;3,42;1;6;4;4;2;NOM
virage;viRaZ;virage;NOM;6,75;5,98;1;6;6;5;2;NOM
virago;viRago;virago;NOM;0,02;0,01;1;6;6;5;3;NOM
virais;viRE;virer;VER;86,3;0,19;0;6;0;0;2;VER
virait;viRE;virer;VER;86,3;0,21;0;6;0;0;2;VER
virale;viRal;viral;ADJ;1,19;0,73;0;6;0;5;2;ADJ
virant;viR@;virer;VER;86,3;0,15;0;6;0;0;2;VER
viraux;viRo;viral;ADJ;1,19;0,01;0;6;0;0;2;ADJ
virent;viR;virer;VER;86,3;2,04;0;6;0;3;1;VER
virera;viR°Ra;virer;VER;86,3;0,44;0;6;0;0;3;VER
viriez;viRje;virer;VER;86,3;0,07;0;6;0;0;2;VER
virile;viRil;viril;ADJ;4,82;1,31;0;6;0;5;2;ADJ
virils;viRil;viril;ADJ;4,82;0,45;0;6;0;5;2;ADJ
virons;viR§;virer;VER;86,3;0,33;0;6;0;0;2;VER
virées;viRe;virer;VER;86,3;0,1;0;6;0;4;2;VER,NOM
virées;viRe;virée;NOM;4,13;0,7;0;6;0;4;2;VER,NOM
visage;vizaZ;visage;NOM;141,23;125,52;1;6;6;5;2;NOM
visais;vizE;viser;VER;38,03;1,1;0;6;0;0;2;VER
visait;vizE;viser;VER;38,03;1,65;0;6;0;0;2;VER
visant;viz@;viser;VER;38,03;1,23;0;6;0;0;2;VER
visent;viz;viser;VER;38,03;1,32;0;6;0;0;1;VER
visera;viz°Ra;viser;VER;38,03;0,14;0;6;0;0;3;VER
viseur;viz9R;viseur;NOM;1,93;1,48;1;6;5;4;2;NOM
visiez;vizje;viser;VER;38,03;0,17;0;6;0;0;2;VER
vision;vizj§;vision;NOM;35,48;25,81;1;6;6;5;2;NOM
visita;vizita;visiter;VER;34,92;0,26;0;6;0;0;3;VER
visite;vizit;visite;NOM;99,95;86,34;1;6;6;5;2;NOM,VER
visite;vizit;visiter;VER;34,92;4,19;0;6;6;5;2;NOM,VER
visité;vizite;visiter;VER;34,92;4,15;0;6;0;6;3;VER
visons;viz§;viser;VER;38,03;0,16;0;6;0;4;2;VER,NOM
visons;viz§;vison;NOM;1,65;0,1;0;6;0;4;2;VER,NOM
visser;vise;visser;VER;2,9;1,45;1;6;6;4;2;VER
vissez;vise;visser;VER;2,9;0,17;0;6;0;4;2;VER
vissée;vise;visser;VER;2,9;0,17;0;6;0;4;2;VER,ADJ
vissée;vise;vissé;ADJ;0,11;0,03;0;6;0;4;2;VER,ADJ
vissés;vise;visser;VER;2,9;0,14;0;6;0;4;2;VER,ADJ
vissés;vise;vissé;ADJ;0,11;0,03;0;6;0;4;2;VER,ADJ
visuel;viz8El;visuel;ADJ;6,71;4,38;1;6;6;6;2;ADJ
visées;vize;viser;VER;38,03;0,02;0;6;0;4;2;VER,ADJ,NOM
visées;vize;visé;ADJ;2,05;0,07;0;6;0;4;2;VER,ADJ,NOM
visées;vize;visée;NOM;0,93;0,2;0;6;0;4;2;VER,ADJ,NOM
vitale;vital;vital;ADJ;12,24;4,11;0;6;0;5;2;ADJ
vitaux;vito;vital;ADJ;12,24;2,84;0;6;0;0;2;ADJ
vitres;vitR;vitre;NOM;16,35;6,14;0;6;0;4;1;NOM,VER
vitres;vitR;vitrer;VER;0,18;0,02;0;6;0;4;1;NOM,VER
vitrée;vitRe;vitrer;VER;0,18;0,15;0;6;0;5;2;VER,ADJ
vitrée;vitRe;vitré;ADJ;0,57;0,3;0;6;0;5;2;VER,ADJ
vitrés;vitRe;vitrer;VER;0,18;0;0;6;0;5;2;VER,ADJ
vitrés;vitRe;vitré;ADJ;0,57;0;0;6;0;5;2;VER,ADJ
vivace;vivas;vivace;ADJ;0,52;0,35;1;6;6;5;2;ADJ
vivais;vivE;vivre;VER;510,19;8,91;0;6;0;0;2;VER
vivait;vivE;vivre;VER;510,19;20,5;0;6;0;0;2;VER
vivant;viv@;vivant;ADJ;124,97;76,38;1;6;6;4;2;ADJ,NOM,VER
vivant;viv@;vivant;NOM;17,89;8,07;1;6;6;4;2;ADJ,NOM,VER
vivant;viv@;vivre;VER;510,19;7,94;0;6;6;4;2;ADJ,NOM,VER
vivats;viva;vivats;NOM;0,06;0,06;1;6;6;4;2;NOM
vivent;viv;vivre;VER;510,19;30,5;0;6;0;3;1;VER
viveur;viv9R;viveur;NOM;0,03;0,03;1;6;5;4;2;NOM
vivier;vivje;vivier;NOM;0,1;0,07;1;6;5;4;2;NOM
viviez;vivje;vivre;VER;510,19;1,94;0;6;0;4;2;VER
vivons;viv§;vivre;VER;510,19;12,4;0;6;0;0;2;VER
vivota;vivota;vivoter;VER;0,47;0;0;6;0;0;3;VER
vivote;vivOt;vivoter;VER;0,47;0,27;0;6;0;0;2;VER
vivoté;vivote;vivoter;VER;0,47;0,03;0;6;0;4;3;VER
vivrai;vivRE;vivre;VER;510,19;5,25;0;6;0;0;2;VER
vivras;vivRa;vivre;VER;510,19;3,84;0;6;0;0;2;VER
vivres;vivR;vivre;NOM;12,61;7,37;0;6;0;4;1;NOM
vivrez;vivRe;vivre;VER;510,19;3,24;0;6;0;0;2;VER
vizirs;viziR;vizir;NOM;0,15;0;0;6;0;5;2;NOM
vocale;vokal;vocal;ADJ;4,63;2,45;0;6;0;5;2;ADJ
vocaux;voko;vocal;ADJ;4,63;0,21;0;6;0;0;2;ADJ
vodkas;vOdka;vodka;NOM;17,07;0,14;0;6;0;3;2;NOM
vodous;vodu;vodou;NOM;0,04;0,01;0;6;0;4;2;NOM
voguer;voge;voguer;VER;2,69;1,18;1;6;6;3;2;VER
vogues;vOg;vogue;NOM;2,43;0;0;6;0;3;1;NOM,VER
vogues;vOg;voguer;VER;2,69;0,01;0;6;0;3;1;NOM,VER
voient;vwa;voir;VER;4119,43;26,16;0;6;0;3;1;VER
voiler;vwale;voiler;VER;39,78;0,82;1;6;6;5;2;VER
voiles;vwal;voile;NOM;20,51;5,02;0;6;0;4;1;NOM,VER
voiles;vwal;voiler;VER;39,78;0,1;0;6;0;4;1;NOM,VER
voilez;vwale;voiler;VER;39,78;0,08;0;6;0;5;2;VER
voilée;vwale;voiler;VER;39,78;0,4;0;6;0;5;2;VER,ADJ
voilée;vwale;voilé;ADJ;1,5;0,9;0;6;0;5;2;VER,ADJ
voilés;vwale;voiler;VER;39,78;0,13;0;6;0;5;2;VER,ADJ
voilés;vwale;voilé;ADJ;1,5;0,31;0;6;0;5;2;VER,ADJ
voirie;vwaRi;voirie;NOM;0,77;0,77;1;6;5;5;2;NOM
voisin;vwaz5;voisin;ADJ;14,31;3,31;1;6;6;5;2;ADJ,NOM
voisin;vwaz5;voisin;NOM;56;19,55;1;6;6;5;2;ADJ,NOM
volage;volaZ;volage;ADJ;1,79;1,69;1;6;5;5;2;ADJ
volais;volE;voler;VER;238,82;2,02;0;6;0;4;2;VER
volait;volE;voler;VER;238,82;4,45;0;6;0;4;2;VER
volant;vol@;volant;ADJ;8,78;2,26;1;6;6;4;2;ADJ,NOM,VER
volant;vol@;volant;NOM;19,65;19,23;1;6;6;4;2;ADJ,NOM,VER
volant;vol@;voler;VER;238,82;3,65;0;6;6;4;2;ADJ,NOM,VER
volcan;vOlk@;volcan;NOM;5,5;4,52;1;6;6;5;2;NOM
volent;vOl;voler;VER;238,82;9,53;0;6;0;3;1;VER
volera;vOl°Ra;voler;VER;238,82;2,68;0;6;0;0;3;VER
voleta;vOl°ta;voleter;VER;0,45;0;0;6;0;0;3;VER
volets;volE;volet;NOM;5,93;3,72;0;6;0;4;2;NOM
voleur;vol9R;voleur;ADJ;8,35;4,94;1;6;5;4;2;ADJ,NOM
voleur;vol9R;voleur;NOM;68,18;41,39;1;6;5;4;2;ADJ,NOM
voliez;volje;voler;VER;238,82;0,65;0;6;0;0;2;VER
volige;voliZ;volige;NOM;0,01;0;1;6;5;5;2;NOM
volley;volE;volley;NOM;1,51;1,51;1;6;6;4;2;NOM
volons;vol§;voler;VER;238,82;0,79;0;6;0;0;2;VER
volter;vOlte;volter;VER;0,01;0,01;1;6;6;5;2;VER
voltes;vOlt;volte;NOM;0,67;0;0;6;0;4;1;NOM
volume;volym;volume;NOM;6,48;5,45;1;6;6;5;2;NOM
volute;volyt;volute;NOM;0,03;0;1;6;5;5;2;NOM
volées;vole;voler;VER;238,82;2,24;0;6;0;4;2;VER,ADJ,NOM
volées;vole;volé;ADJ;12,25;1,61;0;6;0;4;2;VER,ADJ,NOM
volées;vole;volée;NOM;1,87;0,19;0;6;0;4;2;VER,ADJ,NOM
vomies;vomi;vomir;VER;26,12;0,14;0;6;0;4;2;VER
vomira;vomiRa;vomir;VER;26,12;0,09;0;6;0;0;3;VER
vorace;voRas;vorace;ADJ;0,95;0,56;1;6;6;5;2;ADJ
vortex;vORtEks;vortex;NOM;6,14;6,14;1;6;4;3;2;NOM
votais;votE;voter;VER;29,61;0,02;0;6;0;0;2;VER
votait;votE;voter;VER;29,61;0,28;0;6;0;0;2;VER
votant;vot@;votant;ADJ;0,16;0,01;1;6;4;4;2;ADJ,NOM,VER
votant;vot@;votant;NOM;0,17;0,03;1;6;4;4;2;ADJ,NOM,VER
votant;vot@;voter;VER;29,61;0,2;0;6;4;4;2;ADJ,NOM,VER
votent;vOt;voter;VER;29,61;1,48;0;6;0;3;1;VER
votera;vOt°Ra;voter;VER;29,61;0,67;0;6;0;0;3;VER
votiez;votje;voter;VER;29,61;0,02;0;6;0;0;2;VER
votifs;votif;votif;ADJ;0,13;0;0;6;0;4;2;ADJ
votive;votiv;votif;ADJ;0,13;0,11;0;6;0;0;2;ADJ
votons;vot§;voter;VER;29,61;0,95;0;6;0;0;2;VER
votées;vote;voter;VER;29,61;0,03;0;6;0;4;2;VER
vouais;vwE;vouer;VER;6,88;0,71;0;6;0;0;1;VER
vouait;vwE;vouer;VER;6,88;0,15;0;6;0;0;1;VER
vouant;vw@;vouer;VER;6,88;0,01;0;6;0;0;1;VER
voudra;vudRa;vouloir;VER;5249,3;21,62;0;6;0;0;2;VER
vouent;vu;vouer;VER;6,88;0,25;0;6;0;2;1;VER
vouera;vuRa;vouer;VER;6,88;0,01;0;6;0;0;2;VER
voulez;vule;vouler;VER;0,01;0,01;0;6;0;0;2;VER
voulez;vule;vouloir;VER;5249,3;553,4;0;6;0;0;2;VER
voulue;vuly;vouloir;VER;5249,3;0,91;0;6;0;4;2;VER,ADJ
voulue;vuly;voulu;ADJ;4,42;0,34;0;6;0;4;2;VER,ADJ
voulus;vuly;vouloir;VER;5249,3;0,36;0;6;0;4;2;VER,ADJ
voulus;vuly;voulu;ADJ;4,42;0,15;0;6;0;4;2;VER,ADJ
voulut;vuly;vouloir;VER;5249,3;2,42;0;6;0;4;2;VER
voulût;vuly;vouloir;VER;5249,3;0;0;6;0;4;2;VER
vouons;vw§;vouer;VER;6,88;0,31;0;6;0;0;1;VER
vouées;vwe;vouer;VER;6,88;0,14;0;6;0;3;1;VER,ADJ
vouées;vwe;voué;ADJ;0,06;0;0;6;0;3;1;VER,ADJ
voyage;vwajaZ;voyage;NOM;123,17;112,19;1;6;6;6;2;NOM,VER
voyage;vwajaZ;voyager;VER;45,74;10,01;0;6;6;6;2;NOM,VER
voyagé;vwajaZe;voyager;VER;45,74;5,9;0;6;0;7;3;VER
voyais;vwajE;voir;VER;4119,43;31,14;0;6;0;0;2;VER
voyait;vwajE;voir;VER;4119,43;25,32;0;6;0;0;2;VER
voyant;vwaj@;voir;VER;4119,43;17,16;0;6;6;5;2;VER,ADJ,NOM
voyant;vwaj@;voyant;ADJ;3,55;1,96;1;6;6;5;2;VER,ADJ,NOM
voyant;vwaj@;voyant;NOM;4,25;1,97;1;6;6;5;2;VER,ADJ,NOM
voyeur;vwaj9R;voyeur;NOM;3,71;2,94;1;6;6;6;2;NOM
voyiez;vwajje;voir;VER;4119,43;4,47;0;6;0;0;2;VER
voyons;vwaj§;voir;VER;4119,43;127,93;0;6;0;0;2;VER
voyous;vwaju;voyou;NOM;21,09;9,41;0;6;0;5;2;NOM
voûter;vute;voûter;VER;0,18;0,01;1;6;6;4;2;VER
voûtes;vut;voûte;NOM;2,21;0,5;0;6;0;3;1;NOM,VER
voûtes;vut;voûter;VER;0,18;0,14;0;6;0;3;1;NOM,VER
voûtât;vuta;voûter;VER;0,18;0;0;6;0;0;2;VER
voûtée;vute;voûter;VER;0,18;0;0;6;0;4;2;VER,ADJ
voûtée;vute;voûté;ADJ;0,41;0,01;0;6;0;4;2;VER,ADJ
voûtés;vute;voûter;VER;0,18;0;0;6;0;4;2;VER,ADJ
voûtés;vute;voûté;ADJ;0,41;0,04;0;6;0;4;2;VER,ADJ
vraies;vRE;vrai;ADJ;807,03;13,91;0;6;0;3;1;ADJ
vrilla;vRija;vriller;VER;0,13;0;0;6;0;0;2;VER
vrille;vRij;vrille;NOM;0,72;0,65;1;6;6;4;1;NOM,VER
vrille;vRij;vriller;VER;0,13;0,02;0;6;6;4;1;NOM,VER
vrillé;vRije;vriller;VER;0,13;0,09;0;6;6;5;2;VER,ADJ
vrillé;vRije;vrillé;ADJ;0,01;0,01;1;6;6;5;2;VER,ADJ
vulpin;vylp5;vulpin;NOM;0;0;1;6;4;4;2;NOM
vulves;vylv;vulve;NOM;0,32;0;0;6;0;4;1;NOM
vécues;veky;vivre;VER;510,19;0,79;0;6;0;3;2;VER,ADJ
vécues;veky;vécu;ADJ;1,59;0,11;0;6;0;3;2;VER,ADJ
végète;veZEt;végéter;VER;0,57;0,16;0;6;0;0;2;VER
végéta;veZeta;végéter;VER;0,57;0,01;0;6;0;0;3;VER
végété;veZete;végéter;VER;0,57;0,01;0;6;0;6;3;VER
vélins;vel5;vélin;NOM;0;0;0;6;0;4;2;NOM
véloce;velOs;véloce;ADJ;0,06;0,04;1;6;6;5;2;ADJ
vélums;velOm;vélum;NOM;0,02;0;0;6;0;5;2;NOM
vénale;venal;vénal;ADJ;0,54;0,09;0;6;0;5;2;ADJ
vénaux;veno;vénal;ADJ;0,54;0;0;6;0;0;2;ADJ
véniel;venjEl;véniel;ADJ;0,32;0,3;1;6;5;4;2;ADJ
vénère;venER;vénérer;VER;5,86;1,53;0;6;0;0;2;VER
vénéré;veneRe;vénére;ADJ;0;0;0;6;6;6;3;ADJ,VER
vénéré;veneRe;vénérer;VER;5,86;0,52;0;6;6;6;3;ADJ,VER
vénéré;veneRe;vénéré;ADJ;1,1;0,91;1;6;6;6;3;ADJ,VER
vérace;veRas;vérace;ADJ;0;0;1;6;6;5;2;ADJ
véreux;veR2;véreux;ADJ;1,67;1,23;1;6;4;4;2;ADJ
vérins;veR5;vérin;NOM;0,06;0,01;0;6;0;4;2;NOM
vérité;veRite;vérité;NOM;193,24;190,21;1;6;6;6;3;NOM
vérole;veROl;vérole;NOM;0,79;0,79;1;6;6;5;2;NOM
vérolé;veRole;véroler;VER;0,01;0;0;6;6;5;3;VER,ADJ
vérolé;veRole;vérolé;ADJ;0,33;0,02;1;6;6;5;3;VER,ADJ
vêlage;vElaZ;vêlage;NOM;0;0;1;6;4;5;2;NOM
vêpres;vEpR;vêpre;NOM;0,64;0,64;0;6;6;0;1;NOM
vêtait;vEtE;vêtir;VER;7,67;0,14;0;6;0;0;2;VER
vêtant;vEt@;vêtir;VER;7,67;0;0;6;0;0;2;VER
vêtent;vEt;vêtir;VER;7,67;0,11;0;6;0;0;1;VER
vêtira;vEtiRa;vêtir;VER;7,67;0,02;0;6;0;0;3;VER
vêtons;vEt§;vêtir;VER;7,67;0;0;6;0;0;2;VER
vêtues;vEty;vêtir;VER;7,67;0,28;0;6;0;0;2;VER,ADJ
vêtues;vEty;vêtu;ADJ;1,86;0,05;0;6;0;0;2;VER,ADJ
vêture;vEtyR;vêture;NOM;0;0;1;6;5;4;2;NOM
vôtres;votR;vôtres;ADJ:pos;0,34;0,34;1;6;6;4;1;ADJ:pos,PRO:pos
vôtres;votR;vôtres;PRO:pos;12,14;12,14;1;6;6;4;1;ADJ:pos,PRO:pos
wagons;vag§;wagon;NOM;10,24;3,71;0;6;0;4;2;NOM
wallon;wal§;wallon;ADJ;0,28;0,01;1;6;5;4;2;ADJ
walter;waltER;walter;ADJ;0,01;0,01;1;6;4;4;2;ADJ,NOM
walter;waltER;walter;NOM;0,27;0,27;1;6;4;4;2;ADJ,NOM
wapiti;wapiti;wapiti;NOM;0,03;0,02;1;6;3;3;3;NOM
waters;watER;water;NOM;2,49;1,46;0;6;0;5;2;NOM
webcam;wEbkam;webcam;NOM;0,31;0,31;1;6;4;4;2;NOM
welter;vElt9R;welter;NOM;0,14;0,1;1;6;5;5;2;NOM
whisky;wiski;whisky;NOM;30,2;29,89;1;6;6;5;2;NOM
wicket;wikEt;wicket;NOM;0,16;0,16;1;6;3;5;2;NOM
wigwam;wigwam;wigwam;NOM;0;0;1;6;3;4;2;NOM
wombat;w§ba;wombat;NOM;0,04;0,04;1;6;3;2;2;NOM
woofer;wuf9R;woofer;NOM;0,04;0,01;1;6;3;2;2;NOM
xavier;gzavje;xavier;NOM;0,67;0,67;1;6;2;3;2;NOM
xylène;ksilEn;xylène;NOM;0,03;0,03;1;6;4;5;2;NOM
yachts;jOt;yacht;NOM;6,95;0,44;0;6;0;3;1;NOM
yakusa;jakuza;yakusa;NOM;0,15;0,15;1;6;5;4;3;NOM
yakuza;jakuza;yakuza;NOM;0,86;0,79;1;6;5;4;3;NOM
yankee;j@ki;yankee;NOM;8,71;3,71;1;6;4;3;2;NOM
yaourt;jauRt;yaourt;NOM;3,58;2,87;1;6;6;3;2;NOM
yeuses;i2z;yeuse;NOM;0,12;0,1;0;6;0;0;2;NOM
yodler;jOdle;yodler;VER;0,03;0,03;1;6;3;5;2;VER
youpin;jup5;youpin;NOM;1,08;1,05;1;6;6;4;2;NOM
yourte;juRt;yourte;NOM;0,56;0,56;1;6;4;3;1;NOM
youtre;jutR;youtre;NOM;0,01;0,01;1;6;4;3;1;NOM
youyou;juju;youyou;NOM;0;0;1;6;4;3;2;NOM
yuccas;juka;yucca;NOM;0,31;0,07;0;6;0;3;2;NOM
yuppie;jupi;yuppie;NOM;1,04;0,45;1;6;3;4;2;NOM
yèbles;jEbl;yèble;NOM;0;0;0;6;0;0;1;NOM
zapper;zape;zapper;VER;2,73;0,75;1;6;6;4;2;VER
zappes;zap;zapper;VER;2,73;0,17;0;6;0;0;1;VER
zappez;zape;zapper;VER;2,73;0,09;0;6;0;4;2;VER
zarabe;zaRab;zarabe;NOM;0,1;0,1;1;6;4;4;2;NOM
zarbis;zaRbi;zarbi;ADJ;0,7;0,07;0;6;0;4;2;ADJ
zazous;zazu;zazou;ADJ;0,06;0,02;0;6;0;3;2;ADJ,NOM
zazous;zazu;zazou;NOM;0,11;0,07;0;6;0;3;2;ADJ,NOM
zester;zEste;zester;VER;0,01;0,01;1;6;6;5;2;VER
zestes;zEst;zeste;NOM;0,7;0,01;0;6;0;4;1;NOM
zieute;zj2t;zieuter;VER;0,16;0,07;0;6;0;0;1;VER
zigoto;zigoto;zigoto;NOM;0,3;0,25;1;6;5;5;3;NOM
zigues;zig;zigue;NOM;0,34;0,03;0;6;0;3;1;NOM
zigzag;zigzag;zigzag;NOM;0,42;0,36;1;6;6;6;2;NOM
zingué;z5ge;zinguer;VER;0;0;0;6;0;0;2;VER
zinnia;zinja;zinnia;NOM;0,11;0,01;1;6;4;4;2;NOM
zinzin;z5z5;zinzin;ADJ;0,64;0,64;1;6;5;4;2;ADJ,NOM
zinzin;z5z5;zinzin;NOM;0,27;0,19;1;6;5;4;2;ADJ,NOM
zipper;zipe;zipper;VER;0,25;0,21;1;6;4;4;2;VER
zircon;ziRk§;zircon;NOM;0,2;0,18;1;6;6;5;2;NOM
zlotys;zloti;zloty;NOM;1,29;1,28;0;6;0;2;2;NOM
zodiac;zOdjak;zodiac;NOM;0,01;0,01;1;6;6;3;2;NOM
zombie;z§bi;zombie;NOM;5,04;2,33;1;6;6;4;2;NOM
zombis;z§bi;zombi;NOM;0,65;0,37;0;6;0;4;2;NOM
zonage;zonaZ;zonage;NOM;0,1;0,1;1;6;5;5;2;NOM
zonait;zonE;zoner;VER;0,23;0,04;0;6;0;0;2;VER
zonant;zon@;zoner;VER;0,23;0,01;0;6;0;0;2;VER
zonard;zonaR;zonard;NOM;0,18;0,08;1;6;5;5;2;NOM
zonera;zon°Ra;zoner;VER;0,23;0,01;0;6;0;0;3;VER
zoning;zoniG;zoning;NOM;0,01;0,01;1;6;4;4;2;NOM
zonzon;z§z§;zonzon;NOM;0,33;0,33;1;6;4;3;2;NOM
zoomer;zume;zoomer;VER;1,49;0,37;1;6;5;4;2;VER
zoomes;zum;zoomer;VER;1,49;0,28;0;6;0;3;1;VER
zoomez;zume;zoomer;VER;1,49;0,26;0;6;0;4;2;VER
zouave;zwav;zouave;NOM;0,46;0,46;1;6;4;2;1;NOM
zoulou;zulu;zoulou;ADJ;0,16;0,15;1;6;4;3;2;ADJ,NOM
zoulou;zulu;zoulou;NOM;0,11;0,06;1;6;4;3;2;ADJ,NOM
zozote;zozOt;zozoter;VER;0,06;0,05;0;6;0;0;2;VER
zydeco;zid2ko;zydeco;NOM;0,01;0,01;1;6;3;3;3;NOM
zyeuta;zj2ta;zyeuter;VER;0,16;0;0;6;0;0;2;VER
zyeute;zj2t;zyeuter;VER;0,16;0,12;0;6;0;0;1;VER
zyeuté;zi2te;zyeuter;VER;0,16;0,01;0;6;0;0;3;VER
zygoma;zigoma;zygoma;NOM;0;0;1;6;6;6;3;NOM
zygote;zigOt;zygote;NOM;0,06;0,06;1;6;5;4;2;NOM
zyklon;zikl§;zyklon;NOM;0,82;0,82;1;6;3;4;2;NOM
zèbres;zEbR;zèbre;NOM;3,8;1,15;0;6;0;4;1;NOM,VER
zèbres;zEbR;zébrer;VER;0,2;0,01;0;6;0;4;1;NOM,VER
zébrer;zebRe;zébrer;VER;0,2;0;1;6;5;5;2;VER
zébrée;zebRe;zébrer;VER;0,2;0;0;6;0;5;2;VER,ADJ
zébrée;zebRe;zébré;ADJ;0,04;0,02;0;6;0;5;2;VER,ADJ
zébrés;zebRe;zébrer;VER;0,2;0,01;0;6;0;5;2;VER,ADJ
zébrés;zebRe;zébré;ADJ;0,04;0;0;6;0;5;2;VER,ADJ
zélote;zelOt;zélote;NOM;0,08;0,02;1;6;4;4;2;NOM
zélées;zele;zélé;ADJ;1,19;0;0;6;0;4;2;ADJ
zénana;zenana;zénana;NOM;0;0;1;6;4;4;3;NOM
zénith;zenit;zénith;NOM;0,63;0,63;1;6;6;4;2;NOM
zéphyr;zefiR;zéphyr;NOM;0,09;0,04;1;6;5;3;2;NOM
zézaie;zezE;zézayer;VER;0,02;0,01;0;6;0;0;2;VER
zézaye;zezej;zézayer;VER;0,02;0;0;6;0;0;2;VER
âcreté;akR°te;âcreté;NOM;0,11;0,11;1;6;5;5;3;NOM
âgisme;aZism;âgisme;NOM;0,02;0,02;1;6;3;5;2;NOM
ânerie;an°Ri;ânerie;NOM;1,96;0,32;1;6;4;4;3;NOM
ânesse;anEs;ânesse;NOM;0,9;0,9;1;6;4;4;2;NOM
ânonna;anona;ânonner;VER;0,16;0;0;6;0;0;3;VER
ânonne;anOn;ânonner;VER;0,16;0;0;6;0;0;2;VER
âpreté;apR°te;âpreté;NOM;0,04;0,04;1;6;5;5;3;NOM
ébahie;ebai;ébahi;ADJ;0,27;0,11;0;6;0;4;3;ADJ,VER
ébahie;ebai;ébahir;VER;0,46;0,15;0;6;0;4;3;ADJ,VER
ébahir;ebaiR;ébahir;VER;0,46;0,02;1;6;6;5;3;VER
ébahis;ebai;ébahi;ADJ;0,27;0,02;0;6;0;4;3;ADJ,VER
ébahis;ebai;ébahir;VER;0,46;0,09;0;6;0;4;3;ADJ,VER
ébahit;ebai;ébahir;VER;0,46;0,02;0;6;0;4;3;VER
ébarbé;ebaRbe;ébarber;VER;0;0;0;6;0;6;3;VER
ébaubi;ebobi;ébaubi;ADJ;0;0;1;6;6;4;3;ADJ,VER
ébaubi;ebobi;ébaubir;VER;0;0;0;6;6;4;3;ADJ,VER
ébaudi;ebodi;ébaudir;VER;0;0;0;6;0;0;3;VER
ébloui;eblui;ébloui;ADJ;0,32;0,05;1;6;6;5;3;ADJ,VER
ébloui;eblui;éblouir;VER;3,88;0,65;0;6;6;5;3;ADJ,VER
éboula;ebula;ébouler;VER;0,03;0;0;6;0;0;3;VER
éboule;ebul;ébouler;VER;0,03;0;0;6;0;0;2;VER
éboulé;ebule;ébouler;VER;0,03;0,01;0;6;0;5;3;VER
ébouzé;ebuze;ébouzer;VER;0;0;0;6;0;4;3;VER
ébroua;ebRua;ébrouer;VER;0,01;0;0;6;0;0;3;VER
ébroue;ebRu;ébrouer;VER;0,01;0;0;6;0;0;2;VER
ébroué;ebRue;ébrouer;VER;0,01;0;0;6;0;5;3;VER
écaler;ekale;écaler;VER;0;0;1;6;6;5;3;VER
écales;ekal;écale;NOM;0,02;0,02;0;6;0;4;2;NOM
écarta;ekaRta;écarter;VER;24,83;0,51;0;6;0;0;3;VER
écarte;ekaRt;écarter;VER;24,83;5,95;0;6;0;0;2;VER
écarts;ekaR;écart;NOM;14,71;0,35;0;6;0;4;2;NOM
écarté;ekaRte;écarter;VER;24,83;2,69;0;6;6;6;3;VER,ADJ,NOM
écarté;ekaRte;écarté;ADJ;3,36;0,6;1;6;6;6;3;VER,ADJ,NOM
écarté;ekaRte;écarté;NOM;0,04;0,03;1;6;6;6;3;VER,ADJ,NOM
échecs;eSEk;échec;NOM;24,31;8,84;0;6;0;4;2;NOM
échina;eSina;échiner;VER;0,61;0,01;0;6;0;0;3;VER
échine;eSin;échine;NOM;1,18;1,18;1;6;6;4;2;NOM,VER
échine;eSin;échiner;VER;0,61;0,22;0;6;6;4;2;NOM,VER
échiné;eSine;échiner;VER;0,61;0,16;0;6;0;5;3;VER
échoir;eSwaR;échoir;VER;0,86;0,2;1;6;5;5;2;VER
échoit;eSwa;échoir;VER;0,86;0,23;0;6;0;0;2;VER
échoua;eSwa;échouer;VER;30,62;0,19;0;6;0;0;2;VER
échoue;eSu;échouer;VER;30,62;4,62;0;6;0;0;2;VER
échoué;eSwe;échouer;VER;30,62;15,44;0;6;0;4;2;VER
échues;eSy;échoir;VER;0,86;0,02;0;6;0;0;2;VER
éclair;eklER;éclair;ADJ;2,39;2,39;1;6;6;5;2;ADJ,NOM
éclair;eklER;éclair;NOM;11,25;7,86;1;6;6;5;2;ADJ,NOM
éclata;eklata;éclater;VER;41,33;0,55;0;6;0;0;3;VER
éclate;eklat;éclater;VER;41,33;11,69;0;6;0;0;2;VER
éclats;ekla;éclat;NOM;14,28;4,55;0;6;0;4;2;NOM
éclaté;eklate;éclater;VER;41,33;7,19;0;6;6;6;3;VER,ADJ,NOM
éclaté;eklate;éclaté;ADJ;1,13;0,71;1;6;6;6;3;VER,ADJ,NOM
éclaté;eklate;éclaté;NOM;0,05;0,05;1;6;6;6;3;VER,ADJ,NOM
éclopé;eklope;écloper;VER;0,04;0,01;0;6;6;5;3;VER,ADJ,NOM
éclopé;eklope;éclopé;ADJ;0,19;0,05;1;6;6;5;3;VER,ADJ,NOM
éclopé;eklope;éclopé;NOM;0,46;0,17;1;6;6;5;3;VER,ADJ,NOM
éclore;eklOR;éclore;VER;0,83;0,82;1;6;5;5;2;VER
éclose;ekloz;éclore;VER;0,83;0,01;0;6;0;0;2;VER,ADJ
éclose;ekloz;éclos;ADJ;1,03;0,28;0;6;0;0;2;VER,ADJ
éclusa;eklyza;écluser;VER;0,09;0;0;6;0;0;3;VER
écluse;eklyz;écluse;NOM;0,6;0,39;1;6;6;5;2;NOM,VER
écluse;eklyz;écluser;VER;0,09;0,02;0;6;6;5;2;NOM,VER
éclusé;eklyze;écluser;VER;0,09;0;0;6;0;6;3;VER
écoles;ekOl;école;NOM;206,88;9,84;0;6;0;4;2;NOM
écolos;ekolo;écolo;NOM;0,8;0,4;0;6;0;5;3;NOM
écopai;ekopE;écoper;VER;2,47;0;0;6;0;0;3;VER
écoper;ekope;écoper;VER;2,47;0,72;1;6;6;4;3;VER
écopes;ekOp;écope;NOM;0,05;0,02;0;6;0;4;2;NOM,VER
écopes;ekOp;écoper;VER;2,47;0,04;0;6;0;4;2;NOM,VER
écopez;ekope;écoper;VER;2,47;0,04;0;6;0;4;3;VER
écopée;ekope;écoper;VER;2,47;0;0;6;0;4;3;VER
écorce;ekORs;écorce;NOM;1,9;1,83;1;6;6;5;2;NOM,VER
écorce;ekORs;écorcer;VER;0,17;0,16;0;6;6;5;2;NOM,VER
écorcé;ekORse;écorcer;VER;0,17;0;0;6;6;6;3;VER,ADJ
écorcé;ekORse;écorcé;ADJ;0;0;1;6;6;6;3;VER,ADJ
écorné;ekORne;écorner;VER;0,03;0,02;0;6;6;6;3;VER,ADJ
écorné;ekORne;écorné;ADJ;0,19;0,03;1;6;6;6;3;VER,ADJ
écossa;ekosa;écosser;VER;0,7;0;0;6;0;0;3;VER
écosse;ekOs;écosse;NOM;0,01;0,01;1;6;6;4;2;NOM,VER
écosse;ekOs;écosser;VER;0,7;0,67;0;6;6;4;2;NOM,VER
écossé;ekose;écosser;VER;0,7;0;0;6;0;5;3;VER
écoula;ekula;écouler;VER;9,01;0,23;0;6;0;0;3;VER
écoule;ekul;écouler;VER;9,01;1,92;0;6;0;0;2;VER
écoulé;ekule;écouler;VER;9,01;3,06;0;6;6;5;3;VER,ADJ
écoulé;ekule;écoulé;ADJ;1,1;0,62;1;6;6;5;3;VER,ADJ
écouta;ekuta;écouter;VER;470,93;0,06;0;6;0;0;3;VER
écoute;ekut;écoute;NOM;24,73;22,01;1;6;6;4;2;NOM,VER
écoute;ekut;écouter;VER;470,93;214,67;0;6;6;4;2;NOM,VER
écouté;ekute;écouter;VER;470,93;21,06;0;6;0;5;3;VER
écrans;ekR@;écran;NOM;23,68;3,91;0;6;0;4;2;NOM
écrasa;ekRaza;écraser;VER;54,42;0,07;0;6;0;0;3;VER
écrase;ekRaz;écraser;VER;54,42;11,11;0;6;0;0;2;VER
écrasé;ekRaze;écraser;VER;54,42;10,97;0;6;6;6;3;VER,ADJ
écrasé;ekRaze;écrasé;ADJ;2,14;0,78;1;6;6;6;3;VER,ADJ
écriai;ekRijE;écrier;VER;1,75;0;0;6;0;0;3;VER
écrier;ekRije;écrier;VER;1,75;0,3;1;6;5;5;3;VER
écries;ekRi;écrier;VER;1,75;0;0;6;0;4;2;VER
écrins;ekR5;écrin;NOM;0,37;0,01;0;6;0;4;2;NOM
écrira;ekRiRa;écrire;VER;305,92;1,77;0;6;0;0;3;VER
écrire;ekRiR;écrire;VER;305,92;84,14;1;6;5;5;2;VER
écrite;ekRit;écrire;VER;305,92;7,51;0;6;0;0;2;VER,ADJ
écrite;ekRit;écrit;ADJ;9,3;2,62;0;6;0;0;2;VER,ADJ
écrits;ekRi;écrire;VER;305,92;2,96;0;6;0;4;2;VER,ADJ,NOM
écrits;ekRi;écrit;ADJ;9,3;0,65;0;6;0;4;2;VER,ADJ,NOM
écrits;ekRi;écrit;NOM;10,67;2,53;0;6;0;4;2;VER,ADJ,NOM
écrive;ekRiv;écrire;VER;305,92;2,67;0;6;0;0;2;VER
écriât;ekRija;écrier;VER;1,75;0;0;6;0;0;3;VER
écriée;ekRije;écrier;VER;1,75;0,03;0;6;0;5;3;VER
écriés;ekRije;écrier;VER;1,75;0;0;6;0;5;3;VER
écrous;ekRu;écrou;NOM;0,72;0,39;0;6;0;4;2;NOM
écroué;ekRue;écrouer;VER;0,54;0,32;0;6;0;5;3;VER
écrème;ekREm;écrémer;VER;0,7;0,04;0;6;0;0;2;VER
écrémé;ekReme;écrémer;VER;0,7;0,58;0;6;0;6;3;VER
écueil;ek9j;écueil;NOM;0,26;0,18;1;6;5;4;2;NOM
éculer;ekyle;éculer;VER;0,23;0;1;6;5;4;3;VER
éculée;ekyle;éculer;VER;0,23;0;0;6;0;4;3;VER,ADJ
éculée;ekyle;éculé;ADJ;0,19;0,01;0;6;0;4;3;VER,ADJ
éculés;ekyle;éculer;VER;0,23;0,1;0;6;0;4;3;VER,ADJ
éculés;ekyle;éculé;ADJ;0,19;0,03;0;6;0;4;3;VER,ADJ
écumai;ekymE;écumer;VER;0,94;0;0;6;0;0;3;VER
écumer;ekyme;écumer;VER;0,94;0,31;1;6;6;5;3;VER
écumes;ekym;écume;NOM;2,31;0;0;6;0;4;2;NOM
écumez;ekyme;écumer;VER;0,94;0,01;0;6;0;5;3;VER
écumée;ekyme;écumer;VER;0,94;0;0;6;0;5;3;VER
écurie;ekyRi;écurie;NOM;6,88;5,08;1;6;5;5;3;NOM
écuyer;ek8ije;écuyer;NOM;1,56;1,18;1;6;4;5;3;NOM
édenté;ed@te;édenter;VER;0,04;0,03;0;6;6;3;3;VER,ADJ,NOM
édenté;ed@te;édenté;ADJ;0,43;0,23;1;6;6;3;3;VER,ADJ,NOM
édenté;ed@te;édenté;NOM;0,16;0,14;1;6;6;3;3;VER,ADJ,NOM
édicte;edikt;édicter;VER;0,28;0,1;0;6;0;0;2;VER
édicté;edikte;édicter;VER;0,28;0,15;0;6;0;5;3;VER
édifia;edifja;édifier;VER;0,9;0,12;0;6;0;0;3;VER
édifie;edifi;édifier;VER;0,9;0,02;0;6;0;0;3;VER
édifié;edifje;édifier;VER;0,9;0,06;0;6;0;6;3;VER
édiles;edil;édile;NOM;0,08;0,08;0;6;0;0;2;NOM
éditer;edite;éditer;VER;0,69;0,31;1;6;6;5;3;VER
éditos;edito;édito;NOM;0,16;0,04;0;6;0;5;3;NOM
éditée;edite;éditer;VER;0,69;0,05;0;6;0;5;3;VER
édités;edite;éditer;VER;0,69;0,01;0;6;0;5;3;VER
éduens;edy5;éduen;ADJ;0;0;0;6;0;4;3;ADJ
éduque;edyk;éduquer;VER;8,07;0,41;0;6;0;0;2;VER
éduqué;edyke;éduquer;VER;8,07;1,95;0;6;0;5;3;VER
égaler;egale;égaler;VER;4,96;1,12;1;6;6;5;3;VER
égales;egal;égal;ADJ;38,08;2,98;0;6;0;4;2;ADJ
égalât;egala;égaler;VER;4,96;0,14;0;6;0;0;3;VER
égalée;egale;égaler;VER;4,96;0,07;0;6;0;5;3;VER
égarai;egaRE;égarer;VER;10,55;0;0;6;0;0;3;VER
égards;egaR;égard;NOM;9,19;2,42;0;6;0;4;2;NOM
égarer;egaRe;égarer;VER;10,55;1,51;1;6;6;5;3;VER
égares;egaR;égarer;VER;10,55;0,27;0;6;0;4;2;VER
égarez;egaRe;égarer;VER;10,55;0,34;0;6;0;5;3;VER
égarât;egaRa;égarer;VER;10,55;0;0;6;0;0;3;VER
égarée;egaRe;égarer;VER;10,55;0,87;0;6;0;5;3;VER,ADJ
égarée;egaRe;égaré;ADJ;3,43;0,91;0;6;0;5;3;VER,ADJ
égarés;egaRe;égarer;VER;10,55;1,21;0;6;0;5;3;VER,ADJ
égarés;egaRe;égaré;ADJ;3,43;0,65;0;6;0;5;3;VER,ADJ
égayer;egeje;égayer;VER;1,39;1;1;6;5;3;3;VER
égayez;egEje;égayer;VER;1,39;0,01;0;6;0;0;3;VER
égayât;egEja;égayer;VER;1,39;0;0;6;0;0;3;VER
égayée;egEje;égayer;VER;1,39;0,01;0;6;0;0;3;VER
égayés;egEje;égayer;VER;1,39;0;0;6;0;0;3;VER
égipan;eZip@;égipan;NOM;0;0;1;6;4;5;3;NOM
église;egliz;église;NOM;64,75;60,2;1;6;4;4;2;NOM
égorge;egORZ;égorger;VER;9,04;2,74;0;6;0;0;2;VER
égorgé;egORZe;égorger;VER;9,04;1,14;0;6;0;6;3;VER
égouts;egu;égout;NOM;7,01;3,78;0;6;0;3;2;NOM
égoïne;egoin;égoïne;NOM;0;0;1;6;5;5;3;NOM
égrena;egR°na;égrener;VER;0,32;0,01;0;6;0;0;3;VER
égrené;egR°ne;égrener;VER;0,32;0,1;0;6;0;6;3;VER
égrène;egREn;égrener;VER;0,32;0,16;0;6;0;0;2;VER
égérie;eZeRi;égérie;NOM;0,46;0,46;1;6;4;4;3;NOM
éhonté;e§te;éhonté;ADJ;1,07;0,4;1;6;2;3;3;ADJ
éjecta;eZEkta;éjecter;VER;4,46;0,02;0;6;0;0;3;VER
éjecte;eZEkt;éjecter;VER;4,46;0,56;0;6;0;0;2;VER
éjecté;eZEkte;éjecter;VER;4,46;1,4;0;6;0;6;3;VER
élague;elag;élaguer;VER;0,18;0,01;0;6;0;0;2;VER
élagué;elage;élaguer;VER;0,18;0,05;0;6;0;5;3;VER
élance;el@s;élancer;VER;2,25;0,94;0;6;0;0;2;VER
élancé;el@se;élancer;VER;2,25;0,21;0;6;6;5;3;VER,ADJ
élancé;el@se;élancé;ADJ;0,13;0,09;1;6;6;5;3;VER,ADJ
élança;el@sa;élancer;VER;2,25;0,03;0;6;0;0;3;VER
élargi;elaRZi;élargir;VER;4,85;0,72;0;6;0;0;3;VER
élevai;El°vE;élever;VER;52,03;0,23;0;6;0;0;3;VER
élever;El°ve;élever;VER;52,03;15,57;1;6;6;5;3;VER
élevez;El°ve;élever;VER;52,03;0,69;0;6;0;5;3;VER
élevât;El°va;élever;VER;52,03;0;0;6;0;0;3;VER
élevée;El°ve;élever;VER;52,03;4,55;0;6;0;5;3;VER,ADJ
élevée;El°ve;élevé;ADJ;25,02;5,82;0;6;0;5;3;VER,ADJ
élevés;El°ve;élever;VER;52,03;1,93;0;6;0;5;3;VER,ADJ
élevés;El°ve;élevé;ADJ;25,02;3,78;0;6;0;5;3;VER,ADJ
élimer;elime;élimer;VER;0,04;0,01;1;6;5;5;3;VER
élimée;elime;élimer;VER;0,04;0;0;6;0;5;3;VER,ADJ
élimée;elime;élimé;ADJ;0,04;0,03;0;6;0;5;3;VER,ADJ
élimés;elime;élimer;VER;0,04;0,02;0;6;0;5;3;VER,ADJ
élimés;elime;élimé;ADJ;0,04;0;0;6;0;5;3;VER,ADJ
élirez;eliRe;élire;VER;11,23;0,02;0;6;0;0;3;VER
élisez;elize;élire;VER;11,23;0,08;0;6;0;5;3;VER
élites;elit;élite;NOM;7,38;0,14;0;6;0;4;2;NOM
élixir;eliksiR;élixir;NOM;1,56;1,52;1;6;4;6;3;NOM
éloges;elOZ;éloge;NOM;2,62;1,31;0;6;0;3;2;NOM
éludai;elydE;éluder;VER;0,69;0;0;6;0;0;3;VER
éluder;elyde;éluder;VER;0,69;0,33;1;6;4;4;3;VER
éludes;elyd;éluder;VER;0,69;0,04;0;6;0;0;2;VER
éludez;elyde;éluder;VER;0,69;0,13;0;6;0;4;3;VER
éludât;elyda;éluder;VER;0,69;0;0;6;0;0;3;VER
éludée;elyde;éluder;VER;0,69;0,01;0;6;0;4;3;VER
élysée;elize;élysée;NOM;0,16;0,16;1;6;6;5;3;NOM
élytre;elitR;élytre;NOM;0,01;0,01;1;6;4;5;2;NOM
élèves;elEv;élever;VER;52,03;0,76;0;6;0;4;2;VER,NOM
élèves;elEv;élève;NOM;36,84;21,01;0;6;0;4;2;VER,NOM
élégie;eleZi;élégie;NOM;0,15;0,11;1;6;6;5;3;NOM
émacie;emasi;émacier;VER;0,17;0;0;6;0;5;3;VER
émacié;emasje;émacier;VER;0,17;0,14;0;6;6;5;3;VER,ADJ
émacié;emasje;émacié;ADJ;0,05;0,03;1;6;6;5;3;VER,ADJ
émaner;emane;émaner;VER;2,77;0,1;1;6;5;5;3;VER
émanée;emane;émaner;VER;2,77;0;0;6;0;5;3;VER
émanés;emane;émaner;VER;2,77;0;0;6;0;5;3;VER
émarge;emaRZ;émarger;VER;0,02;0,02;0;6;0;0;2;VER
émerge;emERZ;émerger;VER;3,73;1,14;0;6;0;0;2;VER
émergé;emERZe;émerger;VER;3,73;0,38;0;6;6;6;3;VER,ADJ
émergé;emERZe;émergé;ADJ;0;0;1;6;6;6;3;VER,ADJ
émette;emEt;émettre;VER;9,45;0,2;0;6;0;0;2;VER
émeute;em2t;émeute;NOM;6,75;4,03;1;6;6;4;2;NOM
émeuve;em9v;émouvoir;VER;9,46;0,01;0;6;0;0;2;VER
émigra;emigRa;émigrer;VER;3,15;0,02;0;6;0;0;3;VER
émigre;emigR;émigrer;VER;3,15;0,28;0;6;0;0;2;VER
émigré;emigRe;émigrer;VER;3,15;1,63;0;6;6;6;3;VER,ADJ,NOM
émigré;emigRe;émigré;ADJ;0,26;0,16;1;6;6;6;3;VER,ADJ,NOM
émigré;emigRe;émigré;NOM;0,91;0,29;1;6;6;6;3;VER,ADJ,NOM
émincé;em5se;émincer;VER;0,38;0,11;0;6;6;4;3;VER,NOM
émincé;em5se;émincé;NOM;0,15;0,04;1;6;6;4;3;VER,NOM
émirat;emiRa;émirat;NOM;0,01;0;1;6;5;5;3;NOM
émises;emiz;émettre;VER;9,45;0,32;0;6;0;0;2;VER
émondé;em§de;émonder;VER;0,02;0,01;0;6;0;5;3;VER
émotif;emotif;émotif;ADJ;2,65;1,16;1;6;6;6;3;ADJ,NOM
émotif;emotif;émotif;NOM;0,16;0,14;1;6;6;6;3;ADJ,NOM
émoulu;emuly;émoudre;VER;0,02;0,02;0;6;5;4;3;VER,ADJ
émoulu;emuly;émoulu;ADJ;0,02;0,01;1;6;5;4;3;VER,ADJ
émuler;emyle;émuler;VER;0,01;0,01;1;6;6;5;3;VER
émules;emyl;émule;NOM;0,24;0,07;0;6;0;4;2;NOM
éméché;emeSe;émécher;VER;0,4;0,26;0;6;6;4;3;VER,ADJ
éméché;emeSe;éméché;ADJ;0,27;0,16;1;6;6;4;3;VER,ADJ
énerva;enERva;énerver;VER;53,83;0,1;0;6;0;0;3;VER
énerve;enERv;énerver;VER;53,83;21,7;0;6;0;0;2;VER
énervé;enERve;énerver;VER;53,83;7,03;0;6;6;6;3;VER,ADJ
énervé;enERve;énervé;ADJ;3,87;2,29;1;6;6;6;3;VER,ADJ
énigme;enigm;énigme;NOM;7,29;5,45;1;6;6;5;2;NOM
énième;EnjEm;énième;ADJ;0,56;0,56;1;6;4;3;2;ADJ,NOM
énième;EnjEm;énième;NOM;0,12;0,12;1;6;4;3;2;ADJ,NOM
énonce;en§s;énoncer;VER;1,52;0,48;0;6;0;0;2;VER
énoncé;en§se;énoncer;VER;1,52;0,12;0;6;6;5;3;VER,NOM
énoncé;en§se;énoncé;NOM;0,64;0,49;1;6;6;5;3;VER,NOM
énonça;en§sa;énoncer;VER;1,52;0;0;6;0;0;3;VER
énorme;enORm;énorme;ADJ;49,27;39,73;1;6;6;5;2;ADJ
éocène;eOsEn;éocène;NOM;0,01;0,01;1;6;3;3;3;NOM
éolien;eolj5;éolien;ADJ;0,03;0;1;6;3;3;3;ADJ,NOM
éolien;eolj5;éolien;NOM;0,14;0;1;6;3;3;3;ADJ,NOM
éosine;eOzin;éosine;NOM;0,01;0,01;1;6;3;3;3;NOM
épands;ep@;épandre;VER;0,01;0;0;6;0;0;2;VER
épandu;ep@dy;épandre;VER;0,01;0;0;6;0;0;3;VER
éparse;epaRs;épars;ADJ;0,46;0;0;6;0;0;2;ADJ
épater;epate;épater;VER;4,96;1,48;1;6;6;5;3;VER
épates;epat;épate;NOM;0,19;0;0;6;0;4;2;NOM,VER
épates;epat;épater;VER;4,96;0,27;0;6;0;4;2;NOM,VER
épatez;epate;épater;VER;4,96;0,19;0;6;0;5;3;VER
épatée;epate;épater;VER;4,96;0,23;0;6;0;5;3;VER,ADJ
épatée;epate;épaté;ADJ;0,02;0;0;6;0;5;3;VER,ADJ
épatés;epate;épater;VER;4,96;0,13;0;6;0;5;3;VER,ADJ
épatés;epate;épaté;ADJ;0,02;0;0;6;0;5;3;VER,ADJ
épaula;epola;épauler;VER;1,92;0,01;0;6;0;0;3;VER
épaule;epol;épaule;NOM;32,41;17,91;1;6;6;4;2;NOM,VER
épaule;epol;épauler;VER;1,92;0,55;0;6;6;4;2;NOM,VER
épaulé;epole;épauler;VER;1,92;0,11;0;6;6;5;3;VER,ADJ,NOM
épaulé;epole;épaulé;ADJ;0,02;0;1;6;6;5;3;VER,ADJ,NOM
épaulé;epole;épaulé;NOM;0,01;0,01;1;6;6;5;3;VER,ADJ,NOM
épaves;epav;épave;NOM;7,5;0,97;0;6;0;4;2;NOM
épeire;epER;épeire;NOM;0;0;1;6;5;4;2;NOM
épeler;ep°le;épeler;VER;3;1,75;1;6;5;4;3;VER
épelez;ep°le;épeler;VER;3;0,17;0;6;0;4;3;VER
épelle;epEl;épeler;VER;3;0,45;0;6;0;0;2;VER
épelés;ep°le;épeler;VER;3;0,01;0;6;0;4;3;VER
éperdu;epERdy;éperdre;VER;0,2;0,16;0;6;6;6;3;VER,ADJ
éperdu;epERdy;éperdu;ADJ;0,37;0,09;1;6;6;6;3;VER,ADJ
éperon;ep°R§;éperon;NOM;1,07;0,2;1;6;6;5;3;NOM
épeuré;ep9Re;épeurer;VER;0,02;0;0;6;0;3;3;VER
éphèbe;efEb;éphèbe;NOM;0,21;0,06;1;6;4;4;2;NOM
épiais;epjE;épier;VER;4,93;0,47;0;6;0;0;2;VER
épiait;epjE;épier;VER;4,93;0,2;0;6;0;0;2;VER
épiant;epj@;épier;VER;4,93;0,14;0;6;0;0;2;VER
épicer;epise;épicer;VER;1,04;0,27;1;6;6;5;3;VER
épices;epis;épice;NOM;3,06;1,61;0;6;0;4;2;NOM,VER
épices;epis;épicer;VER;1,04;0;0;6;0;4;2;NOM,VER
épicéa;episea;épicéa;NOM;0,05;0,05;1;6;6;6;4;NOM
épicée;epise;épicer;VER;1,04;0,22;0;6;0;5;3;VER,ADJ
épicée;epise;épicé;ADJ;1,75;0,57;0;6;0;5;3;VER,ADJ
épicés;epise;épicer;VER;1,04;0,03;0;6;0;5;3;VER,ADJ
épicés;epise;épicé;ADJ;1,75;0,27;0;6;0;5;3;VER,ADJ
épient;epi;épier;VER;4,93;0,16;0;6;0;3;2;VER
épieux;epj2;épieux;NOM;0,02;0,02;1;6;6;4;2;NOM
épiler;epile;épiler;VER;2,04;1,13;1;6;6;5;3;VER
épilez;epile;épiler;VER;2,04;0,05;0;6;0;5;3;VER
épilée;epile;épiler;VER;2,04;0,36;0;6;0;5;3;VER
épilés;epile;épiler;VER;2,04;0,03;0;6;0;5;3;VER
épines;epin;épine;NOM;5,81;3,29;0;6;0;4;2;NOM
épions;epj§;épier;VER;4,93;0,01;0;6;0;0;2;VER
épique;epik;épique;ADJ;0,75;0,68;1;6;4;4;2;ADJ
épissé;epise;épisser;VER;0,03;0,01;0;6;0;5;3;VER
épiées;epje;épier;VER;4,93;0;0;6;0;4;2;VER
éploie;eplwa;éployer;VER;0;0;0;6;0;0;2;VER
éploré;eploRe;éploré;ADJ;0,67;0,2;1;6;5;4;3;ADJ
éployé;eplwaje;éployer;VER;0;0;0;6;0;4;3;VER
éponge;ep§Z;éponge;NOM;7,11;6,14;1;6;6;4;2;NOM,VER
éponge;ep§Z;éponger;VER;0,97;0,35;0;6;6;4;2;NOM,VER
épongé;ep§Ze;éponger;VER;0,97;0,07;0;6;0;5;3;VER
épopée;epope;épopée;NOM;1,2;1,13;1;6;4;4;3;NOM
époque;epOk;époque;NOM;68,44;67,23;1;6;4;4;2;NOM
épousa;epuza;épouser;VER;118,78;0,88;0;6;0;0;3;VER
épouse;epuz;épouser;VER;118,78;15,97;0;6;0;0;2;VER,NOM
épouse;epuz;époux;NOM;65,34;41,98;0;6;0;0;2;VER,NOM
épousé;epuze;épouser;VER;118,78;18,09;0;6;0;5;3;VER
éprend;epR@;éprendre;VER;2,95;0,04;0;6;0;0;2;VER
éprise;epRiz;éprendre;VER;2,95;0,83;0;6;0;0;2;VER,ADJ
éprise;epRiz;épris;ADJ;0,09;0,01;0;6;0;0;2;VER,ADJ
épucer;epyse;épucer;VER;0,01;0,01;1;6;4;4;3;VER
épuisa;ep8iza;épuiser;VER;25,41;0;0;6;0;0;3;VER
épuise;ep8iz;épuiser;VER;25,41;1,79;0;6;0;0;2;VER
épuisé;ep8ize;épuiser;VER;25,41;11,11;0;6;6;6;3;VER,ADJ
épuisé;ep8ize;épuisé;ADJ;3,86;2,29;1;6;6;6;3;VER,ADJ
épulie;epyli;épulie;NOM;0;0;1;6;4;4;3;NOM
épurer;epyRe;épurer;VER;0,62;0,03;1;6;6;5;3;VER
épures;epyR;épure;NOM;0,28;0,14;0;6;0;4;2;NOM
épurée;epyRe;épurer;VER;0,62;0,5;0;6;0;5;3;VER
épurés;epyRe;épurer;VER;0,62;0,01;0;6;0;5;3;VER
épuçât;epysa;épucer;VER;0,01;0;0;6;0;0;3;VER
épître;epitR;épître;NOM;0,4;0,18;1;6;3;5;2;NOM
équine;ekin;équin;ADJ;0,05;0,05;0;6;0;4;2;ADJ
équipa;ekipa;équiper;VER;6,27;0,01;0;6;0;0;3;VER
équipe;ekip;équipe;NOM;129,97;118;1;6;6;4;2;NOM,VER
équipe;ekip;équiper;VER;6,27;0,83;0;6;6;4;2;NOM,VER
équipé;ekipe;équiper;VER;6,27;1,65;0;6;6;5;3;VER,ADJ
équipé;ekipe;équipé;ADJ;1,94;1,03;1;6;6;5;3;VER,ADJ
équité;ekite;équité;NOM;0,79;0,79;1;6;6;5;3;NOM
érable;eRabl°;érable;NOM;1,15;1,11;1;6;6;4;3;NOM
érafla;eRafla;érafler;VER;0,91;0;0;6;0;0;3;VER
érafle;eRafl;érafler;VER;0,91;0,05;0;6;0;0;2;VER
éraflé;eRafle;érafler;VER;0,91;0,55;0;6;0;6;3;VER
érigea;eRiZa;ériger;VER;1,91;0,02;0;6;0;0;3;VER
ériger;eRiZe;ériger;VER;1,91;0,79;1;6;3;4;3;VER
érigée;eRiZe;ériger;VER;1,91;0,23;0;6;0;4;3;VER
érigés;eRiZe;ériger;VER;1,91;0,01;0;6;0;4;3;VER
éroder;eRode;éroder;VER;0,16;0;1;6;5;4;3;VER
érodée;eRode;éroder;VER;0,16;0,01;0;6;0;4;3;VER,ADJ
érodée;eRode;érodé;ADJ;0,03;0,02;0;6;0;4;3;VER,ADJ
érodés;eRode;éroder;VER;0,16;0;0;6;0;4;3;VER,ADJ
érodés;eRode;érodé;ADJ;0,03;0;0;6;0;4;3;VER,ADJ
éructa;eRykta;éructer;VER;0,21;0;0;6;0;0;3;VER
éructe;eRykt;éructer;VER;0,21;0,14;0;6;0;0;2;VER
éructé;eRykte;éructer;VER;0,21;0;0;6;0;6;3;VER
érudit;eRydi;érudit;ADJ;0,56;0,39;1;6;6;5;3;ADJ,NOM
érudit;eRydi;érudit;NOM;1,43;1,09;1;6;6;5;3;ADJ,NOM
étable;etabl;étable;NOM;5,37;4,85;1;6;6;5;2;NOM
établi;etabli;établi;ADJ;2;1,22;1;6;6;6;3;ADJ,NOM,VER
établi;etabli;établi;NOM;0,39;0,37;1;6;6;6;3;ADJ,NOM,VER
établi;etabli;établir;VER;26,38;7,41;0;6;6;6;3;ADJ,NOM,VER
étagea;etaZa;étager;VER;0,73;0;0;6;0;0;3;VER
étages;etaZ;étage;NOM;46,45;6,98;0;6;0;4;2;NOM,VER
étages;etaZ;étager;VER;0,73;0,14;0;6;0;4;2;NOM,VER
étagée;etaZe;étager;VER;0,73;0;0;6;0;5;3;VER,ADJ
étagée;etaZe;étagé;ADJ;0;0;0;6;0;5;3;VER,ADJ
étagés;etaZe;étager;VER;0,73;0;0;6;0;5;3;VER,ADJ
étagés;etaZe;étagé;ADJ;0;0;0;6;0;5;3;VER,ADJ
étains;et5;étain;NOM;1,19;0,11;0;6;0;3;2;NOM
étalai;etalE;étaler;VER;6,36;0;0;6;0;0;3;VER
étaler;etale;étaler;VER;6,36;2,42;1;6;6;5;3;VER
étales;etal;étale;ADJ;0,02;0,01;0;6;0;4;2;ADJ,VER
étales;etal;étaler;VER;6,36;0,28;0;6;0;4;2;ADJ,VER
étalez;etale;étaler;VER;6,36;0,04;0;6;0;5;3;VER
étalon;etal§;étalon;NOM;6,2;5,13;1;6;6;5;3;NOM
étalât;etala;étaler;VER;6,36;0;0;6;0;0;3;VER
étalée;etale;étaler;VER;6,36;0,41;0;6;0;5;3;VER
étalés;etale;étaler;VER;6,36;0,3;0;6;0;5;3;VER
étangs;et@;étang;NOM;7,1;0,53;0;6;0;3;2;NOM
étapes;etap;étape;NOM;15,77;3,34;0;6;0;4;2;NOM
étayer;eteje;étayer;VER;0,72;0,47;1;6;5;5;3;VER
étayez;eteje;étayer;VER;0,72;0,03;0;6;0;5;3;VER
étayée;eteje;étayer;VER;0,72;0,02;0;6;0;5;3;VER
étayés;eteje;étayer;VER;0,72;0;0;6;0;5;3;VER
éteins;et5;éteindre;VER;57,32;10,44;0;6;0;3;2;VER
éteint;et5;éteindre;VER;57,32;16,42;0;6;6;3;2;VER,ADJ
éteint;et5;éteint;ADJ;2,79;1,11;1;6;6;3;2;VER,ADJ
étende;et@d;étendre;VER;21,9;0,27;0;6;0;0;2;VER
étends;et@;étendre;VER;21,9;1,42;0;6;0;3;2;VER
étendu;et@dy;étendre;VER;21,9;3,56;0;6;6;5;3;VER,ADJ
étendu;et@dy;étendu;ADJ;0,79;0,65;1;6;6;5;3;VER,ADJ
éteule;et9l;éteule;NOM;0;0;1;6;4;3;2;NOM
éthane;etan;éthane;NOM;0,01;0,01;1;6;6;4;2;NOM
éthers;etER;éther;NOM;1,43;0;0;6;0;4;2;NOM
éthyle;etil;éthyle;NOM;0,07;0,07;1;6;6;4;2;NOM
éthéré;eteRe;éthéré;ADJ;0,4;0,23;1;6;6;5;3;ADJ
étiage;etjaZ;étiage;NOM;0;0;1;6;4;4;2;NOM
étiers;etje;étier;NOM;0;0;0;6;0;4;2;NOM
étiole;etjOl;étioler;VER;0,45;0,16;0;6;0;0;2;VER
étiolé;etjole;étioler;VER;0,45;0;0;6;0;5;3;VER
étions;etj§;être;AUX;8074,24;9,63;0;6;0;0;2;AUX,VER
étions;etj§;être;VER;32236,5;48,46;0;6;0;0;2;AUX,VER
étique;etik;étique;ADJ;0,11;0,09;1;6;6;4;2;ADJ
étirai;etiRE;étirer;VER;3,28;0;0;6;0;0;3;VER
étirer;etiRe;étirer;VER;3,28;0,93;1;6;6;5;3;VER
étirez;etiRe;étirer;VER;3,28;0,09;0;6;0;5;3;VER
étirée;etiRe;étirer;VER;3,28;0,06;0;6;0;5;3;VER
étirés;etiRe;étirer;VER;3,28;0,15;0;6;0;5;3;VER
étisie;etizi;étisie;NOM;0;0;1;6;4;4;3;NOM
étoffe;etOf;étoffe;NOM;3,1;2,9;1;6;6;4;2;NOM,VER
étoffe;etOf;étoffer;VER;0,33;0,03;0;6;6;4;2;NOM,VER
étoffé;etofe;étoffer;VER;0,33;0,11;0;6;6;4;3;VER,ADJ
étoffé;etofe;étoffé;ADJ;0,07;0,04;1;6;6;4;3;VER,ADJ
étoila;etwala;étoiler;VER;0,95;0;0;6;0;0;3;VER
étoile;etwal;étoile;NOM;54,63;21,65;1;6;6;5;2;NOM,VER
étoile;etwal;étoiler;VER;0,95;0,73;0;6;6;5;2;NOM,VER
étoilé;etwale;étoiler;VER;0,95;0,03;0;6;6;6;3;VER,ADJ
étoilé;etwale;étoilé;ADJ;1,35;0,59;1;6;6;6;3;VER,ADJ
étoles;etOl;étole;NOM;0,29;0;0;6;0;4;2;NOM
étonna;etona;étonner;VER;53,63;0,23;0;6;0;0;3;VER
étonne;etOn;étonner;VER;53,63;21,18;0;6;0;0;2;VER
étonné;etone;étonner;VER;53,63;3,21;0;6;6;5;3;VER,ADJ
étonné;etone;étonné;ADJ;3,37;2,43;1;6;6;5;3;VER,ADJ
étoupe;etup;étoupe;NOM;0,07;0,07;1;6;5;4;2;NOM
étrave;etRav;étrave;NOM;0,07;0,07;1;6;5;4;2;NOM
étrier;etRije;étrier;NOM;0,83;0,33;1;6;5;6;3;NOM
étripe;etRip;étriper;VER;3,07;1,3;0;6;0;0;2;VER
étripé;etRipe;étriper;VER;3,07;0,19;0;6;0;6;3;VER
étroit;etRwa;étroit;ADJ;10,79;5,94;1;6;6;5;2;ADJ
étrons;etR§;étron;NOM;0,75;0,31;0;6;0;4;2;NOM
étréci;etResi;étrécir;VER;0;0;0;6;0;0;3;VER
études;etyd;étude;NOM;44,22;32,87;0;6;0;4;2;NOM
étudia;etydja;étudier;VER;70,9;0,21;0;6;0;0;3;VER
étudie;etydi;étudier;VER;70,9;11,42;0;6;0;0;3;VER
étudié;etydje;étudier;VER;70,9;17,23;0;6;6;6;3;VER,ADJ
étudié;etydje;étudié;ADJ;0,47;0,1;1;6;6;6;3;VER,ADJ
étuver;etyve;étuver;VER;0,01;0;1;6;6;5;3;VER
étuves;etyv;étuve;NOM;0,43;0;0;6;0;4;2;NOM
étuvée;etyve;étuvée;NOM;0,05;0,05;1;6;5;5;3;NOM
étêtés;etEte;étêter;VER;0;0;0;6;0;0;3;VER
évacua;evak8a;évacuer;VER;17,61;0;0;6;0;0;3;VER
évacue;evaky;évacuer;VER;17,61;1,97;0;6;0;0;3;VER
évacué;evak8e;évacuer;VER;17,61;2,02;0;6;6;6;3;VER,ADJ,NOM
évacué;evak8e;évacué;ADJ;0,34;0,14;1;6;6;6;3;VER,ADJ,NOM
évacué;evak8e;évacué;NOM;0,3;0,03;1;6;6;6;3;VER,ADJ,NOM
évader;evade;évader;VER;12,8;5,95;1;6;5;4;3;VER
évades;evad;évader;VER;12,8;0,1;0;6;0;0;2;VER
évadez;evade;évader;VER;12,8;0,04;0;6;0;4;3;VER
évadée;evade;évader;VER;12,8;0,17;0;6;0;4;3;VER,ADJ,NOM
évadée;evade;évadé;ADJ;1,33;0,02;0;6;0;4;3;VER,ADJ,NOM
évadée;evade;évadé;NOM;1,76;0,02;0;6;0;4;3;VER,ADJ,NOM
évadés;evade;évader;VER;12,8;0,41;0;6;0;4;3;VER,ADJ,NOM
évadés;evade;évadé;ADJ;1,33;0,59;0;6;0;4;3;VER,ADJ,NOM
évadés;evade;évadé;NOM;1,76;0,98;0;6;0;4;3;VER,ADJ,NOM
évalua;eval8a;évaluer;VER;5,75;0;0;6;0;0;3;VER
évalue;evaly;évaluer;VER;5,75;0,75;0;6;0;0;3;VER
évalué;eval8e;évaluer;VER;5,75;1,03;0;6;0;6;3;VER
évaser;evaze;évaser;VER;0,04;0;1;6;6;5;3;VER
évasif;evazif;évasif;ADJ;0,85;0,35;1;6;6;6;3;ADJ
évasée;evaze;évaser;VER;0,04;0,02;0;6;0;5;3;VER,ADJ
évasée;evaze;évasé;ADJ;0,03;0,01;0;6;0;5;3;VER,ADJ
évasés;evaze;évaser;VER;0,04;0;0;6;0;5;3;VER,ADJ
évasés;evaze;évasé;ADJ;0,03;0,01;0;6;0;5;3;VER,ADJ
éveils;evEj;éveil;NOM;1,65;0,01;0;6;0;4;2;NOM
éventa;ev@ta;éventer;VER;0,6;0;0;6;0;0;3;VER
évente;ev@t;éventer;VER;0,6;0,01;0;6;0;0;2;VER
évents;ev@;évent;NOM;0,15;0,04;0;6;0;3;2;NOM
éventé;ev@te;éventer;VER;0,6;0,18;0;6;6;5;3;VER,ADJ
éventé;ev@te;éventé;ADJ;0,35;0,18;1;6;6;5;3;VER,ADJ
éversé;evERse;éversé;ADJ;0;0;1;6;5;5;3;ADJ
évider;evide;évider;VER;0,25;0,01;1;6;6;5;3;VER
évidée;evide;évider;VER;0,25;0,01;0;6;0;5;3;VER,ADJ
évidée;evide;évidé;ADJ;0,04;0,02;0;6;0;5;3;VER,ADJ
évidés;evide;évider;VER;0,25;0;0;6;0;5;3;VER
éviers;evje;évier;NOM;3,87;0,05;0;6;0;3;2;NOM
évince;ev5s;évincer;VER;1,28;0,03;0;6;0;0;2;VER
évincé;ev5se;évincer;VER;1,28;0,45;0;6;0;3;3;VER
évitai;evitE;éviter;VER;87,47;0,01;0;6;0;0;3;VER
éviter;evite;éviter;VER;87,47;53,71;1;6;6;5;3;VER
évites;evit;éviter;VER;87,47;2,48;0;6;0;0;2;VER
évitez;evite;éviter;VER;87,47;3,31;0;6;0;5;3;VER
évitât;evita;éviter;VER;87,47;0;0;6;0;0;3;VER
évitée;evite;éviter;VER;87,47;0,57;0;6;5;5;3;VER,NOM
évitée;evite;évitée;NOM;0,03;0,03;1;6;5;5;3;VER,NOM
évités;evite;éviter;VER;87,47;0,18;0;6;0;5;3;VER
évolua;evol8a;évoluer;VER;10,6;0,05;0;6;0;0;3;VER
évolue;evoly;évoluer;VER;10,6;1,73;0;6;0;0;3;VER
évolué;evol8e;évoluer;VER;10,6;3,29;0;6;6;5;3;VER,ADJ,NOM
évolué;evol8e;évolué;ADJ;1,69;0,5;1;6;6;5;3;VER,ADJ,NOM
évolué;evol8e;évolué;NOM;0,22;0,07;1;6;6;5;3;VER,ADJ,NOM
évoqua;evoka;évoquer;VER;11,57;0,02;0;6;0;0;3;VER
évoque;evOk;évoquer;VER;11,57;3,68;0;6;0;0;2;VER
évoqué;evoke;évoquer;VER;11,57;2,01;0;6;0;5;3;VER
évêché;eveSe;évêché;NOM;0,14;0,14;1;6;4;4;3;NOM
évêque;evEk;évêque;NOM;5,7;4,7;1;6;4;4;2;NOM
îlette;ilEt;îlette;NOM;0;0;1;6;4;4;2;NOM
ôterai;ot°RE;ôter;VER;16,81;0,09;0;6;0;0;3;VER
ôteras;ot°Ra;ôter;VER;16,81;0,17;0;6;0;0;3;VER
ôterez;ot°Re;ôter;VER;16,81;0,17;0;6;0;0;3;VER
